date,region,zone,division_code,division,ponderation,indice,var_mensuelle_pct,var_annuelle_pct,indice_ma3
2018-01-01,Dakar,Ouest,D01,Produits alimentaires et boissons non alcoolisées,421,76.66,,,76.66
2018-02-01,Dakar,Ouest,D01,Produits alimentaires et boissons non alcoolisées,421,77.09,0.5609183407252916,,76.875
2018-03-01,Dakar,Ouest,D01,Produits alimentaires et boissons non alcoolisées,421,78.0,1.180438448566612,,77.25
2018-04-01,Dakar,Ouest,D01,Produits alimentaires et boissons non alcoolisées,421,79.28,1.6410256410256396,,78.12333333333333
2018-05-01,Dakar,Ouest,D01,Produits alimentaires et boissons non alcoolisées,421,80.62,1.690211907164474,,79.3
2018-06-01,Dakar,Ouest,D01,Produits alimentaires et boissons non alcoolisées,421,81.33,0.8806747705284002,,80.41000000000001
2018-07-01,Dakar,Ouest,D01,Produits alimentaires et boissons non alcoolisées,421,81.52,0.23361613180867824,,81.15666666666667
2018-08-01,Dakar,Ouest,D01,Produits alimentaires et boissons non alcoolisées,421,81.04,-0.5888125613346284,,81.29666666666667
2018-09-01,Dakar,Ouest,D01,Produits alimentaires et boissons non alcoolisées,421,80.04,-1.2339585389930852,,80.86666666666667
2018-10-01,Dakar,Ouest,D01,Produits alimentaires et boissons non alcoolisées,421,78.95,-1.3618190904547745,,80.01
2018-11-01,Dakar,Ouest,D01,Produits alimentaires et boissons non alcoolisées,421,77.82,-1.4312856238125504,,78.93666666666667
2018-12-01,Dakar,Ouest,D01,Produits alimentaires et boissons non alcoolisées,421,77.2,-0.7967103572346312,,77.99
2019-01-01,Dakar,Ouest,D01,Produits alimentaires et boissons non alcoolisées,421,77.46,0.33678756476682725,1.043569006000511,77.49333333333333
2019-02-01,Dakar,Ouest,D01,Produits alimentaires et boissons non alcoolisées,421,77.99,0.6842241156726159,1.1674665974834575,77.55
2019-03-01,Dakar,Ouest,D01,Produits alimentaires et boissons non alcoolisées,421,78.8,1.038594691627126,1.025641025641022,78.08333333333333
2019-04-01,Dakar,Ouest,D01,Produits alimentaires et boissons non alcoolisées,421,80.045,1.5799492385786928,0.9649344096871904,78.94500000000001
2019-05-01,Dakar,Ouest,D01,Produits alimentaires et boissons non alcoolisées,421,81.29,1.5553751015054074,0.831059290498648,80.045
2019-06-01,Dakar,Ouest,D01,Produits alimentaires et boissons non alcoolisées,421,82.19,1.1071472505843172,1.0574203860813869,81.175
2019-07-01,Dakar,Ouest,D01,Produits alimentaires et boissons non alcoolisées,421,82.82,0.766516607859824,1.5947006869479807,82.10000000000001
2019-08-01,Dakar,Ouest,D01,Produits alimentaires et boissons non alcoolisées,421,82.06,-0.9176527408838342,1.2586377097729473,82.35666666666667
2019-09-01,Dakar,Ouest,D01,Produits alimentaires et boissons non alcoolisées,421,81.31,-0.913965391177185,1.586706646676661,82.06333333333333
2019-10-01,Dakar,Ouest,D01,Produits alimentaires et boissons non alcoolisées,421,79.84,-1.8078957077850233,1.1272957568081,81.07
2019-11-01,Dakar,Ouest,D01,Produits alimentaires et boissons non alcoolisées,421,78.83,-1.2650300601202424,1.2978668722693376,79.99333333333333
2019-12-01,Dakar,Ouest,D01,Produits alimentaires et boissons non alcoolisées,421,77.92,-1.1543828491690888,0.932642487046631,78.86333333333334
2020-01-01,Dakar,Ouest,D01,Produits alimentaires et boissons non alcoolisées,421,78.83,1.167864476386038,1.7686547895688243,78.52666666666666
2020-02-01,Dakar,Ouest,D01,Produits alimentaires et boissons non alcoolisées,421,79.52,0.8753012812380945,1.96178997307348,78.75666666666666
2020-03-01,Dakar,Ouest,D01,Produits alimentaires et boissons non alcoolisées,421,80.7,1.4839034205231583,2.411167512690371,79.68333333333332
2020-04-01,Dakar,Ouest,D01,Produits alimentaires et boissons non alcoolisées,421,82.42,2.131350681536559,2.967081016927975,80.88
2020-05-01,Dakar,Ouest,D01,Produits alimentaires et boissons non alcoolisées,421,83.85,1.7350157728706517,3.1492188461065274,82.32333333333334
2020-06-01,Dakar,Ouest,D01,Produits alimentaires et boissons non alcoolisées,421,84.91,1.2641621943947579,3.3094050371091255,83.72666666666667
2020-07-01,Dakar,Ouest,D01,Produits alimentaires et boissons non alcoolisées,421,85.25,0.4004239783300001,2.9340738951944,84.67
2020-08-01,Dakar,Ouest,D01,Produits alimentaires et boissons non alcoolisées,421,84.95,-0.35190615835777317,3.521813307336097,85.03666666666668
2020-09-01,Dakar,Ouest,D01,Produits alimentaires et boissons non alcoolisées,421,84.06,-1.0476751030017661,3.38211782068627,84.75333333333333
2020-10-01,Dakar,Ouest,D01,Produits alimentaires et boissons non alcoolisées,421,82.5,-1.855817273376159,3.3316633266533113,83.83666666666666
2020-11-01,Dakar,Ouest,D01,Produits alimentaires et boissons non alcoolisées,421,81.13,-1.6606060606060624,2.9176709374603593,82.56333333333333
2020-12-01,Dakar,Ouest,D01,Produits alimentaires et boissons non alcoolisées,421,80.23,-1.1093307038086864,2.964579055441474,81.28666666666668
2021-01-01,Dakar,Ouest,D01,Produits alimentaires et boissons non alcoolisées,421,80.79,0.6979932693506274,2.4863630597488307,80.71666666666667
2021-02-01,Dakar,Ouest,D01,Produits alimentaires et boissons non alcoolisées,421,81.37,0.7179106325040152,2.3264587525150926,80.79666666666667
2021-03-01,Dakar,Ouest,D01,Produits alimentaires et boissons non alcoolisées,421,82.59,1.499324075211983,2.3420074349442377,81.58333333333334
2021-04-01,Dakar,Ouest,D01,Produits alimentaires et boissons non alcoolisées,421,84.41,2.2036566170238414,2.414462509099735,82.79
2021-05-01,Dakar,Ouest,D01,Produits alimentaires et boissons non alcoolisées,421,85.93,1.8007345101291428,2.480620155038782,84.31
2021-06-01,Dakar,Ouest,D01,Produits alimentaires et boissons non alcoolisées,421,87.29,1.582683579657851,2.8029678483099785,85.87666666666667
2021-07-01,Dakar,Ouest,D01,Produits alimentaires et boissons non alcoolisées,421,87.48,0.21766525375186419,2.6158357771260965,86.90000000000002
2021-08-01,Dakar,Ouest,D01,Produits alimentaires et boissons non alcoolisées,421,86.97,-0.5829903978052164,2.3778693349028712,87.24666666666667
2021-09-01,Dakar,Ouest,D01,Produits alimentaires et boissons non alcoolisées,421,86.03,-1.080832470966997,2.3435641208660485,86.82666666666667
2021-10-01,Dakar,Ouest,D01,Produits alimentaires et boissons non alcoolisées,421,85.17,-0.9996512844356653,3.236363636363637,86.05666666666667
2021-11-01,Dakar,Ouest,D01,Produits alimentaires et boissons non alcoolisées,421,83.97,-1.4089468122578386,3.500554665351907,85.05666666666667
2021-12-01,Dakar,Ouest,D01,Produits alimentaires et boissons non alcoolisées,421,82.92,-1.2504465880671667,3.3528605259877775,84.02
2022-01-01,Dakar,Ouest,D01,Produits alimentaires et boissons non alcoolisées,421,84.78,2.243125904486254,4.9387300408466395,83.89
2022-02-01,Dakar,Ouest,D01,Produits alimentaires et boissons non alcoolisées,421,86.78,2.3590469450342155,6.6486420056531825,84.82666666666667
2022-03-01,Dakar,Ouest,D01,Produits alimentaires et boissons non alcoolisées,421,88.86,2.396865637243595,7.591718125681068,86.80666666666667
2022-04-01,Dakar,Ouest,D01,Produits alimentaires et boissons non alcoolisées,421,91.7,3.1960387125815837,8.63641748607986,89.11333333333334
2022-05-01,Dakar,Ouest,D01,Produits alimentaires et boissons non alcoolisées,421,94.73,3.304252998909485,10.240893750727341,91.76333333333334
2022-06-01,Dakar,Ouest,D01,Produits alimentaires et boissons non alcoolisées,421,96.83,2.2168267708223333,10.929086951540823,94.42
2022-07-01,Dakar,Ouest,D01,Produits alimentaires et boissons non alcoolisées,421,98.15,1.3632138799958726,12.197073616826714,96.57000000000001
2022-08-01,Dakar,Ouest,D01,Produits alimentaires et boissons non alcoolisées,421,98.62,0.47885888945491395,13.395423709325073,97.86666666666667
2022-09-01,Dakar,Ouest,D01,Produits alimentaires et boissons non alcoolisées,421,98.48,-0.14195903467856263,14.471695920027905,98.41666666666667
2022-10-01,Dakar,Ouest,D01,Produits alimentaires et boissons non alcoolisées,421,98.01,-0.47725426482534417,15.075730891158855,98.37
2022-11-01,Dakar,Ouest,D01,Produits alimentaires et boissons non alcoolisées,421,97.1,-0.9284766860524596,15.636536858401806,97.86333333333334
2022-12-01,Dakar,Ouest,D01,Produits alimentaires et boissons non alcoolisées,421,95.445,-1.704428424304838,15.104920405209832,96.85166666666665
2023-01-01,Dakar,Ouest,D01,Produits alimentaires et boissons non alcoolisées,421,93.79,-1.7339829221017178,10.627506487379112,95.445
2023-02-01,Dakar,Ouest,D01,Produits alimentaires et boissons non alcoolisées,421,95.22,1.5246828020044623,9.725743258815388,94.81833333333333
2023-03-01,Dakar,Ouest,D01,Produits alimentaires et boissons non alcoolisées,421,96.93,1.7958412098298737,9.08170155300474,95.31333333333333
2023-04-01,Dakar,Ouest,D01,Produits alimentaires et boissons non alcoolisées,421,99.14500000000001,2.2851542350149634,8.11886586695747,97.09833333333334
2023-05-01,Dakar,Ouest,D01,Produits alimentaires et boissons non alcoolisées,421,101.36,2.2341015684098853,6.99883880502481,99.14500000000002
2023-06-01,Dakar,Ouest,D01,Produits alimentaires et boissons non alcoolisées,421,103.12,1.7363851617995252,6.495920685737899,101.20833333333333
2023-07-01,Dakar,Ouest,D01,Produits alimentaires et boissons non alcoolisées,421,103.92,0.7757951900698279,5.8787570045848225,102.8
2023-08-01,Dakar,Ouest,D01,Produits alimentaires et boissons non alcoolisées,421,103.34,-0.5581216320246329,4.786047454877296,103.46
2023-09-01,Dakar,Ouest,D01,Produits alimentaires et boissons non alcoolisées,421,102.9,-0.42577898200115705,4.488220958570266,103.38666666666667
2023-10-01,Dakar,Ouest,D01,Produits alimentaires et boissons non alcoolisées,421,101.81,-1.0592808551992294,3.877155392306908,102.68333333333334
2023-11-01,Dakar,Ouest,D01,Produits alimentaires et boissons non alcoolisées,421,100.75,-1.0411550928199564,3.7590113285272952,101.82000000000001
2023-12-01,Dakar,Ouest,D01,Produits alimentaires et boissons non alcoolisées,421,97.78,-2.947890818858556,2.4464351197024614,100.11333333333333
2024-01-01,Dakar,Ouest,D01,Produits alimentaires et boissons non alcoolisées,421,96.63,-1.1761096338719579,3.028041369015866,98.38666666666666
2024-02-01,Dakar,Ouest,D01,Produits alimentaires et boissons non alcoolisées,421,97.52,0.9210390147987191,2.415458937198056,97.30999999999999
2024-03-01,Dakar,Ouest,D01,Produits alimentaires et boissons non alcoolisées,421,98.76,1.2715340442986056,1.8879603837821168,97.63666666666667
2024-04-01,Dakar,Ouest,D01,Produits alimentaires et boissons non alcoolisées,421,100.5,1.761846901579589,1.3666851581017658,98.92666666666668
2024-05-01,Dakar,Ouest,D01,Produits alimentaires et boissons non alcoolisées,421,102.39,1.8805970149253781,1.0161799526440474,100.55
2024-06-01,Dakar,Ouest,D01,Produits alimentaires et boissons non alcoolisées,421,103.79,1.3673210274441017,0.649728471683475,102.22666666666667
2024-07-01,Dakar,Ouest,D01,Produits alimentaires et boissons non alcoolisées,421,104.32,0.5106464977358005,0.38491147036181506,103.5
2024-08-01,Dakar,Ouest,D01,Produits alimentaires et boissons non alcoolisées,421,103.82,-0.4792944785276032,0.46448616218306427,103.97666666666667
2024-09-01,Dakar,Ouest,D01,Produits alimentaires et boissons non alcoolisées,421,103.29,-0.5104989404738802,0.37900874635568016,103.80999999999999
2024-10-01,Dakar,Ouest,D01,Produits alimentaires et boissons non alcoolisées,421,102.34,-0.9197405363539524,0.5205775464099727,103.14999999999999
2024-11-01,Dakar,Ouest,D01,Produits alimentaires et boissons non alcoolisées,421,101.71,-0.6155950752394057,0.9528535980148911,102.44666666666666
2024-12-01,Dakar,Ouest,D01,Produits alimentaires et boissons non alcoolisées,421,98.54,-3.116704355520583,0.7772550623849517,100.86333333333334
2025-01-01,Dakar,Ouest,D01,Produits alimentaires et boissons non alcoolisées,421,97.54,-1.014816318246392,0.9417365207492701,99.26333333333334
2025-02-01,Dakar,Ouest,D01,Produits alimentaires et boissons non alcoolisées,421,98.63,1.1174902604059733,1.1382280557834301,98.23666666666668
2025-03-01,Dakar,Ouest,D01,Produits alimentaires et boissons non alcoolisées,421,100.16,1.55125215451688,1.4175779667881638,98.77666666666666
2025-04-01,Dakar,Ouest,D01,Produits alimentaires et boissons non alcoolisées,421,102.39,2.226437699680517,1.8805970149253781,100.39333333333332
2025-05-01,Dakar,Ouest,D01,Produits alimentaires et boissons non alcoolisées,421,104.63,2.187713643910527,2.187713643910527,102.39333333333332
2025-06-01,Dakar,Ouest,D01,Produits alimentaires et boissons non alcoolisées,421,106.37,1.6630029628213805,2.4857886116196104,104.46333333333332
2025-07-01,Dakar,Ouest,D01,Produits alimentaires et boissons non alcoolisées,421,106.81,0.4136504653567741,2.386886503067487,105.93666666666667
2025-08-01,Dakar,Ouest,D01,Produits alimentaires et boissons non alcoolisées,421,106.71,-0.09362419249134835,2.7836640339048424,106.63
2025-09-01,Dakar,Ouest,D01,Produits alimentaires et boissons non alcoolisées,421,105.94,-0.7215818573704347,2.5655920224610274,106.48666666666666
2025-10-01,Dakar,Ouest,D01,Produits alimentaires et boissons non alcoolisées,421,105.38,-0.5286010949594133,2.9704905217901034,106.00999999999999
2025-11-01,Dakar,Ouest,D01,Produits alimentaires et boissons non alcoolisées,421,104.31,-1.0153729360409924,2.556287484023212,105.21
2025-12-01,Dakar,Ouest,D01,Produits alimentaires et boissons non alcoolisées,421,101.3,-2.885629373981402,2.8008930383600417,103.66333333333334
2026-01-01,Dakar,Ouest,D01,Produits alimentaires et boissons non alcoolisées,421,97.98,-3.2773938795656377,0.4510969858519509,101.19666666666667
2026-02-01,Dakar,Ouest,D01,Produits alimentaires et boissons non alcoolisées,421,99.59,1.6431924882629012,0.9733346851870772,99.62333333333333
2026-03-01,Dakar,Ouest,D01,Produits alimentaires et boissons non alcoolisées,421,101.71,2.1287277839140417,1.5475239616613345,99.75999999999999
2026-04-01,Dakar,Ouest,D01,Produits alimentaires et boissons non alcoolisées,421,103.65,1.9073837380788605,1.2305889246996937,101.64999999999999
2026-05-01,Dakar,Ouest,D01,Produits alimentaires et boissons non alcoolisées,421,106.12,2.3830197780993823,1.4240657555194547,103.82666666666667
2018-01-01,Diourbel,Centre,D01,Produits alimentaires et boissons non alcoolisées,421,74.35,,,74.35
2018-02-01,Diourbel,Centre,D01,Produits alimentaires et boissons non alcoolisées,421,74.52,0.22864828513786684,,74.435
2018-03-01,Diourbel,Centre,D01,Produits alimentaires et boissons non alcoolisées,421,75.65,1.5163714439076825,,74.83999999999999
2018-04-01,Diourbel,Centre,D01,Produits alimentaires et boissons non alcoolisées,421,77.28,2.154659616655641,,75.81666666666666
2018-05-01,Diourbel,Centre,D01,Produits alimentaires et boissons non alcoolisées,421,78.65,1.7727743271221508,,77.19333333333334
2018-06-01,Diourbel,Centre,D01,Produits alimentaires et boissons non alcoolisées,421,79.2,0.6993006993006867,,78.37666666666667
2018-07-01,Diourbel,Centre,D01,Produits alimentaires et boissons non alcoolisées,421,79.56,0.454545454545463,,79.13666666666667
2018-08-01,Diourbel,Centre,D01,Produits alimentaires et boissons non alcoolisées,421,79.19,-0.4650578179990039,,79.31666666666666
2018-09-01,Diourbel,Centre,D01,Produits alimentaires et boissons non alcoolisées,421,78.37,-1.0354842783179663,,79.04
2018-10-01,Diourbel,Centre,D01,Produits alimentaires et boissons non alcoolisées,421,76.75,-2.067117519458983,,78.10333333333334
2018-11-01,Diourbel,Centre,D01,Produits alimentaires et boissons non alcoolisées,421,75.43,-1.7198697068403823,,76.85000000000001
2018-12-01,Diourbel,Centre,D01,Produits alimentaires et boissons non alcoolisées,421,74.75,-0.9014980776879344,,75.64333333333333
2019-01-01,Diourbel,Centre,D01,Produits alimentaires et boissons non alcoolisées,421,75.03,0.3745819397993344,0.9145931405514451,75.07000000000001
2019-02-01,Diourbel,Centre,D01,Produits alimentaires et boissons non alcoolisées,421,75.63,0.7996801279488208,1.4895330112721483,75.13666666666667
2019-03-01,Diourbel,Centre,D01,Produits alimentaires et boissons non alcoolisées,421,76.47,1.1106703689012232,1.0839391936549703,75.71
2019-04-01,Diourbel,Centre,D01,Produits alimentaires et boissons non alcoolisées,421,78.04,2.053092716097815,0.9834368530020843,76.71333333333332
2019-05-01,Diourbel,Centre,D01,Produits alimentaires et boissons non alcoolisées,421,79.25,1.5504869297795931,0.7628734901462098,77.92
2019-06-01,Diourbel,Centre,D01,Produits alimentaires et boissons non alcoolisées,421,80.29,1.312302839116719,1.3762626262626254,79.19333333333334
2019-07-01,Diourbel,Centre,D01,Produits alimentaires et boissons non alcoolisées,421,80.82,0.6601071117199986,1.5837104072398134,80.12
2019-08-01,Diourbel,Centre,D01,Produits alimentaires et boissons non alcoolisées,421,80.28,-0.6681514476614581,1.376436418739746,80.46333333333334
2019-09-01,Diourbel,Centre,D01,Produits alimentaires et boissons non alcoolisées,421,79.19,-1.357747882411564,1.046318744417496,80.09666666666666
2019-10-01,Diourbel,Centre,D01,Produits alimentaires et boissons non alcoolisées,421,77.75,-1.8184114155827769,1.3029315960912058,79.07333333333334
2019-11-01,Diourbel,Centre,D01,Produits alimentaires et boissons non alcoolisées,421,76.46,-1.659163987138268,1.3655044412037576,77.8
2019-12-01,Diourbel,Centre,D01,Produits alimentaires et boissons non alcoolisées,421,75.58,-1.1509285901124766,1.1103678929765826,76.59666666666666
2020-01-01,Diourbel,Centre,D01,Produits alimentaires et boissons non alcoolisées,421,76.73,1.5215665519978883,2.2657603625216627,76.25666666666666
2020-02-01,Diourbel,Centre,D01,Produits alimentaires et boissons non alcoolisées,421,77.07,0.44311221165123094,1.9040063466878143,76.46
2020-03-01,Diourbel,Centre,D01,Produits alimentaires et boissons non alcoolisées,421,78.66,2.0630595562475706,2.8638681836014035,77.48666666666666
2020-04-01,Diourbel,Centre,D01,Produits alimentaires et boissons non alcoolisées,421,80.52,2.3646071700991644,3.1778575089697503,78.74999999999999
2020-05-01,Diourbel,Centre,D01,Produits alimentaires et boissons non alcoolisées,421,82.2,2.086438152011927,3.7223974763406886,80.46
2020-06-01,Diourbel,Centre,D01,Produits alimentaires et boissons non alcoolisées,421,83.55,1.6423357664233418,4.060281479636307,82.08999999999999
2020-07-01,Diourbel,Centre,D01,Produits alimentaires et boissons non alcoolisées,421,83.91,0.43087971274686776,3.8233110616184174,83.22
2020-08-01,Diourbel,Centre,D01,Produits alimentaires et boissons non alcoolisées,421,83.3,-0.726969371946129,3.7618335824613824,83.58666666666666
2020-09-01,Diourbel,Centre,D01,Produits alimentaires et boissons non alcoolisées,421,82.09,-1.4525810324129584,3.662078545270875,83.10000000000001
2020-10-01,Diourbel,Centre,D01,Produits alimentaires et boissons non alcoolisées,421,80.6,-1.8150810086490554,3.665594855305465,81.99666666666667
2020-11-01,Diourbel,Centre,D01,Produits alimentaires et boissons non alcoolisées,421,79.29,-1.6253101736972586,3.701281715929916,80.66
2020-12-01,Diourbel,Centre,D01,Produits alimentaires et boissons non alcoolisées,421,78.02,-1.601715222600597,3.2283672929346308,79.30333333333333
2021-01-01,Diourbel,Centre,D01,Produits alimentaires et boissons non alcoolisées,421,78.58,0.7177646757241751,2.411051739867065,78.63000000000001
2021-02-01,Diourbel,Centre,D01,Produits alimentaires et boissons non alcoolisées,421,79.4,1.0435225248154767,3.023225639029481,78.66666666666667
2021-03-01,Diourbel,Centre,D01,Produits alimentaires et boissons non alcoolisées,421,81.01,2.0277078085642275,2.9875413170607823,79.66333333333334
2021-04-01,Diourbel,Centre,D01,Produits alimentaires et boissons non alcoolisées,421,82.76,2.1602271324527855,2.78191753601591,81.05666666666667
2021-05-01,Diourbel,Centre,D01,Produits alimentaires et boissons non alcoolisées,421,84.51,2.1145480908651537,2.810218978102186,82.76
2021-06-01,Diourbel,Centre,D01,Produits alimentaires et boissons non alcoolisées,421,85.88,1.6211099278191865,2.788749251944944,84.38333333333334
2021-07-01,Diourbel,Centre,D01,Produits alimentaires et boissons non alcoolisées,421,86.12,0.27945971122498303,2.6337742819687815,85.50333333333333
2021-08-01,Diourbel,Centre,D01,Produits alimentaires et boissons non alcoolisées,421,85.75,-0.4296330701347051,2.941176470588247,85.91666666666667
2021-09-01,Diourbel,Centre,D01,Produits alimentaires et boissons non alcoolisées,421,84.72,-1.2011661807580176,3.203800706541604,85.53000000000002
2021-10-01,Diourbel,Centre,D01,Produits alimentaires et boissons non alcoolisées,421,83.35,-1.6170915958451437,3.4119106699751933,84.60666666666667
2021-11-01,Diourbel,Centre,D01,Produits alimentaires et boissons non alcoolisées,421,82.15,-1.4397120575884714,3.6070122335729593,83.40666666666668
2021-12-01,Diourbel,Centre,D01,Produits alimentaires et boissons non alcoolisées,421,81.17,-1.1929397443700585,4.037426300948477,82.22333333333333
2022-01-01,Diourbel,Centre,D01,Produits alimentaires et boissons non alcoolisées,421,83.26,2.574842922261933,5.9557139221176,82.19333333333333
2022-02-01,Diourbel,Centre,D01,Produits alimentaires et boissons non alcoolisées,421,85.03,2.125870766274307,7.090680100755664,83.15333333333335
2022-03-01,Diourbel,Centre,D01,Produits alimentaires et boissons non alcoolisées,421,87.73,3.1753498765141774,8.295272188618696,85.33999999999999
2022-04-01,Diourbel,Centre,D01,Produits alimentaires et boissons non alcoolisées,421,91.25,4.0123104981192315,10.258579023682923,88.00333333333333
2022-05-01,Diourbel,Centre,D01,Produits alimentaires et boissons non alcoolisées,421,94.05,3.0684931506849367,11.288604898828524,91.00999999999999
2022-06-01,Diourbel,Centre,D01,Produits alimentaires et boissons non alcoolisées,421,96.11,2.1903242955874536,11.91197019096415,93.80333333333333
2022-07-01,Diourbel,Centre,D01,Produits alimentaires et boissons non alcoolisées,421,98.17,2.1433773800853206,13.992104040873187,96.11
2022-08-01,Diourbel,Centre,D01,Produits alimentaires et boissons non alcoolisées,421,98.54,0.3768972191097175,14.91545189504373,97.60666666666667
2022-09-01,Diourbel,Centre,D01,Produits alimentaires et boissons non alcoolisées,421,98.35,-0.19281510046682548,16.088290840415475,98.35333333333334
2022-10-01,Diourbel,Centre,D01,Produits alimentaires et boissons non alcoolisées,421,97.55,-0.813421453990848,17.036592681463713,98.14666666666666
2022-11-01,Diourbel,Centre,D01,Produits alimentaires et boissons non alcoolisées,421,96.74,-0.8303434136340382,17.760194765672544,97.54666666666667
2022-12-01,Diourbel,Centre,D01,Produits alimentaires et boissons non alcoolisées,421,93.76,-3.080421749017981,15.510656646544296,96.01666666666667
2023-01-01,Diourbel,Centre,D01,Produits alimentaires et boissons non alcoolisées,421,93.27,-0.5226109215017205,12.022579870285831,94.58999999999999
2023-02-01,Diourbel,Centre,D01,Produits alimentaires et boissons non alcoolisées,421,94.71,1.543904792537787,11.38421733505821,93.91333333333334
2023-03-01,Diourbel,Centre,D01,Produits alimentaires et boissons non alcoolisées,421,96.79,2.1961778059339077,10.32714008890916,94.92333333333333
2023-04-01,Diourbel,Centre,D01,Produits alimentaires et boissons non alcoolisées,421,99.46,2.758549436925284,8.997260273972586,96.98666666666666
2023-05-01,Diourbel,Centre,D01,Produits alimentaires et boissons non alcoolisées,421,101.67,2.221998793484836,8.102073365231256,99.30666666666667
2023-06-01,Diourbel,Centre,D01,Produits alimentaires et boissons non alcoolisées,421,103.14,1.4458542342874026,7.314535428155233,101.42333333333333
2023-07-01,Diourbel,Centre,D01,Produits alimentaires et boissons non alcoolisées,421,104.16,0.9889470622454821,6.101660385046337,102.99000000000001
2023-08-01,Diourbel,Centre,D01,Produits alimentaires et boissons non alcoolisées,421,104.34,0.1728110599078514,5.885934645829094,103.88
2023-09-01,Diourbel,Centre,D01,Produits alimentaires et boissons non alcoolisées,421,103.33,-0.9679892658616129,5.063548551093033,103.94333333333334
2023-10-01,Diourbel,Centre,D01,Produits alimentaires et boissons non alcoolisées,421,101.96,-1.325849220942621,4.520758585340845,103.21
2023-11-01,Diourbel,Centre,D01,Produits alimentaires et boissons non alcoolisées,421,100.97,-0.9709690074539035,4.372544965887948,102.08666666666666
2023-12-01,Diourbel,Centre,D01,Produits alimentaires et boissons non alcoolisées,421,97.28,-3.6545508566901086,3.754266211604085,100.07
2024-01-01,Diourbel,Centre,D01,Produits alimentaires et boissons non alcoolisées,421,96.0,-1.3157894736842146,2.92698616918623,98.08333333333333
2024-02-01,Diourbel,Centre,D01,Produits alimentaires et boissons non alcoolisées,421,96.99,1.0312499999999947,2.407348748812166,96.75666666666666
2024-03-01,Diourbel,Centre,D01,Produits alimentaires et boissons non alcoolisées,421,98.66,1.721826992473452,1.9320177704308161,97.21666666666665
2024-04-01,Diourbel,Centre,D01,Produits alimentaires et boissons non alcoolisées,421,100.38,1.7433610379079756,0.9249949728534101,98.67666666666666
2024-05-01,Diourbel,Centre,D01,Produits alimentaires et boissons non alcoolisées,421,102.51,2.1219366407650986,0.8262024195928142,100.51666666666667
2024-06-01,Diourbel,Centre,D01,Produits alimentaires et boissons non alcoolisées,421,104.15,1.5998439176665658,0.9792515028117066,102.34666666666668
2024-07-01,Diourbel,Centre,D01,Produits alimentaires et boissons non alcoolisées,421,104.68,0.5088814210273629,0.4992319508448695,103.78000000000002
2024-08-01,Diourbel,Centre,D01,Produits alimentaires et boissons non alcoolisées,421,104.47,-0.20061138708445947,0.12459267778415217,104.43333333333334
2024-09-01,Diourbel,Centre,D01,Produits alimentaires et boissons non alcoolisées,421,103.43,-0.9955011007944825,0.09677731539727841,104.19333333333333
2024-10-01,Diourbel,Centre,D01,Produits alimentaires et boissons non alcoolisées,421,102.66,-0.7444648554578048,0.6865437426441856,103.52
2024-11-01,Diourbel,Centre,D01,Produits alimentaires et boissons non alcoolisées,421,101.29,-1.334502240405211,0.31692581955036214,102.46
2024-12-01,Diourbel,Centre,D01,Produits alimentaires et boissons non alcoolisées,421,98.32,-2.932174943232313,1.069078947368407,100.75666666666666
2025-01-01,Diourbel,Centre,D01,Produits alimentaires et boissons non alcoolisées,421,97.16,-1.179820992676972,1.2083333333333224,98.92333333333333
2025-02-01,Diourbel,Centre,D01,Produits alimentaires et boissons non alcoolisées,421,98.37,1.245368464388652,1.422827095576884,97.95
2025-03-01,Diourbel,Centre,D01,Produits alimentaires et boissons non alcoolisées,421,100.49,2.1551285961166844,1.854855057774163,98.67333333333333
2025-04-01,Diourbel,Centre,D01,Produits alimentaires et boissons non alcoolisées,421,102.99,2.4878097323116632,2.6001195457262316,100.61666666666667
2025-05-01,Diourbel,Centre,D01,Produits alimentaires et boissons non alcoolisées,421,105.11,2.0584522769200975,2.536337918251874,102.86333333333333
2025-06-01,Diourbel,Centre,D01,Produits alimentaires et boissons non alcoolisées,421,106.91,1.712491675387695,2.650024003840601,105.00333333333333
2025-07-01,Diourbel,Centre,D01,Produits alimentaires et boissons non alcoolisées,421,107.66,0.7015246468992542,2.8467711119602557,106.56
2025-08-01,Diourbel,Centre,D01,Produits alimentaires et boissons non alcoolisées,421,107.37,-0.26936652424297547,2.775916531061551,107.31333333333333
2025-09-01,Diourbel,Centre,D01,Produits alimentaires et boissons non alcoolisées,421,106.86,-0.4749930148086112,3.316252537948361,107.29666666666667
2025-10-01,Diourbel,Centre,D01,Produits alimentaires et boissons non alcoolisées,421,105.78,-1.0106681639528325,3.0391583869082472,106.67
2025-11-01,Diourbel,Centre,D01,Produits alimentaires et boissons non alcoolisées,421,104.74,-0.9831726224239001,3.4060618027445866,105.79333333333334
2025-12-01,Diourbel,Centre,D01,Produits alimentaires et boissons non alcoolisées,421,101.59,-3.007447011647879,3.325874694873887,104.03666666666668
2026-01-01,Diourbel,Centre,D01,Produits alimentaires et boissons non alcoolisées,421,97.74,-3.789743084949315,0.5969534787978681,101.35666666666667
2026-02-01,Diourbel,Centre,D01,Produits alimentaires et boissons non alcoolisées,421,99.61,1.9132392060568826,1.2605469147097592,99.64666666666666
2026-03-01,Diourbel,Centre,D01,Produits alimentaires et boissons non alcoolisées,421,101.99,2.3893183415319763,1.492685839386998,99.78000000000002
2026-04-01,Diourbel,Centre,D01,Produits alimentaires et boissons non alcoolisées,421,104.33,2.294342582606146,1.301097193902323,101.97666666666667
2026-05-01,Diourbel,Centre,D01,Produits alimentaires et boissons non alcoolisées,421,106.32,1.9074091824019979,1.1511749595661591,104.21333333333332
2018-01-01,Kaolack,Centre-Sud,D01,Produits alimentaires et boissons non alcoolisées,421,74.49,,,74.49
2018-02-01,Kaolack,Centre-Sud,D01,Produits alimentaires et boissons non alcoolisées,421,74.89,0.536984830178544,,74.69
2018-03-01,Kaolack,Centre-Sud,D01,Produits alimentaires et boissons non alcoolisées,421,76.04,1.5355855254373107,,75.14
2018-04-01,Kaolack,Centre-Sud,D01,Produits alimentaires et boissons non alcoolisées,421,77.46,1.867438190426074,,76.13
2018-05-01,Kaolack,Centre-Sud,D01,Produits alimentaires et boissons non alcoolisées,421,78.6,1.4717273431448463,,77.36666666666666
2018-06-01,Kaolack,Centre-Sud,D01,Produits alimentaires et boissons non alcoolisées,421,79.64,1.323155216284988,,78.56666666666666
2018-07-01,Kaolack,Centre-Sud,D01,Produits alimentaires et boissons non alcoolisées,421,79.8,0.20090406830737262,,79.34666666666666
2018-08-01,Kaolack,Centre-Sud,D01,Produits alimentaires et boissons non alcoolisées,421,79.28,-0.6516290726817031,,79.57333333333334
2018-09-01,Kaolack,Centre-Sud,D01,Produits alimentaires et boissons non alcoolisées,421,78.34,-1.1856710393541858,,79.14
2018-10-01,Kaolack,Centre-Sud,D01,Produits alimentaires et boissons non alcoolisées,421,76.99,-1.7232575950983042,,78.20333333333333
2018-11-01,Kaolack,Centre-Sud,D01,Produits alimentaires et boissons non alcoolisées,421,75.64,-1.7534744772048194,,76.99
2018-12-01,Kaolack,Centre-Sud,D01,Produits alimentaires et boissons non alcoolisées,421,74.87,-1.0179799048122606,,75.83333333333333
2019-01-01,Kaolack,Centre-Sud,D01,Produits alimentaires et boissons non alcoolisées,421,75.34,0.6277547749432344,1.1410927641294144,75.28333333333333
2019-02-01,Kaolack,Centre-Sud,D01,Produits alimentaires et boissons non alcoolisées,421,75.6,0.345102203344827,0.9480571504873803,75.27
2019-03-01,Kaolack,Centre-Sud,D01,Produits alimentaires et boissons non alcoolisées,421,76.67,1.4153439153439251,0.8285113098369212,75.87
2019-04-01,Kaolack,Centre-Sud,D01,Produits alimentaires et boissons non alcoolisées,421,78.32,2.152080344332852,1.1102504518461176,76.86333333333333
2019-05-01,Kaolack,Centre-Sud,D01,Produits alimentaires et boissons non alcoolisées,421,79.54,1.5577119509703863,1.1959287531806861,78.17666666666666
2019-06-01,Kaolack,Centre-Sud,D01,Produits alimentaires et boissons non alcoolisées,421,80.64,1.3829519738496332,1.255650426921151,79.5
2019-07-01,Kaolack,Centre-Sud,D01,Produits alimentaires et boissons non alcoolisées,421,81.0,0.44642857142858094,1.5037593984962516,80.39333333333333
2019-08-01,Kaolack,Centre-Sud,D01,Produits alimentaires et boissons non alcoolisées,421,80.32,-0.8395061728395103,1.3118062563067578,80.65333333333332
2019-09-01,Kaolack,Centre-Sud,D01,Produits alimentaires et boissons non alcoolisées,421,79.26,-1.3197211155378308,1.1743681388818095,80.19333333333334
2019-10-01,Kaolack,Centre-Sud,D01,Produits alimentaires et boissons non alcoolisées,421,78.24,-1.2869038607115968,1.6235874788933735,79.27333333333333
2019-11-01,Kaolack,Centre-Sud,D01,Produits alimentaires et boissons non alcoolisées,421,76.75,-1.9043967280163554,1.4674775251189764,78.08333333333333
2019-12-01,Kaolack,Centre-Sud,D01,Produits alimentaires et boissons non alcoolisées,421,75.73,-1.3289902280130272,1.1486576733003906,76.90666666666667
2020-01-01,Kaolack,Centre-Sud,D01,Produits alimentaires et boissons non alcoolisées,421,76.74,1.333685461507983,1.8582426333952684,76.40666666666668
2020-02-01,Kaolack,Centre-Sud,D01,Produits alimentaires et boissons non alcoolisées,421,77.53,1.02945009121711,2.5529100529100512,76.66666666666667
2020-03-01,Kaolack,Centre-Sud,D01,Produits alimentaires et boissons non alcoolisées,421,78.82,1.6638720495292025,2.80422590322158,77.69666666666666
2020-04-01,Kaolack,Centre-Sud,D01,Produits alimentaires et boissons non alcoolisées,421,80.8,2.512052778482632,3.166496424923393,79.05
2020-05-01,Kaolack,Centre-Sud,D01,Produits alimentaires et boissons non alcoolisées,421,82.28,1.8316831683168333,3.4448076439527187,80.63333333333334
2020-06-01,Kaolack,Centre-Sud,D01,Produits alimentaires et boissons non alcoolisées,421,83.79,1.835196888672841,3.90625,82.29
2020-07-01,Kaolack,Centre-Sud,D01,Produits alimentaires et boissons non alcoolisées,421,83.98,0.22675736961450532,3.6790123456790225,83.35000000000001
2020-08-01,Kaolack,Centre-Sud,D01,Produits alimentaires et boissons non alcoolisées,421,83.37,-0.7263634198618751,3.7973107569721165,83.71333333333334
2020-09-01,Kaolack,Centre-Sud,D01,Produits alimentaires et boissons non alcoolisées,421,82.28,-1.307424733117435,3.8102447640676163,83.21000000000001
2020-10-01,Kaolack,Centre-Sud,D01,Produits alimentaires et boissons non alcoolisées,421,80.5,-2.1633446767136633,2.88854805725971,82.05
2020-11-01,Kaolack,Centre-Sud,D01,Produits alimentaires et boissons non alcoolisées,421,79.34,-1.4409937888198665,3.374592833876222,80.70666666666666
2020-12-01,Kaolack,Centre-Sud,D01,Produits alimentaires et boissons non alcoolisées,421,78.3,-1.3108142172926773,3.3936352832431016,79.38
2021-01-01,Kaolack,Centre-Sud,D01,Produits alimentaires et boissons non alcoolisées,421,78.89,0.753512132822487,2.8016679697680624,78.84333333333333
2021-02-01,Kaolack,Centre-Sud,D01,Produits alimentaires et boissons non alcoolisées,421,79.35,0.5830903790087438,2.347478395459812,78.84666666666666
2021-03-01,Kaolack,Centre-Sud,D01,Produits alimentaires et boissons non alcoolisées,421,81.14,2.2558286074354283,2.943415376807934,79.79333333333334
2021-04-01,Kaolack,Centre-Sud,D01,Produits alimentaires et boissons non alcoolisées,421,82.89,2.156766083312789,2.5866336633663334,81.12666666666667
2021-05-01,Kaolack,Centre-Sud,D01,Produits alimentaires et boissons non alcoolisées,421,84.69,2.1715526601520097,2.9290228488089376,82.90666666666667
2021-06-01,Kaolack,Centre-Sud,D01,Produits alimentaires et boissons non alcoolisées,421,85.85,1.3697012634313444,2.4585272705573313,84.47666666666666
2021-07-01,Kaolack,Centre-Sud,D01,Produits alimentaires et boissons non alcoolisées,421,86.4,0.6406523005241915,2.8816384853536547,85.64666666666666
2021-08-01,Kaolack,Centre-Sud,D01,Produits alimentaires et boissons non alcoolisées,421,85.72,-0.7870370370370416,2.818759745711885,85.99000000000001
2021-09-01,Kaolack,Centre-Sud,D01,Produits alimentaires et boissons non alcoolisées,421,84.99,-0.8516098926738214,3.293631502187644,85.70333333333333
2021-10-01,Kaolack,Centre-Sud,D01,Produits alimentaires et boissons non alcoolisées,421,83.44,-1.8237439698788105,3.652173913043466,84.71666666666665
2021-11-01,Kaolack,Centre-Sud,D01,Produits alimentaires et boissons non alcoolisées,421,82.01,-1.7138063279002802,3.365263423241749,83.48
2021-12-01,Kaolack,Centre-Sud,D01,Produits alimentaires et boissons non alcoolisées,421,81.19,-0.9998780636507831,3.690932311621964,82.21333333333332
2022-01-01,Kaolack,Centre-Sud,D01,Produits alimentaires et boissons non alcoolisées,421,83.39,2.7096933119842292,5.704145012042083,82.19666666666666
2022-02-01,Kaolack,Centre-Sud,D01,Produits alimentaires et boissons non alcoolisées,421,85.21,2.1825158891953356,7.3850031505986236,83.26333333333334
2022-03-01,Kaolack,Centre-Sud,D01,Produits alimentaires et boissons non alcoolisées,421,88.02,3.297735007628222,8.479171801824004,85.54
2022-04-01,Kaolack,Centre-Sud,D01,Produits alimentaires et boissons non alcoolisées,421,90.8,3.1583730970234036,9.542767523223539,88.00999999999999
2022-05-01,Kaolack,Centre-Sud,D01,Produits alimentaires et boissons non alcoolisées,421,93.83,3.337004405286348,10.792301334277955,90.88333333333333
2022-06-01,Kaolack,Centre-Sud,D01,Produits alimentaires et boissons non alcoolisées,421,96.79,3.1546413726952993,12.743156668608059,93.80666666666667
2022-07-01,Kaolack,Centre-Sud,D01,Produits alimentaires et boissons non alcoolisées,421,98.11,1.3637772497158807,13.553240740740735,96.24333333333334
2022-08-01,Kaolack,Centre-Sud,D01,Produits alimentaires et boissons non alcoolisées,421,98.36,0.2548160228315055,14.74568362109192,97.75333333333333
2022-09-01,Kaolack,Centre-Sud,D01,Produits alimentaires et boissons non alcoolisées,421,98.28,-0.08133387555916416,15.637133780444756,98.25
2022-10-01,Kaolack,Centre-Sud,D01,Produits alimentaires et boissons non alcoolisées,421,97.74,-0.5494505494505586,17.138063279002868,98.12666666666667
2022-11-01,Kaolack,Centre-Sud,D01,Produits alimentaires et boissons non alcoolisées,421,96.87,-0.8901166359729817,18.119741494939646,97.63
2022-12-01,Kaolack,Centre-Sud,D01,Produits alimentaires et boissons non alcoolisées,421,93.86,-3.1072571487560707,15.60537011947285,96.15666666666668
2023-01-01,Kaolack,Centre-Sud,D01,Produits alimentaires et boissons non alcoolisées,421,93.68,-0.19177498401874438,12.339609065835244,94.80333333333333
2023-02-01,Kaolack,Centre-Sud,D01,Produits alimentaires et boissons non alcoolisées,421,94.67,1.0567890691716375,11.10198333528929,94.07
2023-03-01,Kaolack,Centre-Sud,D01,Produits alimentaires et boissons non alcoolisées,421,96.78,2.2287947607478653,9.952283571915487,95.04333333333334
2023-04-01,Kaolack,Centre-Sud,D01,Produits alimentaires et boissons non alcoolisées,421,99.19,2.490183922297984,9.240088105726873,96.88
2023-05-01,Kaolack,Centre-Sud,D01,Produits alimentaires et boissons non alcoolisées,421,101.59,2.4195987498739857,8.270276031120115,99.18666666666667
2023-06-01,Kaolack,Centre-Sud,D01,Produits alimentaires et boissons non alcoolisées,421,103.41,1.791514912885117,6.839549540241752,101.39666666666666
2023-07-01,Kaolack,Centre-Sud,D01,Produits alimentaires et boissons non alcoolisées,421,104.14,0.7059278599748531,6.146162470696148,103.04666666666667
2023-08-01,Kaolack,Centre-Sud,D01,Produits alimentaires et boissons non alcoolisées,421,103.88,-0.24966391396198384,5.61203741358276,103.80999999999999
2023-09-01,Kaolack,Centre-Sud,D01,Produits alimentaires et boissons non alcoolisées,421,103.0,-0.8471313053523222,4.802604802604793,103.67333333333333
2023-10-01,Kaolack,Centre-Sud,D01,Produits alimentaires et boissons non alcoolisées,421,102.18,-0.7961165048543606,4.542664211172509,103.02
2023-11-01,Kaolack,Centre-Sud,D01,Produits alimentaires et boissons non alcoolisées,421,100.72,-1.4288510471716642,3.9743986786414665,101.96666666666665
2023-12-01,Kaolack,Centre-Sud,D01,Produits alimentaires et boissons non alcoolisées,421,97.38,-3.3161239078633886,3.7502663541444603,100.09333333333332
2024-01-01,Kaolack,Centre-Sud,D01,Produits alimentaires et boissons non alcoolisées,421,96.19,-1.222016841240503,2.679333902647296,98.09666666666665
2024-02-01,Kaolack,Centre-Sud,D01,Produits alimentaires et boissons non alcoolisées,421,97.12,0.9668364694874754,2.5879370444702676,96.89666666666666
2024-03-01,Kaolack,Centre-Sud,D01,Produits alimentaires et boissons non alcoolisées,421,98.35,1.2664744645798809,1.6222359991733715,97.21999999999998
2024-04-01,Kaolack,Centre-Sud,D01,Produits alimentaires et boissons non alcoolisées,421,100.79,2.4809354346720935,1.6130658332493386,98.75333333333333
2024-05-01,Kaolack,Centre-Sud,D01,Produits alimentaires et boissons non alcoolisées,421,102.55,1.7462049806528324,0.9449748991042339,100.56333333333333
2024-06-01,Kaolack,Centre-Sud,D01,Produits alimentaires et boissons non alcoolisées,421,104.29,1.6967333008288676,0.8509815298327172,102.54333333333334
2024-07-01,Kaolack,Centre-Sud,D01,Produits alimentaires et boissons non alcoolisées,421,104.62,0.3164253523827876,0.4609179950067155,103.82
2024-08-01,Kaolack,Centre-Sud,D01,Produits alimentaires et boissons non alcoolisées,421,104.36,-0.2485184477155511,0.46207162110127875,104.42333333333333
2024-09-01,Kaolack,Centre-Sud,D01,Produits alimentaires et boissons non alcoolisées,421,103.88,-0.4599463395937198,0.8543689320388292,104.28666666666668
2024-10-01,Kaolack,Centre-Sud,D01,Produits alimentaires et boissons non alcoolisées,421,102.48,-1.3477088948786964,0.29359953024075125,103.57333333333332
2024-11-01,Kaolack,Centre-Sud,D01,Produits alimentaires et boissons non alcoolisées,421,101.64,-0.8196721311475419,0.9134233518665713,102.66666666666667
2024-12-01,Kaolack,Centre-Sud,D01,Produits alimentaires et boissons non alcoolisées,421,98.1,-3.482880755608031,0.7393715341959428,100.74000000000001
2025-01-01,Kaolack,Centre-Sud,D01,Produits alimentaires et boissons non alcoolisées,421,98.32499999999999,0.2293577981651307,2.2195654433932788,99.35499999999998
2025-02-01,Kaolack,Centre-Sud,D01,Produits alimentaires et boissons non alcoolisées,421,98.55,0.22883295194509046,1.4724052718286584,98.32499999999999
2025-03-01,Kaolack,Centre-Sud,D01,Produits alimentaires et boissons non alcoolisées,421,100.55,2.0294266869609334,2.2369089984748403,99.14166666666665
2025-04-01,Kaolack,Centre-Sud,D01,Produits alimentaires et boissons non alcoolisées,421,102.61,2.048731974142215,1.8057346959023723,100.57
2025-05-01,Kaolack,Centre-Sud,D01,Produits alimentaires et boissons non alcoolisées,421,104.86,2.1927687359906356,2.2525597269624553,102.67333333333333
2025-06-01,Kaolack,Centre-Sud,D01,Produits alimentaires et boissons non alcoolisées,421,106.66,1.7165744802593919,2.2725093489308623,104.71
2025-07-01,Kaolack,Centre-Sud,D01,Produits alimentaires et boissons non alcoolisées,421,107.6,0.8813050815675849,2.848403746893502,106.37333333333333
2025-08-01,Kaolack,Centre-Sud,D01,Produits alimentaires et boissons non alcoolisées,421,107.43,-0.15799256505575343,2.941740130318138,107.23
2025-09-01,Kaolack,Centre-Sud,D01,Produits alimentaires et boissons non alcoolisées,421,106.99,-0.4095690216885495,2.9938390450519936,107.33999999999999
2025-10-01,Kaolack,Centre-Sud,D01,Produits alimentaires et boissons non alcoolisées,421,106.13,-0.8038134405084607,3.5616705698672924,106.85000000000001
2025-11-01,Kaolack,Centre-Sud,D01,Produits alimentaires et boissons non alcoolisées,421,104.74,-1.309714501083581,3.0499803227075795,105.95333333333333
2025-12-01,Kaolack,Centre-Sud,D01,Produits alimentaires et boissons non alcoolisées,421,101.4,-3.1888485774298148,3.3639143730886945,104.08999999999999
2026-01-01,Kaolack,Centre-Sud,D01,Produits alimentaires et boissons non alcoolisées,421,97.72,-3.6291913214990257,-0.615306381896763,101.28666666666668
2026-02-01,Kaolack,Centre-Sud,D01,Produits alimentaires et boissons non alcoolisées,421,99.87,2.2001637331150237,1.3394216133942205,99.66333333333334
2026-03-01,Kaolack,Centre-Sud,D01,Produits alimentaires et boissons non alcoolisées,421,102.21,2.3430459597476583,1.6509199403281993,99.93333333333334
2026-04-01,Kaolack,Centre-Sud,D01,Produits alimentaires et boissons non alcoolisées,421,104.32,2.0643772624987733,1.666504239352884,102.13333333333333
2026-05-01,Kaolack,Centre-Sud,D01,Produits alimentaires et boissons non alcoolisées,421,106.12,1.725460122699407,1.2016021361815898,104.21666666666665
2018-01-01,Kolda,Sud,D01,Produits alimentaires et boissons non alcoolisées,421,72.59,,,72.59
2018-02-01,Kolda,Sud,D01,Produits alimentaires et boissons non alcoolisées,421,72.86,0.371952059512326,,72.725
2018-03-01,Kolda,Sud,D01,Produits alimentaires et boissons non alcoolisées,421,74.3,1.976393082624206,,73.25
2018-04-01,Kolda,Sud,D01,Produits alimentaires et boissons non alcoolisées,421,75.51,1.6285329744279986,,74.22333333333334
2018-05-01,Kolda,Sud,D01,Produits alimentaires et boissons non alcoolisées,421,77.12,2.132167924778172,,75.64333333333333
2018-06-01,Kolda,Sud,D01,Produits alimentaires et boissons non alcoolisées,421,77.9,1.0114107883817391,,76.84333333333335
2018-07-01,Kolda,Sud,D01,Produits alimentaires et boissons non alcoolisées,421,78.17,0.3465982028241221,,77.73
2018-08-01,Kolda,Sud,D01,Produits alimentaires et boissons non alcoolisées,421,77.94,-0.2942305232186304,,78.00333333333333
2018-09-01,Kolda,Sud,D01,Produits alimentaires et boissons non alcoolisées,421,76.82,-1.4370028226841192,,77.64333333333333
2018-10-01,Kolda,Sud,D01,Produits alimentaires et boissons non alcoolisées,421,75.28,-2.004686279614676,,76.67999999999999
2018-11-01,Kolda,Sud,D01,Produits alimentaires et boissons non alcoolisées,421,73.94,-1.7800212539851312,,75.34666666666666
2018-12-01,Kolda,Sud,D01,Produits alimentaires et boissons non alcoolisées,421,72.85,-1.474168244522589,,74.02333333333333
2019-01-01,Kolda,Sud,D01,Produits alimentaires et boissons non alcoolisées,421,73.41,0.7687028140013652,1.1296321807411358,73.39999999999999
2019-02-01,Kolda,Sud,D01,Produits alimentaires et boissons non alcoolisées,421,73.84,0.5857512600463188,1.3450452923414735,73.36666666666666
2019-03-01,Kolda,Sud,D01,Produits alimentaires et boissons non alcoolisées,421,75.18,1.814734561213438,1.1843876177658252,74.14333333333333
2019-04-01,Kolda,Sud,D01,Produits alimentaires et boissons non alcoolisées,421,76.715,2.041766427241276,1.595815123824651,75.245
2019-05-01,Kolda,Sud,D01,Produits alimentaires et boissons non alcoolisées,421,78.25,2.0009124682265567,1.4652489626555854,76.715
2019-06-01,Kolda,Sud,D01,Produits alimentaires et boissons non alcoolisées,421,79.07,1.0479233226837081,1.5019255455712255,78.01166666666667
2019-07-01,Kolda,Sud,D01,Produits alimentaires et boissons non alcoolisées,421,79.44,0.46793980017707515,1.6246641934245742,78.92
2019-08-01,Kolda,Sud,D01,Produits alimentaires et boissons non alcoolisées,421,79.06,-0.478348439073506,1.4370028226841303,79.19
2019-09-01,Kolda,Sud,D01,Produits alimentaires et boissons non alcoolisées,421,77.85,-1.5304831773336858,1.340796667534505,78.78333333333333
2019-10-01,Kolda,Sud,D01,Produits alimentaires et boissons non alcoolisées,421,76.32,-1.965317919075149,1.381509032943673,77.74333333333333
2019-11-01,Kolda,Sud,D01,Produits alimentaires et boissons non alcoolisées,421,74.91,-1.8474842767295607,1.3118744928320325,76.36
2019-12-01,Kolda,Sud,D01,Produits alimentaires et boissons non alcoolisées,421,74.94999999999999,0.053397410225586306,2.8826355525051417,75.39333333333333
2020-01-01,Kolda,Sud,D01,Produits alimentaires et boissons non alcoolisées,421,74.99,0.05336891260840915,2.1522953276120305,74.94999999999999
2020-02-01,Kolda,Sud,D01,Produits alimentaires et boissons non alcoolisées,421,75.85,1.1468195759434474,2.722101841820135,75.26333333333332
2020-03-01,Kolda,Sud,D01,Produits alimentaires et boissons non alcoolisées,421,77.35,1.9775873434410007,2.886405959031646,76.06333333333333
2020-04-01,Kolda,Sud,D01,Produits alimentaires et boissons non alcoolisées,421,79.31,2.5339366515837236,3.3826500684351224,77.50333333333333
2020-05-01,Kolda,Sud,D01,Produits alimentaires et boissons non alcoolisées,421,81.01,2.1434875803807873,3.5271565495207824,79.22333333333334
2020-06-01,Kolda,Sud,D01,Produits alimentaires et boissons non alcoolisées,421,82.62,1.9874089618565627,4.4896926773744905,80.98
2020-07-01,Kolda,Sud,D01,Produits alimentaires et boissons non alcoolisées,421,82.78,0.19365770999757448,4.204431017119847,82.13666666666667
2020-08-01,Kolda,Sud,D01,Produits alimentaires et boissons non alcoolisées,421,81.86500000000001,-1.1053394539743855,3.5479382747280575,82.42166666666667
2020-09-01,Kolda,Sud,D01,Produits alimentaires et boissons non alcoolisées,421,80.95,-1.1176937641238727,3.982016698779711,81.86500000000001
2020-10-01,Kolda,Sud,D01,Produits alimentaires et boissons non alcoolisées,421,79.19,-2.1741815935762854,3.7604821802935007,80.66833333333334
2020-11-01,Kolda,Sud,D01,Produits alimentaires et boissons non alcoolisées,421,77.65,-1.9446899861093492,3.6577226004538943,79.26333333333334
2020-12-01,Kolda,Sud,D01,Produits alimentaires et boissons non alcoolisées,421,76.59,-1.3650998068254983,2.188125416944642,77.81
2021-01-01,Kolda,Sud,D01,Produits alimentaires et boissons non alcoolisées,421,77.3,0.9270139704922187,3.0804107214295273,77.18
2021-02-01,Kolda,Sud,D01,Produits alimentaires et boissons non alcoolisées,421,78.0,0.905562742561461,2.8345418589321048,77.29666666666667
2021-03-01,Kolda,Sud,D01,Produits alimentaires et boissons non alcoolisées,421,79.48,1.8974358974358951,2.7537168713639426,78.26
2021-04-01,Kolda,Sud,D01,Produits alimentaires et boissons non alcoolisées,421,81.61,2.6799194765978696,2.9000126087504796,79.69666666666667
2021-05-01,Kolda,Sud,D01,Produits alimentaires et boissons non alcoolisées,421,83.54,2.364906261487576,3.1230712257745985,81.54333333333334
2021-06-01,Kolda,Sud,D01,Produits alimentaires et boissons non alcoolisées,421,84.93,1.663873593488141,2.7959331880900606,83.36
2021-07-01,Kolda,Sud,D01,Produits alimentaires et boissons non alcoolisées,421,85.1,0.20016484163427606,2.8026093259241325,84.52333333333333
2021-08-01,Kolda,Sud,D01,Produits alimentaires et boissons non alcoolisées,421,84.77,-0.38777908343125,3.5485250106883193,84.93333333333332
2021-09-01,Kolda,Sud,D01,Produits alimentaires et boissons non alcoolisées,421,83.535,-1.4568833313672314,3.193329215565166,84.46833333333333
2021-10-01,Kolda,Sud,D01,Produits alimentaires et boissons non alcoolisées,421,82.3,-1.4784222182318785,3.927263543376691,83.53500000000001
2021-11-01,Kolda,Sud,D01,Produits alimentaires et boissons non alcoolisées,421,80.81,-1.8104495747266025,4.069542820347705,82.21499999999999
2021-12-01,Kolda,Sud,D01,Produits alimentaires et boissons non alcoolisées,421,79.97,-1.0394753124613354,4.413108760934836,81.02666666666666
2022-01-01,Kolda,Sud,D01,Produits alimentaires et boissons non alcoolisées,421,82.24,2.838564461673121,6.390685640362226,81.00666666666666
2022-02-01,Kolda,Sud,D01,Produits alimentaires et boissons non alcoolisées,421,84.12,2.2859922178988468,7.846153846153858,82.11
2022-03-01,Kolda,Sud,D01,Produits alimentaires et boissons non alcoolisées,421,87.07,3.5068949120304227,9.54957221942625,84.47666666666667
2022-04-01,Kolda,Sud,D01,Produits alimentaires et boissons non alcoolisées,421,90.48,3.9163891122085737,10.868766082587932,87.22333333333334
2022-05-01,Kolda,Sud,D01,Produits alimentaires et boissons non alcoolisées,421,93.52,3.3598585322723196,11.946372994972453,90.35666666666667
2022-06-01,Kolda,Sud,D01,Produits alimentaires et boissons non alcoolisées,421,96.33,3.0047048759623607,13.42281879194629,93.44333333333333
2022-07-01,Kolda,Sud,D01,Produits alimentaires et boissons non alcoolisées,421,97.66,1.3806706114398493,14.759106933019982,95.83666666666666
2022-08-01,Kolda,Sud,D01,Produits alimentaires et boissons non alcoolisées,421,98.26,0.614376407945949,15.913648696472826,97.41666666666667
2022-09-01,Kolda,Sud,D01,Produits alimentaires et boissons non alcoolisées,421,98.07,-0.19336454304906825,17.399892260729022,97.99666666666667
2022-10-01,Kolda,Sud,D01,Produits alimentaires et boissons non alcoolisées,421,97.48,-0.6016110941164388,18.444714459295277,97.93666666666667
2022-11-01,Kolda,Sud,D01,Produits alimentaires et boissons non alcoolisées,421,96.52,-0.9848173984407183,19.440663284246984,97.35666666666667
2022-12-01,Kolda,Sud,D01,Produits alimentaires et boissons non alcoolisées,421,93.27,-3.367177786987152,16.63123671376765,95.75666666666666
2023-01-01,Kolda,Sud,D01,Produits alimentaires et boissons non alcoolisées,421,93.03,-0.2573174654229571,13.120136186770438,94.27333333333333
2023-02-01,Kolda,Sud,D01,Produits alimentaires et boissons non alcoolisées,421,94.81,1.9133612813071021,12.708036138849256,93.70333333333333
2023-03-01,Kolda,Sud,D01,Produits alimentaires et boissons non alcoolisées,421,96.59,1.8774390887037251,10.933731480418075,94.81
2023-04-01,Kolda,Sud,D01,Produits alimentaires et boissons non alcoolisées,421,99.3,2.8056734651620285,9.748010610079572,96.89999999999999
2023-05-01,Kolda,Sud,D01,Produits alimentaires et boissons non alcoolisées,421,101.75,2.467270896273921,8.800256629597957,99.21333333333332
2023-06-01,Kolda,Sud,D01,Produits alimentaires et boissons non alcoolisées,421,103.71,1.9262899262899147,7.66116474618499,101.58666666666666
2023-07-01,Kolda,Sud,D01,Produits alimentaires et boissons non alcoolisées,421,104.51,0.7713817375373688,7.014130657382767,103.32333333333334
2023-08-01,Kolda,Sud,D01,Produits alimentaires et boissons non alcoolisées,421,103.86,-0.621950052626552,5.699165479340529,104.02666666666666
2023-09-01,Kolda,Sud,D01,Produits alimentaires et boissons non alcoolisées,421,103.49,-0.35624879645677066,5.526664627307021,103.95333333333333
2023-10-01,Kolda,Sud,D01,Produits alimentaires et boissons non alcoolisées,421,102.7,-0.7633587786259444,5.354944604021328,103.35000000000001
2023-11-01,Kolda,Sud,D01,Produits alimentaires et boissons non alcoolisées,421,100.92,-1.7332035053554073,4.558640696228777,102.37
2023-12-01,Kolda,Sud,D01,Produits alimentaires et boissons non alcoolisées,421,97.19,-3.6959968291716216,4.202851935241769,100.27
2024-01-01,Kolda,Sud,D01,Produits alimentaires et boissons non alcoolisées,421,96.05,-1.1729601810885892,3.2462646458131683,98.05333333333334
2024-02-01,Kolda,Sud,D01,Produits alimentaires et boissons non alcoolisées,421,97.08,1.0723581467985355,2.394262208627773,96.77333333333333
2024-03-01,Kolda,Sud,D01,Produits alimentaires et boissons non alcoolisées,421,98.7,1.6687268232385755,2.184491148151979,97.27666666666666
2024-04-01,Kolda,Sud,D01,Produits alimentaires et boissons non alcoolisées,421,100.38,1.7021276595744705,1.0876132930513593,98.71999999999998
2024-05-01,Kolda,Sud,D01,Produits alimentaires et boissons non alcoolisées,421,102.95,2.560270970312817,1.1793611793611714,100.67666666666666
2024-06-01,Kolda,Sud,D01,Produits alimentaires et boissons non alcoolisées,421,104.82,1.8164157357940747,1.0702921608330973,102.71666666666665
2024-07-01,Kolda,Sud,D01,Produits alimentaires et boissons non alcoolisées,421,105.16,0.3243655790879707,0.6219500526265298,104.31
2024-08-01,Kolda,Sud,D01,Produits alimentaires et boissons non alcoolisées,421,104.52,-0.6085964244960107,0.6354708261120612,104.83333333333333
2024-09-01,Kolda,Sud,D01,Produits alimentaires et boissons non alcoolisées,421,103.9,-0.5931879066207291,0.3961735433375413,104.52666666666666
2024-10-01,Kolda,Sud,D01,Produits alimentaires et boissons non alcoolisées,421,102.52,-1.32820019249279,-0.17526777020449025,103.64666666666666
2024-11-01,Kolda,Sud,D01,Produits alimentaires et boissons non alcoolisées,421,101.75,-0.7510729613733891,0.8224336107808039,102.72333333333334
2024-12-01,Kolda,Sud,D01,Produits alimentaires et boissons non alcoolisées,421,97.81,-3.872235872235874,0.6379257125218585,100.69333333333333
2025-01-01,Kolda,Sud,D01,Produits alimentaires et boissons non alcoolisées,421,97.25,-0.572538595235661,1.2493492972410314,98.93666666666667
2025-02-01,Kolda,Sud,D01,Produits alimentaires et boissons non alcoolisées,421,98.3,1.0796915167095023,1.256695508858674,97.78666666666668
2025-03-01,Kolda,Sud,D01,Produits alimentaires et boissons non alcoolisées,421,100.37,2.105798575788409,1.6919959473151058,98.64
2025-04-01,Kolda,Sud,D01,Produits alimentaires et boissons non alcoolisées,421,103.15,2.769751917903762,2.7595138473799574,100.60666666666667
2025-05-01,Kolda,Sud,D01,Produits alimentaires et boissons non alcoolisées,421,105.42,2.2006786233640385,2.399222923749389,102.98
2025-06-01,Kolda,Sud,D01,Produits alimentaires et boissons non alcoolisées,421,107.19,1.6789982925440983,2.2610188895249017,105.25333333333333
2025-07-01,Kolda,Sud,D01,Produits alimentaires et boissons non alcoolisées,421,107.98,0.7370090493516335,2.6816279954355426,106.86333333333334
2025-08-01,Kolda,Sud,D01,Produits alimentaires et boissons non alcoolisées,421,107.74,-0.22226338210780128,3.0807500956754774,107.63666666666666
2025-09-01,Kolda,Sud,D01,Produits alimentaires et boissons non alcoolisées,421,107.2,-0.5012066085019473,3.1761308950914335,107.64
2025-10-01,Kolda,Sud,D01,Produits alimentaires et boissons non alcoolisées,421,106.39,-0.7555970149253799,3.774873195474049,107.11
2025-11-01,Kolda,Sud,D01,Produits alimentaires et boissons non alcoolisées,421,105.43,-0.9023404455305917,3.616707616707626,106.33999999999999
2025-12-01,Kolda,Sud,D01,Produits alimentaires et boissons non alcoolisées,421,101.55,-3.680166935407392,3.823739903895307,104.45666666666666
2026-01-01,Kolda,Sud,D01,Produits alimentaires et boissons non alcoolisées,421,98.0,-3.4958148695223956,0.7712082262210762,101.66000000000001
2026-02-01,Kolda,Sud,D01,Produits alimentaires et boissons non alcoolisées,421,99.42,1.448979591836741,1.1393692777212694,99.65666666666668
2026-03-01,Kolda,Sud,D01,Produits alimentaires et boissons non alcoolisées,421,102.29,2.8867431100382257,1.912922187904753,99.90333333333332
2026-04-01,Kolda,Sud,D01,Produits alimentaires et boissons non alcoolisées,421,104.4,2.0627627334050214,1.2118274357731496,102.03666666666668
2026-05-01,Kolda,Sud,D01,Produits alimentaires et boissons non alcoolisées,421,104.4,0.0,-0.9675583380762576,103.69666666666667
2018-01-01,Saint-Louis,Nord,D01,Produits alimentaires et boissons non alcoolisées,421,74.59,,,74.59
2018-02-01,Saint-Louis,Nord,D01,Produits alimentaires et boissons non alcoolisées,421,75.26,0.8982437324038139,,74.92500000000001
2018-03-01,Saint-Louis,Nord,D01,Produits alimentaires et boissons non alcoolisées,421,76.48,1.6210470369386165,,75.44333333333334
2018-04-01,Saint-Louis,Nord,D01,Produits alimentaires et boissons non alcoolisées,421,77.63,1.5036610878661039,,76.45666666666666
2018-05-01,Saint-Louis,Nord,D01,Produits alimentaires et boissons non alcoolisées,421,79.02,1.7905448924384837,,77.71
2018-06-01,Saint-Louis,Nord,D01,Produits alimentaires et boissons non alcoolisées,421,79.76,0.9364717792963884,,78.80333333333333
2018-07-01,Saint-Louis,Nord,D01,Produits alimentaires et boissons non alcoolisées,421,79.98,0.2758274824473439,,79.58666666666666
2018-08-01,Saint-Louis,Nord,D01,Produits alimentaires et boissons non alcoolisées,421,79.63,-0.43760940235060275,,79.79
2018-09-01,Saint-Louis,Nord,D01,Produits alimentaires et boissons non alcoolisées,421,78.48,-1.444179329398454,,79.36333333333333
2018-10-01,Saint-Louis,Nord,D01,Produits alimentaires et boissons non alcoolisées,421,77.13,-1.7201834862385468,,78.41333333333334
2018-11-01,Saint-Louis,Nord,D01,Produits alimentaires et boissons non alcoolisées,421,76.1,-1.3354077531440467,,77.23666666666666
2018-12-01,Saint-Louis,Nord,D01,Produits alimentaires et boissons non alcoolisées,421,75.22,-1.156373193166882,,76.14999999999999
2019-01-01,Saint-Louis,Nord,D01,Produits alimentaires et boissons non alcoolisées,421,75.44,0.2924754054772549,1.1395629440943855,75.58666666666666
2019-02-01,Saint-Louis,Nord,D01,Produits alimentaires et boissons non alcoolisées,421,76.12,0.901378579003187,1.1427052883337785,75.59333333333333
2019-03-01,Saint-Louis,Nord,D01,Produits alimentaires et boissons non alcoolisées,421,77.07,1.2480294272201542,0.7714435146443321,76.21
2019-04-01,Saint-Louis,Nord,D01,Produits alimentaires et boissons non alcoolisées,421,78.52,1.881406513559103,1.1464639958778777,77.23666666666666
2019-05-01,Saint-Louis,Nord,D01,Produits alimentaires et boissons non alcoolisées,421,79.89,1.7447784004075428,1.1009870918754716,78.49333333333333
2019-06-01,Saint-Louis,Nord,D01,Produits alimentaires et boissons non alcoolisées,421,80.91,1.2767555388659257,1.4418254764292815,79.77333333333333
2019-07-01,Saint-Louis,Nord,D01,Produits alimentaires et boissons non alcoolisées,421,81.1,0.23482882214806988,1.4003500875218622,80.63333333333334
2019-08-01,Saint-Louis,Nord,D01,Produits alimentaires et boissons non alcoolisées,421,80.83,-0.33292231812576123,1.5069697350244882,80.94666666666666
2019-09-01,Saint-Louis,Nord,D01,Produits alimentaires et boissons non alcoolisées,421,79.66,-1.4474823704070272,1.5035677879714493,80.52999999999999
2019-10-01,Saint-Louis,Nord,D01,Produits alimentaires et boissons non alcoolisées,421,78.33,-1.6695957820738072,1.5558148580318898,79.60666666666667
2019-11-01,Saint-Louis,Nord,D01,Produits alimentaires et boissons non alcoolisées,421,76.84,-1.9022086046214692,0.9724047306176153,78.27666666666667
2019-12-01,Saint-Louis,Nord,D01,Produits alimentaires et boissons non alcoolisées,421,76.26,-0.7548152004164477,1.3826110077107323,77.14333333333333
2020-01-01,Saint-Louis,Nord,D01,Produits alimentaires et boissons non alcoolisées,421,77.12,1.1277209546288969,2.226935312831402,76.74000000000001
2020-02-01,Saint-Louis,Nord,D01,Produits alimentaires et boissons non alcoolisées,421,77.88,0.985477178423233,2.3121387283236983,77.08666666666666
2020-03-01,Saint-Louis,Nord,D01,Produits alimentaires et boissons non alcoolisées,421,78.98,1.412429378531077,2.478266510964078,77.99333333333334
2020-04-01,Saint-Louis,Nord,D01,Produits alimentaires et boissons non alcoolisées,421,80.77,2.2663965560901334,2.8655119714722455,79.21
2020-05-01,Saint-Louis,Nord,D01,Produits alimentaires et boissons non alcoolisées,421,82.7,2.389501052370946,3.5173363374640054,80.81666666666668
2020-06-01,Saint-Louis,Nord,D01,Produits alimentaires et boissons non alcoolisées,421,83.85,1.3905683192261042,3.6336670374490065,82.44
2020-07-01,Saint-Louis,Nord,D01,Produits alimentaires et boissons non alcoolisées,421,83.94,0.10733452593918447,3.5018495684340456,83.49666666666667
2020-08-01,Saint-Louis,Nord,D01,Produits alimentaires et boissons non alcoolisées,421,83.79,-0.1786990707648206,3.6620066806878793,83.86
2020-09-01,Saint-Louis,Nord,D01,Produits alimentaires et boissons non alcoolisées,421,82.43,-1.6231053825038755,3.477278433341713,83.38666666666667
2020-10-01,Saint-Louis,Nord,D01,Produits alimentaires et boissons non alcoolisées,421,81.17,-1.5285696954992156,3.6256861994127476,82.46333333333334
2020-11-01,Saint-Louis,Nord,D01,Produits alimentaires et boissons non alcoolisées,421,79.54,-2.008131082912401,3.5137948984903744,81.04666666666668
2020-12-01,Saint-Louis,Nord,D01,Produits alimentaires et boissons non alcoolisées,421,78.55,-1.244656776464681,3.002884867558353,79.75333333333334
2021-01-01,Saint-Louis,Nord,D01,Produits alimentaires et boissons non alcoolisées,421,79.14,0.7511139401654932,2.6192946058091193,79.07666666666667
2021-02-01,Saint-Louis,Nord,D01,Produits alimentaires et boissons non alcoolisées,421,79.66,0.6570634318928459,2.2855675398048225,79.11666666666666
2021-03-01,Saint-Louis,Nord,D01,Produits alimentaires et boissons non alcoolisées,421,81.06,1.7574692442882345,2.6335781210433007,79.95333333333333
2021-04-01,Saint-Louis,Nord,D01,Produits alimentaires et boissons non alcoolisées,421,82.93,2.3069331359486744,2.674260245140525,81.21666666666668
2021-05-01,Saint-Louis,Nord,D01,Produits alimentaires et boissons non alcoolisées,421,84.79,2.2428554202339246,2.5272067714631197,82.92666666666666
2021-06-01,Saint-Louis,Nord,D01,Produits alimentaires et boissons non alcoolisées,421,85.83,1.2265597358178892,2.361359570661903,84.51666666666667
2021-07-01,Saint-Louis,Nord,D01,Produits alimentaires et boissons non alcoolisées,421,86.18,0.4077828265175443,2.668572790088164,85.60000000000001
2021-08-01,Saint-Louis,Nord,D01,Produits alimentaires et boissons non alcoolisées,421,86.16,-0.023207240659095518,2.828499820981012,86.05666666666667
2021-09-01,Saint-Louis,Nord,D01,Produits alimentaires et boissons non alcoolisées,421,84.97,-1.3811513463323988,3.0814024020380915,85.77
2021-10-01,Saint-Louis,Nord,D01,Produits alimentaires et boissons non alcoolisées,421,83.65,-1.55348946687065,3.0553160034495486,84.92666666666668
2021-11-01,Saint-Louis,Nord,D01,Produits alimentaires et boissons non alcoolisées,421,82.16,-1.781231320980281,3.293940155896391,83.59333333333332
2021-12-01,Saint-Louis,Nord,D01,Produits alimentaires et boissons non alcoolisées,421,81.42,-0.9006815968841231,3.6537237428389657,82.41000000000001
2022-01-01,Saint-Louis,Nord,D01,Produits alimentaires et boissons non alcoolisées,421,83.55,2.6160648489314653,5.572403335860487,82.37666666666667
2022-02-01,Saint-Louis,Nord,D01,Produits alimentaires et boissons non alcoolisées,421,85.58,2.429682824655899,7.431584232990218,83.51666666666667
2022-03-01,Saint-Louis,Nord,D01,Produits alimentaires et boissons non alcoolisées,421,87.98,2.8043935498948347,8.536886257093524,85.70333333333333
2022-04-01,Saint-Louis,Nord,D01,Produits alimentaires et boissons non alcoolisées,421,91.36,3.8417822232325483,10.165199565898941,88.30666666666666
2022-05-01,Saint-Louis,Nord,D01,Produits alimentaires et boissons non alcoolisées,421,94.09,2.988178633975491,10.968274560679326,91.14333333333333
2022-06-01,Saint-Louis,Nord,D01,Produits alimentaires et boissons non alcoolisées,421,96.52,2.5826336486342694,12.454852615635549,93.99
2022-07-01,Saint-Louis,Nord,D01,Produits alimentaires et boissons non alcoolisées,421,98.22,1.761292996270214,13.970758876769551,96.27666666666666
2022-08-01,Saint-Louis,Nord,D01,Produits alimentaires et boissons non alcoolisées,421,98.56,0.34616167786600816,14.391829155060364,97.76666666666667
2022-09-01,Saint-Louis,Nord,D01,Produits alimentaires et boissons non alcoolisées,421,98.22,-0.34496753246753276,15.593738966694136,98.33333333333333
2022-10-01,Saint-Louis,Nord,D01,Produits alimentaires et boissons non alcoolisées,421,97.59,-0.6414172266340779,16.664674237895994,98.12333333333333
2022-11-01,Saint-Louis,Nord,D01,Produits alimentaires et boissons non alcoolisées,421,97.04,-0.5635823342555524,18.111002921129526,97.61666666666667
2022-12-01,Saint-Louis,Nord,D01,Produits alimentaires et boissons non alcoolisées,421,94.1,-3.0296784830997625,15.573569147629573,96.24333333333334
2023-01-01,Saint-Louis,Nord,D01,Produits alimentaires et boissons non alcoolisées,421,93.47,-0.6695005313496205,11.873129862357867,94.87
2023-02-01,Saint-Louis,Nord,D01,Produits alimentaires et boissons non alcoolisées,421,94.82,1.4443136835348147,10.796915167095111,94.13
2023-03-01,Saint-Louis,Nord,D01,Produits alimentaires et boissons non alcoolisées,421,96.82,2.1092596498629046,10.047738122300508,95.03666666666668
2023-04-01,Saint-Louis,Nord,D01,Produits alimentaires et boissons non alcoolisées,421,99.06,2.3135715761206432,8.428196147110345,96.89999999999999
2023-05-01,Saint-Louis,Nord,D01,Produits alimentaires et boissons non alcoolisées,421,101.61,2.574197456087224,7.992347752152185,99.16333333333334
2023-06-01,Saint-Louis,Nord,D01,Produits alimentaires et boissons non alcoolisées,421,103.44,1.8010038382048954,7.169498549523423,101.37
2023-07-01,Saint-Louis,Nord,D01,Produits alimentaires et boissons non alcoolisées,421,104.27,0.8023975251353344,6.159641620851142,103.10666666666667
2023-08-01,Saint-Louis,Nord,D01,Produits alimentaires et boissons non alcoolisées,421,104.03,-0.23017166970364933,5.549918831168821,103.91333333333334
2023-09-01,Saint-Louis,Nord,D01,Produits alimentaires et boissons non alcoolisées,421,103.08,-0.9131981159281044,4.948075748320102,103.79333333333334
2023-10-01,Saint-Louis,Nord,D01,Produits alimentaires et boissons non alcoolisées,421,102.01,-1.0380287155607237,4.5291525771083085,103.04
2023-11-01,Saint-Louis,Nord,D01,Produits alimentaires et boissons non alcoolisées,421,100.96,-1.0293108518772742,4.039571310799661,102.01666666666667
2023-12-01,Saint-Louis,Nord,D01,Produits alimentaires et boissons non alcoolisées,421,97.35,-3.5756735340728985,3.4537725823591936,100.10666666666667
2024-01-01,Saint-Louis,Nord,D01,Produits alimentaires et boissons non alcoolisées,421,96.35,-1.0272213662044116,3.0812025248742936,98.21999999999998
2024-02-01,Saint-Louis,Nord,D01,Produits alimentaires et boissons non alcoolisées,421,97.08,0.7576543850544848,2.3834634043450764,96.92666666666666
2024-03-01,Saint-Louis,Nord,D01,Produits alimentaires et boissons non alcoolisées,421,98.53,1.4936135146271123,1.7661640156992453,97.32
2024-04-01,Saint-Louis,Nord,D01,Produits alimentaires et boissons non alcoolisées,421,100.51,2.0095402415508,1.4637593377750946,98.70666666666666
2024-05-01,Saint-Louis,Nord,D01,Produits alimentaires et boissons non alcoolisées,421,102.85,2.3281265545716634,1.220352327526819,100.63
2024-06-01,Saint-Louis,Nord,D01,Produits alimentaires et boissons non alcoolisées,421,104.04,1.1570247933884392,0.5800464037122977,102.46666666666665
2024-07-01,Saint-Louis,Nord,D01,Produits alimentaires et boissons non alcoolisées,421,104.91,0.8362168396770286,0.613791119209739,103.93333333333334
2024-08-01,Saint-Louis,Nord,D01,Produits alimentaires et boissons non alcoolisées,421,104.25,-0.6291106662853818,0.2114774584254464,104.39999999999999
2024-09-01,Saint-Louis,Nord,D01,Produits alimentaires et boissons non alcoolisées,421,103.59,-0.6330935251798508,0.4947613504074466,104.25
2024-10-01,Saint-Louis,Nord,D01,Produits alimentaires et boissons non alcoolisées,421,102.87,-0.6950477845351855,0.8430546024899455,103.57000000000001
2024-11-01,Saint-Louis,Nord,D01,Produits alimentaires et boissons non alcoolisées,421,101.28,-1.5456401283172938,0.31695721077655836,102.58
2024-12-01,Saint-Louis,Nord,D01,Produits alimentaires et boissons non alcoolisées,421,97.84,-3.3965244865718724,0.5033384694401732,100.66333333333334
2025-01-01,Saint-Louis,Nord,D01,Produits alimentaires et boissons non alcoolisées,421,97.65,-0.19419460343417239,1.3492475350285638,98.92333333333333
2025-02-01,Saint-Louis,Nord,D01,Produits alimentaires et boissons non alcoolisées,421,98.43,0.7987711213517601,1.3906056860321536,97.97333333333334
2025-03-01,Saint-Louis,Nord,D01,Produits alimentaires et boissons non alcoolisées,421,100.41,2.011581834806453,1.9080483101593382,98.83
2025-04-01,Saint-Louis,Nord,D01,Produits alimentaires et boissons non alcoolisées,421,102.59,2.1710984961657243,2.0694458262859428,100.47666666666667
2025-05-01,Saint-Louis,Nord,D01,Produits alimentaires et boissons non alcoolisées,421,105.01,2.358904376644899,2.100145843461365,102.67
2025-06-01,Saint-Louis,Nord,D01,Produits alimentaires et boissons non alcoolisées,421,106.54,1.4570040948481022,2.402921953094972,104.71333333333332
2025-07-01,Saint-Louis,Nord,D01,Produits alimentaires et boissons non alcoolisées,421,107.48,0.8822977285526612,2.449718806596146,106.34333333333335
2025-08-01,Saint-Louis,Nord,D01,Produits alimentaires et boissons non alcoolisées,421,107.47,-0.009304056568670838,3.088729016786562,107.16333333333334
2025-09-01,Saint-Louis,Nord,D01,Produits alimentaires et boissons non alcoolisées,421,106.64,-0.7723085512235994,2.9442996428226564,107.19666666666667
2025-10-01,Saint-Louis,Nord,D01,Produits alimentaires et boissons non alcoolisées,421,105.75,-0.8345836459114797,2.799650043744517,106.62
2025-11-01,Saint-Louis,Nord,D01,Produits alimentaires et boissons non alcoolisées,421,104.8,-0.8983451536643039,3.4755134281200695,105.73
2025-12-01,Saint-Louis,Nord,D01,Produits alimentaires et boissons non alcoolisées,421,101.28,-3.358778625954195,3.515944399018811,103.94333333333333
2026-01-01,Saint-Louis,Nord,D01,Produits alimentaires et boissons non alcoolisées,421,97.89,-3.3471563981042673,0.24577572964670225,101.32333333333334
2026-02-01,Saint-Louis,Nord,D01,Produits alimentaires et boissons non alcoolisées,421,99.58,1.726427622841964,1.168342984862325,99.58333333333333
2026-03-01,Saint-Louis,Nord,D01,Produits alimentaires et boissons non alcoolisées,421,102.08,2.510544286001215,1.663180958071897,99.85000000000001
2026-04-01,Saint-Louis,Nord,D01,Produits alimentaires et boissons non alcoolisées,421,104.16,2.0376175548589393,1.5303635831952267,101.94
2026-05-01,Saint-Louis,Nord,D01,Produits alimentaires et boissons non alcoolisées,421,106.27,2.025729646697383,1.1998857251690254,104.17
2018-01-01,Thiès,Centre-Ouest,D01,Produits alimentaires et boissons non alcoolisées,421,75.49,,,75.49
2018-02-01,Thiès,Centre-Ouest,D01,Produits alimentaires et boissons non alcoolisées,421,75.87,0.5033779308517783,,75.68
2018-03-01,Thiès,Centre-Ouest,D01,Produits alimentaires et boissons non alcoolisées,421,76.87,1.3180440226703505,,76.07666666666667
2018-04-01,Thiès,Centre-Ouest,D01,Produits alimentaires et boissons non alcoolisées,421,78.18,1.7041758813581387,,76.97333333333334
2018-05-01,Thiès,Centre-Ouest,D01,Produits alimentaires et boissons non alcoolisées,421,79.42,1.586083397288296,,78.15666666666667
2018-06-01,Thiès,Centre-Ouest,D01,Produits alimentaires et boissons non alcoolisées,421,80.44,1.2843112566104153,,79.34666666666668
2018-07-01,Thiès,Centre-Ouest,D01,Produits alimentaires et boissons non alcoolisées,421,80.36,-0.09945300845349836,,80.07333333333334
2018-08-01,Thiès,Centre-Ouest,D01,Produits alimentaires et boissons non alcoolisées,421,80.28,-0.09955201592831697,,80.36
2018-09-01,Thiès,Centre-Ouest,D01,Produits alimentaires et boissons non alcoolisées,421,79.16,-1.3951170901843613,,79.93333333333334
2018-10-01,Thiès,Centre-Ouest,D01,Produits alimentaires et boissons non alcoolisées,421,77.95,-1.5285497726124198,,79.13
2018-11-01,Thiès,Centre-Ouest,D01,Produits alimentaires et boissons non alcoolisées,421,76.53,-1.8216805644644007,,77.88000000000001
2018-12-01,Thiès,Centre-Ouest,D01,Produits alimentaires et boissons non alcoolisées,421,75.94,-0.7709395008493436,,76.80666666666667
2019-01-01,Thiès,Centre-Ouest,D01,Produits alimentaires et boissons non alcoolisées,421,76.4,0.6057413747695639,1.205457676513455,76.29
2019-02-01,Thiès,Centre-Ouest,D01,Produits alimentaires et boissons non alcoolisées,421,76.82,0.5497382198952794,1.252141821536834,76.38666666666667
2019-03-01,Thiès,Centre-Ouest,D01,Produits alimentaires et boissons non alcoolisées,421,77.57,0.9763082530590994,0.9106283335501342,76.92999999999999
2019-04-01,Thiès,Centre-Ouest,D01,Produits alimentaires et boissons non alcoolisées,421,79.21,2.114219414722185,1.317472499360428,77.86666666666666
2019-05-01,Thiès,Centre-Ouest,D01,Produits alimentaires et boissons non alcoolisées,421,80.47,1.5907082439086118,1.32208511709897,79.08333333333333
2019-06-01,Thiès,Centre-Ouest,D01,Produits alimentaires et boissons non alcoolisées,421,81.15,0.8450354169255769,0.882645450024877,80.27666666666666
2019-07-01,Thiès,Centre-Ouest,D01,Produits alimentaires et boissons non alcoolisées,421,81.64,0.6038200862600096,1.5928322548531604,81.08666666666667
2019-08-01,Thiès,Centre-Ouest,D01,Produits alimentaires et boissons non alcoolisées,421,81.27,-0.45320921117100177,1.2331838565022402,81.35333333333334
2019-09-01,Thiès,Centre-Ouest,D01,Produits alimentaires et boissons non alcoolisées,421,80.28,-1.2181616832779518,1.4148559878726763,81.06333333333333
2019-10-01,Thiès,Centre-Ouest,D01,Produits alimentaires et boissons non alcoolisées,421,78.91,-1.7065271549576488,1.2315586914688925,80.15333333333332
2019-11-01,Thiès,Centre-Ouest,D01,Produits alimentaires et boissons non alcoolisées,421,77.64,-1.6094284628057176,1.4504116032928227,78.94333333333334
2019-12-01,Thiès,Centre-Ouest,D01,Produits alimentaires et boissons non alcoolisées,421,76.88,-0.9788768675940251,1.2378193310508268,77.81
2020-01-01,Thiès,Centre-Ouest,D01,Produits alimentaires et boissons non alcoolisées,421,77.88,1.3007284079084247,1.9371727748690892,77.46666666666665
2020-02-01,Thiès,Centre-Ouest,D01,Produits alimentaires et boissons non alcoolisées,421,78.11,0.29532614278378055,1.67925019526165,77.62333333333333
2020-03-01,Thiès,Centre-Ouest,D01,Produits alimentaires et boissons non alcoolisées,421,79.74,2.086800665727817,2.7974732499677746,78.57666666666667
2020-04-01,Thiès,Centre-Ouest,D01,Produits alimentaires et boissons non alcoolisées,421,81.41,2.0943064961123747,2.777427092538831,79.75333333333333
2020-05-01,Thiès,Centre-Ouest,D01,Produits alimentaires et boissons non alcoolisées,421,82.84,1.7565409654833664,2.945196967814101,81.33
2020-06-01,Thiès,Centre-Ouest,D01,Produits alimentaires et boissons non alcoolisées,421,84.3,1.762433606953162,3.881700554528633,82.85000000000001
2020-07-01,Thiès,Centre-Ouest,D01,Produits alimentaires et boissons non alcoolisées,421,84.81,0.604982206405702,3.882900538951506,83.98333333333333
2020-08-01,Thiès,Centre-Ouest,D01,Produits alimentaires et boissons non alcoolisées,421,84.0,-0.9550760523523216,3.3591731266150004,84.37
2020-09-01,Thiès,Centre-Ouest,D01,Produits alimentaires et boissons non alcoolisées,421,83.05,-1.130952380952388,3.450423517688095,83.95333333333333
2020-10-01,Thiès,Centre-Ouest,D01,Produits alimentaires et boissons non alcoolisées,421,81.44,-1.9385912101143932,3.2061842605499935,82.83
2020-11-01,Thiès,Centre-Ouest,D01,Produits alimentaires et boissons non alcoolisées,421,80.07,-1.6822200392927367,3.1298299845440303,81.52
2020-12-01,Thiès,Centre-Ouest,D01,Produits alimentaires et boissons non alcoolisées,421,79.33,-0.924191332583979,3.186784599375647,80.27999999999999
2021-01-01,Thiès,Centre-Ouest,D01,Produits alimentaires et boissons non alcoolisées,421,79.55,0.2773225765788423,2.1443246019517304,79.64999999999999
2021-02-01,Thiès,Centre-Ouest,D01,Produits alimentaires et boissons non alcoolisées,421,80.41,1.08108108108107,2.9445653565484564,79.76333333333334
2021-03-01,Thiès,Centre-Ouest,D01,Produits alimentaires et boissons non alcoolisées,421,81.5,1.3555527919413057,2.207173313268118,80.48666666666666
2021-04-01,Thiès,Centre-Ouest,D01,Produits alimentaires et boissons non alcoolisées,421,83.68,2.674846625766869,2.788355238914142,81.86333333333333
2021-05-01,Thiès,Centre-Ouest,D01,Produits alimentaires et boissons non alcoolisées,421,85.21,1.8283938814531497,2.8609367455335377,83.46333333333332
2021-06-01,Thiès,Centre-Ouest,D01,Produits alimentaires et boissons non alcoolisées,421,86.38,1.3730782771975036,2.467378410438914,85.08999999999999
2021-07-01,Thiès,Centre-Ouest,D01,Produits alimentaires et boissons non alcoolisées,421,86.87,0.5672609400324324,2.4289588491923197,86.15333333333332
2021-08-01,Thiès,Centre-Ouest,D01,Produits alimentaires et boissons non alcoolisées,421,86.27,-0.6906872337976377,2.702380952380956,86.50666666666666
2021-09-01,Thiès,Centre-Ouest,D01,Produits alimentaires et boissons non alcoolisées,421,85.64,-0.7302654456937452,3.1186032510535755,86.26
2021-10-01,Thiès,Centre-Ouest,D01,Produits alimentaires et boissons non alcoolisées,421,84.255,-1.6172349369453554,3.4565324165029443,85.38833333333334
2021-11-01,Thiès,Centre-Ouest,D01,Produits alimentaires et boissons non alcoolisées,421,82.87,-1.6438193579015992,3.4969401773448316,84.255
2021-12-01,Thiès,Centre-Ouest,D01,Produits alimentaires et boissons non alcoolisées,421,81.98,-1.0739712803185752,3.3404764906088458,83.03500000000001
2022-01-01,Thiès,Centre-Ouest,D01,Produits alimentaires et boissons non alcoolisées,421,83.96,2.4152232251768657,5.543683218101814,82.93666666666667
2022-02-01,Thiès,Centre-Ouest,D01,Produits alimentaires et boissons non alcoolisées,421,85.97,2.3939971414959516,6.914562865315266,83.97000000000001
2022-03-01,Thiès,Centre-Ouest,D01,Produits alimentaires et boissons non alcoolisées,421,88.47,2.9079911597068797,8.552147239263807,86.13333333333333
2022-04-01,Thiès,Centre-Ouest,D01,Produits alimentaires et boissons non alcoolisées,421,91.48,3.4022832598621155,9.32122370936903,88.64
2022-05-01,Thiès,Centre-Ouest,D01,Produits alimentaires et boissons non alcoolisées,421,94.135,2.9022737210319116,10.474122755545135,91.36166666666666
2022-06-01,Thiès,Centre-Ouest,D01,Produits alimentaires et boissons non alcoolisées,421,96.79,2.8204174855261055,12.051400787219269,94.135
2022-07-01,Thiès,Centre-Ouest,D01,Produits alimentaires et boissons non alcoolisées,421,97.99,1.2397974997417016,12.800736733049378,96.305
2022-08-01,Thiès,Centre-Ouest,D01,Produits alimentaires et boissons non alcoolisées,421,98.9,0.9286661904275961,14.640083458908082,97.89333333333333
2022-09-01,Thiès,Centre-Ouest,D01,Produits alimentaires et boissons non alcoolisées,421,98.12,-0.7886754297269927,14.5726296123307,98.33666666666666
2022-10-01,Thiès,Centre-Ouest,D01,Produits alimentaires et boissons non alcoolisées,421,97.87,-0.2547900529963343,16.15927838110498,98.29666666666667
2022-11-01,Thiès,Centre-Ouest,D01,Produits alimentaires et boissons non alcoolisées,421,97.13,-0.7561050372943745,17.207674671171702,97.70666666666666
2022-12-01,Thiès,Centre-Ouest,D01,Produits alimentaires et boissons non alcoolisées,421,93.96,-3.263667250077218,14.613320322029754,96.32000000000001
2023-01-01,Thiès,Centre-Ouest,D01,Produits alimentaires et boissons non alcoolisées,421,94.08,0.12771392081738497,12.053358742258236,95.05666666666667
2023-02-01,Thiès,Centre-Ouest,D01,Produits alimentaires et boissons non alcoolisées,421,95.11,1.0948129251700633,10.631615679888329,94.38333333333333
2023-03-01,Thiès,Centre-Ouest,D01,Produits alimentaires et boissons non alcoolisées,421,97.04,2.0292293134265726,9.686899513959535,95.41000000000001
2023-04-01,Thiès,Centre-Ouest,D01,Produits alimentaires et boissons non alcoolisées,421,99.23,2.2568013190436886,8.471797114123314,97.12666666666667
2023-05-01,Thiès,Centre-Ouest,D01,Produits alimentaires et boissons non alcoolisées,421,101.54,2.327925022674604,7.866362139480532,99.27
2023-06-01,Thiès,Centre-Ouest,D01,Produits alimentaires et boissons non alcoolisées,421,103.3,1.7333070711049725,6.725901436098769,101.35666666666667
2023-07-01,Thiès,Centre-Ouest,D01,Produits alimentaires et boissons non alcoolisées,421,104.03,0.706679574056146,6.1638942749260295,102.95666666666666
2023-08-01,Thiès,Centre-Ouest,D01,Produits alimentaires et boissons non alcoolisées,421,103.95,-0.07690089397288657,5.106167846309395,103.75999999999999
2023-09-01,Thiès,Centre-Ouest,D01,Produits alimentaires et boissons non alcoolisées,421,103.07,-0.846560846560851,5.044843049327352,103.68333333333334
2023-10-01,Thiès,Centre-Ouest,D01,Produits alimentaires et boissons non alcoolisées,421,101.84,-1.1933637333850666,4.056401348727912,102.95333333333333
2023-11-01,Thiès,Centre-Ouest,D01,Produits alimentaires et boissons non alcoolisées,421,100.96,-0.8641005498821741,3.943168948831466,101.95666666666666
2023-12-01,Thiès,Centre-Ouest,D01,Produits alimentaires et boissons non alcoolisées,421,97.64,-3.2884310618066515,3.9165602383993248,100.14666666666666
2024-01-01,Thiès,Centre-Ouest,D01,Produits alimentaires et boissons non alcoolisées,421,96.47,-1.1982793936911151,2.5403911564625847,98.35666666666667
2024-02-01,Thiès,Centre-Ouest,D01,Produits alimentaires et boissons non alcoolisées,421,97.29,0.8500051829584354,2.2920828514351843,97.13333333333333
2024-03-01,Thiès,Centre-Ouest,D01,Produits alimentaires et boissons non alcoolisées,421,98.67,1.4184397163120588,1.6797197032151656,97.47666666666667
2024-04-01,Thiès,Centre-Ouest,D01,Produits alimentaires et boissons non alcoolisées,421,100.49,1.8445322793148922,1.2697772850952305,98.81666666666666
2024-05-01,Thiès,Centre-Ouest,D01,Produits alimentaires et boissons non alcoolisées,421,102.42,1.9205891133446285,0.8666535355524863,100.52666666666666
2024-06-01,Thiès,Centre-Ouest,D01,Produits alimentaires et boissons non alcoolisées,421,103.69,1.2399921890255738,0.37754114230397207,102.19999999999999
2024-07-01,Thiès,Centre-Ouest,D01,Produits alimentaires et boissons non alcoolisées,421,104.55,0.8293953129520748,0.4998558108237905,103.55333333333333
2024-08-01,Thiès,Centre-Ouest,D01,Produits alimentaires et boissons non alcoolisées,421,104.19,-0.3443328550932545,0.23088023088022602,104.14333333333332
2024-09-01,Thiès,Centre-Ouest,D01,Produits alimentaires et boissons non alcoolisées,421,103.38,-0.7774258566081271,0.30076646938974605,104.04
2024-10-01,Thiès,Centre-Ouest,D01,Produits alimentaires et boissons non alcoolisées,421,101.97,-1.3639001741149182,0.12765121759621412,103.17999999999999
2024-11-01,Thiès,Centre-Ouest,D01,Produits alimentaires et boissons non alcoolisées,421,101.21,-0.7453172501716288,0.24762282091916887,102.18666666666667
2024-12-01,Thiès,Centre-Ouest,D01,Produits alimentaires et boissons non alcoolisées,421,99.32499999999999,-1.8624641833810962,1.7257271609995684,100.835
2025-01-01,Thiès,Centre-Ouest,D01,Produits alimentaires et boissons non alcoolisées,421,97.44,-1.897810218978091,1.0054939359386283,99.32499999999999
2025-02-01,Thiès,Centre-Ouest,D01,Produits alimentaires et boissons non alcoolisées,421,98.65,1.241789819376038,1.3978826189742,98.47166666666668
2025-03-01,Thiès,Centre-Ouest,D01,Produits alimentaires et boissons non alcoolisées,421,100.19,1.5610745058286746,1.5404884970102284,98.76
2025-04-01,Thiès,Centre-Ouest,D01,Produits alimentaires et boissons non alcoolisées,421,102.83,2.634993512326589,2.3285899094437346,100.55666666666667
2025-05-01,Thiès,Centre-Ouest,D01,Produits alimentaires et boissons non alcoolisées,421,104.8,1.9157833317125395,2.323764889669988,102.60666666666667
2025-06-01,Thiès,Centre-Ouest,D01,Produits alimentaires et boissons non alcoolisées,421,106.54,1.66030534351147,2.7485774905969818,104.72333333333331
2025-07-01,Thiès,Centre-Ouest,D01,Produits alimentaires et boissons non alcoolisées,421,107.67,1.0606345034728681,2.984218077474887,106.33666666666666
2025-08-01,Thiès,Centre-Ouest,D01,Produits alimentaires et boissons non alcoolisées,421,107.42,-0.23219095384043875,3.100105576350898,107.21
2025-09-01,Thiès,Centre-Ouest,D01,Produits alimentaires et boissons non alcoolisées,421,106.56,-0.8005957922174622,3.076030179918754,107.21666666666665
2025-10-01,Thiès,Centre-Ouest,D01,Produits alimentaires et boissons non alcoolisées,421,105.6,-0.9009009009009028,3.5598705501618033,106.52666666666666
2025-11-01,Thiès,Centre-Ouest,D01,Produits alimentaires et boissons non alcoolisées,421,104.66,-0.890151515151516,3.408754075684217,105.60666666666667
2025-12-01,Thiès,Centre-Ouest,D01,Produits alimentaires et boissons non alcoolisées,421,101.53,-2.990636346264086,2.219984898061922,103.92999999999999
2026-01-01,Thiès,Centre-Ouest,D01,Produits alimentaires et boissons non alcoolisées,421,97.99,-3.4866541908795456,0.564449917898191,101.39333333333333
2026-02-01,Thiès,Centre-Ouest,D01,Produits alimentaires et boissons non alcoolisées,421,99.52,1.561383814674966,0.881905727318788,99.67999999999999
2026-03-01,Thiès,Centre-Ouest,D01,Produits alimentaires et boissons non alcoolisées,421,102.31,2.8034565916398746,2.115979638686505,99.94
2026-04-01,Thiès,Centre-Ouest,D01,Produits alimentaires et boissons non alcoolisées,421,104.06,1.7104877333594004,1.196148983759615,101.96333333333332
2026-05-01,Thiès,Centre-Ouest,D01,Produits alimentaires et boissons non alcoolisées,421,106.46,2.306361714395533,1.583969465648849,104.27666666666666
2018-01-01,Dakar,Ouest,D02,"Boissons alcoolisées, tabac et stupéfiants",9,82.25,,,82.25
2018-02-01,Dakar,Ouest,D02,"Boissons alcoolisées, tabac et stupéfiants",9,82.32,0.08510638297871687,,82.285
2018-03-01,Dakar,Ouest,D02,"Boissons alcoolisées, tabac et stupéfiants",9,82.83,0.6195335276967917,,82.46666666666665
2018-04-01,Dakar,Ouest,D02,"Boissons alcoolisées, tabac et stupéfiants",9,83.16,0.3984063745019917,,82.77
2018-05-01,Dakar,Ouest,D02,"Boissons alcoolisées, tabac et stupéfiants",9,82.84,-0.3848003848003767,,82.94333333333333
2018-06-01,Dakar,Ouest,D02,"Boissons alcoolisées, tabac et stupéfiants",9,83.06,0.2655721873491057,,83.02
2018-07-01,Dakar,Ouest,D02,"Boissons alcoolisées, tabac et stupéfiants",9,83.17,0.13243438478207636,,83.02333333333333
2018-08-01,Dakar,Ouest,D02,"Boissons alcoolisées, tabac et stupéfiants",9,82.995,-0.21041240832030406,,83.075
2018-09-01,Dakar,Ouest,D02,"Boissons alcoolisées, tabac et stupéfiants",9,82.82,-0.21085607566722064,,82.995
2018-10-01,Dakar,Ouest,D02,"Boissons alcoolisées, tabac et stupéfiants",9,82.72,-0.1207437816952317,,82.845
2018-11-01,Dakar,Ouest,D02,"Boissons alcoolisées, tabac et stupéfiants",9,82.66,-0.07253384912959682,,82.73333333333333
2018-12-01,Dakar,Ouest,D02,"Boissons alcoolisées, tabac et stupéfiants",9,82.5,-0.19356399709653527,,82.62666666666667
2019-01-01,Dakar,Ouest,D02,"Boissons alcoolisées, tabac et stupéfiants",9,82.96,0.5575757575757567,0.8632218844984774,82.70666666666666
2019-02-01,Dakar,Ouest,D02,"Boissons alcoolisées, tabac et stupéfiants",9,83.07,0.13259402121503783,0.9110787172011747,82.84333333333332
2019-03-01,Dakar,Ouest,D02,"Boissons alcoolisées, tabac et stupéfiants",9,83.1,0.03611412062116681,0.3259688518652659,83.04333333333334
2019-04-01,Dakar,Ouest,D02,"Boissons alcoolisées, tabac et stupéfiants",9,83.48,0.4572803850782403,0.3848003848003989,83.21666666666667
2019-05-01,Dakar,Ouest,D02,"Boissons alcoolisées, tabac et stupéfiants",9,83.7,0.26353617632965953,1.0381458232737728,83.42666666666666
2019-06-01,Dakar,Ouest,D02,"Boissons alcoolisées, tabac et stupéfiants",9,83.93,0.27479091995221694,1.0474355887310383,83.70333333333333
2019-07-01,Dakar,Ouest,D02,"Boissons alcoolisées, tabac et stupéfiants",9,83.89,-0.047658763255098435,0.865696765660684,83.84
2019-08-01,Dakar,Ouest,D02,"Boissons alcoolisées, tabac et stupéfiants",9,83.96,0.08344260340922283,1.1627206458220352,83.92666666666666
2019-09-01,Dakar,Ouest,D02,"Boissons alcoolisées, tabac et stupéfiants",9,83.87,-0.10719390185801592,1.2678097078000716,83.90666666666665
2019-10-01,Dakar,Ouest,D02,"Boissons alcoolisées, tabac et stupéfiants",9,83.55,-0.38154286395613024,1.0033849129593708,83.79333333333334
2019-11-01,Dakar,Ouest,D02,"Boissons alcoolisées, tabac et stupéfiants",9,83.38,-0.2034709754637931,0.8710379869344198,83.60000000000001
2019-12-01,Dakar,Ouest,D02,"Boissons alcoolisées, tabac et stupéfiants",9,83.2,-0.2158791076996791,0.848484848484854,83.37666666666667
2020-01-01,Dakar,Ouest,D02,"Boissons alcoolisées, tabac et stupéfiants",9,84.21,1.213942307692295,1.506750241080046,83.59666666666666
2020-02-01,Dakar,Ouest,D02,"Boissons alcoolisées, tabac et stupéfiants",9,84.42,0.24937655860350905,1.625135427952329,83.94333333333333
2020-03-01,Dakar,Ouest,D02,"Boissons alcoolisées, tabac et stupéfiants",9,84.94,0.6159677801468755,2.2141997593261076,84.52333333333333
2020-04-01,Dakar,Ouest,D02,"Boissons alcoolisées, tabac et stupéfiants",9,85.34,0.47092064987050986,2.2280785816962245,84.89999999999999
2020-05-01,Dakar,Ouest,D02,"Boissons alcoolisées, tabac et stupéfiants",9,86.07,0.8554019217248632,2.8315412186379785,85.44999999999999
2020-06-01,Dakar,Ouest,D02,"Boissons alcoolisées, tabac et stupéfiants",9,86.38,0.3601719530614611,2.919099249374457,85.92999999999999
2020-07-01,Dakar,Ouest,D02,"Boissons alcoolisées, tabac et stupéfiants",9,86.33,-0.05788376939106499,2.908570747407313,86.25999999999999
2020-08-01,Dakar,Ouest,D02,"Boissons alcoolisées, tabac et stupéfiants",9,86.06,-0.31275338816170173,2.5011910433539786,86.25666666666666
2020-09-01,Dakar,Ouest,D02,"Boissons alcoolisées, tabac et stupéfiants",9,85.79,-0.31373460376481477,2.289257183736737,86.06
2020-10-01,Dakar,Ouest,D02,"Boissons alcoolisées, tabac et stupéfiants",9,85.81,0.023312740412628763,2.704967085577503,85.88666666666667
2020-11-01,Dakar,Ouest,D02,"Boissons alcoolisées, tabac et stupéfiants",9,85.42,-0.45449248339354265,2.446629887263141,85.67333333333333
2020-12-01,Dakar,Ouest,D02,"Boissons alcoolisées, tabac et stupéfiants",9,85.25,-0.1990166237415103,2.463942307692313,85.49333333333334
2021-01-01,Dakar,Ouest,D02,"Boissons alcoolisées, tabac et stupéfiants",9,85.52,0.31671554252199474,1.5556347227170253,85.39666666666666
2021-02-01,Dakar,Ouest,D02,"Boissons alcoolisées, tabac et stupéfiants",9,86.18,0.7717492984097518,2.0848140251125358,85.64999999999999
2021-03-01,Dakar,Ouest,D02,"Boissons alcoolisées, tabac et stupéfiants",9,86.53,0.40612671153399393,1.8719095832352206,86.07666666666667
2021-04-01,Dakar,Ouest,D02,"Boissons alcoolisées, tabac et stupéfiants",9,86.94,0.47382410724603474,1.8748535270681987,86.55000000000001
2021-05-01,Dakar,Ouest,D02,"Boissons alcoolisées, tabac et stupéfiants",9,87.35,0.4715896020243804,1.487161612640886,86.94
2021-06-01,Dakar,Ouest,D02,"Boissons alcoolisées, tabac et stupéfiants",9,87.84,0.560961648540359,1.6902060662190355,87.37666666666667
2021-07-01,Dakar,Ouest,D02,"Boissons alcoolisées, tabac et stupéfiants",9,87.94,0.11384335154827063,1.8649368701494362,87.71
2021-08-01,Dakar,Ouest,D02,"Boissons alcoolisées, tabac et stupéfiants",9,87.91,-0.03411416875142015,2.149663025795956,87.89666666666666
2021-09-01,Dakar,Ouest,D02,"Boissons alcoolisées, tabac et stupéfiants",9,87.85,-0.0682516209760009,2.401212262501451,87.89999999999999
2021-10-01,Dakar,Ouest,D02,"Boissons alcoolisées, tabac et stupéfiants",9,87.69,-0.18212862834375843,2.190886843025286,87.81666666666666
2021-11-01,Dakar,Ouest,D02,"Boissons alcoolisées, tabac et stupéfiants",9,87.61,-0.0912304709772993,2.5638023881994876,87.71666666666665
2021-12-01,Dakar,Ouest,D02,"Boissons alcoolisées, tabac et stupéfiants",9,87.72,0.12555644332838956,2.897360703812324,87.67333333333333
2022-01-01,Dakar,Ouest,D02,"Boissons alcoolisées, tabac et stupéfiants",9,88.99,1.4477884176926636,4.05753040224508,88.10666666666667
2022-02-01,Dakar,Ouest,D02,"Boissons alcoolisées, tabac et stupéfiants",9,90.48,1.6743454320710338,4.989556741703405,89.06333333333333
2022-03-01,Dakar,Ouest,D02,"Boissons alcoolisées, tabac et stupéfiants",9,91.84,1.5030946065428763,6.136600023113381,90.43666666666667
2022-04-01,Dakar,Ouest,D02,"Boissons alcoolisées, tabac et stupéfiants",9,93.23,1.5135017421602726,7.234874626178978,91.85000000000001
2022-05-01,Dakar,Ouest,D02,"Boissons alcoolisées, tabac et stupéfiants",9,94.51,1.372948621688308,8.196908986834583,93.19333333333334
2022-06-01,Dakar,Ouest,D02,"Boissons alcoolisées, tabac et stupéfiants",9,95.47,1.0157655274574129,8.686247723132956,94.40333333333335
2022-07-01,Dakar,Ouest,D02,"Boissons alcoolisées, tabac et stupéfiants",9,96.59,1.1731433958311666,9.836251989993183,95.52333333333333
2022-08-01,Dakar,Ouest,D02,"Boissons alcoolisées, tabac et stupéfiants",9,97.5,0.9421265141319024,10.90888408599704,96.52
2022-09-01,Dakar,Ouest,D02,"Boissons alcoolisées, tabac et stupéfiants",9,97.62,0.12307692307693685,11.121229368241337,97.23666666666668
2022-10-01,Dakar,Ouest,D02,"Boissons alcoolisées, tabac et stupéfiants",9,98.48,0.8809670149559468,12.304709773064214,97.86666666666667
2022-11-01,Dakar,Ouest,D02,"Boissons alcoolisées, tabac et stupéfiants",9,98.73,0.25385865150284737,12.692614998287866,98.27666666666669
2022-12-01,Dakar,Ouest,D02,"Boissons alcoolisées, tabac et stupéfiants",9,97.2,-1.5496809480401108,10.807113543091651,98.13666666666667
2023-01-01,Dakar,Ouest,D02,"Boissons alcoolisées, tabac et stupéfiants",9,96.99,-0.21604938271605478,8.989774131924943,97.63999999999999
2023-02-01,Dakar,Ouest,D02,"Boissons alcoolisées, tabac et stupéfiants",9,97.71,0.7423445716053134,7.990716180371349,97.3
2023-03-01,Dakar,Ouest,D02,"Boissons alcoolisées, tabac et stupéfiants",9,98.66,0.9722648654180821,7.425958188153303,97.78666666666668
2023-04-01,Dakar,Ouest,D02,"Boissons alcoolisées, tabac et stupéfiants",9,99.32,0.6689641191972351,6.532232114126346,98.56333333333333
2023-05-01,Dakar,Ouest,D02,"Boissons alcoolisées, tabac et stupéfiants",9,100.3,0.986709625453086,6.126335837477503,99.42666666666666
2023-06-01,Dakar,Ouest,D02,"Boissons alcoolisées, tabac et stupéfiants",9,100.86,0.5583250249252325,5.645752592437425,100.15999999999998
2023-07-01,Dakar,Ouest,D02,"Boissons alcoolisées, tabac et stupéfiants",9,101.03,0.16855046599246748,4.596749145874313,100.73
2023-08-01,Dakar,Ouest,D02,"Boissons alcoolisées, tabac et stupéfiants",9,101.38,0.3464317529446648,3.9794871794871733,101.08999999999999
2023-09-01,Dakar,Ouest,D02,"Boissons alcoolisées, tabac et stupéfiants",9,101.46,0.07891102781614201,3.933620159803297,101.29
2023-10-01,Dakar,Ouest,D02,"Boissons alcoolisées, tabac et stupéfiants",9,101.76,0.2956830277942135,3.3306255077172997,101.53333333333335
2023-11-01,Dakar,Ouest,D02,"Boissons alcoolisées, tabac et stupéfiants",9,101.76,0.0,3.068975995138268,101.66000000000001
2023-12-01,Dakar,Ouest,D02,"Boissons alcoolisées, tabac et stupéfiants",9,99.92,-1.8081761006289332,2.7983539094650123,101.14666666666666
2024-01-01,Dakar,Ouest,D02,"Boissons alcoolisées, tabac et stupéfiants",9,99.09,-0.8306645316253025,2.1651716671821974,100.25666666666667
2024-02-01,Dakar,Ouest,D02,"Boissons alcoolisées, tabac et stupéfiants",9,99.63,0.5449591280653809,1.964998464844947,99.54666666666667
2024-03-01,Dakar,Ouest,D02,"Boissons alcoolisées, tabac et stupéfiants",9,99.69,0.06022282445046212,1.0439894587472187,99.46999999999998
2024-04-01,Dakar,Ouest,D02,"Boissons alcoolisées, tabac et stupéfiants",9,100.42,0.7322700371150681,1.1075312122432734,99.91333333333334
2024-05-01,Dakar,Ouest,D02,"Boissons alcoolisées, tabac et stupéfiants",9,100.74,0.3186616211909854,0.43868394815553824,100.28333333333335
2024-06-01,Dakar,Ouest,D02,"Boissons alcoolisées, tabac et stupéfiants",9,101.31,0.5658129839190007,0.4461629982153603,100.82333333333334
2024-07-01,Dakar,Ouest,D02,"Boissons alcoolisées, tabac et stupéfiants",9,101.48,0.16780179646629367,0.4454122537860039,101.17666666666666
2024-08-01,Dakar,Ouest,D02,"Boissons alcoolisées, tabac et stupéfiants",9,101.74,0.256208119826562,0.35509962517261684,101.50999999999999
2024-09-01,Dakar,Ouest,D02,"Boissons alcoolisées, tabac et stupéfiants",9,101.8,0.05897385492432683,0.33510743150009237,101.67333333333333
2024-10-01,Dakar,Ouest,D02,"Boissons alcoolisées, tabac et stupéfiants",9,101.73,-0.06876227897838483,-0.02948113207547065,101.75666666666666
2024-11-01,Dakar,Ouest,D02,"Boissons alcoolisées, tabac et stupéfiants",9,102.22,0.4816671581637566,0.45204402515721664,101.91666666666667
2024-12-01,Dakar,Ouest,D02,"Boissons alcoolisées, tabac et stupéfiants",9,100.24,-1.936998630405018,0.32025620496396456,101.39666666666666
2025-01-01,Dakar,Ouest,D02,"Boissons alcoolisées, tabac et stupéfiants",9,100.03,-0.20949720670390137,0.9486325562619857,100.83
2025-02-01,Dakar,Ouest,D02,"Boissons alcoolisées, tabac et stupéfiants",9,100.81,0.7797660701789555,1.1843822141925253,100.36000000000001
2025-03-01,Dakar,Ouest,D02,"Boissons alcoolisées, tabac et stupéfiants",9,101.26,0.44638428727308277,1.574882134617317,100.7
2025-04-01,Dakar,Ouest,D02,"Boissons alcoolisées, tabac et stupéfiants",9,101.69,0.42464941734148276,1.264688309101758,101.25333333333333
2025-05-01,Dakar,Ouest,D02,"Boissons alcoolisées, tabac et stupéfiants",9,102.31,0.6096961353132091,1.5584673416716432,101.75333333333333
2025-06-01,Dakar,Ouest,D02,"Boissons alcoolisées, tabac et stupéfiants",9,103.03,0.7037435245821566,1.6977593524824863,102.34333333333335
2025-07-01,Dakar,Ouest,D02,"Boissons alcoolisées, tabac et stupéfiants",9,103.22,0.18441230709502765,1.7146235711470226,102.85333333333334
2025-08-01,Dakar,Ouest,D02,"Boissons alcoolisées, tabac et stupéfiants",9,103.56,0.32939352838596836,1.7888735993709437,103.27
2025-09-01,Dakar,Ouest,D02,"Boissons alcoolisées, tabac et stupéfiants",9,104.1,0.5214368482039378,2.259332023575644,103.62666666666667
2025-10-01,Dakar,Ouest,D02,"Boissons alcoolisées, tabac et stupéfiants",9,104.63,0.5091258405379495,2.8506831809692157,104.09666666666668
2025-11-01,Dakar,Ouest,D02,"Boissons alcoolisées, tabac et stupéfiants",9,104.87,0.22937971900984788,2.5924476619056946,104.53333333333335
2025-12-01,Dakar,Ouest,D02,"Boissons alcoolisées, tabac et stupéfiants",9,102.62,-2.1455134928959674,2.3743016759776525,104.04
2026-01-01,Dakar,Ouest,D02,"Boissons alcoolisées, tabac et stupéfiants",9,100.52,-2.046384720327432,0.4898530440867743,102.67
2026-02-01,Dakar,Ouest,D02,"Boissons alcoolisées, tabac et stupéfiants",9,101.35,0.825706327099085,0.5356611447276949,101.49666666666667
2026-03-01,Dakar,Ouest,D02,"Boissons alcoolisées, tabac et stupéfiants",9,102.51,1.1445485939812539,1.2344459806438834,101.46
2026-04-01,Dakar,Ouest,D02,"Boissons alcoolisées, tabac et stupéfiants",9,103.16,0.6340844795629685,1.4455698692103391,102.33999999999999
2026-05-01,Dakar,Ouest,D02,"Boissons alcoolisées, tabac et stupéfiants",9,103.09,-0.06785575804574284,0.7623888182973326,102.92
2018-01-01,Diourbel,Centre,D02,"Boissons alcoolisées, tabac et stupéfiants",9,80.73,,,80.73
2018-02-01,Diourbel,Centre,D02,"Boissons alcoolisées, tabac et stupéfiants",9,80.65,-0.09909575126966219,,80.69
2018-03-01,Diourbel,Centre,D02,"Boissons alcoolisées, tabac et stupéfiants",9,80.92,0.3347799132052076,,80.76666666666667
2018-04-01,Diourbel,Centre,D02,"Boissons alcoolisées, tabac et stupéfiants",9,80.89,-0.03707365299060461,,80.82
2018-05-01,Diourbel,Centre,D02,"Boissons alcoolisées, tabac et stupéfiants",9,81.05,0.19779948077636167,,80.95333333333333
2018-06-01,Diourbel,Centre,D02,"Boissons alcoolisées, tabac et stupéfiants",9,81.21,0.19740900678593132,,81.05
2018-07-01,Diourbel,Centre,D02,"Boissons alcoolisées, tabac et stupéfiants",9,81.3,0.11082379017361976,,81.18666666666667
2018-08-01,Diourbel,Centre,D02,"Boissons alcoolisées, tabac et stupéfiants",9,81.27,-0.03690036900368954,,81.25999999999999
2018-09-01,Diourbel,Centre,D02,"Boissons alcoolisées, tabac et stupéfiants",9,81.06,-0.2583979328165342,,81.21
2018-10-01,Diourbel,Centre,D02,"Boissons alcoolisées, tabac et stupéfiants",9,80.79,-0.33308660251665234,,81.04
2018-11-01,Diourbel,Centre,D02,"Boissons alcoolisées, tabac et stupéfiants",9,80.56,-0.2846886990964248,,80.80333333333334
2018-12-01,Diourbel,Centre,D02,"Boissons alcoolisées, tabac et stupéfiants",9,80.31,-0.3103277060576004,,80.55333333333334
2019-01-01,Diourbel,Centre,D02,"Boissons alcoolisées, tabac et stupéfiants",9,81.09,0.9712364587224576,0.4459308807134965,80.65333333333334
2019-02-01,Diourbel,Centre,D02,"Boissons alcoolisées, tabac et stupéfiants",9,81.39,0.36995930447649705,0.9175449473031616,80.93
2019-03-01,Diourbel,Centre,D02,"Boissons alcoolisées, tabac et stupéfiants",9,81.32,-0.08600565179998076,0.4943153732080985,81.26666666666667
2019-04-01,Diourbel,Centre,D02,"Boissons alcoolisées, tabac et stupéfiants",9,81.6,0.34431874077718305,0.8777351959450952,81.43666666666667
2019-05-01,Diourbel,Centre,D02,"Boissons alcoolisées, tabac et stupéfiants",9,82.24,0.7843137254901933,1.468229487970385,81.72
2019-06-01,Diourbel,Centre,D02,"Boissons alcoolisées, tabac et stupéfiants",9,82.13,-0.1337548638132291,1.1328654106637082,81.99
2019-07-01,Diourbel,Centre,D02,"Boissons alcoolisées, tabac et stupéfiants",9,82.31,0.21916473882870324,1.2423124231242477,82.22666666666667
2019-08-01,Diourbel,Centre,D02,"Boissons alcoolisées, tabac et stupéfiants",9,82.28,-0.03644757623618711,1.2427710102128842,82.24
2019-09-01,Diourbel,Centre,D02,"Boissons alcoolisées, tabac et stupéfiants",9,82.11,-0.20661157024793875,1.2953367875647714,82.23333333333333
2019-10-01,Diourbel,Centre,D02,"Boissons alcoolisées, tabac et stupéfiants",9,81.61,-0.6089392278650574,1.0149771011263686,82.0
2019-11-01,Diourbel,Centre,D02,"Boissons alcoolisées, tabac et stupéfiants",9,81.55,-0.07352040191153097,1.2288977159880865,81.75666666666666
2019-12-01,Diourbel,Centre,D02,"Boissons alcoolisées, tabac et stupéfiants",9,81.23,-0.3923973022685434,1.1455609513136622,81.46333333333332
2020-01-01,Diourbel,Centre,D02,"Boissons alcoolisées, tabac et stupéfiants",9,82.85,1.9943370675858496,2.1704279195954967,81.87666666666667
2020-02-01,Diourbel,Centre,D02,"Boissons alcoolisées, tabac et stupéfiants",9,82.68,-0.205190102595032,1.5849612974566885,82.25333333333333
2020-03-01,Diourbel,Centre,D02,"Boissons alcoolisées, tabac et stupéfiants",9,83.18,0.6047411707789108,2.2872602065912684,82.90333333333334
2020-04-01,Diourbel,Centre,D02,"Boissons alcoolisées, tabac et stupéfiants",9,83.68,0.6011060351045927,2.5490196078431504,83.18
2020-05-01,Diourbel,Centre,D02,"Boissons alcoolisées, tabac et stupéfiants",9,84.285,0.7229923518164316,2.4866245136186738,83.715
2020-06-01,Diourbel,Centre,D02,"Boissons alcoolisées, tabac et stupéfiants",9,84.89,0.7178026932431747,3.360525995373198,84.28500000000001
2020-07-01,Diourbel,Centre,D02,"Boissons alcoolisées, tabac et stupéfiants",9,85.15,0.3062787136294043,3.450370550358395,84.77499999999999
2020-08-01,Diourbel,Centre,D02,"Boissons alcoolisées, tabac et stupéfiants",9,84.64,-0.5989430416911357,2.8682547399125013,84.89333333333333
2020-09-01,Diourbel,Centre,D02,"Boissons alcoolisées, tabac et stupéfiants",9,84.29,-0.4135160680529215,2.6549750334916578,84.69333333333334
2020-10-01,Diourbel,Centre,D02,"Boissons alcoolisées, tabac et stupéfiants",9,83.87,-0.49827974848736245,2.7692684720009852,84.26666666666667
2020-11-01,Diourbel,Centre,D02,"Boissons alcoolisées, tabac et stupéfiants",9,83.82,-0.0596160724931627,2.7835683629674923,83.99333333333334
2020-12-01,Diourbel,Centre,D02,"Boissons alcoolisées, tabac et stupéfiants",9,83.59,-0.2743975184919978,2.905330542902873,83.75999999999999
2021-01-01,Diourbel,Centre,D02,"Boissons alcoolisées, tabac et stupéfiants",9,84.16,0.6818997487737732,1.5811707905853956,83.85666666666667
2021-02-01,Diourbel,Centre,D02,"Boissons alcoolisées, tabac et stupéfiants",9,84.62,0.5465779467680676,2.346395742622165,84.12333333333333
2021-03-01,Diourbel,Centre,D02,"Boissons alcoolisées, tabac et stupéfiants",9,85.1,0.5672417868116231,2.3082471748016253,84.62666666666667
2021-04-01,Diourbel,Centre,D02,"Boissons alcoolisées, tabac et stupéfiants",9,85.57,0.5522914218566433,2.258604206500947,85.09666666666665
2021-05-01,Diourbel,Centre,D02,"Boissons alcoolisées, tabac et stupéfiants",9,86.04,0.5492579174944723,2.082221035771492,85.57
2021-06-01,Diourbel,Centre,D02,"Boissons alcoolisées, tabac et stupéfiants",9,86.38,0.3951650395164874,1.7552126281069613,85.99666666666667
2021-07-01,Diourbel,Centre,D02,"Boissons alcoolisées, tabac et stupéfiants",9,86.75,0.4283398934938676,1.8790369935407947,86.39
2021-08-01,Diourbel,Centre,D02,"Boissons alcoolisées, tabac et stupéfiants",9,86.68,-0.08069164265128714,2.410207939508524,86.60333333333334
2021-09-01,Diourbel,Centre,D02,"Boissons alcoolisées, tabac et stupéfiants",9,86.71,0.03461005999074729,2.871040455570051,86.71333333333332
2021-10-01,Diourbel,Centre,D02,"Boissons alcoolisées, tabac et stupéfiants",9,86.54,-0.1960558182447114,3.183498271133889,86.64333333333333
2021-11-01,Diourbel,Centre,D02,"Boissons alcoolisées, tabac et stupéfiants",9,86.1,-0.5084354055927998,2.7201145311381625,86.45
2021-12-01,Diourbel,Centre,D02,"Boissons alcoolisées, tabac et stupéfiants",9,86.03,-0.08130081300812275,2.9190094508912523,86.22333333333334
2022-01-01,Diourbel,Centre,D02,"Boissons alcoolisées, tabac et stupéfiants",9,88.11,2.417761246076955,4.693441064638781,86.74666666666667
2022-02-01,Diourbel,Centre,D02,"Boissons alcoolisées, tabac et stupéfiants",9,89.37,1.430030643513791,5.613330181990084,87.83666666666666
2022-03-01,Diourbel,Centre,D02,"Boissons alcoolisées, tabac et stupéfiants",9,91.06,1.891014881951425,7.00352526439485,89.51333333333334
2022-04-01,Diourbel,Centre,D02,"Boissons alcoolisées, tabac et stupéfiants",9,92.52,1.6033384581594534,8.12200537571579,90.98333333333333
2022-05-01,Diourbel,Centre,D02,"Boissons alcoolisées, tabac et stupéfiants",9,94.14,1.7509727626459304,9.414225941422583,92.57333333333332
2022-06-01,Diourbel,Centre,D02,"Boissons alcoolisées, tabac et stupéfiants",9,95.32,1.2534523050775404,10.349617967122015,93.99333333333333
2022-07-01,Diourbel,Centre,D02,"Boissons alcoolisées, tabac et stupéfiants",9,96.21,0.9336970205623185,10.904899135446676,95.22333333333331
2022-08-01,Diourbel,Centre,D02,"Boissons alcoolisées, tabac et stupéfiants",9,97.14,0.9666354848768322,12.067374250115348,96.22333333333334
2022-09-01,Diourbel,Centre,D02,"Boissons alcoolisées, tabac et stupéfiants",9,97.69,0.5661931233271522,12.662899319570986,97.01333333333334
2022-10-01,Diourbel,Centre,D02,"Boissons alcoolisées, tabac et stupéfiants",9,98.19,0.5118231139318308,13.461982898081803,97.67333333333333
2022-11-01,Diourbel,Centre,D02,"Boissons alcoolisées, tabac et stupéfiants",9,98.87,0.6925348813524801,14.831591173054592,98.25
2022-12-01,Diourbel,Centre,D02,"Boissons alcoolisées, tabac et stupéfiants",9,96.94,-1.9520582583190116,12.681622689759386,98.0
2023-01-01,Diourbel,Centre,D02,"Boissons alcoolisées, tabac et stupéfiants",9,96.8,-0.14441922838869248,9.862671660424471,97.53666666666668
2023-02-01,Diourbel,Centre,D02,"Boissons alcoolisées, tabac et stupéfiants",9,97.4,0.6198347107438051,8.985118048562168,97.04666666666667
2023-03-01,Diourbel,Centre,D02,"Boissons alcoolisées, tabac et stupéfiants",9,98.41,1.0369609856262674,8.0716011421041,97.53666666666668
2023-04-01,Diourbel,Centre,D02,"Boissons alcoolisées, tabac et stupéfiants",9,99.34,0.9450259120008297,7.371379161262448,98.38333333333333
2023-05-01,Diourbel,Centre,D02,"Boissons alcoolisées, tabac et stupéfiants",9,100.03,0.6945842560901916,6.2566390482260426,99.25999999999999
2023-06-01,Diourbel,Centre,D02,"Boissons alcoolisées, tabac et stupéfiants",9,100.95,0.919724082775164,5.906420478388585,100.10666666666667
2023-07-01,Diourbel,Centre,D02,"Boissons alcoolisées, tabac et stupéfiants",9,100.76,-0.18821198613174772,4.729238124935042,100.58
2023-08-01,Diourbel,Centre,D02,"Boissons alcoolisées, tabac et stupéfiants",9,101.22,0.45653036919410805,4.200123533045086,100.97666666666667
2023-09-01,Diourbel,Centre,D02,"Boissons alcoolisées, tabac et stupéfiants",9,101.53,0.30626358427188194,3.9308015149964293,101.17
2023-10-01,Diourbel,Centre,D02,"Boissons alcoolisées, tabac et stupéfiants",9,101.7,0.16743819560720574,3.574702108157668,101.48333333333333
2023-11-01,Diourbel,Centre,D02,"Boissons alcoolisées, tabac et stupéfiants",9,102.36,0.6489675516224258,3.529887731364423,101.86333333333334
2023-12-01,Diourbel,Centre,D02,"Boissons alcoolisées, tabac et stupéfiants",9,99.89,-2.413051973427116,3.0431194553331986,101.31666666666666
2024-01-01,Diourbel,Centre,D02,"Boissons alcoolisées, tabac et stupéfiants",9,99.05,-0.8409250175192784,2.3243801652892637,100.43333333333334
2024-02-01,Diourbel,Centre,D02,"Boissons alcoolisées, tabac et stupéfiants",9,99.43,0.3836446239273261,2.084188911704321,99.45666666666666
2024-03-01,Diourbel,Centre,D02,"Boissons alcoolisées, tabac et stupéfiants",9,99.55,0.12068792115054183,1.158418859871957,99.34333333333335
2024-04-01,Diourbel,Centre,D02,"Boissons alcoolisées, tabac et stupéfiants",9,100.22,0.6730286288297416,0.8858465874773458,99.73333333333333
2024-05-01,Diourbel,Centre,D02,"Boissons alcoolisées, tabac et stupéfiants",9,101.0,0.7782877669127997,0.9697090872738068,100.25666666666666
2024-06-01,Diourbel,Centre,D02,"Boissons alcoolisées, tabac et stupéfiants",9,101.16,0.15841584158415856,0.2080237741456159,100.79333333333334
2024-07-01,Diourbel,Centre,D02,"Boissons alcoolisées, tabac et stupéfiants",9,101.38,0.2174772637406175,0.6153235410877311,101.18
2024-08-01,Diourbel,Centre,D02,"Boissons alcoolisées, tabac et stupéfiants",9,101.82,0.43401065298875885,0.5927682276229973,101.45333333333333
2024-09-01,Diourbel,Centre,D02,"Boissons alcoolisées, tabac et stupéfiants",9,102.07,0.2455313297976769,0.531862503693481,101.75666666666666
2024-10-01,Diourbel,Centre,D02,"Boissons alcoolisées, tabac et stupéfiants",9,102.26,0.18614676202606262,0.5506391347099404,102.05
2024-11-01,Diourbel,Centre,D02,"Boissons alcoolisées, tabac et stupéfiants",9,102.4,0.1369059260708072,0.03907776475187141,102.24333333333334
2024-12-01,Diourbel,Centre,D02,"Boissons alcoolisées, tabac et stupéfiants",9,100.43,-1.9238281249999933,0.5405946541195306,101.69666666666667
2025-01-01,Diourbel,Centre,D02,"Boissons alcoolisées, tabac et stupéfiants",9,100.0,-0.42815891665837214,0.9591115598182709,100.94333333333334
2025-02-01,Diourbel,Centre,D02,"Boissons alcoolisées, tabac et stupéfiants",9,100.49,0.48999999999999044,1.0660766368299157,100.30666666666667
2025-03-01,Diourbel,Centre,D02,"Boissons alcoolisées, tabac et stupéfiants",9,101.13,0.6368792914717814,1.587142139628317,100.54
2025-04-01,Diourbel,Centre,D02,"Boissons alcoolisées, tabac et stupéfiants",9,101.89,0.751507960051434,1.6663340650568736,101.17
2025-05-01,Diourbel,Centre,D02,"Boissons alcoolisées, tabac et stupéfiants",9,102.57,0.6673863970948934,1.5544554455445558,101.86333333333333
2025-06-01,Diourbel,Centre,D02,"Boissons alcoolisées, tabac et stupéfiants",9,103.1,0.5167202885834055,1.9177540529853765,102.51999999999998
2025-07-01,Diourbel,Centre,D02,"Boissons alcoolisées, tabac et stupéfiants",9,103.595,0.4801163918525697,2.1848490826593014,103.08833333333332
2025-08-01,Diourbel,Centre,D02,"Boissons alcoolisées, tabac et stupéfiants",9,104.09,0.4778222887205086,2.2294244745629577,103.59499999999998
2025-09-01,Diourbel,Centre,D02,"Boissons alcoolisées, tabac et stupéfiants",9,104.75,0.6340666730713762,2.6256490643675967,104.145
2025-10-01,Diourbel,Centre,D02,"Boissons alcoolisées, tabac et stupéfiants",9,104.81,0.05727923627685261,2.4936436534324313,104.55
2025-11-01,Diourbel,Centre,D02,"Boissons alcoolisées, tabac et stupéfiants",9,105.32,0.4865947905734025,2.8515624999999822,104.96
2025-12-01,Diourbel,Centre,D02,"Boissons alcoolisées, tabac et stupéfiants",9,103.34,-1.8799848082035608,2.897540575525248,104.49000000000001
2026-01-01,Diourbel,Centre,D02,"Boissons alcoolisées, tabac et stupéfiants",9,100.48,-2.767563383007543,0.48000000000001375,103.04666666666667
2026-02-01,Diourbel,Centre,D02,"Boissons alcoolisées, tabac et stupéfiants",9,101.6,1.1146496815286566,1.1045875211463718,101.80666666666667
2026-03-01,Diourbel,Centre,D02,"Boissons alcoolisées, tabac et stupéfiants",9,102.83,1.2106299212598426,1.6810046474834417,101.63666666666666
2026-04-01,Diourbel,Centre,D02,"Boissons alcoolisées, tabac et stupéfiants",9,103.26,0.41816590489156535,1.3445873000294428,102.56333333333333
2026-05-01,Diourbel,Centre,D02,"Boissons alcoolisées, tabac et stupéfiants",9,103.73,0.4551617276776998,1.1309349712391725,103.27333333333335
2018-01-01,Kaolack,Centre-Sud,D02,"Boissons alcoolisées, tabac et stupéfiants",9,80.74,,,80.74
2018-02-01,Kaolack,Centre-Sud,D02,"Boissons alcoolisées, tabac et stupéfiants",9,80.85,0.13623978201635634,,80.79499999999999
2018-03-01,Kaolack,Centre-Sud,D02,"Boissons alcoolisées, tabac et stupéfiants",9,80.92,0.08658008658009031,,80.83666666666666
2018-04-01,Kaolack,Centre-Sud,D02,"Boissons alcoolisées, tabac et stupéfiants",9,81.3,0.469599604547688,,81.02333333333333
2018-05-01,Kaolack,Centre-Sud,D02,"Boissons alcoolisées, tabac et stupéfiants",9,81.65,0.4305043050430557,,81.29
2018-06-01,Kaolack,Centre-Sud,D02,"Boissons alcoolisées, tabac et stupéfiants",9,81.39,-0.31843233312921493,,81.44666666666667
2018-07-01,Kaolack,Centre-Sud,D02,"Boissons alcoolisées, tabac et stupéfiants",9,81.4,0.01228652168572264,,81.48
2018-08-01,Kaolack,Centre-Sud,D02,"Boissons alcoolisées, tabac et stupéfiants",9,81.37,-0.036855036855043544,,81.38666666666667
2018-09-01,Kaolack,Centre-Sud,D02,"Boissons alcoolisées, tabac et stupéfiants",9,81.52,0.18434312400146258,,81.43
2018-10-01,Kaolack,Centre-Sud,D02,"Boissons alcoolisées, tabac et stupéfiants",9,81.24,-0.34347399411187585,,81.37666666666667
2018-11-01,Kaolack,Centre-Sud,D02,"Boissons alcoolisées, tabac et stupéfiants",9,80.9,-0.41851304775971654,,81.22
2018-12-01,Kaolack,Centre-Sud,D02,"Boissons alcoolisées, tabac et stupéfiants",9,80.78,-0.14833127317677164,,80.97333333333333
2019-01-01,Kaolack,Centre-Sud,D02,"Boissons alcoolisées, tabac et stupéfiants",9,81.3,0.6437236939836444,0.693584344810505,80.99333333333334
2019-02-01,Kaolack,Centre-Sud,D02,"Boissons alcoolisées, tabac et stupéfiants",9,81.6,0.36900369003689537,0.927643784786647,81.22666666666667
2019-03-01,Kaolack,Centre-Sud,D02,"Boissons alcoolisées, tabac et stupéfiants",9,81.64,0.04901960784313708,0.8897676717745995,81.51333333333334
2019-04-01,Kaolack,Centre-Sud,D02,"Boissons alcoolisées, tabac et stupéfiants",9,81.91,0.33072023517883853,0.7503075030750317,81.71666666666667
2019-05-01,Kaolack,Centre-Sud,D02,"Boissons alcoolisées, tabac et stupéfiants",9,82.27,0.43950677572945906,0.7593386405388758,81.94
2019-06-01,Kaolack,Centre-Sud,D02,"Boissons alcoolisées, tabac et stupéfiants",9,82.35,0.0972407925124541,1.1795060818282188,82.17666666666666
2019-07-01,Kaolack,Centre-Sud,D02,"Boissons alcoolisées, tabac et stupéfiants",9,82.41,0.0728597449908941,1.2407862407862291,82.34333333333332
2019-08-01,Kaolack,Centre-Sud,D02,"Boissons alcoolisées, tabac et stupéfiants",9,82.38,-0.036403349108116156,1.2412437016099176,82.38
2019-09-01,Kaolack,Centre-Sud,D02,"Boissons alcoolisées, tabac et stupéfiants",9,82.3,-0.09711094925952679,0.9568204121688018,82.36333333333333
2019-10-01,Kaolack,Centre-Sud,D02,"Boissons alcoolisées, tabac et stupéfiants",9,82.18,-0.1458080194410627,1.1570654849827777,82.28666666666668
2019-11-01,Kaolack,Centre-Sud,D02,"Boissons alcoolisées, tabac et stupéfiants",9,81.83,-0.4258943781942137,1.1495673671198858,82.10333333333334
2019-12-01,Kaolack,Centre-Sud,D02,"Boissons alcoolisées, tabac et stupéfiants",9,81.7,-0.15886594158620593,1.1388957662787913,81.90333333333334
2020-01-01,Kaolack,Centre-Sud,D02,"Boissons alcoolisées, tabac et stupéfiants",9,82.69,1.2117503059975387,1.7097170971709819,82.07333333333334
2020-02-01,Kaolack,Centre-Sud,D02,"Boissons alcoolisées, tabac et stupéfiants",9,82.95,0.31442737936873133,1.6544117647058876,82.44666666666666
2020-03-01,Kaolack,Centre-Sud,D02,"Boissons alcoolisées, tabac et stupéfiants",9,83.55,0.723327305605781,2.339539441450267,83.06333333333333
2020-04-01,Kaolack,Centre-Sud,D02,"Boissons alcoolisées, tabac et stupéfiants",9,83.99,0.5266307600239273,2.53937248199243,83.49666666666667
2020-05-01,Kaolack,Centre-Sud,D02,"Boissons alcoolisées, tabac et stupéfiants",9,84.27,0.3333730205976826,2.4310198128114635,83.93666666666667
2020-06-01,Kaolack,Centre-Sud,D02,"Boissons alcoolisées, tabac et stupéfiants",9,84.83,0.6645306752106395,3.0115361262902374,84.36333333333333
2020-07-01,Kaolack,Centre-Sud,D02,"Boissons alcoolisées, tabac et stupéfiants",9,84.97,0.1650359542614721,3.106419123892734,84.69
2020-08-01,Kaolack,Centre-Sud,D02,"Boissons alcoolisées, tabac et stupéfiants",9,84.78,-0.22360833235258726,2.9133284777858703,84.86
2020-09-01,Kaolack,Centre-Sud,D02,"Boissons alcoolisées, tabac et stupéfiants",9,84.79,0.011795234725187065,3.0255164034022064,84.84666666666668
2020-10-01,Kaolack,Centre-Sud,D02,"Boissons alcoolisées, tabac et stupéfiants",9,84.36,-0.5071352753862612,2.6527135556096315,84.64333333333333
2020-11-01,Kaolack,Centre-Sud,D02,"Boissons alcoolisées, tabac et stupéfiants",9,84.18,-0.2133712660028375,2.871807405596982,84.44333333333334
2020-12-01,Kaolack,Centre-Sud,D02,"Boissons alcoolisées, tabac et stupéfiants",9,83.81,-0.43953433119506835,2.582619339045289,84.11666666666667
2021-01-01,Kaolack,Centre-Sud,D02,"Boissons alcoolisées, tabac et stupéfiants",9,84.4,0.7039732728791437,2.0679646873866364,84.13
2021-02-01,Kaolack,Centre-Sud,D02,"Boissons alcoolisées, tabac et stupéfiants",9,84.62,0.26066350710900466,2.013261000602773,84.27666666666666
2021-03-01,Kaolack,Centre-Sud,D02,"Boissons alcoolisées, tabac et stupéfiants",9,85.19,0.6735996218387941,1.962896469180131,84.73666666666666
2021-04-01,Kaolack,Centre-Sud,D02,"Boissons alcoolisées, tabac et stupéfiants",9,85.71,0.6104002817232113,2.047862840814374,85.17333333333333
2021-05-01,Kaolack,Centre-Sud,D02,"Boissons alcoolisées, tabac et stupéfiants",9,86.04,0.3850192509625705,2.1003915984336263,85.64666666666666
2021-06-01,Kaolack,Centre-Sud,D02,"Boissons alcoolisées, tabac et stupéfiants",9,86.59,0.6392375639237446,2.0747377107155573,86.11333333333333
2021-07-01,Kaolack,Centre-Sud,D02,"Boissons alcoolisées, tabac et stupéfiants",9,86.75,0.18477884282248613,2.0948570083558993,86.46
2021-08-01,Kaolack,Centre-Sud,D02,"Boissons alcoolisées, tabac et stupéfiants",9,86.86,0.12680115273775439,2.453408822835579,86.73333333333333
2021-09-01,Kaolack,Centre-Sud,D02,"Boissons alcoolisées, tabac et stupéfiants",9,86.78,-0.09210223347916324,2.346974879113106,86.79666666666667
2021-10-01,Kaolack,Centre-Sud,D02,"Boissons alcoolisées, tabac et stupéfiants",9,86.49,-0.33417838211570183,2.5248933143669827,86.71
2021-11-01,Kaolack,Centre-Sud,D02,"Boissons alcoolisées, tabac et stupéfiants",9,86.48,-0.011562030292511238,2.732240437158473,86.58333333333333
2021-12-01,Kaolack,Centre-Sud,D02,"Boissons alcoolisées, tabac et stupéfiants",9,86.32,-0.18501387604071828,2.99486934733324,86.42999999999999
2022-01-01,Kaolack,Centre-Sud,D02,"Boissons alcoolisées, tabac et stupéfiants",9,87.94,1.87673772011121,4.194312796208521,86.91333333333334
2022-02-01,Kaolack,Centre-Sud,D02,"Boissons alcoolisées, tabac et stupéfiants",9,89.55,1.8307937229929516,5.826045852044426,87.93666666666667
2022-03-01,Kaolack,Centre-Sud,D02,"Boissons alcoolisées, tabac et stupéfiants",9,91.19,1.8313791178112826,7.043080173729321,89.56
2022-04-01,Kaolack,Centre-Sud,D02,"Boissons alcoolisées, tabac et stupéfiants",9,92.31,1.228204847022707,7.700385019250966,91.01666666666667
2022-05-01,Kaolack,Centre-Sud,D02,"Boissons alcoolisées, tabac et stupéfiants",9,94.06,1.8957859386848686,9.321245932124578,92.52
2022-06-01,Kaolack,Centre-Sud,D02,"Boissons alcoolisées, tabac et stupéfiants",9,95.54,1.5734637465447676,10.336066520383413,93.96999999999998
2022-07-01,Kaolack,Centre-Sud,D02,"Boissons alcoolisées, tabac et stupéfiants",9,96.1,0.5861419300816184,10.778097982708923,95.23333333333333
2022-08-01,Kaolack,Centre-Sud,D02,"Boissons alcoolisées, tabac et stupéfiants",9,96.99,0.9261186264307941,11.662445314298875,96.21
2022-09-01,Kaolack,Centre-Sud,D02,"Boissons alcoolisées, tabac et stupéfiants",9,97.45,0.474275698525628,12.295459783360219,96.84666666666665
2022-10-01,Kaolack,Centre-Sud,D02,"Boissons alcoolisées, tabac et stupéfiants",9,98.44,1.015905592611599,13.816626199560655,97.62666666666667
2022-11-01,Kaolack,Centre-Sud,D02,"Boissons alcoolisées, tabac et stupéfiants",9,98.65,0.2133279154815204,14.072617946345979,98.17999999999999
2022-12-01,Kaolack,Centre-Sud,D02,"Boissons alcoolisées, tabac et stupéfiants",9,96.96,-1.713127217435395,12.32622798887859,98.01666666666667
2023-01-01,Kaolack,Centre-Sud,D02,"Boissons alcoolisées, tabac et stupéfiants",9,97.07,0.11344884488448947,10.382078690015906,97.56
2023-02-01,Kaolack,Centre-Sud,D02,"Boissons alcoolisées, tabac et stupéfiants",9,97.64,0.5872051097146391,9.034059184812948,97.22333333333331
2023-03-01,Kaolack,Centre-Sud,D02,"Boissons alcoolisées, tabac et stupéfiants",9,98.19,0.5632937320770193,7.676280293891868,97.63333333333333
2023-04-01,Kaolack,Centre-Sud,D02,"Boissons alcoolisées, tabac et stupéfiants",9,99.06,0.8860372746715584,7.312317192070195,98.29666666666667
2023-05-01,Kaolack,Centre-Sud,D02,"Boissons alcoolisées, tabac et stupéfiants",9,100.11,1.0599636583888516,6.432064639591739,99.12
2023-06-01,Kaolack,Centre-Sud,D02,"Boissons alcoolisées, tabac et stupéfiants",9,100.65,0.5394066526820618,5.3485451119949845,99.94
2023-07-01,Kaolack,Centre-Sud,D02,"Boissons alcoolisées, tabac et stupéfiants",9,100.73,0.07948335817187235,4.81789802289283,100.49666666666667
2023-08-01,Kaolack,Centre-Sud,D02,"Boissons alcoolisées, tabac et stupéfiants",9,101.21,0.47652139382505787,4.350964016908954,100.86333333333333
2023-09-01,Kaolack,Centre-Sud,D02,"Boissons alcoolisées, tabac et stupéfiants",9,101.3,0.08892401936568817,3.950743971267312,101.08
2023-10-01,Kaolack,Centre-Sud,D02,"Boissons alcoolisées, tabac et stupéfiants",9,102.04,0.7305034550839196,3.657049979683058,101.51666666666667
2023-11-01,Kaolack,Centre-Sud,D02,"Boissons alcoolisées, tabac et stupéfiants",9,102.0,-0.03920031360251652,3.3958438925494105,101.78000000000002
2023-12-01,Kaolack,Centre-Sud,D02,"Boissons alcoolisées, tabac et stupéfiants",9,99.76,-2.196078431372539,2.8877887788778978,101.26666666666667
2024-01-01,Kaolack,Centre-Sud,D02,"Boissons alcoolisées, tabac et stupéfiants",9,99.02,-0.7417802726543798,2.008859585865874,100.25999999999999
2024-02-01,Kaolack,Centre-Sud,D02,"Boissons alcoolisées, tabac et stupéfiants",9,99.15,0.13128660876591258,1.5464973371569046,99.31
2024-03-01,Kaolack,Centre-Sud,D02,"Boissons alcoolisées, tabac et stupéfiants",9,99.69,0.5446293494704824,1.52765047357164,99.28666666666668
2024-04-01,Kaolack,Centre-Sud,D02,"Boissons alcoolisées, tabac et stupéfiants",9,100.48,0.7924566155080859,1.4334746618211103,99.77333333333335
2024-05-01,Kaolack,Centre-Sud,D02,"Boissons alcoolisées, tabac et stupéfiants",9,101.18,0.6966560509554132,1.0688242932773928,100.45
2024-06-01,Kaolack,Centre-Sud,D02,"Boissons alcoolisées, tabac et stupéfiants",9,101.35,0.16801739474203714,0.6954793840039608,101.00333333333333
2024-07-01,Kaolack,Centre-Sud,D02,"Boissons alcoolisées, tabac et stupéfiants",9,101.48,0.128268376911711,0.744564677851689,101.33666666666666
2024-08-01,Kaolack,Centre-Sud,D02,"Boissons alcoolisées, tabac et stupéfiants",9,101.54,0.05912495072921686,0.32605473767415294,101.45666666666666
2024-09-01,Kaolack,Centre-Sud,D02,"Boissons alcoolisées, tabac et stupéfiants",9,101.7,0.15757337010045003,0.39486673247779436,101.57333333333334
2024-10-01,Kaolack,Centre-Sud,D02,"Boissons alcoolisées, tabac et stupéfiants",9,102.48,0.7669616519174083,0.43120344962759294,101.90666666666668
2024-11-01,Kaolack,Centre-Sud,D02,"Boissons alcoolisées, tabac et stupéfiants",9,102.41,-0.0683060109289646,0.4019607843137152,102.19666666666667
2024-12-01,Kaolack,Centre-Sud,D02,"Boissons alcoolisées, tabac et stupéfiants",9,100.78,-1.5916414412655011,1.022453889334396,101.89
2025-01-01,Kaolack,Centre-Sud,D02,"Boissons alcoolisées, tabac et stupéfiants",9,100.32,-0.4564397697956024,1.3128660876590592,101.17
2025-02-01,Kaolack,Centre-Sud,D02,"Boissons alcoolisées, tabac et stupéfiants",9,100.37,0.04984051036682757,1.2304589006555622,100.49000000000001
2025-03-01,Kaolack,Centre-Sud,D02,"Boissons alcoolisées, tabac et stupéfiants",9,101.17,0.7970509116269842,1.4846022670277792,100.62
2025-04-01,Kaolack,Centre-Sud,D02,"Boissons alcoolisées, tabac et stupéfiants",9,101.87,0.6919047148364221,1.383359872611467,101.13666666666667
2025-05-01,Kaolack,Centre-Sud,D02,"Boissons alcoolisées, tabac et stupéfiants",9,102.69,0.8049474820849944,1.4923898003557978,101.91000000000001
2025-06-01,Kaolack,Centre-Sud,D02,"Boissons alcoolisées, tabac et stupéfiants",9,103.3,0.5940208394196178,1.9240256536753764,102.62
2025-07-01,Kaolack,Centre-Sud,D02,"Boissons alcoolisées, tabac et stupéfiants",9,104.2,0.871248789932233,2.680331099724076,103.39666666666666
2025-08-01,Kaolack,Centre-Sud,D02,"Boissons alcoolisées, tabac et stupéfiants",9,103.85,-0.33589251439539725,2.274965530825268,103.78333333333332
2025-09-01,Kaolack,Centre-Sud,D02,"Boissons alcoolisées, tabac et stupéfiants",9,104.47,0.5970149253731405,2.723697148475912,104.17333333333333
2025-10-01,Kaolack,Centre-Sud,D02,"Boissons alcoolisées, tabac et stupéfiants",9,104.97,0.4786062984588835,2.429742388758771,104.43
2025-11-01,Kaolack,Centre-Sud,D02,"Boissons alcoolisées, tabac et stupéfiants",9,105.22,0.2381632847480164,2.7438726686846993,104.88666666666666
2025-12-01,Kaolack,Centre-Sud,D02,"Boissons alcoolisées, tabac et stupéfiants",9,103.27,-1.8532598365329833,2.4707283191109264,104.48666666666668
2026-01-01,Kaolack,Centre-Sud,D02,"Boissons alcoolisées, tabac et stupéfiants",9,100.36,-2.817856105354888,0.03987240829346206,102.94999999999999
2026-02-01,Kaolack,Centre-Sud,D02,"Boissons alcoolisées, tabac et stupéfiants",9,101.49,1.1259465922678347,1.115871276277769,101.70666666666666
2026-03-01,Kaolack,Centre-Sud,D02,"Boissons alcoolisées, tabac et stupéfiants",9,102.76,1.2513548132821128,1.5716121379855785,101.53666666666668
2026-04-01,Kaolack,Centre-Sud,D02,"Boissons alcoolisées, tabac et stupéfiants",9,103.23,0.45737641105487725,1.335034848336103,102.49333333333334
2026-05-01,Kaolack,Centre-Sud,D02,"Boissons alcoolisées, tabac et stupéfiants",9,103.82,0.5715392812166931,1.1003992599084578,103.27
2018-01-01,Kolda,Sud,D02,"Boissons alcoolisées, tabac et stupéfiants",9,79.51,,,79.51
2018-02-01,Kolda,Sud,D02,"Boissons alcoolisées, tabac et stupéfiants",9,79.11,-0.503081373412162,,79.31
2018-03-01,Kolda,Sud,D02,"Boissons alcoolisées, tabac et stupéfiants",9,79.44,0.4171406901782415,,79.35333333333334
2018-04-01,Kolda,Sud,D02,"Boissons alcoolisées, tabac et stupéfiants",9,79.87,0.5412890231621503,,79.47333333333334
2018-05-01,Kolda,Sud,D02,"Boissons alcoolisées, tabac et stupéfiants",9,79.76,-0.1377238011769144,,79.69
2018-06-01,Kolda,Sud,D02,"Boissons alcoolisées, tabac et stupéfiants",9,80.15,0.4889669007021036,,79.92666666666668
2018-07-01,Kolda,Sud,D02,"Boissons alcoolisées, tabac et stupéfiants",9,80.25,0.12476606363067688,,80.05333333333334
2018-08-01,Kolda,Sud,D02,"Boissons alcoolisées, tabac et stupéfiants",9,80.07,-0.22429906542057454,,80.15666666666668
2018-09-01,Kolda,Sud,D02,"Boissons alcoolisées, tabac et stupéfiants",9,79.96,-0.13737979268140244,,80.09333333333332
2018-10-01,Kolda,Sud,D02,"Boissons alcoolisées, tabac et stupéfiants",9,79.87,-0.11255627813905322,,79.96666666666665
2018-11-01,Kolda,Sud,D02,"Boissons alcoolisées, tabac et stupéfiants",9,79.68,-0.23788656566920974,,79.83666666666666
2018-12-01,Kolda,Sud,D02,"Boissons alcoolisées, tabac et stupéfiants",9,79.29,-0.48945783132530174,,79.61333333333334
2019-01-01,Kolda,Sud,D02,"Boissons alcoolisées, tabac et stupéfiants",9,79.9,0.7693277840837398,0.4905043390768471,79.62333333333333
2019-02-01,Kolda,Sud,D02,"Boissons alcoolisées, tabac et stupéfiants",9,79.95,0.06257822277846437,1.061812665908235,79.71333333333334
2019-03-01,Kolda,Sud,D02,"Boissons alcoolisées, tabac et stupéfiants",9,80.4,0.5628517823639712,1.2084592145015227,80.08333333333334
2019-04-01,Kolda,Sud,D02,"Boissons alcoolisées, tabac et stupéfiants",9,80.39,-0.012437810945276073,0.651057969199953,80.24666666666667
2019-05-01,Kolda,Sud,D02,"Boissons alcoolisées, tabac et stupéfiants",9,80.79,0.4975743251648179,1.291374122367106,80.52666666666667
2019-06-01,Kolda,Sud,D02,"Boissons alcoolisées, tabac et stupéfiants",9,81.03,0.2970664686223534,1.0979413599500942,80.73666666666666
2019-07-01,Kolda,Sud,D02,"Boissons alcoolisées, tabac et stupéfiants",9,81.03,0.0,0.9719626168224416,80.95
2019-08-01,Kolda,Sud,D02,"Boissons alcoolisées, tabac et stupéfiants",9,81.05,0.02468221646303448,1.2239290620706944,81.03666666666668
2019-09-01,Kolda,Sud,D02,"Boissons alcoolisées, tabac et stupéfiants",9,81.15,0.12338062924122095,1.4882441220610554,81.07666666666667
2019-10-01,Kolda,Sud,D02,"Boissons alcoolisées, tabac et stupéfiants",9,80.57,-0.7147258163894166,0.8764241893076008,80.92333333333333
2019-11-01,Kolda,Sud,D02,"Boissons alcoolisées, tabac et stupéfiants",9,80.3,-0.3351123246866039,0.7781124497991954,80.67333333333333
2019-12-01,Kolda,Sud,D02,"Boissons alcoolisées, tabac et stupéfiants",9,80.31,0.012453300124537492,1.2864169504350986,80.39333333333333
2020-01-01,Kolda,Sud,D02,"Boissons alcoolisées, tabac et stupéfiants",9,81.42,1.3821441912588606,1.9023779724655743,80.67666666666668
2020-02-01,Kolda,Sud,D02,"Boissons alcoolisées, tabac et stupéfiants",9,81.91,0.601817735200183,2.4515322076297696,81.21333333333332
2020-03-01,Kolda,Sud,D02,"Boissons alcoolisées, tabac et stupéfiants",9,82.22,0.3784641679892564,2.2636815920398012,81.85000000000001
2020-04-01,Kolda,Sud,D02,"Boissons alcoolisées, tabac et stupéfiants",9,82.7,0.5837995621503334,2.873491727826849,82.27666666666666
2020-05-01,Kolda,Sud,D02,"Boissons alcoolisées, tabac et stupéfiants",9,83.03,0.39903264812575223,2.772620373808632,82.65
2020-06-01,Kolda,Sud,D02,"Boissons alcoolisées, tabac et stupéfiants",9,83.5,0.5660604600746799,3.0482537331852466,83.07666666666667
2020-07-01,Kolda,Sud,D02,"Boissons alcoolisées, tabac et stupéfiants",9,83.6,0.11976047904191933,3.171664815500419,83.37666666666667
2020-08-01,Kolda,Sud,D02,"Boissons alcoolisées, tabac et stupéfiants",9,83.73,0.1555023923445198,3.3066008636644106,83.61
2020-09-01,Kolda,Sud,D02,"Boissons alcoolisées, tabac et stupéfiants",9,83.25,-0.5732712289502007,2.5878003696857554,83.52666666666666
2020-10-01,Kolda,Sud,D02,"Boissons alcoolisées, tabac et stupéfiants",9,83.25,0.0,3.326300111704117,83.41000000000001
2020-11-01,Kolda,Sud,D02,"Boissons alcoolisées, tabac et stupéfiants",9,82.78,-0.5645645645645625,3.0884184308841878,83.09333333333332
2020-12-01,Kolda,Sud,D02,"Boissons alcoolisées, tabac et stupéfiants",9,82.5,-0.3382459531287796,2.726933134105347,82.84333333333332
2021-01-01,Kolda,Sud,D02,"Boissons alcoolisées, tabac et stupéfiants",9,83.09,0.7151515151515131,2.05109309751903,82.79
2021-02-01,Kolda,Sud,D02,"Boissons alcoolisées, tabac et stupéfiants",9,83.64,0.6619328439041894,2.1120742278110116,83.07666666666667
2021-03-01,Kolda,Sud,D02,"Boissons alcoolisées, tabac et stupéfiants",9,83.95,0.37063605930176546,2.104110921916824,83.56
2021-04-01,Kolda,Sud,D02,"Boissons alcoolisées, tabac et stupéfiants",9,84.48,0.6313281715306651,2.1523579201934817,84.02333333333333
2021-05-01,Kolda,Sud,D02,"Boissons alcoolisées, tabac et stupéfiants",9,85.31,0.9824810606060552,2.7459954233409523,84.58
2021-06-01,Kolda,Sud,D02,"Boissons alcoolisées, tabac et stupéfiants",9,85.67,0.42199038799670685,2.5988023952095762,85.15333333333335
2021-07-01,Kolda,Sud,D02,"Boissons alcoolisées, tabac et stupéfiants",9,85.74,0.0817088829228263,2.559808612440184,85.57333333333334
2021-08-01,Kolda,Sud,D02,"Boissons alcoolisées, tabac et stupéfiants",9,85.88,0.16328434802892478,2.567777379672753,85.76333333333332
2021-09-01,Kolda,Sud,D02,"Boissons alcoolisées, tabac et stupéfiants",9,85.7,-0.20959478341872062,2.94294294294295,85.77333333333333
2021-10-01,Kolda,Sud,D02,"Boissons alcoolisées, tabac et stupéfiants",9,85.58,-0.14002333722287208,2.798798798798807,85.71999999999998
2021-11-01,Kolda,Sud,D02,"Boissons alcoolisées, tabac et stupéfiants",9,85.27,-0.3622341668614193,3.007972940323733,85.51666666666667
2021-12-01,Kolda,Sud,D02,"Boissons alcoolisées, tabac et stupéfiants",9,85.56,0.3400961651225609,3.7090909090909063,85.47000000000001
2022-01-01,Kolda,Sud,D02,"Boissons alcoolisées, tabac et stupéfiants",9,87.34,2.080411407199634,5.114935611986993,86.05666666666667
2022-02-01,Kolda,Sud,D02,"Boissons alcoolisées, tabac et stupéfiants",9,89.02,1.923517288756571,6.432329029172634,87.30666666666667
2022-03-01,Kolda,Sud,D02,"Boissons alcoolisées, tabac et stupéfiants",9,90.32,1.460345989665246,7.587849910661104,88.89333333333333
2022-04-01,Kolda,Sud,D02,"Boissons alcoolisées, tabac et stupéfiants",9,92.08,1.9486271036315284,8.99621212121211,90.47333333333331
2022-05-01,Kolda,Sud,D02,"Boissons alcoolisées, tabac et stupéfiants",9,93.69,1.7484795829713295,9.822998476145806,92.02999999999999
2022-06-01,Kolda,Sud,D02,"Boissons alcoolisées, tabac et stupéfiants",9,95.12,1.5263101718433258,11.030699194583882,93.63
2022-07-01,Kolda,Sud,D02,"Boissons alcoolisées, tabac et stupéfiants",9,95.8,0.7148864592094073,11.733146722649867,94.87
2022-08-01,Kolda,Sud,D02,"Boissons alcoolisées, tabac et stupéfiants",9,96.92,1.1691022964509523,12.855146716348397,95.94666666666667
2022-09-01,Kolda,Sud,D02,"Boissons alcoolisées, tabac et stupéfiants",9,97.73,0.8357408171687952,14.037339556592766,96.81666666666668
2022-10-01,Kolda,Sud,D02,"Boissons alcoolisées, tabac et stupéfiants",9,98.02,0.29673590504450953,14.5361065669549,97.55666666666667
2022-11-01,Kolda,Sud,D02,"Boissons alcoolisées, tabac et stupéfiants",9,98.57,0.5611099775556072,15.59751377975842,98.10666666666667
2022-12-01,Kolda,Sud,D02,"Boissons alcoolisées, tabac et stupéfiants",9,96.64,-1.9579993912955174,12.94997662459092,97.74333333333334
2023-01-01,Kolda,Sud,D02,"Boissons alcoolisées, tabac et stupéfiants",9,96.59,-0.05173841059602502,10.590794595832387,97.26666666666667
2023-02-01,Kolda,Sud,D02,"Boissons alcoolisées, tabac et stupéfiants",9,97.6,1.0456569003002292,9.638283531790615,96.94333333333334
2023-03-01,Kolda,Sud,D02,"Boissons alcoolisées, tabac et stupéfiants",9,98.275,0.6915983606557541,8.807573073516405,97.48833333333334
2023-04-01,Kolda,Sud,D02,"Boissons alcoolisées, tabac et stupéfiants",9,98.95,0.6868481302467533,7.460903562119903,98.27499999999999
2023-05-01,Kolda,Sud,D02,"Boissons alcoolisées, tabac et stupéfiants",9,100.28,1.3441131884790236,7.0338349877254736,99.16833333333334
2023-06-01,Kolda,Sud,D02,"Boissons alcoolisées, tabac et stupéfiants",9,100.9,0.6182688472277764,6.076534903280062,100.04333333333334
2023-07-01,Kolda,Sud,D02,"Boissons alcoolisées, tabac et stupéfiants",9,101.45,0.5450941526263575,5.89770354906054,100.87666666666667
2023-08-01,Kolda,Sud,D02,"Boissons alcoolisées, tabac et stupéfiants",9,101.24,-0.206998521439139,4.457284358233582,101.19666666666666
2023-09-01,Kolda,Sud,D02,"Boissons alcoolisées, tabac et stupéfiants",9,101.66,0.41485578822599845,4.021283126982489,101.45
2023-10-01,Kolda,Sud,D02,"Boissons alcoolisées, tabac et stupéfiants",9,101.83,0.16722408026756952,3.8869618445215304,101.57666666666667
2023-11-01,Kolda,Sud,D02,"Boissons alcoolisées, tabac et stupéfiants",9,102.15,0.3142492389276219,3.6319366947347165,101.88
2023-12-01,Kolda,Sud,D02,"Boissons alcoolisées, tabac et stupéfiants",9,99.62,-2.476749877630935,3.08360927152318,101.2
2024-01-01,Kolda,Sud,D02,"Boissons alcoolisées, tabac et stupéfiants",9,99.15,-0.47179281268820983,2.650377885909516,100.30666666666667
2024-02-01,Kolda,Sud,D02,"Boissons alcoolisées, tabac et stupéfiants",9,99.43,0.2824004034291505,1.8750000000000044,99.40000000000002
2024-03-01,Kolda,Sud,D02,"Boissons alcoolisées, tabac et stupéfiants",9,99.83,0.4022930705018579,1.5822945815314071,99.47000000000001
2024-04-01,Kolda,Sud,D02,"Boissons alcoolisées, tabac et stupéfiants",9,100.3,0.470800360613044,1.36432541687721,99.85333333333334
2024-05-01,Kolda,Sud,D02,"Boissons alcoolisées, tabac et stupéfiants",9,100.77,0.4685942173479507,0.4886318308735538,100.3
2024-06-01,Kolda,Sud,D02,"Boissons alcoolisées, tabac et stupéfiants",9,101.45,0.6748040091297147,0.5450941526263575,100.83999999999999
2024-07-01,Kolda,Sud,D02,"Boissons alcoolisées, tabac et stupéfiants",9,101.43,-0.019714144898963504,-0.019714144898963504,101.21666666666665
2024-08-01,Kolda,Sud,D02,"Boissons alcoolisées, tabac et stupéfiants",9,101.8,0.36478359459723997,0.5531410509679979,101.56
2024-09-01,Kolda,Sud,D02,"Boissons alcoolisées, tabac et stupéfiants",9,102.31,0.5009823182711148,0.6393861892583175,101.84666666666668
2024-10-01,Kolda,Sud,D02,"Boissons alcoolisées, tabac et stupéfiants",9,102.56,0.24435539047991117,0.7168810763036548,102.22333333333334
2024-11-01,Kolda,Sud,D02,"Boissons alcoolisées, tabac et stupéfiants",9,102.4,-0.15600624024960652,0.24473813020069457,102.42333333333333
2024-12-01,Kolda,Sud,D02,"Boissons alcoolisées, tabac et stupéfiants",9,100.41,-1.9433593750000089,0.7930134511142217,101.79
2025-01-01,Kolda,Sud,D02,"Boissons alcoolisées, tabac et stupéfiants",9,100.19,-0.21910168309928757,1.048915784165394,101.0
2025-02-01,Kolda,Sud,D02,"Boissons alcoolisées, tabac et stupéfiants",9,100.68,0.489070765545474,1.2571658453183199,100.42666666666668
2025-03-01,Kolda,Sud,D02,"Boissons alcoolisées, tabac et stupéfiants",9,101.16,0.47675804529201393,1.3322648502454237,100.67666666666666
2025-04-01,Kolda,Sud,D02,"Boissons alcoolisées, tabac et stupéfiants",9,102.18,1.0083036773428367,1.874376869391825,101.33999999999999
2025-05-01,Kolda,Sud,D02,"Boissons alcoolisées, tabac et stupéfiants",9,102.91,0.7144255235858266,2.1236479110846584,102.08333333333333
2025-06-01,Kolda,Sud,D02,"Boissons alcoolisées, tabac et stupéfiants",9,103.86,0.9231367214070474,2.375554460325291,102.98333333333335
2025-07-01,Kolda,Sud,D02,"Boissons alcoolisées, tabac et stupéfiants",9,103.98,0.11554015020220909,2.5140490979000285,103.58333333333333
2025-08-01,Kolda,Sud,D02,"Boissons alcoolisées, tabac et stupéfiants",9,104.51,0.509713406424317,2.662082514734787,104.11666666666667
2025-09-01,Kolda,Sud,D02,"Boissons alcoolisées, tabac et stupéfiants",9,104.58,0.06697923643670389,2.2187469455576148,104.35666666666667
2025-10-01,Kolda,Sud,D02,"Boissons alcoolisées, tabac et stupéfiants",9,105.08,0.4781028877414384,2.457098283931347,104.72333333333331
2025-11-01,Kolda,Sud,D02,"Boissons alcoolisées, tabac et stupéfiants",9,105.74,0.6280928816140063,3.2617187499999867,105.13333333333333
2025-12-01,Kolda,Sud,D02,"Boissons alcoolisées, tabac et stupéfiants",9,103.68,-1.9481747682995931,3.2566477442485864,104.83333333333333
2026-01-01,Kolda,Sud,D02,"Boissons alcoolisées, tabac et stupéfiants",9,100.41,-3.153935185185197,0.21958279269387315,103.27666666666666
2026-02-01,Kolda,Sud,D02,"Boissons alcoolisées, tabac et stupéfiants",9,101.59,1.17518175480531,0.9038537941994385,101.89333333333333
2026-03-01,Kolda,Sud,D02,"Boissons alcoolisées, tabac et stupéfiants",9,102.67,1.063096761492277,1.4926848556741756,101.55666666666666
2026-04-01,Kolda,Sud,D02,"Boissons alcoolisées, tabac et stupéfiants",9,103.4,0.7110158761079122,1.1939714229790566,102.55333333333334
2026-05-01,Kolda,Sud,D02,"Boissons alcoolisées, tabac et stupéfiants",9,104.15,0.725338491295946,1.2049363521523748,103.40666666666668
2018-01-01,Saint-Louis,Nord,D02,"Boissons alcoolisées, tabac et stupéfiants",9,80.85,,,80.85
2018-02-01,Saint-Louis,Nord,D02,"Boissons alcoolisées, tabac et stupéfiants",9,81.06,0.25974025974027093,,80.955
2018-03-01,Saint-Louis,Nord,D02,"Boissons alcoolisées, tabac et stupéfiants",9,81.31,0.3084135208487604,,81.07333333333334
2018-04-01,Saint-Louis,Nord,D02,"Boissons alcoolisées, tabac et stupéfiants",9,81.29,-0.024597220514077645,,81.22000000000001
2018-05-01,Saint-Louis,Nord,D02,"Boissons alcoolisées, tabac et stupéfiants",9,81.61,0.3936523557633187,,81.40333333333334
2018-06-01,Saint-Louis,Nord,D02,"Boissons alcoolisées, tabac et stupéfiants",9,81.66,0.06126700159294618,,81.52
2018-07-01,Saint-Louis,Nord,D02,"Boissons alcoolisées, tabac et stupéfiants",9,81.75,0.11021307861867058,,81.67333333333333
2018-08-01,Saint-Louis,Nord,D02,"Boissons alcoolisées, tabac et stupéfiants",9,81.66,-0.11009174311926717,,81.69
2018-09-01,Saint-Louis,Nord,D02,"Boissons alcoolisées, tabac et stupéfiants",9,81.57,-0.11021307861867058,,81.66
2018-10-01,Saint-Louis,Nord,D02,"Boissons alcoolisées, tabac et stupéfiants",9,81.08,-0.6007110457275866,,81.43666666666667
2018-11-01,Saint-Louis,Nord,D02,"Boissons alcoolisées, tabac et stupéfiants",9,81.15,0.08633448445980463,,81.26666666666667
2018-12-01,Saint-Louis,Nord,D02,"Boissons alcoolisées, tabac et stupéfiants",9,81.11,-0.0492914356130747,,81.11333333333333
2019-01-01,Saint-Louis,Nord,D02,"Boissons alcoolisées, tabac et stupéfiants",9,81.55,0.5424731845641739,0.8658008658008587,81.27
2019-02-01,Saint-Louis,Nord,D02,"Boissons alcoolisées, tabac et stupéfiants",9,81.79,0.29429797670141866,0.900567480878367,81.48333333333333
2019-03-01,Saint-Louis,Nord,D02,"Boissons alcoolisées, tabac et stupéfiants",9,81.78,-0.01222643354934494,0.5780346820809301,81.70666666666666
2019-04-01,Saint-Louis,Nord,D02,"Boissons alcoolisées, tabac et stupéfiants",9,81.94,0.1956468574223491,0.7996063476442217,81.83666666666666
2019-05-01,Saint-Louis,Nord,D02,"Boissons alcoolisées, tabac et stupéfiants",9,82.38,0.5369782767878917,0.9435118245312957,82.03333333333333
2019-06-01,Saint-Louis,Nord,D02,"Boissons alcoolisées, tabac et stupéfiants",9,82.33,-0.060694343287204244,0.8204751408278144,82.21666666666665
2019-07-01,Saint-Louis,Nord,D02,"Boissons alcoolisées, tabac et stupéfiants",9,82.58,0.30365601846229495,1.0152905198776763,82.42999999999999
2019-08-01,Saint-Louis,Nord,D02,"Boissons alcoolisées, tabac et stupéfiants",9,82.7,0.14531363526277818,1.2735733529267712,82.53666666666668
2019-09-01,Saint-Louis,Nord,D02,"Boissons alcoolisées, tabac et stupéfiants",9,82.14,-0.6771463119709775,0.6987863184994669,82.47333333333334
2019-10-01,Saint-Louis,Nord,D02,"Boissons alcoolisées, tabac et stupéfiants",9,81.99,-0.18261504747991708,1.1223482979773047,82.27666666666666
2019-11-01,Saint-Louis,Nord,D02,"Boissons alcoolisées, tabac et stupéfiants",9,81.8,-0.23173557750945095,0.8009858287122418,81.97666666666667
2019-12-01,Saint-Louis,Nord,D02,"Boissons alcoolisées, tabac et stupéfiants",9,81.77,-0.03667481662591454,0.8137097768462498,81.85333333333334
2020-01-01,Saint-Louis,Nord,D02,"Boissons alcoolisées, tabac et stupéfiants",9,82.84,1.308548367371909,1.581851624770092,82.13666666666666
2020-02-01,Saint-Louis,Nord,D02,"Boissons alcoolisées, tabac et stupéfiants",9,83.38,0.6518590053114393,1.9440029343440468,82.66333333333334
2020-03-01,Saint-Louis,Nord,D02,"Boissons alcoolisées, tabac et stupéfiants",9,83.75,0.44375149916047185,2.408901932012708,83.32333333333334
2020-04-01,Saint-Louis,Nord,D02,"Boissons alcoolisées, tabac et stupéfiants",9,84.18,0.5134328358209039,2.733707590920198,83.77
2020-05-01,Saint-Louis,Nord,D02,"Boissons alcoolisées, tabac et stupéfiants",9,84.62,0.5226894749346567,2.7191065792668168,84.18333333333334
2020-06-01,Saint-Louis,Nord,D02,"Boissons alcoolisées, tabac et stupéfiants",9,85.06,0.5199716379106656,3.3159237216081605,84.62
2020-07-01,Saint-Louis,Nord,D02,"Boissons alcoolisées, tabac et stupéfiants",9,85.02,-0.0470256289677895,2.954710583676423,84.89999999999999
2020-08-01,Saint-Louis,Nord,D02,"Boissons alcoolisées, tabac et stupéfiants",9,85.1,0.09409550693955104,2.9020556227327576,85.05999999999999
2020-09-01,Saint-Louis,Nord,D02,"Boissons alcoolisées, tabac et stupéfiants",9,84.61,-0.5757931844888264,3.0070611151692184,84.91000000000001
2020-10-01,Saint-Louis,Nord,D02,"Boissons alcoolisées, tabac et stupéfiants",9,84.56,-0.05909466966079746,3.134528601048925,84.75666666666666
2020-11-01,Saint-Louis,Nord,D02,"Boissons alcoolisées, tabac et stupéfiants",9,84.31,-0.2956480605487255,3.0684596577017276,84.49333333333334
2020-12-01,Saint-Louis,Nord,D02,"Boissons alcoolisées, tabac et stupéfiants",9,83.96,-0.41513462222750874,2.678243854714446,84.27666666666666
2021-01-01,Saint-Louis,Nord,D02,"Boissons alcoolisées, tabac et stupéfiants",9,84.52,0.6669842782277335,2.028005794302268,84.26333333333332
2021-02-01,Saint-Louis,Nord,D02,"Boissons alcoolisées, tabac et stupéfiants",9,84.93,0.4850922858495199,1.8589589829695496,84.46999999999998
2021-03-01,Saint-Louis,Nord,D02,"Boissons alcoolisées, tabac et stupéfiants",9,84.97,0.04709760979628719,1.456716417910453,84.80666666666667
2021-04-01,Saint-Louis,Nord,D02,"Boissons alcoolisées, tabac et stupéfiants",9,85.88,1.0709662233729489,2.0194820622475573,85.26
2021-05-01,Saint-Louis,Nord,D02,"Boissons alcoolisées, tabac et stupéfiants",9,86.34,0.5356311131812008,2.0326164027416604,85.73
2021-06-01,Saint-Louis,Nord,D02,"Boissons alcoolisées, tabac et stupéfiants",9,86.78,0.5096131572851492,2.0221020456148597,86.33333333333333
2021-07-01,Saint-Louis,Nord,D02,"Boissons alcoolisées, tabac et stupéfiants",9,87.01,0.2650380271952191,2.340625735121149,86.71
2021-08-01,Saint-Louis,Nord,D02,"Boissons alcoolisées, tabac et stupéfiants",9,86.93,-0.09194345477531174,2.1504112808460762,86.90666666666668
2021-09-01,Saint-Louis,Nord,D02,"Boissons alcoolisées, tabac et stupéfiants",9,86.7,-0.26458069711262633,2.4701571918213094,86.88
2021-10-01,Saint-Louis,Nord,D02,"Boissons alcoolisées, tabac et stupéfiants",9,86.68,-0.023068050749708302,2.5070955534531647,86.77
2021-11-01,Saint-Louis,Nord,D02,"Boissons alcoolisées, tabac et stupéfiants",9,86.56,-0.13844023996308907,2.6687225714624674,86.64666666666666
2021-12-01,Saint-Louis,Nord,D02,"Boissons alcoolisées, tabac et stupéfiants",9,86.49,-0.08086876155268818,3.0133396855645644,86.57666666666667
2022-01-01,Saint-Louis,Nord,D02,"Boissons alcoolisées, tabac et stupéfiants",9,88.45,2.2661579373338014,4.649787032654995,87.16666666666667
2022-02-01,Saint-Louis,Nord,D02,"Boissons alcoolisées, tabac et stupéfiants",9,89.86,1.5941209723007388,5.8047804073943166,88.26666666666667
2022-03-01,Saint-Louis,Nord,D02,"Boissons alcoolisées, tabac et stupéfiants",9,90.98,1.2463832628533345,7.0730846181005225,89.76333333333334
2022-04-01,Saint-Louis,Nord,D02,"Boissons alcoolisées, tabac et stupéfiants",9,92.64,1.824576830072533,7.8714485328365225,91.16000000000001
2022-05-01,Saint-Louis,Nord,D02,"Boissons alcoolisées, tabac et stupéfiants",9,94.28,1.770293609671847,9.196201065554789,92.63333333333333
2022-06-01,Saint-Louis,Nord,D02,"Boissons alcoolisées, tabac et stupéfiants",9,95.11,0.8803563852354701,9.598985941461159,94.00999999999999
2022-07-01,Saint-Louis,Nord,D02,"Boissons alcoolisées, tabac et stupéfiants",9,96.28,1.2301545578803585,10.653947822089416,95.22333333333334
2022-08-01,Saint-Louis,Nord,D02,"Boissons alcoolisées, tabac et stupéfiants",9,96.93,0.6751142501038698,11.503508570113885,96.10666666666667
2022-09-01,Saint-Louis,Nord,D02,"Boissons alcoolisées, tabac et stupéfiants",9,97.61,0.701537191787871,12.583621683967694,96.94
2022-10-01,Saint-Louis,Nord,D02,"Boissons alcoolisées, tabac et stupéfiants",9,98.08,0.4815080422087892,13.15182279649283,97.54
2022-11-01,Saint-Louis,Nord,D02,"Boissons alcoolisées, tabac et stupéfiants",9,98.65,0.5811582381729297,13.96719038817007,98.11333333333334
2022-12-01,Saint-Louis,Nord,D02,"Boissons alcoolisées, tabac et stupéfiants",9,97.25,-1.4191586416624435,12.440744594750841,97.99333333333334
2023-01-01,Saint-Louis,Nord,D02,"Boissons alcoolisées, tabac et stupéfiants",9,96.72,-0.544987146529563,9.34991520633126,97.54
2023-02-01,Saint-Louis,Nord,D02,"Boissons alcoolisées, tabac et stupéfiants",9,97.39,0.6927212572373831,8.37970175829068,97.12
2023-03-01,Saint-Louis,Nord,D02,"Boissons alcoolisées, tabac et stupéfiants",9,98.15,0.7803675942088528,7.880852934710925,97.42
2023-04-01,Saint-Louis,Nord,D02,"Boissons alcoolisées, tabac et stupéfiants",9,99.42,1.2939378502292431,7.318652849740936,98.32000000000001
2023-05-01,Saint-Louis,Nord,D02,"Boissons alcoolisées, tabac et stupéfiants",9,99.97,0.5532086099376388,6.035214255409427,99.18
2023-06-01,Saint-Louis,Nord,D02,"Boissons alcoolisées, tabac et stupéfiants",9,100.74,0.7702310693207925,5.919461675954163,100.04333333333334
2023-07-01,Saint-Louis,Nord,D02,"Boissons alcoolisées, tabac et stupéfiants",9,100.98,0.2382370458606342,4.881595346904866,100.56333333333333
2023-08-01,Saint-Louis,Nord,D02,"Boissons alcoolisées, tabac et stupéfiants",9,101.06,0.07922360863537037,4.260806767770542,100.92666666666668
2023-09-01,Saint-Louis,Nord,D02,"Boissons alcoolisées, tabac et stupéfiants",9,101.47,0.40569958440530574,3.954512857289205,101.17
2023-10-01,Saint-Louis,Nord,D02,"Boissons alcoolisées, tabac et stupéfiants",9,102.15,0.6701488124568833,4.149673735725945,101.56
2023-11-01,Saint-Louis,Nord,D02,"Boissons alcoolisées, tabac et stupéfiants",9,102.17,0.019579050416052013,3.568170299036999,101.92999999999999
2023-12-01,Saint-Louis,Nord,D02,"Boissons alcoolisées, tabac et stupéfiants",9,99.77,-2.3490261329157325,2.5912596401028276,101.36333333333334
2024-01-01,Saint-Louis,Nord,D02,"Boissons alcoolisées, tabac et stupéfiants",9,99.22,-0.5512679162072764,2.5847808105872616,100.38666666666666
2024-02-01,Saint-Louis,Nord,D02,"Boissons alcoolisées, tabac et stupéfiants",9,99.31,0.09070751864543869,1.9714549748434118,99.43333333333334
2024-03-01,Saint-Louis,Nord,D02,"Boissons alcoolisées, tabac et stupéfiants",9,99.59,0.28194542342161455,1.4671421293937836,99.37333333333333
2024-04-01,Saint-Louis,Nord,D02,"Boissons alcoolisées, tabac et stupéfiants",9,100.48,0.8936640224922243,1.0661838664252743,99.79333333333334
2024-05-01,Saint-Louis,Nord,D02,"Boissons alcoolisées, tabac et stupéfiants",9,101.01,0.5274681528662395,1.040312093628093,100.36
2024-06-01,Saint-Louis,Nord,D02,"Boissons alcoolisées, tabac et stupéfiants",9,101.39,0.37620037620036406,0.6452253325392121,100.96
2024-07-01,Saint-Louis,Nord,D02,"Boissons alcoolisées, tabac et stupéfiants",9,101.41,0.01972581122398065,0.42582689641512683,101.27
2024-08-01,Saint-Louis,Nord,D02,"Boissons alcoolisées, tabac et stupéfiants",9,101.56,0.14791440686323654,0.49475559073817177,101.45333333333333
2024-09-01,Saint-Louis,Nord,D02,"Boissons alcoolisées, tabac et stupéfiants",9,101.95,0.3840094525403792,0.47304622055779344,101.64
2024-10-01,Saint-Louis,Nord,D02,"Boissons alcoolisées, tabac et stupéfiants",9,102.2,0.24521824423737737,0.04894762604013003,101.90333333333335
2024-11-01,Saint-Louis,Nord,D02,"Boissons alcoolisées, tabac et stupéfiants",9,102.36,0.15655577299411583,0.18596456885582313,102.17
2024-12-01,Saint-Louis,Nord,D02,"Boissons alcoolisées, tabac et stupéfiants",9,100.21,-2.100429855412278,0.4410143329658167,101.58999999999999
2025-01-01,Saint-Louis,Nord,D02,"Boissons alcoolisées, tabac et stupéfiants",9,100.13,-0.07983235206067141,0.9171537996371715,100.89999999999999
2025-02-01,Saint-Louis,Nord,D02,"Boissons alcoolisées, tabac et stupéfiants",9,100.79,0.6591431139518766,1.490282952371369,100.37666666666667
2025-03-01,Saint-Louis,Nord,D02,"Boissons alcoolisées, tabac et stupéfiants",9,101.08,0.28772695703938034,1.4961341500150604,100.66666666666667
2025-04-01,Saint-Louis,Nord,D02,"Boissons alcoolisées, tabac et stupéfiants",9,102.05,0.95963593193511,1.5625,101.30666666666667
2025-05-01,Saint-Louis,Nord,D02,"Boissons alcoolisées, tabac et stupéfiants",9,102.73,0.6663400293973609,1.702801702801704,101.95333333333333
2025-06-01,Saint-Louis,Nord,D02,"Boissons alcoolisées, tabac et stupéfiants",9,103.39,0.6424608196242465,1.9725811223986645,102.72333333333334
2025-07-01,Saint-Louis,Nord,D02,"Boissons alcoolisées, tabac et stupéfiants",9,103.83,0.4255730728310203,2.386352430726757,103.31666666666666
2025-08-01,Saint-Louis,Nord,D02,"Boissons alcoolisées, tabac et stupéfiants",9,103.87,0.03852451122026146,2.2745175265852735,103.69666666666667
2025-09-01,Saint-Louis,Nord,D02,"Boissons alcoolisées, tabac et stupéfiants",9,104.14,0.25994031000289297,2.1481118195193716,103.94666666666667
2025-10-01,Saint-Louis,Nord,D02,"Boissons alcoolisées, tabac et stupéfiants",9,104.74,0.5761474937584055,2.485322896281783,104.25
2025-11-01,Saint-Louis,Nord,D02,"Boissons alcoolisées, tabac et stupéfiants",9,105.31,0.5442046973458181,2.8819851504493954,104.73
2025-12-01,Saint-Louis,Nord,D02,"Boissons alcoolisées, tabac et stupéfiants",9,103.14,-2.0605830405469594,2.923859894222147,104.39666666666666
2026-01-01,Saint-Louis,Nord,D02,"Boissons alcoolisées, tabac et stupéfiants",9,100.41,-2.646887725421765,0.2796364725856426,102.95333333333333
2026-02-01,Saint-Louis,Nord,D02,"Boissons alcoolisées, tabac et stupéfiants",9,101.18,0.7668558908475287,0.3869431491219322,101.57666666666667
2026-03-01,Saint-Louis,Nord,D02,"Boissons alcoolisées, tabac et stupéfiants",9,102.93,1.7295908282269234,1.830233478432941,101.50666666666667
2026-04-01,Saint-Louis,Nord,D02,"Boissons alcoolisées, tabac et stupéfiants",9,103.28,0.3400369182939844,1.2052915237628747,102.46333333333332
2026-05-01,Saint-Louis,Nord,D02,"Boissons alcoolisées, tabac et stupéfiants",9,103.81,0.5131680867544564,1.0512995230215205,103.33999999999999
2018-01-01,Thiès,Centre-Ouest,D02,"Boissons alcoolisées, tabac et stupéfiants",9,81.49,,,81.49
2018-02-01,Thiès,Centre-Ouest,D02,"Boissons alcoolisées, tabac et stupéfiants",9,81.75,0.3190575530739981,,81.62
2018-03-01,Thiès,Centre-Ouest,D02,"Boissons alcoolisées, tabac et stupéfiants",9,81.73,-0.024464831804271725,,81.65666666666667
2018-04-01,Thiès,Centre-Ouest,D02,"Boissons alcoolisées, tabac et stupéfiants",9,82.01,0.34259145968433824,,81.83
2018-05-01,Thiès,Centre-Ouest,D02,"Boissons alcoolisées, tabac et stupéfiants",9,82.0,-0.012193634922574859,,81.91333333333334
2018-06-01,Thiès,Centre-Ouest,D02,"Boissons alcoolisées, tabac et stupéfiants",9,82.15,0.18292682926830395,,82.05333333333334
2018-07-01,Thiès,Centre-Ouest,D02,"Boissons alcoolisées, tabac et stupéfiants",9,82.3,0.1825928180158254,,82.15
2018-08-01,Thiès,Centre-Ouest,D02,"Boissons alcoolisées, tabac et stupéfiants",9,82.175,-0.1518833535844477,,82.20833333333333
2018-09-01,Thiès,Centre-Ouest,D02,"Boissons alcoolisées, tabac et stupéfiants",9,82.05,-0.15211439002129623,,82.175
2018-10-01,Thiès,Centre-Ouest,D02,"Boissons alcoolisées, tabac et stupéfiants",9,81.68,-0.45094454600852485,,81.96833333333333
2018-11-01,Thiès,Centre-Ouest,D02,"Boissons alcoolisées, tabac et stupéfiants",9,81.48,-0.24485798237022793,,81.73666666666668
2018-12-01,Thiès,Centre-Ouest,D02,"Boissons alcoolisées, tabac et stupéfiants",9,81.34,-0.1718213058419238,,81.5
2019-01-01,Thiès,Centre-Ouest,D02,"Boissons alcoolisées, tabac et stupéfiants",9,81.89,0.6761740840914632,0.4908577739600073,81.57000000000001
2019-02-01,Thiès,Centre-Ouest,D02,"Boissons alcoolisées, tabac et stupéfiants",9,82.21,0.3907681035535404,0.5626911314984717,81.81333333333333
2019-03-01,Thiès,Centre-Ouest,D02,"Boissons alcoolisées, tabac et stupéfiants",9,82.53,0.38924705023719586,0.9788327419552045,82.21
2019-04-01,Thiès,Centre-Ouest,D02,"Boissons alcoolisées, tabac et stupéfiants",9,82.64,0.13328486610928447,0.7681990001219274,82.46
2019-05-01,Thiès,Centre-Ouest,D02,"Boissons alcoolisées, tabac et stupéfiants",9,82.6,-0.04840271055179812,0.7317073170731714,82.59
2019-06-01,Thiès,Centre-Ouest,D02,"Boissons alcoolisées, tabac et stupéfiants",9,83.03,0.520581113801466,1.0712111990261564,82.75666666666667
2019-07-01,Thiès,Centre-Ouest,D02,"Boissons alcoolisées, tabac et stupéfiants",9,83.09,0.07226303745635487,0.959902794653722,82.90666666666667
2019-08-01,Thiès,Centre-Ouest,D02,"Boissons alcoolisées, tabac et stupéfiants",9,83.31,0.2647731375616802,1.381198661393368,83.14333333333333
2019-09-01,Thiès,Centre-Ouest,D02,"Boissons alcoolisées, tabac et stupéfiants",9,82.71,-0.7202016564638147,0.8043875685557644,83.03666666666668
2019-10-01,Thiès,Centre-Ouest,D02,"Boissons alcoolisées, tabac et stupéfiants",9,82.62,-0.10881392818279378,1.1508325171400546,82.88
2019-11-01,Thiès,Centre-Ouest,D02,"Boissons alcoolisées, tabac et stupéfiants",9,82.67,0.060518034374235086,1.4604810996563522,82.66666666666667
2019-12-01,Thiès,Centre-Ouest,D02,"Boissons alcoolisées, tabac et stupéfiants",9,82.37,-0.36288859320188216,1.2662896483894848,82.55333333333334
2020-01-01,Thiès,Centre-Ouest,D02,"Boissons alcoolisées, tabac et stupéfiants",9,83.45,1.3111569746266927,1.904994504823554,82.83
2020-02-01,Thiès,Centre-Ouest,D02,"Boissons alcoolisées, tabac et stupéfiants",9,83.71,0.3115638106650609,1.8245955479868625,83.17666666666666
2020-03-01,Thiès,Centre-Ouest,D02,"Boissons alcoolisées, tabac et stupéfiants",9,84.15,0.5256241787122251,1.9629225736095934,83.77
2020-04-01,Thiès,Centre-Ouest,D02,"Boissons alcoolisées, tabac et stupéfiants",9,84.68,0.62982768865123,2.468538238141349,84.18
2020-05-01,Thiès,Centre-Ouest,D02,"Boissons alcoolisées, tabac et stupéfiants",9,85.12,0.5196032120925898,3.050847457627137,84.65
2020-06-01,Thiès,Centre-Ouest,D02,"Boissons alcoolisées, tabac et stupéfiants",9,85.56,0.5169172932330879,3.0470914127423754,85.12
2020-07-01,Thiès,Centre-Ouest,D02,"Boissons alcoolisées, tabac et stupéfiants",9,85.38,-0.21037868162693263,2.756047659164751,85.35333333333334
2020-08-01,Thiès,Centre-Ouest,D02,"Boissons alcoolisées, tabac et stupéfiants",9,85.47,0.10541110330288816,2.5927259632697153,85.46999999999998
2020-09-01,Thiès,Centre-Ouest,D02,"Boissons alcoolisées, tabac et stupéfiants",9,85.22,-0.2925002925002973,3.0346995526538523,85.35666666666667
2020-10-01,Thiès,Centre-Ouest,D02,"Boissons alcoolisées, tabac et stupéfiants",9,84.83,-0.4576390518657547,2.674897119341546,85.17333333333333
2020-11-01,Thiès,Centre-Ouest,D02,"Boissons alcoolisées, tabac et stupéfiants",9,84.62,-0.24755393139218596,2.3587758558122784,84.89
2020-12-01,Thiès,Centre-Ouest,D02,"Boissons alcoolisées, tabac et stupéfiants",9,84.33,-0.34270857953203615,2.3795071021002645,84.59333333333333
2021-01-01,Thiès,Centre-Ouest,D02,"Boissons alcoolisées, tabac et stupéfiants",9,84.86,0.6284833392624201,1.6896345116836464,84.60333333333334
2021-02-01,Thiès,Centre-Ouest,D02,"Boissons alcoolisées, tabac et stupéfiants",9,85.28,0.4949328305444256,1.8755226376776957,84.82333333333332
2021-03-01,Thiès,Centre-Ouest,D02,"Boissons alcoolisées, tabac et stupéfiants",9,85.78999999999999,0.5980300187617082,1.9489007724301732,85.31
2021-04-01,Thiès,Centre-Ouest,D02,"Boissons alcoolisées, tabac et stupéfiants",9,86.3,0.5944748805222222,1.9130845536135865,85.79
2021-05-01,Thiès,Centre-Ouest,D02,"Boissons alcoolisées, tabac et stupéfiants",9,86.6,0.34762456546928444,1.7387218045112673,86.23
2021-06-01,Thiès,Centre-Ouest,D02,"Boissons alcoolisées, tabac et stupéfiants",9,87.26,0.7621247113164031,1.986909770920997,86.71999999999998
2021-07-01,Thiès,Centre-Ouest,D02,"Boissons alcoolisées, tabac et stupéfiants",9,87.14,-0.13752005500802245,2.061372686811902,87.0
2021-08-01,Thiès,Centre-Ouest,D02,"Boissons alcoolisées, tabac et stupéfiants",9,87.24,0.1147578609134614,2.0709020709020587,87.21333333333332
2021-09-01,Thiès,Centre-Ouest,D02,"Boissons alcoolisées, tabac et stupéfiants",9,87.15,-0.10316368638237927,2.264726590002364,87.17666666666668
2021-10-01,Thiès,Centre-Ouest,D02,"Boissons alcoolisées, tabac et stupéfiants",9,87.25,0.11474469305794432,2.852764352233872,87.21333333333332
2021-11-01,Thiès,Centre-Ouest,D02,"Boissons alcoolisées, tabac et stupéfiants",9,86.98,-0.30945558739254864,2.78893878515718,87.12666666666667
2021-12-01,Thiès,Centre-Ouest,D02,"Boissons alcoolisées, tabac et stupéfiants",9,86.84,-0.16095654173373664,2.9764022293371273,87.02333333333335
2022-01-01,Thiès,Centre-Ouest,D02,"Boissons alcoolisées, tabac et stupéfiants",9,88.83,2.29157070474435,4.678293660146116,87.55000000000001
2022-02-01,Thiès,Centre-Ouest,D02,"Boissons alcoolisées, tabac et stupéfiants",9,89.73,1.0131712259371817,5.2181050656660455,88.46666666666665
2022-03-01,Thiès,Centre-Ouest,D02,"Boissons alcoolisées, tabac et stupéfiants",9,91.38,1.838849882982263,6.515910945331638,89.98
2022-04-01,Thiès,Centre-Ouest,D02,"Boissons alcoolisées, tabac et stupéfiants",9,93.1,1.8822499452834318,7.879490150637314,91.40333333333335
2022-05-01,Thiès,Centre-Ouest,D02,"Boissons alcoolisées, tabac et stupéfiants",9,94.29,1.2781954887218117,8.87990762124713,92.92333333333333
2022-06-01,Thiès,Centre-Ouest,D02,"Boissons alcoolisées, tabac et stupéfiants",9,95.5,1.2832750026513962,9.443043777217497,94.29666666666667
2022-07-01,Thiès,Centre-Ouest,D02,"Boissons alcoolisées, tabac et stupéfiants",9,96.44,0.9842931937172672,10.672481064952954,95.41000000000001
2022-08-01,Thiès,Centre-Ouest,D02,"Boissons alcoolisées, tabac et stupéfiants",9,97.24,0.8295313148071415,11.462631820265923,96.39333333333332
2022-09-01,Thiès,Centre-Ouest,D02,"Boissons alcoolisées, tabac et stupéfiants",9,97.44,0.20567667626492092,11.807228915662638,97.04
2022-10-01,Thiès,Centre-Ouest,D02,"Boissons alcoolisées, tabac et stupéfiants",9,98.02,0.5952380952380931,12.343839541547275,97.56666666666666
2022-11-01,Thiès,Centre-Ouest,D02,"Boissons alcoolisées, tabac et stupéfiants",9,98.75,0.74474597021017,13.531846401471604,98.07
2022-12-01,Thiès,Centre-Ouest,D02,"Boissons alcoolisées, tabac et stupéfiants",9,96.96,-1.8126582278481074,11.65361584523259,97.91000000000001
2023-01-01,Thiès,Centre-Ouest,D02,"Boissons alcoolisées, tabac et stupéfiants",9,97.19,0.23721122112212445,9.411234943149838,97.63333333333333
2023-02-01,Thiès,Centre-Ouest,D02,"Boissons alcoolisées, tabac et stupéfiants",9,97.59,0.4115649758205553,8.759612169842868,97.24666666666667
2023-03-01,Thiès,Centre-Ouest,D02,"Boissons alcoolisées, tabac et stupéfiants",9,98.1,0.5225945281278621,7.353906762967832,97.62666666666667
2023-04-01,Thiès,Centre-Ouest,D02,"Boissons alcoolisées, tabac et stupéfiants",9,99.0,0.9174311926605672,6.337271750805584,98.23
2023-05-01,Thiès,Centre-Ouest,D02,"Boissons alcoolisées, tabac et stupéfiants",9,99.63,0.6363636363636349,5.663378937321029,98.91000000000001
2023-06-01,Thiès,Centre-Ouest,D02,"Boissons alcoolisées, tabac et stupéfiants",9,100.68,1.053899427883187,5.424083769633525,99.77
2023-07-01,Thiès,Centre-Ouest,D02,"Boissons alcoolisées, tabac et stupéfiants",9,100.98,0.29797377830751426,4.707590211530488,100.43
2023-08-01,Thiès,Centre-Ouest,D02,"Boissons alcoolisées, tabac et stupéfiants",9,101.11,0.12873836403248795,3.9798436857260366,100.92333333333333
2023-09-01,Thiès,Centre-Ouest,D02,"Boissons alcoolisées, tabac et stupéfiants",9,101.63,0.5142913658391812,4.300082101806235,101.24000000000001
2023-10-01,Thiès,Centre-Ouest,D02,"Boissons alcoolisées, tabac et stupéfiants",9,101.91,0.27550920003935886,3.9685778412568817,101.55
2023-11-01,Thiès,Centre-Ouest,D02,"Boissons alcoolisées, tabac et stupéfiants",9,101.87,-0.03925031890883446,3.159493670886082,101.80333333333333
2023-12-01,Thiès,Centre-Ouest,D02,"Boissons alcoolisées, tabac et stupéfiants",9,100.555,-1.2908609011485161,3.7077145214521545,101.44500000000001
2024-01-01,Thiès,Centre-Ouest,D02,"Boissons alcoolisées, tabac et stupéfiants",9,99.24,-1.3077420317239463,2.1092705010803625,100.555
2024-02-01,Thiès,Centre-Ouest,D02,"Boissons alcoolisées, tabac et stupéfiants",9,99.53,0.2922208786779512,1.9879085971923338,99.77499999999999
2024-03-01,Thiès,Centre-Ouest,D02,"Boissons alcoolisées, tabac et stupéfiants",9,99.91,0.38179443383903333,1.8450560652395476,99.56
2024-04-01,Thiès,Centre-Ouest,D02,"Boissons alcoolisées, tabac et stupéfiants",9,100.46,0.5504954459013112,1.4747474747474731,99.96666666666665
2024-05-01,Thiès,Centre-Ouest,D02,"Boissons alcoolisées, tabac et stupéfiants",9,100.64,0.1791757913597536,1.0137508782495308,100.33666666666666
2024-06-01,Thiès,Centre-Ouest,D02,"Boissons alcoolisées, tabac et stupéfiants",9,101.5,0.8545310015898311,0.8144616607071775,100.86666666666666
2024-07-01,Thiès,Centre-Ouest,D02,"Boissons alcoolisées, tabac et stupéfiants",9,101.29,-0.2068965517241339,0.3069914834620713,101.14333333333333
2024-08-01,Thiès,Centre-Ouest,D02,"Boissons alcoolisées, tabac et stupéfiants",9,101.65,0.3554151446342191,0.5340718029868574,101.48000000000002
2024-09-01,Thiès,Centre-Ouest,D02,"Boissons alcoolisées, tabac et stupéfiants",9,101.52,-0.1278898180029575,-0.1082357571583148,101.48666666666668
2024-10-01,Thiès,Centre-Ouest,D02,"Boissons alcoolisées, tabac et stupéfiants",9,101.94,0.4137115839243588,0.029437739181625844,101.70333333333333
2024-11-01,Thiès,Centre-Ouest,D02,"Boissons alcoolisées, tabac et stupéfiants",9,102.58,0.6278202864430149,0.6969667222931131,102.01333333333332
2024-12-01,Thiès,Centre-Ouest,D02,"Boissons alcoolisées, tabac et stupéfiants",9,100.4,-2.1251705985572134,-0.1541444980359019,101.64
2025-01-01,Thiès,Centre-Ouest,D02,"Boissons alcoolisées, tabac et stupéfiants",9,100.24,-0.15936254980081221,1.007658202337769,101.07333333333334
2025-02-01,Thiès,Centre-Ouest,D02,"Boissons alcoolisées, tabac et stupéfiants",9,100.65,0.4090183559457339,1.1252888576308795,100.43
2025-03-01,Thiès,Centre-Ouest,D02,"Boissons alcoolisées, tabac et stupéfiants",9,101.21,0.5563835072031731,1.3011710539485577,100.7
2025-04-01,Thiès,Centre-Ouest,D02,"Boissons alcoolisées, tabac et stupéfiants",9,102.1,0.8793597470605707,1.6324905434998982,101.32
2025-05-01,Thiès,Centre-Ouest,D02,"Boissons alcoolisées, tabac et stupéfiants",9,102.56,0.4505386875612194,1.9077901430842648,101.95666666666666
2025-06-01,Thiès,Centre-Ouest,D02,"Boissons alcoolisées, tabac et stupéfiants",9,102.91,0.3412636505460087,1.3891625615763514,102.52333333333333
2025-07-01,Thiès,Centre-Ouest,D02,"Boissons alcoolisées, tabac et stupéfiants",9,103.46,0.5344475755514555,2.1423635107117978,102.97666666666667
2025-08-01,Thiès,Centre-Ouest,D02,"Boissons alcoolisées, tabac et stupéfiants",9,103.95,0.47361299052774974,2.2626660108214347,103.44
2025-09-01,Thiès,Centre-Ouest,D02,"Boissons alcoolisées, tabac et stupéfiants",9,104.33,0.36556036556036897,2.7679275019700578,103.91333333333334
2025-10-01,Thiès,Centre-Ouest,D02,"Boissons alcoolisées, tabac et stupéfiants",9,104.43,0.09584970765839085,2.4426133019423313,104.23666666666668
2025-11-01,Thiès,Centre-Ouest,D02,"Boissons alcoolisées, tabac et stupéfiants",9,104.91,0.45963803504738276,2.2713979333203405,104.55666666666667
2025-12-01,Thiès,Centre-Ouest,D02,"Boissons alcoolisées, tabac et stupéfiants",9,103.04,-1.7824802211419244,2.6294820717131406,104.12666666666667
2026-01-01,Thiès,Centre-Ouest,D02,"Boissons alcoolisées, tabac et stupéfiants",9,100.44,-2.5232919254658426,0.1995211492418214,102.79666666666667
2026-02-01,Thiès,Centre-Ouest,D02,"Boissons alcoolisées, tabac et stupéfiants",9,101.2,0.7566706491437758,0.5464480874316946,101.56
2026-03-01,Thiès,Centre-Ouest,D02,"Boissons alcoolisées, tabac et stupéfiants",9,102.48,1.2648221343873445,1.2548167177156566,101.37333333333333
2026-04-01,Thiès,Centre-Ouest,D02,"Boissons alcoolisées, tabac et stupéfiants",9,102.95,0.4586260733801639,0.8325171400587639,102.21
2026-05-01,Thiès,Centre-Ouest,D02,"Boissons alcoolisées, tabac et stupéfiants",9,103.71,0.7382224380767299,1.1212948517940635,103.04666666666667
2018-01-01,Dakar,Ouest,D03,Habillement et chaussures,62,86.54,,,86.54
2018-02-01,Dakar,Ouest,D03,Habillement et chaussures,62,86.82,0.3235498035590423,,86.68
2018-03-01,Dakar,Ouest,D03,Habillement et chaussures,62,86.88,0.06910850034553828,,86.74666666666667
2018-04-01,Dakar,Ouest,D03,Habillement et chaussures,62,87.73,0.9783609576427432,,87.14333333333332
2018-05-01,Dakar,Ouest,D03,Habillement et chaussures,62,88.02,0.3305596717200432,,87.54333333333334
2018-06-01,Dakar,Ouest,D03,Habillement et chaussures,62,88.38,0.4089979550102152,,88.04333333333334
2018-07-01,Dakar,Ouest,D03,Habillement et chaussures,62,88.27,-0.12446254808780033,,88.22333333333331
2018-08-01,Dakar,Ouest,D03,Habillement et chaussures,62,88.32,0.05664438654129356,,88.32333333333334
2018-09-01,Dakar,Ouest,D03,Habillement et chaussures,62,88.02,-0.33967391304347005,,88.20333333333333
2018-10-01,Dakar,Ouest,D03,Habillement et chaussures,62,87.46,-0.6362190411270174,,87.93333333333332
2018-11-01,Dakar,Ouest,D03,Habillement et chaussures,62,87.03,-0.4916533272352974,,87.50333333333333
2018-12-01,Dakar,Ouest,D03,Habillement et chaussures,62,86.74,-0.3332184304262964,,87.07666666666667
2019-01-01,Dakar,Ouest,D03,Habillement et chaussures,62,86.94,0.23057412958267243,0.4622140050843493,86.90333333333332
2019-02-01,Dakar,Ouest,D03,Habillement et chaussures,62,87.2,0.2990568207959621,0.4376871688551054,86.96
2019-03-01,Dakar,Ouest,D03,Habillement et chaussures,62,87.56,0.41284403669725744,0.7826887661141813,87.23333333333333
2019-04-01,Dakar,Ouest,D03,Habillement et chaussures,62,88.11,0.6281407035175768,0.43314715604696463,87.62333333333333
2019-05-01,Dakar,Ouest,D03,Habillement et chaussures,62,88.66,0.6242197253433224,0.7271074755737406,88.11
2019-06-01,Dakar,Ouest,D03,Habillement et chaussures,62,88.72,0.06767426122264997,0.38470242136230404,88.49666666666667
2019-07-01,Dakar,Ouest,D03,Habillement et chaussures,62,88.95,0.2592425608656468,0.7703636569615924,88.77666666666666
2019-08-01,Dakar,Ouest,D03,Habillement et chaussures,62,89.02,0.07869589657110154,0.7925724637681153,88.89666666666666
2019-09-01,Dakar,Ouest,D03,Habillement et chaussures,62,88.37,-0.7301729948326119,0.39763690070440116,88.77999999999999
2019-10-01,Dakar,Ouest,D03,Habillement et chaussures,62,87.9,-0.5318547018218878,0.5030871255431224,88.43
2019-11-01,Dakar,Ouest,D03,Habillement et chaussures,62,87.59,-0.3526734926052377,0.6434562794438659,87.95333333333333
2019-12-01,Dakar,Ouest,D03,Habillement et chaussures,62,87.37,-0.2511702249115233,0.7263085081854026,87.62
2020-01-01,Dakar,Ouest,D03,Habillement et chaussures,62,87.94,0.6523978482316561,1.150218541522885,87.63333333333333
2020-02-01,Dakar,Ouest,D03,Habillement et chaussures,62,88.43,0.5571980896065698,1.4105504587156092,87.91333333333334
2020-03-01,Dakar,Ouest,D03,Habillement et chaussures,62,88.9,0.5314938369331612,1.5303791685701285,88.42333333333335
2020-04-01,Dakar,Ouest,D03,Habillement et chaussures,62,89.54,0.7199100112486034,1.6229712858926382,88.95666666666666
2020-05-01,Dakar,Ouest,D03,Habillement et chaussures,62,90.13,0.6589233861961086,1.658019399954891,89.52333333333335
2020-06-01,Dakar,Ouest,D03,Habillement et chaussures,62,90.87,0.8210362809275562,2.4233543733092944,90.17999999999999
2020-07-01,Dakar,Ouest,D03,Habillement et chaussures,62,90.67,-0.22009464069550067,1.9336706014615013,90.55666666666667
2020-08-01,Dakar,Ouest,D03,Habillement et chaussures,62,90.23,-0.4852762766074714,1.3592451134576633,90.58999999999999
2020-09-01,Dakar,Ouest,D03,Habillement et chaussures,62,90.32,0.09974509586609948,2.206631209686538,90.40666666666668
2020-10-01,Dakar,Ouest,D03,Habillement et chaussures,62,89.52,-0.8857395925597866,1.8430034129692796,90.02333333333333
2020-11-01,Dakar,Ouest,D03,Habillement et chaussures,62,89.21000000000001,-0.34629133154601144,1.8495262016211989,89.68333333333334
2020-12-01,Dakar,Ouest,D03,Habillement et chaussures,62,88.9,-0.3474946754848163,1.751173171569187,89.21
2021-01-01,Dakar,Ouest,D03,Habillement et chaussures,62,88.85,-0.05624296962880582,1.0347964521264519,88.98666666666668
2021-02-01,Dakar,Ouest,D03,Habillement et chaussures,62,89.23,0.42768711311200747,0.9046703607373141,88.99333333333334
2021-03-01,Dakar,Ouest,D03,Habillement et chaussures,62,89.72,0.5491426650229725,0.92238470191226,89.26666666666667
2021-04-01,Dakar,Ouest,D03,Habillement et chaussures,62,90.49,0.8582255907267022,1.0609783337055978,89.81333333333333
2021-05-01,Dakar,Ouest,D03,Habillement et chaussures,62,91.31,0.9061774781743859,1.3092200155331302,90.50666666666666
2021-06-01,Dakar,Ouest,D03,Habillement et chaussures,62,91.83,0.5694885554703655,1.056454275338381,91.21
2021-07-01,Dakar,Ouest,D03,Habillement et chaussures,62,91.95,0.1306762495916436,1.4117128046762906,91.69666666666666
2021-08-01,Dakar,Ouest,D03,Habillement et chaussures,62,91.63,-0.34801522566613174,1.5515903801396336,91.80333333333333
2021-09-01,Dakar,Ouest,D03,Habillement et chaussures,62,91.2,-0.4692786205391153,0.9743135518157864,91.59333333333332
2021-10-01,Dakar,Ouest,D03,Habillement et chaussures,62,91.11,-0.09868421052632304,1.7761394101876604,91.31333333333333
2021-11-01,Dakar,Ouest,D03,Habillement et chaussures,62,90.63,-0.5268356931182105,1.5917498038336308,90.98
2021-12-01,Dakar,Ouest,D03,Habillement et chaussures,62,90.5,-0.14344036191106246,1.7997750281214753,90.74666666666667
2022-01-01,Dakar,Ouest,D03,Habillement et chaussures,62,91.77,1.4033149171270631,3.2864378165447405,90.96666666666665
2022-02-01,Dakar,Ouest,D03,Habillement et chaussures,62,92.66,0.969815843957722,3.8439986551608074,91.64333333333332
2022-03-01,Dakar,Ouest,D03,Habillement et chaussures,62,93.95,1.3921864882365798,4.714667855550614,92.79333333333334
2022-04-01,Dakar,Ouest,D03,Habillement et chaussures,62,95.2,1.3304949441192093,5.204995027074832,93.93666666666667
2022-05-01,Dakar,Ouest,D03,Habillement et chaussures,62,96.56,1.4285714285714235,5.749644069652837,95.23666666666668
2022-06-01,Dakar,Ouest,D03,Habillement et chaussures,62,97.45,0.921706710853365,6.120004355874986,96.40333333333335
2022-07-01,Dakar,Ouest,D03,Habillement et chaussures,62,98.2,0.7696254489481857,6.7971723762914715,97.40333333333335
2022-08-01,Dakar,Ouest,D03,Habillement et chaussures,62,98.67,0.4786150712830839,7.683073229291715,98.10666666666667
2022-09-01,Dakar,Ouest,D03,Habillement et chaussures,62,98.93,0.26350461133071157,8.475877192982463,98.60000000000001
2022-10-01,Dakar,Ouest,D03,Habillement et chaussures,62,98.78,-0.1516223592439192,8.4183953462847,98.79333333333334
2022-11-01,Dakar,Ouest,D03,Habillement et chaussures,62,98.9,0.12148208139299843,9.125013792342497,98.87
2022-12-01,Dakar,Ouest,D03,Habillement et chaussures,62,97.41,-1.5065722952477323,7.635359116022089,98.36333333333333
2023-01-01,Dakar,Ouest,D03,Habillement et chaussures,62,97.29,-0.1231906375115388,6.015037593984984,97.86666666666667
2023-02-01,Dakar,Ouest,D03,Habillement et chaussures,62,97.96,0.6886627608181595,5.7198359594215376,97.55333333333333
2023-03-01,Dakar,Ouest,D03,Habillement et chaussures,62,98.31,0.35728868926092616,4.640766365087812,97.85333333333334
2023-04-01,Dakar,Ouest,D03,Habillement et chaussures,62,99.3,1.0070186145864968,4.306722689075615,98.52333333333333
2023-05-01,Dakar,Ouest,D03,Habillement et chaussures,62,100.18,0.8862034239677907,3.7489643744822,99.26333333333334
2023-06-01,Dakar,Ouest,D03,Habillement et chaussures,62,100.75,0.5689758434817227,3.3863519753719817,100.07666666666667
2023-07-01,Dakar,Ouest,D03,Habillement et chaussures,62,101.27,0.5161290322580614,3.126272912423622,100.73333333333333
2023-08-01,Dakar,Ouest,D03,Habillement et chaussures,62,101.49,0.21724103880715884,2.8580115536637196,101.17
2023-09-01,Dakar,Ouest,D03,Habillement et chaussures,62,101.28,-0.20691693762932006,2.3754169614879084,101.34666666666665
2023-10-01,Dakar,Ouest,D03,Habillement et chaussures,62,101.18,-0.0987361769352213,2.429641627859902,101.31666666666668
2023-11-01,Dakar,Ouest,D03,Habillement et chaussures,62,101.1,-0.07906700929039001,2.2244691607684386,101.18666666666667
2023-12-01,Dakar,Ouest,D03,Habillement et chaussures,62,99.54,-1.543026706231443,2.186633815829997,100.60666666666667
2024-01-01,Dakar,Ouest,D03,Habillement et chaussures,62,98.73,-0.8137432188065175,1.480111008325613,99.79
2024-02-01,Dakar,Ouest,D03,Habillement et chaussures,62,99.25,0.5266889496606808,1.3168640261331133,99.17333333333333
2024-03-01,Dakar,Ouest,D03,Habillement et chaussures,62,99.6,0.35264483627204246,1.3121757705218062,99.19333333333333
2024-04-01,Dakar,Ouest,D03,Habillement et chaussures,62,100.12,0.5220883534136744,0.825780463242709,99.65666666666668
2024-05-01,Dakar,Ouest,D03,Habillement et chaussures,62,100.83,0.7091490211745821,0.6488321022160015,100.18333333333334
2024-06-01,Dakar,Ouest,D03,Habillement et chaussures,62,101.19,0.3570365962511257,0.4367245657568297,100.71333333333332
2024-07-01,Dakar,Ouest,D03,Habillement et chaussures,62,101.52,0.3261191817373277,0.24686481682629768,101.17999999999999
2024-08-01,Dakar,Ouest,D03,Habillement et chaussures,62,101.57,0.049251379038617316,0.07882550004927324,101.42666666666666
2024-09-01,Dakar,Ouest,D03,Habillement et chaussures,62,101.65,0.07876341439403411,0.3653238546603488,101.58
2024-10-01,Dakar,Ouest,D03,Habillement et chaussures,62,101.65,0.0,0.4645186795809497,101.62333333333333
2024-11-01,Dakar,Ouest,D03,Habillement et chaussures,62,101.02,-0.6197737333989317,-0.0791295746785381,101.44
2024-12-01,Dakar,Ouest,D03,Habillement et chaussures,62,99.76,-1.2472777667788426,0.22101667671288183,100.81
2025-01-01,Dakar,Ouest,D03,Habillement et chaussures,62,99.22,-0.5412991178829207,0.496303048718727,100.0
2025-02-01,Dakar,Ouest,D03,Habillement et chaussures,62,99.89,0.6752670832493424,0.6448362720403056,99.62333333333333
2025-03-01,Dakar,Ouest,D03,Habillement et chaussures,62,100.47,0.5806387025728332,0.8734939759036164,99.86
2025-04-01,Dakar,Ouest,D03,Habillement et chaussures,62,101.01,0.5374738727978556,0.8889332800639194,100.45666666666666
2025-05-01,Dakar,Ouest,D03,Habillement et chaussures,62,102.25,1.227601227601216,1.4083110185460601,101.24333333333334
2025-06-01,Dakar,Ouest,D03,Habillement et chaussures,62,102.65,0.3911980440097773,1.4428303192015157,101.96999999999998
2025-07-01,Dakar,Ouest,D03,Habillement et chaussures,62,103.01,0.3507062834875896,1.467691095350676,102.63666666666667
2025-08-01,Dakar,Ouest,D03,Habillement et chaussures,62,103.01,0.0,1.4177414590922588,102.89
2025-09-01,Dakar,Ouest,D03,Habillement et chaussures,62,103.08,0.067954567517714,1.406787998032466,103.03333333333335
2025-10-01,Dakar,Ouest,D03,Habillement et chaussures,62,103.17,0.08731082654249711,1.495327102803734,103.08666666666666
2025-11-01,Dakar,Ouest,D03,Habillement et chaussures,62,102.97,-0.19385480275274647,1.9303108295387172,103.07333333333334
2025-12-01,Dakar,Ouest,D03,Habillement et chaussures,62,101.52,-1.4081771389725217,1.7642341619887647,102.55333333333334
2026-01-01,Dakar,Ouest,D03,Habillement et chaussures,62,99.68,-1.812450748620953,0.46361620641000023,101.39
2026-02-01,Dakar,Ouest,D03,Habillement et chaussures,62,100.54,0.8627608346709392,0.6507157873661074,100.58
2026-03-01,Dakar,Ouest,D03,Habillement et chaussures,62,101.33,0.7857569126715758,0.8559769085298985,100.51666666666667
2026-04-01,Dakar,Ouest,D03,Habillement et chaussures,62,101.84,0.5033060298036185,0.8217008217008104,101.23666666666668
2026-05-01,Dakar,Ouest,D03,Habillement et chaussures,62,102.93,1.0703063629222243,0.6650366748166325,102.03333333333335
2018-01-01,Diourbel,Centre,D03,Habillement et chaussures,62,85.16,,,85.16
2018-02-01,Diourbel,Centre,D03,Habillement et chaussures,62,85.17,0.01174260216063594,,85.16499999999999
2018-03-01,Diourbel,Centre,D03,Habillement et chaussures,62,85.62,0.5283550545966964,,85.31666666666666
2018-04-01,Diourbel,Centre,D03,Habillement et chaussures,62,86.14,0.6073347348750202,,85.64333333333333
2018-05-01,Diourbel,Centre,D03,Habillement et chaussures,62,86.55,0.4759693522173203,,86.10333333333334
2018-06-01,Diourbel,Centre,D03,Habillement et chaussures,62,87.09,0.6239168110918625,,86.59333333333332
2018-07-01,Diourbel,Centre,D03,Habillement et chaussures,62,87.27,0.20668274199102665,,86.96999999999998
2018-08-01,Diourbel,Centre,D03,Habillement et chaussures,62,86.85,-0.4812650395324858,,87.07
2018-09-01,Diourbel,Centre,D03,Habillement et chaussures,62,86.64,-0.24179620034541216,,86.92
2018-10-01,Diourbel,Centre,D03,Habillement et chaussures,62,85.97,-0.773314866112651,,86.48666666666666
2018-11-01,Diourbel,Centre,D03,Habillement et chaussures,62,85.59,-0.4420146562754357,,86.06666666666666
2018-12-01,Diourbel,Centre,D03,Habillement et chaussures,62,85.21,-0.4439771001285342,,85.58999999999999
2019-01-01,Diourbel,Centre,D03,Habillement et chaussures,62,85.77,0.6571998591714534,0.71629873179897,85.52333333333333
2019-02-01,Diourbel,Centre,D03,Habillement et chaussures,62,85.78,0.01165908825930817,0.7162146295643934,85.58666666666666
2019-03-01,Diourbel,Centre,D03,Habillement et chaussures,62,86.41,0.7344369316857113,0.9226816164447538,85.98666666666666
2019-04-01,Diourbel,Centre,D03,Habillement et chaussures,62,86.77,0.41661844693900996,0.7313675412119691,86.32000000000001
2019-05-01,Diourbel,Centre,D03,Habillement et chaussures,62,87.24,0.5416618646997717,0.7972270363951539,86.80666666666666
2019-06-01,Diourbel,Centre,D03,Habillement et chaussures,62,87.52,0.3209536909674515,0.49374210586747846,87.17666666666666
2019-07-01,Diourbel,Centre,D03,Habillement et chaussures,62,87.83,0.354204753199272,0.6416867193766551,87.52999999999999
2019-08-01,Diourbel,Centre,D03,Habillement et chaussures,62,87.76,-0.07969941933279046,1.0477835348301712,87.70333333333333
2019-09-01,Diourbel,Centre,D03,Habillement et chaussures,62,87.29,-0.5355515041020942,0.7502308402585367,87.62666666666667
2019-10-01,Diourbel,Centre,D03,Habillement et chaussures,62,87.04,-0.2864016496735067,1.2446202163545417,87.36333333333334
2019-11-01,Diourbel,Centre,D03,Habillement et chaussures,62,86.44,-0.6893382352941235,0.9931066713400938,86.92333333333333
2019-12-01,Diourbel,Centre,D03,Habillement et chaussures,62,85.88,-0.6478482184174017,0.7862926886515798,86.45333333333333
2020-01-01,Diourbel,Centre,D03,Habillement et chaussures,62,86.63,0.8733115975780192,1.0026815902996367,86.31666666666666
2020-02-01,Diourbel,Centre,D03,Habillement et chaussures,62,87.08,0.5194505367655644,1.515504779668908,86.52999999999999
2020-03-01,Diourbel,Centre,D03,Habillement et chaussures,62,87.5,0.4823151125401992,1.2614280754542406,87.07
2020-04-01,Diourbel,Centre,D03,Habillement et chaussures,62,88.47,1.1085714285714365,1.9592024893396287,87.68333333333334
2020-05-01,Diourbel,Centre,D03,Habillement et chaussures,62,89.06,0.6668927319995577,2.0861989912884127,88.34333333333335
2020-06-01,Diourbel,Centre,D03,Habillement et chaussures,62,89.59,0.5951044239838277,2.365173674588683,89.04
2020-07-01,Diourbel,Centre,D03,Habillement et chaussures,62,89.81,0.2455631208840181,2.2543550039849647,89.48666666666666
2020-08-01,Diourbel,Centre,D03,Habillement et chaussures,62,89.73,-0.08907694020710011,2.2447584320875125,89.71
2020-09-01,Diourbel,Centre,D03,Habillement et chaussures,62,89.08,-0.7243954084475757,2.0506358116622714,89.54
2020-10-01,Diourbel,Centre,D03,Habillement et chaussures,62,88.47,-0.6847777278850442,1.6429227941176405,89.09333333333335
2020-11-01,Diourbel,Centre,D03,Habillement et chaussures,62,88.13,-0.3843110658980464,1.955113373438211,88.56
2020-12-01,Diourbel,Centre,D03,Habillement et chaussures,62,87.66,-0.5333030750028334,2.0726595249184854,88.08666666666666
2021-01-01,Diourbel,Centre,D03,Habillement et chaussures,62,87.87,0.23956194387406704,1.4313748124206604,87.88666666666666
2021-02-01,Diourbel,Centre,D03,Habillement et chaussures,62,88.28,0.46659838397633546,1.3780431786862612,87.93666666666667
2021-03-01,Diourbel,Centre,D03,Habillement et chaussures,62,88.91,0.7136384231989146,1.6114285714285748,88.35333333333334
2021-04-01,Diourbel,Centre,D03,Habillement et chaussures,62,89.66,0.8435496569564771,1.3450887306431625,88.95
2021-05-01,Diourbel,Centre,D03,Habillement et chaussures,62,90.14,0.5353557885344751,1.212665618684028,89.57
2021-06-01,Diourbel,Centre,D03,Habillement et chaussures,62,90.68,0.5990681162636013,1.2166536443799503,90.16000000000001
2021-07-01,Diourbel,Centre,D03,Habillement et chaussures,62,90.94,0.28672254080281956,1.2582117804253334,90.58666666666666
2021-08-01,Diourbel,Centre,D03,Habillement et chaussures,62,90.83,-0.120958873982846,1.2258999219881828,90.81666666666666
2021-09-01,Diourbel,Centre,D03,Habillement et chaussures,62,90.54,-0.3192777716613415,1.638976201167508,90.77
2021-10-01,Diourbel,Centre,D03,Habillement et chaussures,62,90.25,-0.32030041970400047,2.011981462642698,90.54
2021-11-01,Diourbel,Centre,D03,Habillement et chaussures,62,89.69,-0.6204986149584535,1.7701123340519764,90.16000000000001
2021-12-01,Diourbel,Centre,D03,Habillement et chaussures,62,89.45,-0.26758835990633445,2.0419803787360413,89.79666666666667
2022-01-01,Diourbel,Centre,D03,Habillement et chaussures,62,90.63,1.3191727221911531,3.1410037555479553,89.92333333333333
2022-02-01,Diourbel,Centre,D03,Habillement et chaussures,62,91.81,1.301997131192767,3.998640688717714,90.63
2022-03-01,Diourbel,Centre,D03,Habillement et chaussures,62,93.27,1.5902407145190978,4.903835339106966,91.90333333333335
2022-04-01,Diourbel,Centre,D03,Habillement et chaussures,62,94.74,1.576069475715669,5.665848761989745,93.27333333333333
2022-05-01,Diourbel,Centre,D03,Habillement et chaussures,62,96.01,1.3405108718598457,6.512092300865335,94.67333333333333
2022-06-01,Diourbel,Centre,D03,Habillement et chaussures,62,97.32,1.3644412040412224,7.322452580502858,96.02333333333333
2022-07-01,Diourbel,Centre,D03,Habillement et chaussures,62,98.36,1.0686395396629633,8.15922586320652,97.23
2022-08-01,Diourbel,Centre,D03,Habillement et chaussures,62,98.49,0.13216754778364592,8.433337003192776,98.05666666666666
2022-09-01,Diourbel,Centre,D03,Habillement et chaussures,62,98.58,0.09137983551630313,8.880053015241863,98.47666666666667
2022-10-01,Diourbel,Centre,D03,Habillement et chaussures,62,98.7,0.12172854534389099,9.362880886426606,98.58999999999999
2022-11-01,Diourbel,Centre,D03,Habillement et chaussures,62,98.71,0.010131712259364711,10.056862526480103,98.66333333333334
2022-12-01,Diourbel,Centre,D03,Habillement et chaussures,62,97.16,-1.570256306351936,8.619340413638898,98.19
2023-01-01,Diourbel,Centre,D03,Habillement et chaussures,62,97.01,-0.1543845203787475,7.039611607635443,97.62666666666667
2023-02-01,Diourbel,Centre,D03,Habillement et chaussures,62,97.4,0.4020204102669789,6.0886613658642785,97.19000000000001
2023-03-01,Diourbel,Centre,D03,Habillement et chaussures,62,98.31,0.9342915811088259,5.403666773882287,97.57333333333334
2023-04-01,Diourbel,Centre,D03,Habillement et chaussures,62,99.42,1.129081476960625,4.939835338822052,98.37666666666667
2023-05-01,Diourbel,Centre,D03,Habillement et chaussures,62,100.42,1.0058338362502584,4.593271534215182,99.38333333333333
2023-06-01,Diourbel,Centre,D03,Habillement et chaussures,62,101.13,0.7070304720175224,3.9149198520345374,100.32333333333334
2023-07-01,Diourbel,Centre,D03,Habillement et chaussures,62,101.49,0.3559774547611916,3.1821878812525295,101.01333333333332
2023-08-01,Diourbel,Centre,D03,Habillement et chaussures,62,101.53,0.03941275002463662,3.086607777439343,101.38333333333333
2023-09-01,Diourbel,Centre,D03,Habillement et chaussures,62,101.59,0.05909583374372751,3.053357679042401,101.53666666666668
2023-10-01,Diourbel,Centre,D03,Habillement et chaussures,62,101.26,-0.3248351215670797,2.593718338399187,101.46
2023-11-01,Diourbel,Centre,D03,Habillement et chaussures,62,101.1,-0.15800908552242587,2.421233917536214,101.31666666666668
2023-12-01,Diourbel,Centre,D03,Habillement et chaussures,62,99.19,-1.8892185954500484,2.089337175792516,100.51666666666665
2024-01-01,Diourbel,Centre,D03,Habillement et chaussures,62,98.69,-0.5040830728904155,1.7317802288423723,99.66000000000001
2024-02-01,Diourbel,Centre,D03,Habillement et chaussures,62,99.0,0.31411490525889985,1.642710472279263,98.96
2024-03-01,Diourbel,Centre,D03,Habillement et chaussures,62,99.67,0.6767676767676756,1.3833791069067125,99.12
2024-04-01,Diourbel,Centre,D03,Habillement et chaussures,62,100.37,0.7023176482391813,0.9555421444377377,99.68
2024-05-01,Diourbel,Centre,D03,Habillement et chaussures,62,101.1,0.727308956859618,0.6771559450308606,100.38
2024-06-01,Diourbel,Centre,D03,Habillement et chaussures,62,101.55,0.4451038575667754,0.4153070305547235,101.00666666666666
2024-07-01,Diourbel,Centre,D03,Habillement et chaussures,62,101.87,0.31511570654849663,0.3744211252340257,101.50666666666666
2024-08-01,Diourbel,Centre,D03,Habillement et chaussures,62,101.96,0.08834789437517365,0.42352014183000275,101.79333333333334
2024-09-01,Diourbel,Centre,D03,Habillement et chaussures,62,101.59,-0.3628874068261956,0.0,101.80666666666667
2024-10-01,Diourbel,Centre,D03,Habillement et chaussures,62,101.44,-0.14765232798504835,0.1777602212127194,101.66333333333334
2024-11-01,Diourbel,Centre,D03,Habillement et chaussures,62,101.39,-0.04929022082018619,0.2868447082096992,101.47333333333334
2024-12-01,Diourbel,Centre,D03,Habillement et chaussures,62,99.73,-1.6372423315908824,0.5444097187216501,100.85333333333334
2025-01-01,Diourbel,Centre,D03,Habillement et chaussures,62,99.18,-0.5514890203549561,0.4965042050866453,100.10000000000001
2025-02-01,Diourbel,Centre,D03,Habillement et chaussures,62,99.78,0.6049606775559546,0.7878787878787818,99.56333333333333
2025-03-01,Diourbel,Centre,D03,Habillement et chaussures,62,100.53,0.7516536380036021,0.8628473964081396,99.83
2025-04-01,Diourbel,Centre,D03,Habillement et chaussures,62,101.09,0.5570476474684227,0.7173458204642769,100.46666666666665
2025-05-01,Diourbel,Centre,D03,Habillement et chaussures,62,102.29,1.1870610347215482,1.1770524233432278,101.30333333333334
2025-06-01,Diourbel,Centre,D03,Habillement et chaussures,62,103.01,0.7038811222993546,1.437715411127538,102.13
2025-07-01,Diourbel,Centre,D03,Habillement et chaussures,62,103.4,0.37860401902727325,1.5019142043781297,102.90000000000002
2025-08-01,Diourbel,Centre,D03,Habillement et chaussures,62,103.73,0.31914893617022155,1.7359748921145668,103.38
2025-09-01,Diourbel,Centre,D03,Habillement et chaussures,62,103.33,-0.38561650438638795,1.7127670046264365,103.48666666666668
2025-10-01,Diourbel,Centre,D03,Habillement et chaussures,62,103.31,-0.01935546307945124,1.8434542586750924,103.45666666666666
2025-11-01,Diourbel,Centre,D03,Habillement et chaussures,62,102.91,-0.3871842028845274,1.4991616530229734,103.18333333333334
2025-12-01,Diourbel,Centre,D03,Habillement et chaussures,62,101.56,-1.3118258672626504,1.8349543768173993,102.59333333333335
2026-01-01,Diourbel,Centre,D03,Habillement et chaussures,62,100.93,-0.6203229617959827,1.7644686428715417,101.80000000000001
2026-02-01,Diourbel,Centre,D03,Habillement et chaussures,62,100.3,-0.6241949866244045,0.5211465223491585,100.92999999999999
2026-03-01,Diourbel,Centre,D03,Habillement et chaussures,62,101.7,1.3958125623130702,1.1638316920322245,100.97666666666667
2026-04-01,Diourbel,Centre,D03,Habillement et chaussures,62,102.41,0.6981317600786463,1.3057671381936808,101.46999999999998
2026-05-01,Diourbel,Centre,D03,Habillement et chaussures,62,103.07,0.6444683136412444,0.7625378824909435,102.39333333333333
2018-01-01,Kaolack,Centre-Sud,D03,Habillement et chaussures,62,85.52,,,85.52
2018-02-01,Kaolack,Centre-Sud,D03,Habillement et chaussures,62,85.695,0.20463049579044768,,85.60749999999999
2018-03-01,Kaolack,Centre-Sud,D03,Habillement et chaussures,62,85.87,0.20421261450493944,,85.695
2018-04-01,Kaolack,Centre-Sud,D03,Habillement et chaussures,62,86.2,0.3843018516361818,,85.92166666666667
2018-05-01,Kaolack,Centre-Sud,D03,Habillement et chaussures,62,86.75,0.6380510440835208,,86.27333333333335
2018-06-01,Kaolack,Centre-Sud,D03,Habillement et chaussures,62,87.00999999999999,0.2997118155619427,,86.65333333333335
2018-07-01,Kaolack,Centre-Sud,D03,Habillement et chaussures,62,87.27,0.2988162280197715,,87.00999999999999
2018-08-01,Kaolack,Centre-Sud,D03,Habillement et chaussures,62,87.03,-0.2750085940185554,,87.10333333333334
2018-09-01,Kaolack,Centre-Sud,D03,Habillement et chaussures,62,86.61,-0.4825922095828994,,86.96999999999998
2018-10-01,Kaolack,Centre-Sud,D03,Habillement et chaussures,62,86.08,-0.6119385752222595,,86.57333333333334
2018-11-01,Kaolack,Centre-Sud,D03,Habillement et chaussures,62,85.55,-0.6157063197026025,,86.08
2018-12-01,Kaolack,Centre-Sud,D03,Habillement et chaussures,62,85.41,-0.16364699006429229,,85.67999999999999
2019-01-01,Kaolack,Centre-Sud,D03,Habillement et chaussures,62,85.64,0.2692893103852123,0.1403180542563165,85.53333333333335
2019-02-01,Kaolack,Centre-Sud,D03,Habillement et chaussures,62,85.87,0.268566090611877,0.20421261450493944,85.64
2019-03-01,Kaolack,Centre-Sud,D03,Habillement et chaussures,62,86.36,0.5706300221264726,0.5706300221264726,85.95666666666666
2019-04-01,Kaolack,Centre-Sud,D03,Habillement et chaussures,62,86.76,0.4631773969430375,0.6496519721577831,86.33
2019-05-01,Kaolack,Centre-Sud,D03,Habillement et chaussures,62,87.49,0.8414015675426434,0.8530259365994164,86.87
2019-06-01,Kaolack,Centre-Sud,D03,Habillement et chaussures,62,87.9,0.4686249857126734,1.0228709343753861,87.38333333333333
2019-07-01,Kaolack,Centre-Sud,D03,Habillement et chaussures,62,87.84,-0.06825938566553669,0.6531454107940871,87.74333333333334
2019-08-01,Kaolack,Centre-Sud,D03,Habillement et chaussures,62,87.7,-0.15938069216757667,0.7698494771917641,87.81333333333333
2019-09-01,Kaolack,Centre-Sud,D03,Habillement et chaussures,62,87.45,-0.2850627137970352,0.9698649116730129,87.66333333333334
2019-10-01,Kaolack,Centre-Sud,D03,Habillement et chaussures,62,86.78,-0.7661520869068017,0.8131970260223165,87.31
2019-11-01,Kaolack,Centre-Sud,D03,Habillement et chaussures,62,86.29,-0.5646462318506518,0.8649912331969656,86.84000000000002
2019-12-01,Kaolack,Centre-Sud,D03,Habillement et chaussures,62,86.2,-0.10429945532507423,0.9249502400187515,86.42333333333333
2020-01-01,Kaolack,Centre-Sud,D03,Habillement et chaussures,62,86.91,0.8236658932714525,1.4829518916394058,86.46666666666665
2020-02-01,Kaolack,Centre-Sud,D03,Habillement et chaussures,62,87.22,0.356690829593842,1.5721439385117053,86.77666666666666
2020-03-01,Kaolack,Centre-Sud,D03,Habillement et chaussures,62,87.85,0.7223113964687,1.725335803612782,87.32666666666667
2020-04-01,Kaolack,Centre-Sud,D03,Habillement et chaussures,62,88.57499999999999,0.8252703471826939,2.091977869986139,87.88166666666666
2020-05-01,Kaolack,Centre-Sud,D03,Habillement et chaussures,62,89.3,0.8185153824442626,2.0688078637558505,88.57499999999999
2020-06-01,Kaolack,Centre-Sud,D03,Habillement et chaussures,62,89.71,0.4591265397536404,2.059158134243444,89.195
2020-07-01,Kaolack,Centre-Sud,D03,Habillement et chaussures,62,89.95,0.26752870360049474,2.4020947176684793,89.65333333333332
2020-08-01,Kaolack,Centre-Sud,D03,Habillement et chaussures,62,89.65,-0.33351862145636346,2.2234891676168766,89.77
2020-09-01,Kaolack,Centre-Sud,D03,Habillement et chaussures,62,89.17,-0.5354155047406661,1.9668381932532952,89.58999999999999
2020-10-01,Kaolack,Centre-Sud,D03,Habillement et chaussures,62,88.56,-0.6840865762027581,2.05116386264117,89.12666666666667
2020-11-01,Kaolack,Centre-Sud,D03,Habillement et chaussures,62,88.1,-0.519421860885283,2.0975779348707757,88.61
2020-12-01,Kaolack,Centre-Sud,D03,Habillement et chaussures,62,87.61,-0.5561861520998801,1.6357308584686647,88.08999999999999
2021-01-01,Kaolack,Centre-Sud,D03,Habillement et chaussures,62,88.14,0.6049537724004184,1.4152571625819954,87.95
2021-02-01,Kaolack,Centre-Sud,D03,Habillement et chaussures,62,88.18,0.04538234626731974,1.1006649850951788,87.97666666666667
2021-03-01,Kaolack,Centre-Sud,D03,Habillement et chaussures,62,88.91,0.8278521206622758,1.2066021627774592,88.41000000000001
2021-04-01,Kaolack,Centre-Sud,D03,Habillement et chaussures,62,89.98,1.203464177257918,1.5862263618402705,89.02333333333333
2021-05-01,Kaolack,Centre-Sud,D03,Habillement et chaussures,62,90.33,0.38897532785062694,1.1534154535274288,89.74000000000001
2021-06-01,Kaolack,Centre-Sud,D03,Habillement et chaussures,62,90.94,0.6753016716483984,1.3710846059525217,90.41666666666667
2021-07-01,Kaolack,Centre-Sud,D03,Habillement et chaussures,62,91.02,0.08797009016934254,1.1895497498610297,90.76333333333332
2021-08-01,Kaolack,Centre-Sud,D03,Habillement et chaussures,62,91.09,0.07690617446716175,1.606246514221965,91.01666666666667
2021-09-01,Kaolack,Centre-Sud,D03,Habillement et chaussures,62,90.62,-0.5159732133055206,1.6261074352360794,90.91000000000001
2021-10-01,Kaolack,Centre-Sud,D03,Habillement et chaussures,62,90.23,-0.4303685720591477,1.8857271906052464,90.64666666666669
2021-11-01,Kaolack,Centre-Sud,D03,Habillement et chaussures,62,89.93,-0.33248365288706117,2.0771850170261175,90.25999999999999
2021-12-01,Kaolack,Centre-Sud,D03,Habillement et chaussures,62,89.43,-0.5559879906594012,2.0773884259787767,89.86333333333334
2022-01-01,Kaolack,Centre-Sud,D03,Habillement et chaussures,62,91.0,1.7555630101755426,3.2448377581120846,90.12
2022-02-01,Kaolack,Centre-Sud,D03,Habillement et chaussures,62,92.06,1.1648351648351651,4.400090723520078,90.83
2022-03-01,Kaolack,Centre-Sud,D03,Habillement et chaussures,62,93.4,1.4555724527482106,5.050050612979429,92.15333333333335
2022-04-01,Kaolack,Centre-Sud,D03,Habillement et chaussures,62,94.73,1.4239828693790146,5.278950877972877,93.39666666666666
2022-05-01,Kaolack,Centre-Sud,D03,Habillement et chaussures,62,96.62,1.9951440937401088,6.963356581423685,94.91666666666667
2022-06-01,Kaolack,Centre-Sud,D03,Habillement et chaussures,62,97.48,0.8900848685572393,7.191554871343753,96.27666666666669
2022-07-01,Kaolack,Centre-Sud,D03,Habillement et chaussures,62,98.11,0.6462864177267047,7.7894968138870535,97.40333333333332
2022-08-01,Kaolack,Centre-Sud,D03,Habillement et chaussures,62,98.38,0.27520130465803483,8.003073882972878,97.99
2022-09-01,Kaolack,Centre-Sud,D03,Habillement et chaussures,62,98.69,0.3151046960764514,8.905318914146987,98.39333333333333
2022-10-01,Kaolack,Centre-Sud,D03,Habillement et chaussures,62,98.94,0.2533184719829773,9.65310872215448,98.67
2022-11-01,Kaolack,Centre-Sud,D03,Habillement et chaussures,62,98.96,0.020214271275520446,10.04114311130877,98.86333333333333
2022-12-01,Kaolack,Centre-Sud,D03,Habillement et chaussures,62,97.43,-1.5460792239288423,8.945544000894557,98.44333333333333
2023-01-01,Kaolack,Centre-Sud,D03,Habillement et chaussures,62,97.16,-0.27712203633378785,6.769230769230772,97.84999999999998
2023-02-01,Kaolack,Centre-Sud,D03,Habillement et chaussures,62,97.45,0.29847673939893404,5.8548772539648075,97.34666666666668
2023-03-01,Kaolack,Centre-Sud,D03,Habillement et chaussures,62,98.54,1.1185223191380267,5.503211991434687,97.71666666666665
2023-04-01,Kaolack,Centre-Sud,D03,Habillement et chaussures,62,99.26,0.7306677491374147,4.782012034202476,98.41666666666667
2023-05-01,Kaolack,Centre-Sud,D03,Habillement et chaussures,62,100.22,0.9671569615152142,3.7259366590767895,99.34000000000002
2023-06-01,Kaolack,Centre-Sud,D03,Habillement et chaussures,62,101.24,1.017760925962885,3.85720147722608,100.24000000000001
2023-07-01,Kaolack,Centre-Sud,D03,Habillement et chaussures,62,101.59,0.3457131568550098,3.547039037814703,101.01666666666667
2023-08-01,Kaolack,Centre-Sud,D03,Habillement et chaussures,62,101.65,0.05906093119401046,3.3238463102256643,101.49333333333334
2023-09-01,Kaolack,Centre-Sud,D03,Habillement et chaussures,62,101.52,-0.1278898180029575,2.8675651028472915,101.58666666666666
2023-10-01,Kaolack,Centre-Sud,D03,Habillement et chaussures,62,101.34,-0.17730496453900457,2.4257125530624757,101.50333333333333
2023-11-01,Kaolack,Centre-Sud,D03,Habillement et chaussures,62,100.88,-0.4539175054272815,1.9401778496362265,101.24666666666667
2023-12-01,Kaolack,Centre-Sud,D03,Habillement et chaussures,62,99.26,-1.6058683584456723,1.878271579595614,100.49333333333334
2024-01-01,Kaolack,Centre-Sud,D03,Habillement et chaussures,62,98.4,-0.8664114446907067,1.2762453684644015,99.51333333333332
2024-02-01,Kaolack,Centre-Sud,D03,Habillement et chaussures,62,98.66,0.2642276422764045,1.2416623909697222,98.77333333333333
2024-03-01,Kaolack,Centre-Sud,D03,Habillement et chaussures,62,99.65,1.0034461787958637,1.1264461132534986,98.90333333333335
2024-04-01,Kaolack,Centre-Sud,D03,Habillement et chaussures,62,100.15,0.5017561465127995,0.8966350997380523,99.48666666666668
2024-05-01,Kaolack,Centre-Sud,D03,Habillement et chaussures,62,101.14,0.9885172241637541,0.9179804430253569,100.31333333333333
2024-06-01,Kaolack,Centre-Sud,D03,Habillement et chaussures,62,101.72,0.5734625271900384,0.474120900829722,101.00333333333333
2024-07-01,Kaolack,Centre-Sud,D03,Habillement et chaussures,62,101.72,0.0,0.1279653509203671,101.52666666666666
2024-08-01,Kaolack,Centre-Sud,D03,Habillement et chaussures,62,101.87,0.1474636256390216,0.21642892277422554,101.77
2024-09-01,Kaolack,Centre-Sud,D03,Habillement et chaussures,62,101.57,-0.29449298125062695,0.049251379038617316,101.71999999999998
2024-10-01,Kaolack,Centre-Sud,D03,Habillement et chaussures,62,101.24,-0.32489908437530746,-0.0986777185711496,101.56
2024-11-01,Kaolack,Centre-Sud,D03,Habillement et chaussures,62,101.37,0.12840774397471222,0.48572561459159225,101.39333333333333
2024-12-01,Kaolack,Centre-Sud,D03,Habillement et chaussures,62,99.6,-1.746078721515254,0.3425347572032944,100.73666666666668
2025-01-01,Kaolack,Centre-Sud,D03,Habillement et chaussures,62,99.25,-0.3514056224899531,0.8638211382113736,100.07333333333334
2025-02-01,Kaolack,Centre-Sud,D03,Habillement et chaussures,62,100.09,0.8463476070529108,1.449422258260702,99.64666666666666
2025-03-01,Kaolack,Centre-Sud,D03,Habillement et chaussures,62,100.78,0.6893795583974294,1.1339688911189194,100.04
2025-04-01,Kaolack,Centre-Sud,D03,Habillement et chaussures,62,101.47,0.6846596546933981,1.3180229655516573,100.78000000000002
2025-05-01,Kaolack,Centre-Sud,D03,Habillement et chaussures,62,102.15,0.6701488124568833,0.9986157801067819,101.46666666666665
2025-06-01,Kaolack,Centre-Sud,D03,Habillement et chaussures,62,103.14,0.9691629955947079,1.3959889893826238,102.25333333333333
2025-07-01,Kaolack,Centre-Sud,D03,Habillement et chaussures,62,103.44,0.2908667830133771,1.6909162406606448,102.91000000000001
2025-08-01,Kaolack,Centre-Sud,D03,Habillement et chaussures,62,103.53,0.08700696055685686,1.6295278295867188,103.37
2025-09-01,Kaolack,Centre-Sud,D03,Habillement et chaussures,62,103.34,-0.18352168453588114,1.7426405434675774,103.43666666666667
2025-10-01,Kaolack,Centre-Sud,D03,Habillement et chaussures,62,103.38,0.03870718018190722,2.1137890161991413,103.41666666666667
2025-11-01,Kaolack,Centre-Sud,D03,Habillement et chaussures,62,103.42,0.03869220352099578,2.022294564466809,103.38
2025-12-01,Kaolack,Centre-Sud,D03,Habillement et chaussures,62,101.88,-1.4890736801392412,2.289156626506017,102.89333333333333
2026-01-01,Kaolack,Centre-Sud,D03,Habillement et chaussures,62,99.66,-2.179034157832749,0.4130982367758218,101.65333333333335
2026-02-01,Kaolack,Centre-Sud,D03,Habillement et chaussures,62,100.24,0.5819787276740929,0.14986512139074648,100.59333333333332
2026-03-01,Kaolack,Centre-Sud,D03,Habillement et chaussures,62,101.57,1.3268156424580901,0.7838856916054793,100.49
2026-04-01,Kaolack,Centre-Sud,D03,Habillement et chaussures,62,102.63,1.0436152407206967,1.1431950330146767,101.48
2026-05-01,Kaolack,Centre-Sud,D03,Habillement et chaussures,62,103.04,0.39949332553834704,0.8712677435144478,102.41333333333334
2018-01-01,Kolda,Sud,D03,Habillement et chaussures,62,84.16,,,84.16
2018-02-01,Kolda,Sud,D03,Habillement et chaussures,62,84.34,0.21387832699619747,,84.25
2018-03-01,Kolda,Sud,D03,Habillement et chaussures,62,84.63,0.3438463362579913,,84.37666666666667
2018-04-01,Kolda,Sud,D03,Habillement et chaussures,62,85.22,0.6971523100555377,,84.73
2018-05-01,Kolda,Sud,D03,Habillement et chaussures,62,86.04,0.9622154423844176,,85.29666666666667
2018-06-01,Kolda,Sud,D03,Habillement et chaussures,62,86.17,0.15109251510925237,,85.81
2018-07-01,Kolda,Sud,D03,Habillement et chaussures,62,86.13,-0.046419867703384465,,86.11333333333334
2018-08-01,Kolda,Sud,D03,Habillement et chaussures,62,86.06,-0.08127249506558742,,86.12
2018-09-01,Kolda,Sud,D03,Habillement et chaussures,62,85.5,-0.6507088078085088,,85.89666666666666
2018-10-01,Kolda,Sud,D03,Habillement et chaussures,62,85.05,-0.5263157894736858,,85.53666666666668
2018-11-01,Kolda,Sud,D03,Habillement et chaussures,62,84.675,-0.44091710758377145,,85.075
2018-12-01,Kolda,Sud,D03,Habillement et chaussures,62,84.3,-0.44286979627989886,,84.675
2019-01-01,Kolda,Sud,D03,Habillement et chaussures,62,84.98,0.8066429418742693,0.9743346007604625,84.65166666666666
2019-02-01,Kolda,Sud,D03,Habillement et chaussures,62,84.91,-0.08237232289951546,0.6758359023002036,84.73
2019-03-01,Kolda,Sud,D03,Habillement et chaussures,62,85.36,0.529972912495591,0.862578281933124,85.08333333333333
2019-04-01,Kolda,Sud,D03,Habillement et chaussures,62,86.01,0.7614807872539986,0.9270124383947476,85.42666666666666
2019-05-01,Kolda,Sud,D03,Habillement et chaussures,62,86.13,0.13951866062085205,0.10460251046022773,85.83333333333333
2019-06-01,Kolda,Sud,D03,Habillement et chaussures,62,86.89,0.8823870892836538,0.8355576186607871,86.34333333333332
2019-07-01,Kolda,Sud,D03,Habillement et chaussures,62,86.98,0.10357923811716852,0.9868802972251345,86.66666666666667
2019-08-01,Kolda,Sud,D03,Habillement et chaussures,62,87.01,0.034490687514376894,1.103881013246566,86.96
2019-09-01,Kolda,Sud,D03,Habillement et chaussures,62,86.53,-0.5516607286518815,1.2046783625730972,86.84000000000002
2019-10-01,Kolda,Sud,D03,Habillement et chaussures,62,85.72,-0.9360915289495009,0.7877718988830162,86.42
2019-11-01,Kolda,Sud,D03,Habillement et chaussures,62,85.5,-0.25664955669622014,0.9743135518157642,85.91666666666667
2019-12-01,Kolda,Sud,D03,Habillement et chaussures,62,84.94,-0.6549707602339194,0.7591933570581189,85.38666666666666
2020-01-01,Kolda,Sud,D03,Habillement et chaussures,62,85.67,0.8594301860136655,0.811955754295135,85.37
2020-02-01,Kolda,Sud,D03,Habillement et chaussures,62,86.18,0.595307575580728,1.4957013308208866,85.59666666666668
2020-03-01,Kolda,Sud,D03,Habillement et chaussures,62,86.75,0.6614063587839336,1.6283973758200565,86.2
2020-04-01,Kolda,Sud,D03,Habillement et chaussures,62,87.74,1.1412103746397673,2.0113940239506967,86.89
2020-05-01,Kolda,Sud,D03,Habillement et chaussures,62,88.33,0.6724413038522892,2.5542784163473886,87.60666666666667
2020-06-01,Kolda,Sud,D03,Habillement et chaussures,62,88.89,0.6339861881580422,2.3017608470479844,88.32
2020-07-01,Kolda,Sud,D03,Habillement et chaussures,62,89.15,0.29249634379571177,2.49482639687284,88.79
2020-08-01,Kolda,Sud,D03,Habillement et chaussures,62,88.95,-0.22434099831744048,2.2296287783013513,88.99666666666667
2020-09-01,Kolda,Sud,D03,Habillement et chaussures,62,88.43,-0.5845980888139368,2.1957702530914114,88.84333333333335
2020-10-01,Kolda,Sud,D03,Habillement et chaussures,62,87.9,-0.5993441139884648,2.543163789080727,88.42666666666666
2020-11-01,Kolda,Sud,D03,Habillement et chaussures,62,87.21,-0.7849829351535997,2.0000000000000018,87.84666666666668
2020-12-01,Kolda,Sud,D03,Habillement et chaussures,62,86.72,-0.5618621717692895,2.0955968919237122,87.27666666666666
2021-01-01,Kolda,Sud,D03,Habillement et chaussures,62,87.27,0.6342250922509285,1.867631609664988,87.06666666666666
2021-02-01,Kolda,Sud,D03,Habillement et chaussures,62,87.48,0.24063251976624844,1.5084706428405648,87.15666666666668
2021-03-01,Kolda,Sud,D03,Habillement et chaussures,62,88.14,0.7544581618655677,1.6023054755043287,87.63
2021-04-01,Kolda,Sud,D03,Habillement et chaussures,62,89.15,1.145904243249385,1.6070207431046368,88.25666666666666
2021-05-01,Kolda,Sud,D03,Habillement et chaussures,62,89.9,0.841278743690399,1.7774255632288183,89.06333333333333
2021-06-01,Kolda,Sud,D03,Habillement et chaussures,62,90.28,0.42269187986652135,1.5637304533693275,89.77666666666669
2021-07-01,Kolda,Sud,D03,Habillement et chaussures,62,90.4,0.13291980505096834,1.4021312394840058,90.19333333333334
2021-08-01,Kolda,Sud,D03,Habillement et chaussures,62,90.56,0.1769911504424737,1.8100056211354687,90.41333333333334
2021-09-01,Kolda,Sud,D03,Habillement et chaussures,62,90.11,-0.4969081272084841,1.899807757548344,90.35666666666667
2021-10-01,Kolda,Sud,D03,Habillement et chaussures,62,89.55,-0.6214626567528581,1.8771331058020424,90.07333333333334
2021-11-01,Kolda,Sud,D03,Habillement et chaussures,62,88.99,-0.6253489670575152,2.041050338263961,89.55
2021-12-01,Kolda,Sud,D03,Habillement et chaussures,62,88.77,-0.24721878862793423,2.363929889298899,89.10333333333331
2022-01-01,Kolda,Sud,D03,Habillement et chaussures,62,90.18,1.5883744508280007,3.3344792024750936,89.31333333333333
2022-02-01,Kolda,Sud,D03,Habillement et chaussures,62,91.24,1.175426923929912,4.298125285779597,90.06333333333333
2022-03-01,Kolda,Sud,D03,Habillement et chaussures,62,92.75,1.6549758877685283,5.230315407306563,91.39
2022-04-01,Kolda,Sud,D03,Habillement et chaussures,62,94.34,1.7142857142857126,5.821648906337629,92.77666666666666
2022-05-01,Kolda,Sud,D03,Habillement et chaussures,62,95.8,1.5475938096247477,6.562847608453826,94.29666666666667
2022-06-01,Kolda,Sud,D03,Habillement et chaussures,62,97.25,1.51356993736953,7.720425343376158,95.79666666666667
2022-07-01,Kolda,Sud,D03,Habillement et chaussures,62,98.1,0.8740359897172256,8.51769911504423,97.05
2022-08-01,Kolda,Sud,D03,Habillement et chaussures,62,98.54,0.4485219164118259,8.811837455830386,97.96333333333332
2022-09-01,Kolda,Sud,D03,Habillement et chaussures,62,98.56,0.020296326364932504,9.37742758850295,98.39999999999999
2022-10-01,Kolda,Sud,D03,Habillement et chaussures,62,98.75,0.19277597402598268,10.273590173087666,98.61666666666667
2022-11-01,Kolda,Sud,D03,Habillement et chaussures,62,98.62,-0.13164556962025342,10.821440611304656,98.64333333333333
2022-12-01,Kolda,Sud,D03,Habillement et chaussures,62,96.82,-1.8251875887244084,9.068378956854794,98.06333333333333
2023-01-01,Kolda,Sud,D03,Habillement et chaussures,62,96.92,0.10328444536253922,7.473941006875129,97.45333333333333
2023-02-01,Kolda,Sud,D03,Habillement et chaussures,62,97.47,0.5674783326454769,6.828145550197284,97.07
2023-03-01,Kolda,Sud,D03,Habillement et chaussures,62,98.74,1.3029650148763672,6.458221024258748,97.71
2023-04-01,Kolda,Sud,D03,Habillement et chaussures,62,99.66,0.9317399230301726,5.639177443290211,98.62333333333333
2023-05-01,Kolda,Sud,D03,Habillement et chaussures,62,100.58,0.923138671483037,4.989561586638835,99.66000000000001
2023-06-01,Kolda,Sud,D03,Habillement et chaussures,62,101.34,0.7556174189699894,4.205655526992302,100.52666666666666
2023-07-01,Kolda,Sud,D03,Habillement et chaussures,62,101.65,0.305900927570546,3.618756371049958,101.19000000000001
2023-08-01,Kolda,Sud,D03,Habillement et chaussures,62,101.47,-0.17707820954255826,2.9734118124619346,101.48666666666668
2023-09-01,Kolda,Sud,D03,Habillement et chaussures,62,101.29,-0.17739233270916976,2.7698863636363757,101.47000000000001
2023-10-01,Kolda,Sud,D03,Habillement et chaussures,62,101.23,-0.059235857439043915,2.511392405063284,101.33
2023-11-01,Kolda,Sud,D03,Habillement et chaussures,62,101.1,-0.12842042872667214,2.5147029000202714,101.20666666666666
2023-12-01,Kolda,Sud,D03,Habillement et chaussures,62,98.91,-2.1661721068249262,2.1586449080768455,100.41333333333334
2024-01-01,Kolda,Sud,D03,Habillement et chaussures,62,98.43,-0.4852896572641652,1.5579859678085173,99.48
2024-02-01,Kolda,Sud,D03,Habillement et chaussures,62,98.84,0.4165396728639692,1.40556068533908,98.72666666666667
2024-03-01,Kolda,Sud,D03,Habillement et chaussures,62,99.48,0.6475111290975333,0.7494429815677606,98.91666666666667
2024-04-01,Kolda,Sud,D03,Habillement et chaussures,62,100.19,0.7137112987535055,0.5318081477021952,99.50333333333333
2024-05-01,Kolda,Sud,D03,Habillement et chaussures,62,101.03,0.8384070266493682,0.44740505070590686,100.23333333333333
2024-06-01,Kolda,Sud,D03,Habillement et chaussures,62,101.94,0.9007225576561417,0.5920663114268754,101.05333333333333
2024-07-01,Kolda,Sud,D03,Habillement et chaussures,62,102.06,0.11771630370807085,0.40334481062469507,101.67666666666666
2024-08-01,Kolda,Sud,D03,Habillement et chaussures,62,101.83,-0.22535763276504417,0.35478466541833953,101.94333333333334
2024-09-01,Kolda,Sud,D03,Habillement et chaussures,62,101.79,-0.03928115486594441,0.49363214532529565,101.89333333333333
2024-10-01,Kolda,Sud,D03,Habillement et chaussures,62,101.63,-0.15718636408292852,0.39513978069740663,101.75
2024-11-01,Kolda,Sud,D03,Habillement et chaussures,62,101.34,-0.2853488143264693,0.2373887240356254,101.58666666666666
2024-12-01,Kolda,Sud,D03,Habillement et chaussures,62,100.375,-0.952239984211567,1.4811444747750535,101.115
2025-01-01,Kolda,Sud,D03,Habillement et chaussures,62,99.41,-0.9613947696139546,0.995631413187037,100.375
2025-02-01,Kolda,Sud,D03,Habillement et chaussures,62,99.72,0.31183985514535717,0.8903278025091055,99.835
2025-03-01,Kolda,Sud,D03,Habillement et chaussures,62,100.41,0.6919374247894128,0.9348612786489685,99.84666666666668
2025-04-01,Kolda,Sud,D03,Habillement et chaussures,62,101.455,1.0407329947216493,1.2626010579898095,100.52833333333332
2025-05-01,Kolda,Sud,D03,Habillement et chaussures,62,102.5,1.030013306392008,1.4550133623676187,101.455
2025-06-01,Kolda,Sud,D03,Habillement et chaussures,62,102.93,0.4195121951219516,0.9711595055915234,102.295
2025-07-01,Kolda,Sud,D03,Habillement et chaussures,62,103.64,0.6897891771106446,1.5481089555163585,103.02333333333333
2025-08-01,Kolda,Sud,D03,Habillement et chaussures,62,103.87,0.22192203782323006,2.00333889816362,103.48
2025-09-01,Kolda,Sud,D03,Habillement et chaussures,62,103.82,-0.048137094444988815,1.9943019943019724,103.77666666666666
2025-10-01,Kolda,Sud,D03,Habillement et chaussures,62,104.01,0.18300905413215496,2.3418282003345503,103.90000000000002
2025-11-01,Kolda,Sud,D03,Habillement et chaussures,62,103.73,-0.2692048841457573,2.3583974738504043,103.85333333333334
2025-12-01,Kolda,Sud,D03,Habillement et chaussures,62,101.96,-1.7063530319097797,1.5790784557907722,103.23333333333335
2026-01-01,Kolda,Sud,D03,Habillement et chaussures,62,99.98,-1.9419380149077958,0.5733829594608331,101.89
2026-02-01,Kolda,Sud,D03,Habillement et chaussures,62,100.52,0.540108021604313,0.8022462896108973,100.82
2026-03-01,Kolda,Sud,D03,Habillement et chaussures,62,101.66,1.1341026661360942,1.2448959267005177,100.71999999999998
2026-04-01,Kolda,Sud,D03,Habillement et chaussures,62,102.58,0.9049773755656076,1.1088659997043004,101.58666666666666
2026-05-01,Kolda,Sud,D03,Habillement et chaussures,62,103.17,0.5751608500682348,0.6536585365853664,102.46999999999998
2018-01-01,Saint-Louis,Nord,D03,Habillement et chaussures,62,85.61,,,85.61
2018-02-01,Saint-Louis,Nord,D03,Habillement et chaussures,62,85.7,0.10512790561849616,,85.655
2018-03-01,Saint-Louis,Nord,D03,Habillement et chaussures,62,85.96,0.30338389731621174,,85.75666666666666
2018-04-01,Saint-Louis,Nord,D03,Habillement et chaussures,62,86.46,0.5816658911121486,,86.04
2018-05-01,Saint-Louis,Nord,D03,Habillement et chaussures,62,86.9,0.5089058524173184,,86.44
2018-06-01,Saint-Louis,Nord,D03,Habillement et chaussures,62,87.62,0.8285385500575337,,86.99333333333334
2018-07-01,Saint-Louis,Nord,D03,Habillement et chaussures,62,87.43,-0.2168454690709809,,87.31666666666668
2018-08-01,Saint-Louis,Nord,D03,Habillement et chaussures,62,87.16,-0.3088184833581309,,87.40333333333335
2018-09-01,Saint-Louis,Nord,D03,Habillement et chaussures,62,86.92,-0.2753556677374869,,87.17
2018-10-01,Saint-Louis,Nord,D03,Habillement et chaussures,62,86.24,-0.7823285780027667,,86.77333333333333
2018-11-01,Saint-Louis,Nord,D03,Habillement et chaussures,62,86.1,-0.16233766233766378,,86.42
2018-12-01,Saint-Louis,Nord,D03,Habillement et chaussures,62,85.5,-0.6968641114982521,,85.94666666666666
2019-01-01,Saint-Louis,Nord,D03,Habillement et chaussures,62,86.03,0.6198830409356759,0.49059689288635244,85.87666666666667
2019-02-01,Saint-Louis,Nord,D03,Habillement et chaussures,62,86.28,0.29059630361500943,0.6767794632438706,85.93666666666667
2019-03-01,Saint-Louis,Nord,D03,Habillement et chaussures,62,86.59,0.359295317570707,0.7328990228013144,86.3
2019-04-01,Saint-Louis,Nord,D03,Habillement et chaussures,62,87.07,0.5543365284674806,0.7055285681239809,86.64666666666666
2019-05-01,Saint-Louis,Nord,D03,Habillement et chaussures,62,87.56,0.5627655909038909,0.75949367088608,87.07333333333334
2019-06-01,Saint-Louis,Nord,D03,Habillement et chaussures,62,87.91,0.39972590223846804,0.3309746633188615,87.51333333333332
2019-07-01,Saint-Louis,Nord,D03,Habillement et chaussures,62,87.96,0.056876350813328536,0.6061992451103615,87.81
2019-08-01,Saint-Louis,Nord,D03,Habillement et chaussures,62,87.82,-0.159163256025463,0.7572280862780945,87.89666666666666
2019-09-01,Saint-Louis,Nord,D03,Habillement et chaussures,62,87.69,-0.14803006148940145,0.8858720662678232,87.82333333333332
2019-10-01,Saint-Louis,Nord,D03,Habillement et chaussures,62,86.99,-0.7982666210514355,0.869666048237483,87.5
2019-11-01,Saint-Louis,Nord,D03,Habillement et chaussures,62,86.42,-0.6552477296240866,0.3716608594657389,87.03333333333335
2019-12-01,Saint-Louis,Nord,D03,Habillement et chaussures,62,86.12,-0.3471418653089531,0.7251461988304175,86.51
2020-01-01,Saint-Louis,Nord,D03,Habillement et chaussures,62,87.07,1.103111936832324,1.2088806230384552,86.53666666666668
2020-02-01,Saint-Louis,Nord,D03,Habillement et chaussures,62,87.36,0.3330653497186198,1.2517385257301727,86.84999999999998
2020-03-01,Saint-Louis,Nord,D03,Habillement et chaussures,62,87.92,0.6410256410256387,1.5359741309620034,87.44999999999999
2020-04-01,Saint-Louis,Nord,D03,Habillement et chaussures,62,88.51,0.6710646041856227,1.6538417365338454,87.92999999999999
2020-05-01,Saint-Louis,Nord,D03,Habillement et chaussures,62,89.3,0.8925545136142743,1.9872087711283681,88.57666666666667
2020-06-01,Saint-Louis,Nord,D03,Habillement et chaussures,62,89.67,0.4143337066069508,2.0020475486292932,89.16000000000001
2020-07-01,Saint-Louis,Nord,D03,Habillement et chaussures,62,89.87,0.22304003568640596,2.171441564347454,89.61333333333334
2020-08-01,Saint-Louis,Nord,D03,Habillement et chaussures,62,89.83,-0.044508734839221464,2.2887724891824224,89.79
2020-09-01,Saint-Louis,Nord,D03,Habillement et chaussures,62,89.38,-0.5009462317711266,1.9272436993955866,89.69333333333333
2020-10-01,Saint-Louis,Nord,D03,Habillement et chaussures,62,88.57,-0.9062430073841998,1.8163007242211648,89.25999999999999
2020-11-01,Saint-Louis,Nord,D03,Habillement et chaussures,62,88.05,-0.5871062436490826,1.8861374681786502,88.66666666666667
2020-12-01,Saint-Louis,Nord,D03,Habillement et chaussures,62,87.79,-0.2952867688813088,1.9391546679052407,88.13666666666667
2021-01-01,Saint-Louis,Nord,D03,Habillement et chaussures,62,88.37,0.6606675019933839,1.4930515677041623,88.07000000000001
2021-02-01,Saint-Louis,Nord,D03,Habillement et chaussures,62,88.25,-0.13579268982687465,1.0187728937729013,88.13666666666667
2021-03-01,Saint-Louis,Nord,D03,Habillement et chaussures,62,89.13,0.9971671388101955,1.3762511373976327,88.58333333333333
2021-04-01,Saint-Louis,Nord,D03,Habillement et chaussures,62,89.62,0.549758779311138,1.2540955824200672,89.0
2021-05-01,Saint-Louis,Nord,D03,Habillement et chaussures,62,90.42,0.892657888864079,1.2541993281075081,89.72333333333331
2021-06-01,Saint-Louis,Nord,D03,Habillement et chaussures,62,91.01,0.6525105065251058,1.49436823909892,90.35000000000001
2021-07-01,Saint-Louis,Nord,D03,Habillement et chaussures,62,91.17,0.1758048566091519,1.4465338822744034,90.86666666666667
2021-08-01,Saint-Louis,Nord,D03,Habillement et chaussures,62,91.06,-0.12065372381265815,1.3692530335077446,91.08
2021-09-01,Saint-Louis,Nord,D03,Habillement et chaussures,62,90.81,-0.27454425653414827,1.5999104945177978,91.01333333333334
2021-10-01,Saint-Louis,Nord,D03,Habillement et chaussures,62,90.28,-0.583636163418122,1.9306763012306716,90.71666666666665
2021-11-01,Saint-Louis,Nord,D03,Habillement et chaussures,62,89.72,-0.6202924235711116,1.8966496308915337,90.27
2021-12-01,Saint-Louis,Nord,D03,Habillement et chaussures,62,89.73,0.011145786892563514,2.20981888597791,89.91000000000001
2022-01-01,Saint-Louis,Nord,D03,Habillement et chaussures,62,91.08,1.5045135406218657,3.0666515785900073,90.17666666666666
2022-02-01,Saint-Louis,Nord,D03,Habillement et chaussures,62,92.14,1.163812033377254,4.40793201133145,90.98333333333333
2022-03-01,Saint-Louis,Nord,D03,Habillement et chaussures,62,93.1,1.0418927718688797,4.454168069112541,92.10666666666667
2022-04-01,Saint-Louis,Nord,D03,Habillement et chaussures,62,94.8,1.8259935553168738,5.779959830394987,93.34666666666665
2022-05-01,Saint-Louis,Nord,D03,Habillement et chaussures,62,96.29,1.571729957805923,6.491926564919281,94.73
2022-06-01,Saint-Louis,Nord,D03,Habillement et chaussures,62,97.2,0.9450617925018223,6.801450390067032,96.09666666666665
2022-07-01,Saint-Louis,Nord,D03,Habillement et chaussures,62,98.08,0.9053497942386857,7.57924755950421,97.19
2022-08-01,Saint-Louis,Nord,D03,Habillement et chaussures,62,98.5,0.42822185970636806,8.170437074456395,97.92666666666666
2022-09-01,Saint-Louis,Nord,D03,Habillement et chaussures,62,98.98,0.4873096446700531,8.996806519105839,98.52
2022-10-01,Saint-Louis,Nord,D03,Habillement et chaussures,62,99.03,0.050515255607197496,9.69206911829863,98.83666666666666
2022-11-01,Saint-Louis,Nord,D03,Habillement et chaussures,62,98.48,-0.5553872563869522,9.763709317877844,98.83
2022-12-01,Saint-Louis,Nord,D03,Habillement et chaussures,62,97.6,-0.8935824532900205,8.770756714588202,98.37
2023-01-01,Saint-Louis,Nord,D03,Habillement et chaussures,62,97.69999999999999,0.10245901639343025,7.268335529205094,97.92666666666666
2023-02-01,Saint-Louis,Nord,D03,Habillement et chaussures,62,97.8,0.10235414534289777,6.142826134143697,97.69999999999999
2023-03-01,Saint-Louis,Nord,D03,Habillement et chaussures,62,98.63,0.8486707566462082,5.939849624060156,98.04333333333334
2023-04-01,Saint-Louis,Nord,D03,Habillement et chaussures,62,99.3,0.6793064990368025,4.746835443037978,98.57666666666667
2023-05-01,Saint-Louis,Nord,D03,Habillement et chaussures,62,100.51,1.2185297079557067,4.382594246546878,99.48
2023-06-01,Saint-Louis,Nord,D03,Habillement et chaussures,62,101.18,0.666600338274792,4.094650205761319,100.33
2023-07-01,Saint-Louis,Nord,D03,Habillement et chaussures,62,101.58,0.39533504645186124,3.5685154975530153,101.08999999999999
2023-08-01,Saint-Louis,Nord,D03,Habillement et chaussures,62,101.53,-0.0492222878519355,3.0761421319796867,101.43
2023-09-01,Saint-Louis,Nord,D03,Habillement et chaussures,62,101.61,0.07879444499163668,2.657102444938375,101.57333333333334
2023-10-01,Saint-Louis,Nord,D03,Habillement et chaussures,62,101.26,-0.3444542859954658,2.251842875896193,101.46666666666668
2023-11-01,Saint-Louis,Nord,D03,Habillement et chaussures,62,100.99,-0.2666403318190902,2.5487408610885387,101.28666666666668
2023-12-01,Saint-Louis,Nord,D03,Habillement et chaussures,62,99.45,-1.5249034557876961,1.8954918032787038,100.56666666666666
2024-01-01,Saint-Louis,Nord,D03,Habillement et chaussures,62,98.72,-0.7340372046254484,1.0440122824974418,99.72000000000001
2024-02-01,Saint-Louis,Nord,D03,Habillement et chaussures,62,99.07,0.35453808752026195,1.2985685071574604,99.08
2024-03-01,Saint-Louis,Nord,D03,Habillement et chaussures,62,99.45,0.3835671747249414,0.831390043597291,99.08
2024-04-01,Saint-Louis,Nord,D03,Habillement et chaussures,62,100.11,0.6636500754147789,0.8157099697885251,99.54333333333334
2024-05-01,Saint-Louis,Nord,D03,Habillement et chaussures,62,100.91,0.799120966936373,0.39797035120883173,100.15666666666665
2024-06-01,Saint-Louis,Nord,D03,Habillement et chaussures,62,101.44,0.525220493509071,0.2569677801937065,100.82
2024-07-01,Saint-Louis,Nord,D03,Habillement et chaussures,62,101.92,0.4731861198738141,0.3347115573931969,101.42333333333333
2024-08-01,Saint-Louis,Nord,D03,Habillement et chaussures,62,101.91,-0.009811616954480407,0.3742736137102298,101.75666666666666
2024-09-01,Saint-Louis,Nord,D03,Habillement et chaussures,62,101.63,-0.2747522323618856,0.019683102056888835,101.82000000000001
2024-10-01,Saint-Louis,Nord,D03,Habillement et chaussures,62,101.72,0.0885565285840828,0.4542761208769397,101.75333333333333
2024-11-01,Saint-Louis,Nord,D03,Habillement et chaussures,62,101.55,-0.16712544239088079,0.5545103475591562,101.63333333333333
2024-12-01,Saint-Louis,Nord,D03,Habillement et chaussures,62,99.71,-1.8119153126538667,0.2614379084967311,100.99333333333334
2025-01-01,Saint-Louis,Nord,D03,Habillement et chaussures,62,99.2,-0.5114833015745557,0.4862236628849326,100.15333333333332
2025-02-01,Saint-Louis,Nord,D03,Habillement et chaussures,62,100.03,0.8366935483870908,0.9690118098314437,99.64666666666666
2025-03-01,Saint-Louis,Nord,D03,Habillement et chaussures,62,100.52,0.4898530440867743,1.075917546505778,99.91666666666667
2025-04-01,Saint-Louis,Nord,D03,Habillement et chaussures,62,101.42,0.8953442101074405,1.3085605833583092,100.65666666666668
2025-05-01,Saint-Louis,Nord,D03,Habillement et chaussures,62,102.23,0.7986590416091621,1.3080963234565424,101.38999999999999
2025-06-01,Saint-Louis,Nord,D03,Habillement et chaussures,62,102.84,0.5966937298248931,1.3801261829653022,102.16333333333334
2025-07-01,Saint-Louis,Nord,D03,Habillement et chaussures,62,103.13,0.2819914430182813,1.187205651491352,102.73333333333333
2025-08-01,Saint-Louis,Nord,D03,Habillement et chaussures,62,103.54,0.3975564821099731,1.5994504955352928,103.17
2025-09-01,Saint-Louis,Nord,D03,Habillement et chaussures,62,103.33,-0.20282016611937737,1.6727344288103962,103.33333333333333
2025-10-01,Saint-Louis,Nord,D03,Habillement et chaussures,62,103.84,0.49356430852609545,2.084152575698006,103.57000000000001
2025-11-01,Saint-Louis,Nord,D03,Habillement et chaussures,62,103.08,-0.7318952234206533,1.5066469719350106,103.41666666666667
2025-12-01,Saint-Louis,Nord,D03,Habillement et chaussures,62,101.41,-1.6201008925106675,1.7049443385818819,102.77666666666666
2026-01-01,Saint-Louis,Nord,D03,Habillement et chaussures,62,99.67,-1.715807119613444,0.47379032258063614,101.38666666666666
2026-02-01,Saint-Louis,Nord,D03,Habillement et chaussures,62,100.6,0.9330791612320644,0.5698290512845983,100.56
2026-03-01,Saint-Louis,Nord,D03,Habillement et chaussures,62,101.51,0.9045725646123381,0.9848786311182023,100.59333333333332
2026-04-01,Saint-Louis,Nord,D03,Habillement et chaussures,62,102.32,0.7979509407940011,0.8873989351212641,101.47666666666667
2026-05-01,Saint-Louis,Nord,D03,Habillement et chaussures,62,102.71,0.381157154026579,0.469529492321219,102.17999999999999
2018-01-01,Thiès,Centre-Ouest,D03,Habillement et chaussures,62,86.01,,,86.01
2018-02-01,Thiès,Centre-Ouest,D03,Habillement et chaussures,62,86.03,0.02325311010347164,,86.02000000000001
2018-03-01,Thiès,Centre-Ouest,D03,Habillement et chaussures,62,86.35,0.37196326862720674,,86.13
2018-04-01,Thiès,Centre-Ouest,D03,Habillement et chaussures,62,86.9,0.6369426751592577,,86.42666666666668
2018-05-01,Thiès,Centre-Ouest,D03,Habillement et chaussures,62,87.23,0.37974683544304,,86.82666666666667
2018-06-01,Thiès,Centre-Ouest,D03,Habillement et chaussures,62,87.5,0.3095265390347324,,87.21
2018-07-01,Thiès,Centre-Ouest,D03,Habillement et chaussures,62,87.6,0.11428571428571122,,87.44333333333333
2018-08-01,Thiès,Centre-Ouest,D03,Habillement et chaussures,62,87.51,-0.1027397260273899,,87.53666666666668
2018-09-01,Thiès,Centre-Ouest,D03,Habillement et chaussures,62,87.09,-0.47994514912581554,,87.39999999999999
2018-10-01,Thiès,Centre-Ouest,D03,Habillement et chaussures,62,86.79,-0.3444712366517333,,87.13
2018-11-01,Thiès,Centre-Ouest,D03,Habillement et chaussures,62,86.41,-0.43783846065216236,,86.76333333333334
2018-12-01,Thiès,Centre-Ouest,D03,Habillement et chaussures,62,85.8,-0.7059368128688792,,86.33333333333333
2019-01-01,Thiès,Centre-Ouest,D03,Habillement et chaussures,62,86.38,0.6759906759906675,0.430182536914292,86.19666666666666
2019-02-01,Thiès,Centre-Ouest,D03,Habillement et chaussures,62,86.51,0.1504978004167823,0.5579449029408323,86.23
2019-03-01,Thiès,Centre-Ouest,D03,Habillement et chaussures,62,86.97,0.5317304357877584,0.7180081065431443,86.62
2019-04-01,Thiès,Centre-Ouest,D03,Habillement et chaussures,62,87.43,0.5289180177072694,0.609896432681234,86.96999999999998
2019-05-01,Thiès,Centre-Ouest,D03,Habillement et chaussures,62,87.73,0.3431316481756763,0.573197294508776,87.37666666666667
2019-06-01,Thiès,Centre-Ouest,D03,Habillement et chaussures,62,88.1,0.4217485466772919,0.6857142857142895,87.75333333333333
2019-07-01,Thiès,Centre-Ouest,D03,Habillement et chaussures,62,88.39,0.3291713961407483,0.9018264840182644,88.07333333333334
2019-08-01,Thiès,Centre-Ouest,D03,Habillement et chaussures,62,88.37,-0.022626994003838163,0.9827448291623853,88.28666666666668
2019-09-01,Thiès,Centre-Ouest,D03,Habillement et chaussures,62,87.57,-0.9052845988457792,0.5511539786427821,88.11000000000001
2019-10-01,Thiès,Centre-Ouest,D03,Habillement et chaussures,62,87.43,-0.15987210231812599,0.7374121442562442,87.79
2019-11-01,Thiès,Centre-Ouest,D03,Habillement et chaussures,62,87.07,-0.4117579778108338,0.7638004860548442,87.35666666666667
2019-12-01,Thiès,Centre-Ouest,D03,Habillement et chaussures,62,86.57,-0.5742506029631333,0.8974358974358942,87.02333333333333
2020-01-01,Thiès,Centre-Ouest,D03,Habillement et chaussures,62,87.38,0.9356590042739921,1.1576753878212553,87.00666666666666
2020-02-01,Thiès,Centre-Ouest,D03,Habillement et chaussures,62,87.55,0.1945525291828787,1.2021731591723483,87.16666666666667
2020-03-01,Thiès,Centre-Ouest,D03,Habillement et chaussures,62,88.18,0.719588806396354,1.3912843509256145,87.70333333333333
2020-04-01,Thiès,Centre-Ouest,D03,Habillement et chaussures,62,88.66,0.5443411204354653,1.406839757520295,88.13
2020-05-01,Thiès,Centre-Ouest,D03,Habillement et chaussures,62,89.22,0.631626438078059,1.6983927960788625,88.68666666666667
2020-06-01,Thiès,Centre-Ouest,D03,Habillement et chaussures,62,90.18,1.075991930060538,2.360953461975046,89.35333333333334
2020-07-01,Thiès,Centre-Ouest,D03,Habillement et chaussures,62,90.07,-0.12197826569085857,1.900667496323094,89.82333333333334
2020-08-01,Thiès,Centre-Ouest,D03,Habillement et chaussures,62,89.94,-0.14433218607748932,1.7766210252347925,90.06333333333333
2020-09-01,Thiès,Centre-Ouest,D03,Habillement et chaussures,62,89.39,-0.6115187903046437,2.078337330135893,89.8
2020-10-01,Thiès,Centre-Ouest,D03,Habillement et chaussures,62,88.85,-0.6040944177201135,1.6241564680315568,89.39333333333332
2020-11-01,Thiès,Centre-Ouest,D03,Habillement et chaussures,62,88.48,-0.41643218908271606,1.6193867003560403,88.90666666666665
2020-12-01,Thiès,Centre-Ouest,D03,Habillement et chaussures,62,88.03,-0.5085895117540762,1.6864964768395607,88.45333333333333
2021-01-01,Thiès,Centre-Ouest,D03,Habillement et chaussures,62,88.54,0.5793479495626475,1.3275349050126062,88.35000000000001
2021-02-01,Thiès,Centre-Ouest,D03,Habillement et chaussures,62,88.9,0.40659588886378106,1.5419760137064698,88.49000000000001
2021-03-01,Thiès,Centre-Ouest,D03,Habillement et chaussures,62,89.45,0.618672665916753,1.4402358811521854,88.96333333333335
2021-04-01,Thiès,Centre-Ouest,D03,Habillement et chaussures,62,90.14,0.7713806595863515,1.6692984434919955,89.49666666666667
2021-05-01,Thiès,Centre-Ouest,D03,Habillement et chaussures,62,91.0,0.9540714444197906,1.9950683703205518,90.19666666666667
2021-06-01,Thiès,Centre-Ouest,D03,Habillement et chaussures,62,91.18,0.19780219780221042,1.108893324462179,90.77333333333335
2021-07-01,Thiès,Centre-Ouest,D03,Habillement et chaussures,62,91.48,0.3290195218249581,1.5654490951482192,91.22000000000001
2021-08-01,Thiès,Centre-Ouest,D03,Habillement et chaussures,62,91.55,0.07651945780497993,1.7900822770736013,91.40333333333335
2021-09-01,Thiès,Centre-Ouest,D03,Habillement et chaussures,62,91.25,-0.3276897870016393,2.0807696610359194,91.42666666666666
2021-10-01,Thiès,Centre-Ouest,D03,Habillement et chaussures,62,90.44,-0.8876712328767189,1.789532920652781,91.08
2021-11-01,Thiès,Centre-Ouest,D03,Habillement et chaussures,62,90.16,-0.3095975232198178,1.8987341772151778,90.61666666666667
2021-12-01,Thiès,Centre-Ouest,D03,Habillement et chaussures,62,90.11,-0.05545696539485112,2.3628308531182585,90.23666666666666
2022-01-01,Thiès,Centre-Ouest,D03,Habillement et chaussures,62,91.31,1.3317056930418403,3.128529478201947,90.52666666666666
2022-02-01,Thiès,Centre-Ouest,D03,Habillement et chaussures,62,92.28,1.062315190012053,3.8020247469066293,91.23333333333333
2022-03-01,Thiès,Centre-Ouest,D03,Habillement et chaussures,62,93.48,1.3003901170351106,4.505310229178305,92.35666666666667
2022-04-01,Thiès,Centre-Ouest,D03,Habillement et chaussures,62,94.85,1.4655541292254881,5.22520523629908,93.53666666666668
2022-05-01,Thiès,Centre-Ouest,D03,Habillement et chaussures,62,96.34,1.570901423299964,5.868131868131865,94.89
2022-06-01,Thiès,Centre-Ouest,D03,Habillement et chaussures,62,97.39,1.089889973012248,6.810704101776688,96.19333333333333
2022-07-01,Thiès,Centre-Ouest,D03,Habillement et chaussures,62,98.13,0.7598316048875509,7.269348491473537,97.28666666666668
2022-08-01,Thiès,Centre-Ouest,D03,Habillement et chaussures,62,98.58,0.45857535921736137,7.678864008738406,98.03333333333335
2022-09-01,Thiès,Centre-Ouest,D03,Habillement et chaussures,62,98.65,0.0710083181172827,8.109589041095887,98.45333333333333
2022-10-01,Thiès,Centre-Ouest,D03,Habillement et chaussures,62,98.86,0.21287379624936875,9.310039805395842,98.69666666666667
2022-11-01,Thiès,Centre-Ouest,D03,Habillement et chaussures,62,99.19,0.3338053813473518,10.015527950310554,98.89999999999999
2022-12-01,Thiès,Centre-Ouest,D03,Habillement et chaussures,62,97.06,-2.1473938905131496,7.712795472200651,98.37
2023-01-01,Thiès,Centre-Ouest,D03,Habillement et chaussures,62,97.21,0.15454358128992318,6.4615047639907885,97.82
2023-02-01,Thiès,Centre-Ouest,D03,Habillement et chaussures,62,97.61,0.4114803003806289,5.775899436497611,97.29333333333334
2023-03-01,Thiès,Centre-Ouest,D03,Habillement et chaussures,62,98.61,1.0244851961889179,5.487804878048785,97.80999999999999
2023-04-01,Thiès,Centre-Ouest,D03,Habillement et chaussures,62,99.47,0.8721225027887636,4.8708487084870855,98.56333333333333
2023-05-01,Thiès,Centre-Ouest,D03,Habillement et chaussures,62,100.54,1.075701216447178,4.359559892048992,99.54
2023-06-01,Thiès,Centre-Ouest,D03,Habillement et chaussures,62,101.01,0.4674756315894202,3.7170140671526797,100.33999999999999
2023-07-01,Thiès,Centre-Ouest,D03,Habillement et chaussures,62,101.48,0.46530046530046665,3.4138387852848284,101.01
2023-08-01,Thiès,Centre-Ouest,D03,Habillement et chaussures,62,101.62,0.13795821836815048,3.0837898153783794,101.37
2023-09-01,Thiès,Centre-Ouest,D03,Habillement et chaussures,62,101.03,-0.5805943711867823,2.4125696908261496,101.37666666666667
2023-10-01,Thiès,Centre-Ouest,D03,Habillement et chaussures,62,101.46,0.4256161536177361,2.6299817924337443,101.37
2023-11-01,Thiès,Centre-Ouest,D03,Habillement et chaussures,62,101.04,-0.4139562389118723,1.8651073696945408,101.17666666666666
2023-12-01,Thiès,Centre-Ouest,D03,Habillement et chaussures,62,99.47,-1.5538400633412608,2.4830002060580947,100.65666666666668
2024-01-01,Thiès,Centre-Ouest,D03,Habillement et chaussures,62,98.49,-0.9852216748768461,1.3167369612179902,99.66666666666667
2024-02-01,Thiès,Centre-Ouest,D03,Habillement et chaussures,62,98.87,0.38582597217993175,1.290851347198041,98.94333333333333
2024-03-01,Thiès,Centre-Ouest,D03,Habillement et chaussures,62,99.58,0.7181146960655305,0.983673055471046,98.98
2024-04-01,Thiès,Centre-Ouest,D03,Habillement et chaussures,62,100.25,0.6728258686483191,0.784156026942795,99.56666666666666
2024-05-01,Thiès,Centre-Ouest,D03,Habillement et chaussures,62,100.955,0.7032418952618524,0.4127710364034032,100.26166666666666
2024-06-01,Thiès,Centre-Ouest,D03,Habillement et chaussures,62,101.66,0.6983309395275139,0.6435006435006274,100.955
2024-07-01,Thiès,Centre-Ouest,D03,Habillement et chaussures,62,101.48,-0.17706079087153048,0.0,101.36500000000001
2024-08-01,Thiès,Centre-Ouest,D03,Habillement et chaussures,62,101.86,0.3744580212849735,0.23617398149970992,101.66666666666667
2024-09-01,Thiès,Centre-Ouest,D03,Habillement et chaussures,62,101.61,-0.24543491066169043,0.5740869048797448,101.64999999999999
2024-10-01,Thiès,Centre-Ouest,D03,Habillement et chaussures,62,101.43,-0.1771479185119551,-0.029568302779403588,101.63333333333333
2024-11-01,Thiès,Centre-Ouest,D03,Habillement et chaussures,62,101.08,-0.3450655624568699,0.039588281868563335,101.37333333333333
2024-12-01,Thiès,Centre-Ouest,D03,Habillement et chaussures,62,99.76,-1.3058963197467244,0.291545189504383,100.75666666666666
2025-01-01,Thiès,Centre-Ouest,D03,Habillement et chaussures,62,98.98,-0.7818765036086583,0.4975124378109541,99.94
2025-02-01,Thiès,Centre-Ouest,D03,Habillement et chaussures,62,99.9,0.9294807031723584,1.0417720238697248,99.54666666666667
2025-03-01,Thiès,Centre-Ouest,D03,Habillement et chaussures,62,100.63,0.7307307307307109,1.054428600120505,99.83666666666666
2025-04-01,Thiès,Centre-Ouest,D03,Habillement et chaussures,62,101.36,0.7254297923084518,1.107231920199503,100.63
2025-05-01,Thiès,Centre-Ouest,D03,Habillement et chaussures,62,102.2,0.8287292817679592,1.2332227229953974,101.39666666666666
2025-06-01,Thiès,Centre-Ouest,D03,Habillement et chaussures,62,103.07,0.8512720156555575,1.3869761951603277,102.21
2025-07-01,Thiès,Centre-Ouest,D03,Habillement et chaussures,62,103.23,0.15523430678181516,1.724477729601892,102.83333333333333
2025-08-01,Thiès,Centre-Ouest,D03,Habillement et chaussures,62,103.23,0.0,1.3449833104260733,103.17666666666666
2025-09-01,Thiès,Centre-Ouest,D03,Habillement et chaussures,62,103.27,0.038748425845192,1.6336974707213736,103.24333333333334
2025-10-01,Thiès,Centre-Ouest,D03,Habillement et chaussures,62,103.47,0.19366708627868157,2.0112392783200095,103.32333333333332
2025-11-01,Thiès,Centre-Ouest,D03,Habillement et chaussures,62,103.24,-0.22228665313618334,2.13692125049465,103.32666666666667
2025-12-01,Thiès,Centre-Ouest,D03,Habillement et chaussures,62,101.49,-1.6950794265788494,1.734161988773053,102.73333333333333
2026-01-01,Thiès,Centre-Ouest,D03,Habillement et chaussures,62,99.57,-1.8918120011823802,0.5960800161648683,101.43333333333332
2026-02-01,Thiès,Centre-Ouest,D03,Habillement et chaussures,62,100.13,0.5624183991161935,0.2302302302302106,100.39666666666666
2026-03-01,Thiès,Centre-Ouest,D03,Habillement et chaussures,62,101.52,1.388195346050125,0.8844281029514178,100.40666666666665
2026-04-01,Thiès,Centre-Ouest,D03,Habillement et chaussures,62,101.9,0.37431048069347383,0.5327545382794119,101.18333333333332
2026-05-01,Thiès,Centre-Ouest,D03,Habillement et chaussures,62,103.02,1.0991167811579938,0.8023483365949158,102.14666666666666
2018-01-01,Dakar,Ouest,D04,"Logement, eau, électricité, gaz et autres combustibles",105,79.92,,,79.92
2018-02-01,Dakar,Ouest,D04,"Logement, eau, électricité, gaz et autres combustibles",105,80.18,0.32532532532532077,,80.05000000000001
2018-03-01,Dakar,Ouest,D04,"Logement, eau, électricité, gaz et autres combustibles",105,80.33,0.1870790720877924,,80.14333333333333
2018-04-01,Dakar,Ouest,D04,"Logement, eau, électricité, gaz et autres combustibles",105,80.58,0.3112162330387136,,80.36333333333333
2018-05-01,Dakar,Ouest,D04,"Logement, eau, électricité, gaz et autres combustibles",105,80.94,0.44676098287417254,,80.61666666666666
2018-06-01,Dakar,Ouest,D04,"Logement, eau, électricité, gaz et autres combustibles",105,81.34,0.4941932295527529,,80.95333333333333
2018-07-01,Dakar,Ouest,D04,"Logement, eau, électricité, gaz et autres combustibles",105,81.4,0.07376444553726103,,81.22666666666667
2018-08-01,Dakar,Ouest,D04,"Logement, eau, électricité, gaz et autres combustibles",105,81.07,-0.40540540540542347,,81.27
2018-09-01,Dakar,Ouest,D04,"Logement, eau, électricité, gaz et autres combustibles",105,80.85,-0.27137042062415073,,81.10666666666667
2018-10-01,Dakar,Ouest,D04,"Logement, eau, électricité, gaz et autres combustibles",105,80.65,-0.24737167594308662,,80.85666666666667
2018-11-01,Dakar,Ouest,D04,"Logement, eau, électricité, gaz et autres combustibles",105,80.12,-0.6571605703657779,,80.54
2018-12-01,Dakar,Ouest,D04,"Logement, eau, électricité, gaz et autres combustibles",105,80.06,-0.07488766849725881,,80.27666666666666
2019-01-01,Dakar,Ouest,D04,"Logement, eau, électricité, gaz et autres combustibles",105,80.63,0.7119660254808702,0.8883883883883836,80.27
2019-02-01,Dakar,Ouest,D04,"Logement, eau, électricité, gaz et autres combustibles",105,80.79,0.19843730621358358,0.7607882264903942,80.49333333333334
2019-03-01,Dakar,Ouest,D04,"Logement, eau, électricité, gaz et autres combustibles",105,80.93,0.17328877336304505,0.7469189592929304,80.78333333333335
2019-04-01,Dakar,Ouest,D04,"Logement, eau, électricité, gaz et autres combustibles",105,81.2,0.3336216483380561,0.7694216927277342,80.97333333333334
2019-05-01,Dakar,Ouest,D04,"Logement, eau, électricité, gaz et autres combustibles",105,81.49,0.3571428571428559,0.6795156906350241,81.20666666666666
2019-06-01,Dakar,Ouest,D04,"Logement, eau, électricité, gaz et autres combustibles",105,81.755,0.32519327524849206,0.5102040816326481,81.48166666666667
2019-07-01,Dakar,Ouest,D04,"Logement, eau, électricité, gaz et autres combustibles",105,82.02,0.324139196379436,0.7616707616707519,81.755
2019-08-01,Dakar,Ouest,D04,"Logement, eau, électricité, gaz et autres combustibles",105,81.94,-0.09753718605217676,1.0731466633773445,81.90499999999999
2019-09-01,Dakar,Ouest,D04,"Logement, eau, électricité, gaz et autres combustibles",105,81.97,0.03661215523553807,1.3852813852814005,81.97666666666667
2019-10-01,Dakar,Ouest,D04,"Logement, eau, électricité, gaz et autres combustibles",105,81.465,-0.6160790533121796,1.0105393676379304,81.79166666666667
2019-11-01,Dakar,Ouest,D04,"Logement, eau, électricité, gaz et autres combustibles",105,80.96,-0.6198981157552463,1.0484273589615345,81.465
2019-12-01,Dakar,Ouest,D04,"Logement, eau, électricité, gaz et autres combustibles",105,80.9,-0.07411067193674459,1.049213090182377,81.10833333333333
2020-01-01,Dakar,Ouest,D04,"Logement, eau, électricité, gaz et autres combustibles",105,81.92,1.260815822002459,1.599900781346908,81.26
2020-02-01,Dakar,Ouest,D04,"Logement, eau, électricité, gaz et autres combustibles",105,82.3,0.4638671875,1.869043198415632,81.70666666666666
2020-03-01,Dakar,Ouest,D04,"Logement, eau, électricité, gaz et autres combustibles",105,82.88,0.70473876063184,2.4094896824416123,82.36666666666666
2020-04-01,Dakar,Ouest,D04,"Logement, eau, électricité, gaz et autres combustibles",105,83.53,0.7842664092664098,2.8694581280788167,82.90333333333334
2020-05-01,Dakar,Ouest,D04,"Logement, eau, électricité, gaz et autres combustibles",105,84.01,0.5746438405363374,3.092403975947988,83.47333333333334
2020-06-01,Dakar,Ouest,D04,"Logement, eau, électricité, gaz et autres combustibles",105,84.68,0.797524104273295,3.577762827961606,84.07333333333334
2020-07-01,Dakar,Ouest,D04,"Logement, eau, électricité, gaz et autres combustibles",105,84.54,-0.16532829475672806,3.0724213606437623,84.41000000000001
2020-08-01,Dakar,Ouest,D04,"Logement, eau, électricité, gaz et autres combustibles",105,84.52,-0.02365744026497918,3.148645350256274,84.58
2020-09-01,Dakar,Ouest,D04,"Logement, eau, électricité, gaz et autres combustibles",105,84.52,0.0,3.110894229596184,84.52666666666667
2020-10-01,Dakar,Ouest,D04,"Logement, eau, électricité, gaz et autres combustibles",105,83.8,-0.8518693800283916,2.8662615847296236,84.27999999999999
2020-11-01,Dakar,Ouest,D04,"Logement, eau, électricité, gaz et autres combustibles",105,83.55,-0.2983293556085953,3.199110671936767,83.95666666666666
2020-12-01,Dakar,Ouest,D04,"Logement, eau, électricité, gaz et autres combustibles",105,83.09,-0.5505685218431977,2.707045735475888,83.48
2021-01-01,Dakar,Ouest,D04,"Logement, eau, électricité, gaz et autres combustibles",105,83.75,0.7943194126850406,2.23388671875,83.46333333333332
2021-02-01,Dakar,Ouest,D04,"Logement, eau, électricité, gaz et autres combustibles",105,84.06,0.37014925373135554,2.138517618469016,83.63333333333334
2021-03-01,Dakar,Ouest,D04,"Logement, eau, électricité, gaz et autres combustibles",105,84.59,0.6305020223649871,2.063223938223957,84.13333333333334
2021-04-01,Dakar,Ouest,D04,"Logement, eau, électricité, gaz et autres combustibles",105,85.14,0.6501950585175553,1.927451215132292,84.59666666666668
2021-05-01,Dakar,Ouest,D04,"Logement, eau, électricité, gaz et autres combustibles",105,85.92,0.9161381254404466,2.2735388644208987,85.21666666666667
2021-06-01,Dakar,Ouest,D04,"Logement, eau, électricité, gaz et autres combustibles",105,86.28,0.41899441340782495,1.8894662257912032,85.78000000000002
2021-07-01,Dakar,Ouest,D04,"Logement, eau, électricité, gaz et autres combustibles",105,86.63,0.40565600370885413,2.472202507688648,86.27666666666669
2021-08-01,Dakar,Ouest,D04,"Logement, eau, électricité, gaz et autres combustibles",105,86.67,0.04617338104584423,2.5437766209181367,86.52666666666666
2021-09-01,Dakar,Ouest,D04,"Logement, eau, électricité, gaz et autres combustibles",105,86.41,-0.29998846198223683,2.2361571225745447,86.57
2021-10-01,Dakar,Ouest,D04,"Logement, eau, électricité, gaz et autres combustibles",105,86.06,-0.4050457123018103,2.696897374701668,86.38
2021-11-01,Dakar,Ouest,D04,"Logement, eau, électricité, gaz et autres combustibles",105,85.91,-0.1742970020915724,2.8246558946738443,86.12666666666667
2021-12-01,Dakar,Ouest,D04,"Logement, eau, électricité, gaz et autres combustibles",105,86.87,1.1174484926085526,4.549283909014323,86.28000000000002
2022-01-01,Dakar,Ouest,D04,"Logement, eau, électricité, gaz et autres combustibles",105,87.83,1.105099574076207,4.8716417910447785,86.87
2022-02-01,Dakar,Ouest,D04,"Logement, eau, électricité, gaz et autres combustibles",105,88.82,1.1271775019924712,5.6626219367118535,87.83999999999999
2022-03-01,Dakar,Ouest,D04,"Logement, eau, électricité, gaz et autres combustibles",105,90.57,1.9702769646475993,7.069393545336311,89.07333333333332
2022-04-01,Dakar,Ouest,D04,"Logement, eau, électricité, gaz et autres combustibles",105,92.0,1.5788892569283508,8.057317359642946,90.46333333333332
2022-05-01,Dakar,Ouest,D04,"Logement, eau, électricité, gaz et autres combustibles",105,93.72,1.8695652173913002,9.078212290502785,92.09666666666665
2022-06-01,Dakar,Ouest,D04,"Logement, eau, électricité, gaz et autres combustibles",105,95.52,1.920614596670922,10.709318497913767,93.74666666666667
2022-07-01,Dakar,Ouest,D04,"Logement, eau, électricité, gaz et autres combustibles",105,96.41,0.931742043551087,11.289391665704729,95.21666666666665
2022-08-01,Dakar,Ouest,D04,"Logement, eau, électricité, gaz et autres combustibles",105,96.94,0.5497355046157004,11.849544248298137,96.29
2022-09-01,Dakar,Ouest,D04,"Logement, eau, électricité, gaz et autres combustibles",105,97.41,0.4848359810191827,12.730008100914247,96.92
2022-10-01,Dakar,Ouest,D04,"Logement, eau, électricité, gaz et autres combustibles",105,97.64,0.23611538856380676,13.45572856146875,97.33
2022-11-01,Dakar,Ouest,D04,"Logement, eau, électricité, gaz et autres combustibles",105,98.36,0.7374027038099085,14.49191013851705,97.80333333333333
2022-12-01,Dakar,Ouest,D04,"Logement, eau, électricité, gaz et autres combustibles",105,96.94,-1.4436762911752776,11.592034073903523,97.64666666666666
2023-01-01,Dakar,Ouest,D04,"Logement, eau, électricité, gaz et autres combustibles",105,96.58,-0.37136373014236,9.96242741660025,97.29333333333334
2023-02-01,Dakar,Ouest,D04,"Logement, eau, électricité, gaz et autres combustibles",105,97.17,0.6108925243321739,9.401035802747138,96.89666666666666
2023-03-01,Dakar,Ouest,D04,"Logement, eau, électricité, gaz et autres combustibles",105,98.23,1.090871668210358,8.45754664900078,97.32666666666667
2023-04-01,Dakar,Ouest,D04,"Logement, eau, électricité, gaz et autres combustibles",105,98.92,0.7024330652550148,7.52173913043479,98.10666666666667
2023-05-01,Dakar,Ouest,D04,"Logement, eau, électricité, gaz et autres combustibles",105,100.14,1.2333198544278279,6.85019206145967,99.09666666666665
2023-06-01,Dakar,Ouest,D04,"Logement, eau, électricité, gaz et autres combustibles",105,101.02,0.8787697223886504,5.757956448911217,100.02666666666666
2023-07-01,Dakar,Ouest,D04,"Logement, eau, électricité, gaz et autres combustibles",105,101.34,0.3167689566422549,5.113577429727223,100.83333333333333
2023-08-01,Dakar,Ouest,D04,"Logement, eau, électricité, gaz et autres combustibles",105,101.6,0.2565620682849712,4.807097173509378,101.32
2023-09-01,Dakar,Ouest,D04,"Logement, eau, électricité, gaz et autres combustibles",105,101.74,0.1377952755905465,4.445128836875067,101.56
2023-10-01,Dakar,Ouest,D04,"Logement, eau, électricité, gaz et autres combustibles",105,101.95,0.2064084922351217,4.414174518639902,101.76333333333332
2023-11-01,Dakar,Ouest,D04,"Logement, eau, électricité, gaz et autres combustibles",105,101.8,-0.14713094654242864,3.497356649044314,101.83
2023-12-01,Dakar,Ouest,D04,"Logement, eau, électricité, gaz et autres combustibles",105,99.8,-1.9646365422396839,2.9502785227976114,101.18333333333334
2024-01-01,Dakar,Ouest,D04,"Logement, eau, électricité, gaz et autres combustibles",105,99.1,-0.7014028056112287,2.609235866639059,100.23333333333333
2024-02-01,Dakar,Ouest,D04,"Logement, eau, électricité, gaz et autres combustibles",105,99.08,-0.020181634712412855,1.9656272512092121,99.32666666666667
2024-03-01,Dakar,Ouest,D04,"Logement, eau, électricité, gaz et autres combustibles",105,99.63,0.5551069842551382,1.4252265092130623,99.26999999999998
2024-04-01,Dakar,Ouest,D04,"Logement, eau, électricité, gaz et autres combustibles",105,100.58,0.9535280537990687,1.6781237363526103,99.76333333333334
2024-05-01,Dakar,Ouest,D04,"Logement, eau, électricité, gaz et autres combustibles",105,101.01,0.4275203817856399,0.8687837028160672,100.40666666666668
2024-06-01,Dakar,Ouest,D04,"Logement, eau, électricité, gaz et autres combustibles",105,101.74,0.7227007227007087,0.7127301524450624,101.11
2024-07-01,Dakar,Ouest,D04,"Logement, eau, électricité, gaz et autres combustibles",105,101.74,0.0,0.3947108742845762,101.49666666666667
2024-08-01,Dakar,Ouest,D04,"Logement, eau, électricité, gaz et autres combustibles",105,102.1,0.35384312954589436,0.49212598425196763,101.86
2024-09-01,Dakar,Ouest,D04,"Logement, eau, électricité, gaz et autres combustibles",105,102.185,0.08325171400589415,0.43738942402202774,102.00833333333333
2024-10-01,Dakar,Ouest,D04,"Logement, eau, électricité, gaz et autres combustibles",105,102.27,0.08318246317953193,0.3138793526238359,102.185
2024-11-01,Dakar,Ouest,D04,"Logement, eau, électricité, gaz et autres combustibles",105,102.64,0.36178742544246134,0.8251473477406623,102.36500000000001
2024-12-01,Dakar,Ouest,D04,"Logement, eau, électricité, gaz et autres combustibles",105,100.2,-2.377240841777084,0.4008016032064132,101.70333333333333
2025-01-01,Dakar,Ouest,D04,"Logement, eau, électricité, gaz et autres combustibles",105,99.76,-0.43912175648702645,0.6659939455095909,100.86666666666667
2025-02-01,Dakar,Ouest,D04,"Logement, eau, électricité, gaz et autres combustibles",105,100.42,0.6615878107457895,1.3524424707307192,100.12666666666667
2025-03-01,Dakar,Ouest,D04,"Logement, eau, électricité, gaz et autres combustibles",105,101.32,0.896235809599677,1.6962762220214866,100.5
2025-04-01,Dakar,Ouest,D04,"Logement, eau, électricité, gaz et autres combustibles",105,101.86,0.5329648637978801,1.2726188108967973,101.2
2025-05-01,Dakar,Ouest,D04,"Logement, eau, électricité, gaz et autres combustibles",105,103.09,1.2075397604555338,2.0592020592020477,102.08999999999999
2025-06-01,Dakar,Ouest,D04,"Logement, eau, électricité, gaz et autres combustibles",105,103.63,0.5238141429818599,1.8576764301159843,102.86
2025-07-01,Dakar,Ouest,D04,"Logement, eau, électricité, gaz et autres combustibles",105,104.36,0.704429219338043,2.575191665028509,103.69333333333333
2025-08-01,Dakar,Ouest,D04,"Logement, eau, électricité, gaz et autres combustibles",105,104.05,-0.2970486776542769,1.9098922624877668,104.01333333333332
2025-09-01,Dakar,Ouest,D04,"Logement, eau, électricité, gaz et autres combustibles",105,104.64,0.5670350792888135,2.4025052600675334,104.35000000000001
2025-10-01,Dakar,Ouest,D04,"Logement, eau, électricité, gaz et autres combustibles",105,104.82,0.17201834862383691,2.4933998239953015,104.50333333333333
2025-11-01,Dakar,Ouest,D04,"Logement, eau, électricité, gaz et autres combustibles",105,105.19,0.35298607136042826,2.4844115354637486,104.88333333333333
2025-12-01,Dakar,Ouest,D04,"Logement, eau, électricité, gaz et autres combustibles",105,103.23,-1.8632949900180606,3.023952095808391,104.41333333333334
2026-01-01,Dakar,Ouest,D04,"Logement, eau, électricité, gaz et autres combustibles",105,100.3,-2.8383221931609137,0.5412991178829207,102.90666666666668
2026-02-01,Dakar,Ouest,D04,"Logement, eau, électricité, gaz et autres combustibles",105,101.33,1.0269192422731832,0.906193985261905,101.62
2026-03-01,Dakar,Ouest,D04,"Logement, eau, électricité, gaz et autres combustibles",105,102.71,1.3618869041744697,1.3718910382945149,101.44666666666666
2026-04-01,Dakar,Ouest,D04,"Logement, eau, électricité, gaz et autres combustibles",105,103.42,0.6912666731574424,1.5315138425289643,102.48666666666666
2026-05-01,Dakar,Ouest,D04,"Logement, eau, électricité, gaz et autres combustibles",105,103.92,0.4834654805646821,0.8051217382869291,103.35000000000001
2018-01-01,Diourbel,Centre,D04,"Logement, eau, électricité, gaz et autres combustibles",105,77.81,,,77.81
2018-02-01,Diourbel,Centre,D04,"Logement, eau, électricité, gaz et autres combustibles",105,78.06,0.3212954633080578,,77.935
2018-03-01,Diourbel,Centre,D04,"Logement, eau, électricité, gaz et autres combustibles",105,78.2,0.1793492185498291,,78.02333333333333
2018-04-01,Diourbel,Centre,D04,"Logement, eau, électricité, gaz et autres combustibles",105,78.46,0.33248081841430466,,78.24
2018-05-01,Diourbel,Centre,D04,"Logement, eau, électricité, gaz et autres combustibles",105,78.68,0.28039765485599055,,78.44666666666667
2018-06-01,Diourbel,Centre,D04,"Logement, eau, électricité, gaz et autres combustibles",105,79.06,0.48296898830706425,,78.73333333333333
2018-07-01,Diourbel,Centre,D04,"Logement, eau, électricité, gaz et autres combustibles",105,79.25,0.24032380470528913,,78.99666666666667
2018-08-01,Diourbel,Centre,D04,"Logement, eau, électricité, gaz et autres combustibles",105,79.34,0.11356466876972782,,79.21666666666667
2018-09-01,Diourbel,Centre,D04,"Logement, eau, électricité, gaz et autres combustibles",105,78.82,-0.6554071086463442,,79.13666666666667
2018-10-01,Diourbel,Centre,D04,"Logement, eau, électricité, gaz et autres combustibles",105,78.38,-0.558233950773912,,78.84666666666666
2018-11-01,Diourbel,Centre,D04,"Logement, eau, électricité, gaz et autres combustibles",105,78.0,-0.48481755549885097,,78.39999999999999
2018-12-01,Diourbel,Centre,D04,"Logement, eau, électricité, gaz et autres combustibles",105,77.98,-0.02564102564102111,,78.12
2019-01-01,Diourbel,Centre,D04,"Logement, eau, électricité, gaz et autres combustibles",105,78.38,0.5129520389843378,0.7325536563423718,78.12
2019-02-01,Diourbel,Centre,D04,"Logement, eau, électricité, gaz et autres combustibles",105,78.79,0.5230926256698298,0.9351780681527089,78.38333333333334
2019-03-01,Diourbel,Centre,D04,"Logement, eau, électricité, gaz et autres combustibles",105,79.13,0.4315268435080455,1.189258312020458,78.76666666666667
2019-04-01,Diourbel,Centre,D04,"Logement, eau, électricité, gaz et autres combustibles",105,79.49,0.4549475546568926,1.3127708386438952,79.13666666666667
2019-05-01,Diourbel,Centre,D04,"Logement, eau, électricité, gaz et autres combustibles",105,79.79,0.37740596301423235,1.4107778342653754,79.47
2019-06-01,Diourbel,Centre,D04,"Logement, eau, électricité, gaz et autres combustibles",105,80.16,0.46371725780172124,1.3913483430306073,79.81333333333333
2019-07-01,Diourbel,Centre,D04,"Logement, eau, électricité, gaz et autres combustibles",105,80.21,0.06237524950098994,1.211356466876956,80.05333333333333
2019-08-01,Diourbel,Centre,D04,"Logement, eau, électricité, gaz et autres combustibles",105,79.99,-0.27428001496072607,0.8192588858078942,80.11999999999999
2019-09-01,Diourbel,Centre,D04,"Logement, eau, électricité, gaz et autres combustibles",105,80.03,0.05000625078135368,1.5351433646282775,80.07666666666667
2019-10-01,Diourbel,Centre,D04,"Logement, eau, électricité, gaz et autres combustibles",105,79.4,-0.7872047982006691,1.3013523858127263,79.80666666666666
2019-11-01,Diourbel,Centre,D04,"Logement, eau, électricité, gaz et autres combustibles",105,79.18,-0.27707808564231273,1.5128205128205119,79.53666666666668
2019-12-01,Diourbel,Centre,D04,"Logement, eau, électricité, gaz et autres combustibles",105,78.56,-0.7830260166708847,0.7437804565273209,79.04666666666667
2020-01-01,Diourbel,Centre,D04,"Logement, eau, électricité, gaz et autres combustibles",105,80.23,2.125763747454168,2.3602959938759938,79.32333333333334
2020-02-01,Diourbel,Centre,D04,"Logement, eau, électricité, gaz et autres combustibles",105,80.65,0.5234949520129595,2.360705673308794,79.81333333333333
2020-03-01,Diourbel,Centre,D04,"Logement, eau, électricité, gaz et autres combustibles",105,81.05,0.49597024178549276,2.4263869581701014,80.64333333333333
2020-04-01,Diourbel,Centre,D04,"Logement, eau, électricité, gaz et autres combustibles",105,81.78,0.9006785934608352,2.8808655176751907,81.16
2020-05-01,Diourbel,Centre,D04,"Logement, eau, électricité, gaz et autres combustibles",105,82.44,0.807043286867204,3.321218197769138,81.75666666666666
2020-06-01,Diourbel,Centre,D04,"Logement, eau, électricité, gaz et autres combustibles",105,82.84,0.48520135856380264,3.343313373253509,82.35333333333334
2020-07-01,Diourbel,Centre,D04,"Logement, eau, électricité, gaz et autres combustibles",105,83.14,0.36214389183968354,3.6529111083406063,82.80666666666667
2020-08-01,Diourbel,Centre,D04,"Logement, eau, électricité, gaz et autres combustibles",105,82.78,-0.43300457060380104,3.487935991999014,82.92
2020-09-01,Diourbel,Centre,D04,"Logement, eau, électricité, gaz et autres combustibles",105,82.45,-0.3986470161874811,3.023866050231172,82.79
2020-10-01,Diourbel,Centre,D04,"Logement, eau, électricité, gaz et autres combustibles",105,82.21,-0.2910855063675055,3.5390428211586666,82.48
2020-11-01,Diourbel,Centre,D04,"Logement, eau, électricité, gaz et autres combustibles",105,81.74,-0.5717066050358821,3.2331396817377955,82.13333333333333
2020-12-01,Diourbel,Centre,D04,"Logement, eau, électricité, gaz et autres combustibles",105,81.21,-0.6483973574749169,3.373217922606919,81.71999999999998
2021-01-01,Diourbel,Centre,D04,"Logement, eau, électricité, gaz et autres combustibles",105,81.87,0.8127077946065819,2.04412314595539,81.60666666666667
2021-02-01,Diourbel,Centre,D04,"Logement, eau, électricité, gaz et autres combustibles",105,82.31,0.5374374007572902,2.058276503409795,81.79666666666667
2021-03-01,Diourbel,Centre,D04,"Logement, eau, électricité, gaz et autres combustibles",105,83.08,0.9354877900619618,2.504626773596552,82.42
2021-04-01,Diourbel,Centre,D04,"Logement, eau, électricité, gaz et autres combustibles",105,83.56,0.5777563793933682,2.17657128882367,82.98333333333333
2021-05-01,Diourbel,Centre,D04,"Logement, eau, électricité, gaz et autres combustibles",105,84.42,1.0292005744375388,2.401746724890841,83.68666666666667
2021-06-01,Diourbel,Centre,D04,"Logement, eau, électricité, gaz et autres combustibles",105,85.05,0.746268656716409,2.667793336552382,84.34333333333333
2021-07-01,Diourbel,Centre,D04,"Logement, eau, électricité, gaz et autres combustibles",105,85.12,0.08230452674897748,2.3815251383209057,84.86333333333333
2021-08-01,Diourbel,Centre,D04,"Logement, eau, électricité, gaz et autres combustibles",105,85.24,0.14097744360901387,2.9717323024885056,85.13666666666667
2021-09-01,Diourbel,Centre,D04,"Logement, eau, électricité, gaz et autres combustibles",105,84.89,-0.41060534960112305,2.9593693147361932,85.08333333333333
2021-10-01,Diourbel,Centre,D04,"Logement, eau, électricité, gaz et autres combustibles",105,84.61,-0.32983861467782427,2.91935287677898,84.91333333333334
2021-11-01,Diourbel,Centre,D04,"Logement, eau, électricité, gaz et autres combustibles",105,84.23,-0.44911948942204516,3.0462441888916114,84.57666666666667
2021-12-01,Diourbel,Centre,D04,"Logement, eau, électricité, gaz et autres combustibles",105,84.33,0.11872254541136495,3.8418913926856257,84.39
2022-01-01,Diourbel,Centre,D04,"Logement, eau, électricité, gaz et autres combustibles",105,86.31,2.347918890074707,5.423231953096375,84.95666666666666
2022-02-01,Diourbel,Centre,D04,"Logement, eau, électricité, gaz et autres combustibles",105,87.96,1.911713590545694,6.864293524480614,86.2
2022-03-01,Diourbel,Centre,D04,"Logement, eau, électricité, gaz et autres combustibles",105,89.62,1.887221464301958,7.871930669234484,87.96333333333332
2022-04-01,Diourbel,Centre,D04,"Logement, eau, électricité, gaz et autres combustibles",105,91.31,1.8857397902253936,9.274772618477733,89.63
2022-05-01,Diourbel,Centre,D04,"Logement, eau, électricité, gaz et autres combustibles",105,93.21,2.080823568064827,10.412224591329068,91.38
2022-06-01,Diourbel,Centre,D04,"Logement, eau, électricité, gaz et autres combustibles",105,95.03,1.9525801952580357,11.734273956496178,93.18333333333334
2022-07-01,Diourbel,Centre,D04,"Logement, eau, électricité, gaz et autres combustibles",105,95.92,0.9365463537830188,12.687969924812027,94.71999999999998
2022-08-01,Diourbel,Centre,D04,"Logement, eau, électricité, gaz et autres combustibles",105,96.59,0.6984987489574657,13.315344908493664,95.84666666666668
2022-09-01,Diourbel,Centre,D04,"Logement, eau, électricité, gaz et autres combustibles",105,97.42,0.8593022051972321,14.760278006832372,96.64333333333333
2022-10-01,Diourbel,Centre,D04,"Logement, eau, électricité, gaz et autres combustibles",105,97.85,0.4413878053787679,15.648268526178931,97.28666666666668
2022-11-01,Diourbel,Centre,D04,"Logement, eau, électricité, gaz et autres combustibles",105,98.79,0.9606540623403381,17.286002611896013,98.02
2022-12-01,Diourbel,Centre,D04,"Logement, eau, électricité, gaz et autres combustibles",105,96.28,-2.5407429901811995,14.170520573935729,97.63999999999999
2023-01-01,Diourbel,Centre,D04,"Logement, eau, électricité, gaz et autres combustibles",105,96.1,-0.18695471541338993,11.342833970571187,97.05666666666667
2023-02-01,Diourbel,Centre,D04,"Logement, eau, électricité, gaz et autres combustibles",105,97.17,1.1134235171696316,10.470668485675327,96.51666666666667
2023-03-01,Diourbel,Centre,D04,"Logement, eau, électricité, gaz et autres combustibles",105,97.69,0.5351445919522524,9.004686453916522,96.98666666666666
2023-04-01,Diourbel,Centre,D04,"Logement, eau, électricité, gaz et autres combustibles",105,99.08,1.4228682567304807,8.509473223086195,97.98
2023-05-01,Diourbel,Centre,D04,"Logement, eau, électricité, gaz et autres combustibles",105,100.51,1.4432781590633992,7.831777706254717,99.09333333333332
2023-06-01,Diourbel,Centre,D04,"Logement, eau, électricité, gaz et autres combustibles",105,101.1,0.5870062680330301,6.387456592654939,100.23
2023-07-01,Diourbel,Centre,D04,"Logement, eau, électricité, gaz et autres combustibles",105,101.23,0.12858555885262302,5.535863219349468,100.94666666666667
2023-08-01,Diourbel,Centre,D04,"Logement, eau, électricité, gaz et autres combustibles",105,101.57,0.33586881359279896,5.155813231183348,101.3
2023-09-01,Diourbel,Centre,D04,"Logement, eau, électricité, gaz et autres combustibles",105,102.09,0.5119621935611107,4.793676863067131,101.63
2023-10-01,Diourbel,Centre,D04,"Logement, eau, électricité, gaz et autres combustibles",105,102.1,0.009795278675661656,4.343382728666323,101.92
2023-11-01,Diourbel,Centre,D04,"Logement, eau, électricité, gaz et autres combustibles",105,101.97,-0.12732615083250742,3.2189492863650138,102.05333333333333
2023-12-01,Diourbel,Centre,D04,"Logement, eau, électricité, gaz et autres combustibles",105,99.53,-2.392860645287831,3.375571250519327,101.2
2024-01-01,Diourbel,Centre,D04,"Logement, eau, électricité, gaz et autres combustibles",105,98.65,-0.8841555309956783,2.6534859521332166,100.05
2024-02-01,Diourbel,Centre,D04,"Logement, eau, électricité, gaz et autres combustibles",105,99.2,0.5575266092245235,2.089122157044354,99.12666666666667
2024-03-01,Diourbel,Centre,D04,"Logement, eau, électricité, gaz et autres combustibles",105,99.94,0.7459677419354716,2.3032040126932163,99.26333333333334
2024-04-01,Diourbel,Centre,D04,"Logement, eau, électricité, gaz et autres combustibles",105,100.58,0.6403842305383156,1.5139281388776737,99.90666666666668
2024-05-01,Diourbel,Centre,D04,"Logement, eau, électricité, gaz et autres combustibles",105,101.21,0.6263670709882652,0.6964481146154444,100.57666666666667
2024-06-01,Diourbel,Centre,D04,"Logement, eau, électricité, gaz et autres combustibles",105,101.49,0.27665250469322,0.38575667655786905,101.09333333333332
2024-07-01,Diourbel,Centre,D04,"Logement, eau, électricité, gaz et autres combustibles",105,101.8,0.3054488126909005,0.5630741874938172,101.5
2024-08-01,Diourbel,Centre,D04,"Logement, eau, électricité, gaz et autres combustibles",105,102.16,0.35363457760313466,0.5808801811558517,101.81666666666666
2024-09-01,Diourbel,Centre,D04,"Logement, eau, électricité, gaz et autres combustibles",105,102.05,-0.10767423649177266,-0.03918111470272434,102.00333333333333
2024-10-01,Diourbel,Centre,D04,"Logement, eau, électricité, gaz et autres combustibles",105,102.43,0.3723664870161736,0.323212536728712,102.21333333333332
2024-11-01,Diourbel,Centre,D04,"Logement, eau, électricité, gaz et autres combustibles",105,102.69,0.2538318851898813,0.7060900264783676,102.39
2024-12-01,Diourbel,Centre,D04,"Logement, eau, électricité, gaz et autres combustibles",105,100.11,-2.512416009348528,0.5827388727017047,101.74333333333334
2025-01-01,Diourbel,Centre,D04,"Logement, eau, électricité, gaz et autres combustibles",105,99.74,-0.36959344720807197,1.1049163710086018,100.84666666666665
2025-02-01,Diourbel,Centre,D04,"Logement, eau, électricité, gaz et autres combustibles",105,100.53,0.7920593543212506,1.3407258064516148,100.12666666666667
2025-03-01,Diourbel,Centre,D04,"Logement, eau, électricité, gaz et autres combustibles",105,101.46,0.9250969859743385,1.520912547528508,100.57666666666665
2025-04-01,Diourbel,Centre,D04,"Logement, eau, électricité, gaz et autres combustibles",105,102.49,1.0151783954267746,1.8989858818850625,101.49333333333334
2025-05-01,Diourbel,Centre,D04,"Logement, eau, électricité, gaz et autres combustibles",105,103.4,0.8878915016099276,2.1638178045647827,102.45
2025-06-01,Diourbel,Centre,D04,"Logement, eau, électricité, gaz et autres combustibles",105,104.11,0.6866537717601595,2.5815351266134545,103.33333333333333
2025-07-01,Diourbel,Centre,D04,"Logement, eau, électricité, gaz et autres combustibles",105,104.5,0.3746037844587491,2.6522593320235766,104.00333333333333
2025-08-01,Diourbel,Centre,D04,"Logement, eau, électricité, gaz et autres combustibles",105,104.72,0.21052631578948322,2.5058731401722767,104.44333333333333
2025-09-01,Diourbel,Centre,D04,"Logement, eau, électricité, gaz et autres combustibles",105,105.19,0.4488158899923489,3.076923076923088,104.80333333333333
2025-10-01,Diourbel,Centre,D04,"Logement, eau, électricité, gaz et autres combustibles",105,105.68,0.4658237475045235,3.172898564873572,105.19666666666666
2025-11-01,Diourbel,Centre,D04,"Logement, eau, électricité, gaz et autres combustibles",105,105.94,0.24602573807721573,3.1648651280553164,105.60333333333334
2025-12-01,Diourbel,Centre,D04,"Logement, eau, électricité, gaz et autres combustibles",105,103.2,-2.586369643194253,3.0866047347917425,104.94000000000001
2026-01-01,Diourbel,Centre,D04,"Logement, eau, électricité, gaz et autres combustibles",105,100.24,-2.8682170542635776,0.5013033888109142,103.12666666666667
2026-02-01,Diourbel,Centre,D04,"Logement, eau, électricité, gaz et autres combustibles",105,101.69,1.4465283320032052,1.1538844126131487,101.71
2026-03-01,Diourbel,Centre,D04,"Logement, eau, électricité, gaz et autres combustibles",105,103.03,1.3177303569672505,1.54740784545635,101.65333333333332
2026-04-01,Diourbel,Centre,D04,"Logement, eau, électricité, gaz et autres combustibles",105,103.52,0.47558963408715904,1.0049760952288045,102.74666666666667
2026-05-01,Diourbel,Centre,D04,"Logement, eau, électricité, gaz et autres combustibles",105,104.88,1.3137557959814528,1.4313346228239654,103.80999999999999
2018-01-01,Kaolack,Centre-Sud,D04,"Logement, eau, électricité, gaz et autres combustibles",105,78.23,,,78.23
2018-02-01,Kaolack,Centre-Sud,D04,"Logement, eau, électricité, gaz et autres combustibles",105,78.07,-0.20452511824109454,,78.15
2018-03-01,Kaolack,Centre-Sud,D04,"Logement, eau, électricité, gaz et autres combustibles",105,78.41,0.4355065966440419,,78.23666666666666
2018-04-01,Kaolack,Centre-Sud,D04,"Logement, eau, électricité, gaz et autres combustibles",105,78.83,0.5356459635250665,,78.43666666666665
2018-05-01,Kaolack,Centre-Sud,D04,"Logement, eau, électricité, gaz et autres combustibles",105,79.14,0.3932513002663951,,78.79333333333334
2018-06-01,Kaolack,Centre-Sud,D04,"Logement, eau, électricité, gaz et autres combustibles",105,79.22,0.10108668182966518,,79.06333333333333
2018-07-01,Kaolack,Centre-Sud,D04,"Logement, eau, électricité, gaz et autres combustibles",105,79.26,0.05049229992426518,,79.20666666666666
2018-08-01,Kaolack,Centre-Sud,D04,"Logement, eau, électricité, gaz et autres combustibles",105,79.39,0.16401715871814382,,79.29
2018-09-01,Kaolack,Centre-Sud,D04,"Logement, eau, électricité, gaz et autres combustibles",105,79.16,-0.2897090313641604,,79.27
2018-10-01,Kaolack,Centre-Sud,D04,"Logement, eau, électricité, gaz et autres combustibles",105,78.86,-0.3789792824658855,,79.13666666666667
2018-11-01,Kaolack,Centre-Sud,D04,"Logement, eau, électricité, gaz et autres combustibles",105,78.56,-0.3804209992391505,,78.86
2018-12-01,Kaolack,Centre-Sud,D04,"Logement, eau, électricité, gaz et autres combustibles",105,78.14,-0.534623217922614,,78.52
2019-01-01,Kaolack,Centre-Sud,D04,"Logement, eau, électricité, gaz et autres combustibles",105,78.76,0.7934476580496508,0.6774894541735854,78.48666666666666
2019-02-01,Kaolack,Centre-Sud,D04,"Logement, eau, électricité, gaz et autres combustibles",105,79.09,0.41899441340782495,1.3065197899321257,78.66333333333334
2019-03-01,Kaolack,Centre-Sud,D04,"Logement, eau, électricité, gaz et autres combustibles",105,79.32,0.2908079403211472,1.160566254304296,79.05666666666667
2019-04-01,Kaolack,Centre-Sud,D04,"Logement, eau, électricité, gaz et autres combustibles",105,79.51,0.23953605648010523,0.8626157554230796,79.30666666666667
2019-05-01,Kaolack,Centre-Sud,D04,"Logement, eau, électricité, gaz et autres combustibles",105,79.89,0.4779273047415433,0.9476876421531388,79.57333333333334
2019-06-01,Kaolack,Centre-Sud,D04,"Logement, eau, électricité, gaz et autres combustibles",105,80.34,0.5632745024408692,1.4137843978793363,79.91333333333334
2019-07-01,Kaolack,Centre-Sud,D04,"Logement, eau, électricité, gaz et autres combustibles",105,80.36,0.024894199651481763,1.3878374968458118,80.19666666666667
2019-08-01,Kaolack,Centre-Sud,D04,"Logement, eau, électricité, gaz et autres combustibles",105,80.27,-0.11199601791936908,1.1084519460889286,80.32333333333334
2019-09-01,Kaolack,Centre-Sud,D04,"Logement, eau, électricité, gaz et autres combustibles",105,80.13,-0.17441136165441407,1.2253663466397224,80.25333333333333
2019-10-01,Kaolack,Centre-Sud,D04,"Logement, eau, électricité, gaz et autres combustibles",105,79.73,-0.49918881817045957,1.1032208977935554,80.04333333333334
2019-11-01,Kaolack,Centre-Sud,D04,"Logement, eau, électricité, gaz et autres combustibles",105,79.44,-0.36372758058448307,1.1201629327902252,79.76666666666667
2019-12-01,Kaolack,Centre-Sud,D04,"Logement, eau, électricité, gaz et autres combustibles",105,78.82,-0.7804632426989033,0.8702329152802557,79.33
2020-01-01,Kaolack,Centre-Sud,D04,"Logement, eau, électricité, gaz et autres combustibles",105,80.29,1.8650088809946785,1.9426104621635298,79.51666666666667
2020-02-01,Kaolack,Centre-Sud,D04,"Logement, eau, électricité, gaz et autres combustibles",105,80.74,0.5604683024037715,2.0862308762169546,79.95
2020-03-01,Kaolack,Centre-Sud,D04,"Logement, eau, électricité, gaz et autres combustibles",105,81.04,0.371563041862788,2.16843166918812,80.69000000000001
2020-04-01,Kaolack,Centre-Sud,D04,"Logement, eau, électricité, gaz et autres combustibles",105,81.81,0.9501480750246705,2.8927178971198453,81.19666666666667
2020-05-01,Kaolack,Centre-Sud,D04,"Logement, eau, électricité, gaz et autres combustibles",105,82.44,0.7700770077007535,3.1918888471648588,81.76333333333334
2020-06-01,Kaolack,Centre-Sud,D04,"Logement, eau, électricité, gaz et autres combustibles",105,83.08,0.7763221737020931,3.4105053522529127,82.44333333333333
2020-07-01,Kaolack,Centre-Sud,D04,"Logement, eau, électricité, gaz et autres combustibles",105,83.44,0.4333172845450095,3.832752613240409,82.98666666666666
2020-08-01,Kaolack,Centre-Sud,D04,"Logement, eau, électricité, gaz et autres combustibles",105,83.3,-0.1677852348993314,3.7747601843777234,83.27333333333333
2020-09-01,Kaolack,Centre-Sud,D04,"Logement, eau, électricité, gaz et autres combustibles",105,82.59,-0.8523409363745404,3.070011231748415,83.11
2020-10-01,Kaolack,Centre-Sud,D04,"Logement, eau, électricité, gaz et autres combustibles",105,82.3,-0.35113209831699743,3.2233789038003113,82.73
2020-11-01,Kaolack,Centre-Sud,D04,"Logement, eau, électricité, gaz et autres combustibles",105,81.87,-0.5224787363304895,3.0589123867069468,82.25333333333333
2020-12-01,Kaolack,Centre-Sud,D04,"Logement, eau, électricité, gaz et autres combustibles",105,81.52,-0.4275070233296763,3.425526516112676,81.89666666666666
2021-01-01,Kaolack,Centre-Sud,D04,"Logement, eau, électricité, gaz et autres combustibles",105,82.19,0.8218842001962656,2.3664217212604255,81.86
2021-02-01,Kaolack,Centre-Sud,D04,"Logement, eau, électricité, gaz et autres combustibles",105,82.59,0.4866772113395923,2.291305424820411,82.1
2021-03-01,Kaolack,Centre-Sud,D04,"Logement, eau, électricité, gaz et autres combustibles",105,83.36,0.9323162610485491,2.8627838104639647,82.71333333333332
2021-04-01,Kaolack,Centre-Sud,D04,"Logement, eau, électricité, gaz et autres combustibles",105,83.98,0.7437619961612407,2.6524874709693114,83.31
2021-05-01,Kaolack,Centre-Sud,D04,"Logement, eau, électricité, gaz et autres combustibles",105,84.39,0.4882114789235503,2.365356622998549,83.91000000000001
2021-06-01,Kaolack,Centre-Sud,D04,"Logement, eau, électricité, gaz et autres combustibles",105,85.2,0.9598293636686739,2.5517573423206708,84.52333333333333
2021-07-01,Kaolack,Centre-Sud,D04,"Logement, eau, électricité, gaz et autres combustibles",105,85.38,0.21126760563379143,2.325023969319262,84.99
2021-08-01,Kaolack,Centre-Sud,D04,"Logement, eau, électricité, gaz et autres combustibles",105,85.3,-0.09369875849144504,2.400960384153672,85.29333333333334
2021-09-01,Kaolack,Centre-Sud,D04,"Logement, eau, électricité, gaz et autres combustibles",105,85.21,-0.10550996483001951,3.17229688824312,85.29666666666667
2021-10-01,Kaolack,Centre-Sud,D04,"Logement, eau, électricité, gaz et autres combustibles",105,84.81,-0.46942847083674133,3.049817739975702,85.10666666666667
2021-11-01,Kaolack,Centre-Sud,D04,"Logement, eau, électricité, gaz et autres combustibles",105,84.53,-0.3301497464921588,3.2490533773054775,84.85
2021-12-01,Kaolack,Centre-Sud,D04,"Logement, eau, électricité, gaz et autres combustibles",105,84.36,-0.20111203123152066,3.483807654563309,84.56666666666666
2022-01-01,Kaolack,Centre-Sud,D04,"Logement, eau, électricité, gaz et autres combustibles",105,86.27,2.264106211474637,4.964107555663699,85.05333333333333
2022-02-01,Kaolack,Centre-Sud,D04,"Logement, eau, électricité, gaz et autres combustibles",105,88.02,2.0285151269270996,6.574645840900817,86.21666666666665
2022-03-01,Kaolack,Centre-Sud,D04,"Logement, eau, électricité, gaz et autres combustibles",105,89.64,1.8404907975460238,7.533589251439543,87.97666666666665
2022-04-01,Kaolack,Centre-Sud,D04,"Logement, eau, électricité, gaz et autres combustibles",105,91.38,1.9410977242302563,8.811621814717775,89.67999999999999
2022-05-01,Kaolack,Centre-Sud,D04,"Logement, eau, électricité, gaz et autres combustibles",105,93.56,2.3856423725103992,10.866216376347904,91.52666666666669
2022-06-01,Kaolack,Centre-Sud,D04,"Logement, eau, électricité, gaz et autres combustibles",105,94.95,1.4856776400171023,11.443661971830977,93.29666666666667
2022-07-01,Kaolack,Centre-Sud,D04,"Logement, eau, électricité, gaz et autres combustibles",105,95.92,1.021590310689846,12.344811431248548,94.81
2022-08-01,Kaolack,Centre-Sud,D04,"Logement, eau, électricité, gaz et autres combustibles",105,96.68,0.7923269391159282,13.341148886283726,95.85000000000001
2022-09-01,Kaolack,Centre-Sud,D04,"Logement, eau, électricité, gaz et autres combustibles",105,97.44,0.7860984691766548,14.352775495833825,96.68
2022-10-01,Kaolack,Centre-Sud,D04,"Logement, eau, électricité, gaz et autres combustibles",105,98.04,0.6157635467980427,15.599575521754506,97.38666666666667
2022-11-01,Kaolack,Centre-Sud,D04,"Logement, eau, électricité, gaz et autres combustibles",105,98.17,0.13259893920847254,16.136282976458062,97.88333333333333
2022-12-01,Kaolack,Centre-Sud,D04,"Logement, eau, électricité, gaz et autres combustibles",105,96.27,-1.9354181521849867,14.118065433854898,97.49333333333334
2023-01-01,Kaolack,Centre-Sud,D04,"Logement, eau, électricité, gaz et autres combustibles",105,96.32,0.05193725979018016,11.649472586066988,96.92
2023-02-01,Kaolack,Centre-Sud,D04,"Logement, eau, électricité, gaz et autres combustibles",105,96.71,0.4049003322259104,9.87275619177459,96.43333333333332
2023-03-01,Kaolack,Centre-Sud,D04,"Logement, eau, électricité, gaz et autres combustibles",105,97.98,1.3132044256023212,9.303882195448466,97.00333333333333
2023-04-01,Kaolack,Centre-Sud,D04,"Logement, eau, électricité, gaz et autres combustibles",105,99.01,1.0512349459073311,8.34974830378641,97.90000000000002
2023-05-01,Kaolack,Centre-Sud,D04,"Logement, eau, électricité, gaz et autres combustibles",105,100.19,1.1917988082011943,7.086361693031207,99.06
2023-06-01,Kaolack,Centre-Sud,D04,"Logement, eau, électricité, gaz et autres combustibles",105,101.03,0.8384070266493682,6.403370194839386,100.07666666666667
2023-07-01,Kaolack,Centre-Sud,D04,"Logement, eau, électricité, gaz et autres combustibles",105,101.5,0.46520835395427174,5.817347789824856,100.90666666666668
2023-08-01,Kaolack,Centre-Sud,D04,"Logement, eau, électricité, gaz et autres combustibles",105,101.91,0.40394088669950534,5.409598676044669,101.48
2023-09-01,Kaolack,Centre-Sud,D04,"Logement, eau, électricité, gaz et autres combustibles",105,101.8,-0.10793837699931697,4.474548440065673,101.73666666666666
2023-10-01,Kaolack,Centre-Sud,D04,"Logement, eau, électricité, gaz et autres combustibles",105,102.06,0.2554027504911627,4.100367197062416,101.92333333333333
2023-11-01,Kaolack,Centre-Sud,D04,"Logement, eau, électricité, gaz et autres combustibles",105,102.39,0.3233392122280909,4.298665580116134,102.08333333333333
2023-12-01,Kaolack,Centre-Sud,D04,"Logement, eau, électricité, gaz et autres combustibles",105,99.56,-2.7639417911905495,3.417471694193419,101.33666666666666
2024-01-01,Kaolack,Centre-Sud,D04,"Logement, eau, électricité, gaz et autres combustibles",105,99.02,-0.542386500602654,2.8031561461794086,100.32333333333332
2024-02-01,Kaolack,Centre-Sud,D04,"Logement, eau, électricité, gaz et autres combustibles",105,99.15,0.13128660876591258,2.5230069279288614,99.24333333333334
2024-03-01,Kaolack,Centre-Sud,D04,"Logement, eau, électricité, gaz et autres combustibles",105,100.01,0.867372667675248,2.071851398244551,99.39333333333333
2024-04-01,Kaolack,Centre-Sud,D04,"Logement, eau, électricité, gaz et autres combustibles",105,100.53,0.5199480051994776,1.5351984648015238,99.89666666666669
2024-05-01,Kaolack,Centre-Sud,D04,"Logement, eau, électricité, gaz et autres combustibles",105,101.18,0.6465731622401272,0.9881225671224847,100.57333333333334
2024-06-01,Kaolack,Centre-Sud,D04,"Logement, eau, électricité, gaz et autres combustibles",105,101.67,0.48428543190353057,0.6334752053845483,101.12666666666667
2024-07-01,Kaolack,Centre-Sud,D04,"Logement, eau, électricité, gaz et autres combustibles",105,101.89,0.21638634798859524,0.3842364532019804,101.58
2024-08-01,Kaolack,Centre-Sud,D04,"Logement, eau, électricité, gaz et autres combustibles",105,102.07,0.17666110511334043,0.15700127563536004,101.87666666666667
2024-09-01,Kaolack,Centre-Sud,D04,"Logement, eau, électricité, gaz et autres combustibles",105,102.37,0.2939159400411562,0.5599214145383113,102.11
2024-10-01,Kaolack,Centre-Sud,D04,"Logement, eau, électricité, gaz et autres combustibles",105,102.44,0.06837940802968401,0.37233000195961985,102.29333333333334
2024-11-01,Kaolack,Centre-Sud,D04,"Logement, eau, électricité, gaz et autres combustibles",105,102.57,0.12690355329949554,0.17579841781423244,102.46
2024-12-01,Kaolack,Centre-Sud,D04,"Logement, eau, électricité, gaz et autres combustibles",105,100.24,-2.271619381885537,0.6830052229811034,101.75
2025-01-01,Kaolack,Centre-Sud,D04,"Logement, eau, électricité, gaz et autres combustibles",105,100.04,-0.1995211492418103,1.0300949303171159,100.95
2025-02-01,Kaolack,Centre-Sud,D04,"Logement, eau, électricité, gaz et autres combustibles",105,100.72,0.6797281087564944,1.5834594049420003,100.33333333333333
2025-03-01,Kaolack,Centre-Sud,D04,"Logement, eau, électricité, gaz et autres combustibles",105,101.46000000000001,0.7347100873709378,1.4498550144985467,100.74000000000001
2025-04-01,Kaolack,Centre-Sud,D04,"Logement, eau, électricité, gaz et autres combustibles",105,102.2,0.7293514685590363,1.6611956629861702,101.46
2025-05-01,Kaolack,Centre-Sud,D04,"Logement, eau, électricité, gaz et autres combustibles",105,103.33,1.1056751467710235,2.1249258746787847,102.33
2025-06-01,Kaolack,Centre-Sud,D04,"Logement, eau, électricité, gaz et autres combustibles",105,104.3,0.9387399593535184,2.5868004327726846,103.27666666666666
2025-07-01,Kaolack,Centre-Sud,D04,"Logement, eau, électricité, gaz et autres combustibles",105,104.75,0.431447746883995,2.806948670134468,104.12666666666667
2025-08-01,Kaolack,Centre-Sud,D04,"Logement, eau, électricité, gaz et autres combustibles",105,104.65,-0.09546539379474694,2.5276770843538854,104.56666666666666
2025-09-01,Kaolack,Centre-Sud,D04,"Logement, eau, électricité, gaz et autres combustibles",105,105.18,0.5064500716674747,2.7449448080492322,104.86
2025-10-01,Kaolack,Centre-Sud,D04,"Logement, eau, électricité, gaz et autres combustibles",105,105.42,0.22818026240729594,2.909019914096067,105.08333333333333
2025-11-01,Kaolack,Centre-Sud,D04,"Logement, eau, électricité, gaz et autres combustibles",105,105.79,0.3509770442041482,3.1393194891293774,105.46333333333335
2025-12-01,Kaolack,Centre-Sud,D04,"Logement, eau, électricité, gaz et autres combustibles",105,103.74,-1.9378013044711317,3.4916201117318524,104.98333333333335
2026-01-01,Kaolack,Centre-Sud,D04,"Logement, eau, électricité, gaz et autres combustibles",105,100.14,-3.4702139965297807,0.09996001599359428,103.22333333333334
2026-02-01,Kaolack,Centre-Sud,D04,"Logement, eau, électricité, gaz et autres combustibles",105,101.25,1.1084481725584183,0.5262112787926876,101.71
2026-03-01,Kaolack,Centre-Sud,D04,"Logement, eau, électricité, gaz et autres combustibles",105,102.86,1.5901234567901268,1.3798541297062705,101.41666666666667
2026-04-01,Kaolack,Centre-Sud,D04,"Logement, eau, électricité, gaz et autres combustibles",105,103.75,0.8652537429515883,1.5166340508806275,102.62
2026-05-01,Kaolack,Centre-Sud,D04,"Logement, eau, électricité, gaz et autres combustibles",105,104.56,0.7807228915662767,1.190360979386429,103.72333333333334
2018-01-01,Kolda,Sud,D04,"Logement, eau, électricité, gaz et autres combustibles",105,76.39,,,76.39
2018-02-01,Kolda,Sud,D04,"Logement, eau, électricité, gaz et autres combustibles",105,76.4,0.013090718680452973,,76.39500000000001
2018-03-01,Kolda,Sud,D04,"Logement, eau, électricité, gaz et autres combustibles",105,76.8,0.5235602094240788,,76.53
2018-04-01,Kolda,Sud,D04,"Logement, eau, électricité, gaz et autres combustibles",105,77.05,0.32552083333332593,,76.75
2018-05-01,Kolda,Sud,D04,"Logement, eau, électricité, gaz et autres combustibles",105,77.4,0.454250486696961,,77.08333333333333
2018-06-01,Kolda,Sud,D04,"Logement, eau, électricité, gaz et autres combustibles",105,77.77,0.4780361757105833,,77.40666666666667
2018-07-01,Kolda,Sud,D04,"Logement, eau, électricité, gaz et autres combustibles",105,77.75,-0.025716857400015503,,77.64
2018-08-01,Kolda,Sud,D04,"Logement, eau, électricité, gaz et autres combustibles",105,77.495,-0.3279742765273208,,77.67166666666667
2018-09-01,Kolda,Sud,D04,"Logement, eau, électricité, gaz et autres combustibles",105,77.24,-0.3290534873217732,,77.495
2018-10-01,Kolda,Sud,D04,"Logement, eau, électricité, gaz et autres combustibles",105,76.9,-0.44018643190055773,,77.21166666666666
2018-11-01,Kolda,Sud,D04,"Logement, eau, électricité, gaz et autres combustibles",105,76.58,-0.4161248374512483,,76.90666666666667
2018-12-01,Kolda,Sud,D04,"Logement, eau, électricité, gaz et autres combustibles",105,76.49,-0.11752415774354263,,76.65666666666668
2019-01-01,Kolda,Sud,D04,"Logement, eau, électricité, gaz et autres combustibles",105,77.19,0.9151523074911738,1.0472574944364377,76.75333333333333
2019-02-01,Kolda,Sud,D04,"Logement, eau, électricité, gaz et autres combustibles",105,77.43,0.3109211037699344,1.348167539267009,77.03666666666668
2019-03-01,Kolda,Sud,D04,"Logement, eau, électricité, gaz et autres combustibles",105,77.73,0.38744672607515795,1.2109375000000089,77.45
2019-04-01,Kolda,Sud,D04,"Logement, eau, électricité, gaz et autres combustibles",105,78.19,0.5917921008619542,1.47955872809864,77.78333333333335
2019-05-01,Kolda,Sud,D04,"Logement, eau, électricité, gaz et autres combustibles",105,78.55,0.46041693311165144,1.4857881136950857,78.15666666666668
2019-06-01,Kolda,Sud,D04,"Logement, eau, électricité, gaz et autres combustibles",105,78.79,0.30553787396563337,1.3115597274013346,78.51
2019-07-01,Kolda,Sud,D04,"Logement, eau, électricité, gaz et autres combustibles",105,79.0,0.2665312856961366,1.6077170418006492,78.78
2019-08-01,Kolda,Sud,D04,"Logement, eau, électricité, gaz et autres combustibles",105,78.86,-0.17721518987341423,1.7614039615458932,78.88333333333334
2019-09-01,Kolda,Sud,D04,"Logement, eau, électricité, gaz et autres combustibles",105,78.5,-0.4565051990869873,1.6312791299844642,78.78666666666668
2019-10-01,Kolda,Sud,D04,"Logement, eau, électricité, gaz et autres combustibles",105,78.22,-0.3566878980891697,1.7165149544863478,78.52666666666666
2019-11-01,Kolda,Sud,D04,"Logement, eau, électricité, gaz et autres combustibles",105,77.42,-1.0227563283047747,1.0968921389396646,78.04666666666667
2019-12-01,Kolda,Sud,D04,"Logement, eau, électricité, gaz et autres combustibles",105,77.4,-0.02583311805733901,1.189697999738537,77.67999999999999
2020-01-01,Kolda,Sud,D04,"Logement, eau, électricité, gaz et autres combustibles",105,78.71,1.6925064599482953,1.9691669905428144,77.84333333333332
2020-02-01,Kolda,Sud,D04,"Logement, eau, électricité, gaz et autres combustibles",105,79.31,0.7622919578198495,2.427999483404353,78.47333333333334
2020-03-01,Kolda,Sud,D04,"Logement, eau, électricité, gaz et autres combustibles",105,79.97,0.832177531206657,2.8817702302843085,79.33
2020-04-01,Kolda,Sud,D04,"Logement, eau, électricité, gaz et autres combustibles",105,80.32,0.43766412404651067,2.7241335209105877,79.86666666666667
2020-05-01,Kolda,Sud,D04,"Logement, eau, électricité, gaz et autres combustibles",105,81.37,1.3072709163346685,3.5900700190961254,80.55333333333334
2020-06-01,Kolda,Sud,D04,"Logement, eau, électricité, gaz et autres combustibles",105,81.64,0.33181762320264596,3.617210305876384,81.11
2020-07-01,Kolda,Sud,D04,"Logement, eau, électricité, gaz et autres combustibles",105,81.8,0.19598236158744342,3.544303797468351,81.60333333333334
2020-08-01,Kolda,Sud,D04,"Logement, eau, électricité, gaz et autres combustibles",105,81.72,-0.09779951100243878,3.626680192746634,81.71999999999998
2020-09-01,Kolda,Sud,D04,"Logement, eau, électricité, gaz et autres combustibles",105,81.32,-0.48947626040137804,3.5923566878980795,81.61333333333333
2020-10-01,Kolda,Sud,D04,"Logement, eau, électricité, gaz et autres combustibles",105,80.68,-0.7870142646335343,3.1449757095372233,81.24
2020-11-01,Kolda,Sud,D04,"Logement, eau, électricité, gaz et autres combustibles",105,80.48,-0.24789291026277027,3.9524670627744785,80.82666666666667
2020-12-01,Kolda,Sud,D04,"Logement, eau, électricité, gaz et autres combustibles",105,80.13,-0.43489065606362454,3.527131782945725,80.43
2021-01-01,Kolda,Sud,D04,"Logement, eau, électricité, gaz et autres combustibles",105,80.89,0.9484587545238954,2.7696607800787865,80.5
2021-02-01,Kolda,Sud,D04,"Logement, eau, électricité, gaz et autres combustibles",105,81.16,0.33378662381011726,2.3326188374731993,80.72666666666667
2021-03-01,Kolda,Sud,D04,"Logement, eau, électricité, gaz et autres combustibles",105,81.85,0.8501724987678649,2.350881580592712,81.3
2021-04-01,Kolda,Sud,D04,"Logement, eau, électricité, gaz et autres combustibles",105,82.6,0.916310323762981,2.838645418326702,81.87
2021-05-01,Kolda,Sud,D04,"Logement, eau, électricité, gaz et autres combustibles",105,83.55,1.1501210653753091,2.679120068821428,82.66666666666666
2021-06-01,Kolda,Sud,D04,"Logement, eau, électricité, gaz et autres combustibles",105,83.59,0.04787552363854086,2.3885350318471277,83.24666666666666
2021-07-01,Kolda,Sud,D04,"Logement, eau, électricité, gaz et autres combustibles",105,84.02,0.5144155999521338,2.7139364303178537,83.71999999999998
2021-08-01,Kolda,Sud,D04,"Logement, eau, électricité, gaz et autres combustibles",105,84.12,0.11901928112354465,2.936857562408224,83.91000000000001
2021-09-01,Kolda,Sud,D04,"Logement, eau, électricité, gaz et autres combustibles",105,83.78,-0.40418449833571346,3.025086079685213,83.97333333333334
2021-10-01,Kolda,Sud,D04,"Logement, eau, électricité, gaz et autres combustibles",105,83.58,-0.23872045834328892,3.5944471988101023,83.82666666666667
2021-11-01,Kolda,Sud,D04,"Logement, eau, électricité, gaz et autres combustibles",105,83.3,-0.335008375209378,3.503976143141152,83.55333333333334
2021-12-01,Kolda,Sud,D04,"Logement, eau, électricité, gaz et autres combustibles",105,83.06,-0.2881152460984304,3.6565580930987274,83.31333333333333
2022-01-01,Kolda,Sud,D04,"Logement, eau, électricité, gaz et autres combustibles",105,85.51,2.94967493378282,5.71146000741749,83.95666666666666
2022-02-01,Kolda,Sud,D04,"Logement, eau, électricité, gaz et autres combustibles",105,87.19,1.964682493275638,7.429768358797428,85.25333333333333
2022-03-01,Kolda,Sud,D04,"Logement, eau, électricité, gaz et autres combustibles",105,88.9,1.9612340864778144,8.613317043372026,87.2
2022-04-01,Kolda,Sud,D04,"Logement, eau, électricité, gaz et autres combustibles",105,90.83,2.170978627671527,9.963680387409202,88.97333333333334
2022-05-01,Kolda,Sud,D04,"Logement, eau, électricité, gaz et autres combustibles",105,92.82,2.190906088296818,11.095152603231595,90.85000000000001
2022-06-01,Kolda,Sud,D04,"Logement, eau, électricité, gaz et autres combustibles",105,94.49,1.7991812109459104,13.039837301112556,92.71333333333332
2022-07-01,Kolda,Sud,D04,"Logement, eau, électricité, gaz et autres combustibles",105,95.36,0.9207323526299049,13.49678647940966,94.22333333333334
2022-08-01,Kolda,Sud,D04,"Logement, eau, électricité, gaz et autres combustibles",105,96.58,1.2793624161073769,14.812173086067503,95.47666666666667
2022-09-01,Kolda,Sud,D04,"Logement, eau, électricité, gaz et autres combustibles",105,97.13,0.5694760820045497,15.934590594413933,96.35666666666667
2022-10-01,Kolda,Sud,D04,"Logement, eau, électricité, gaz et autres combustibles",105,97.92,0.8133429424482808,17.15721464465183,97.21
2022-11-01,Kolda,Sud,D04,"Logement, eau, électricité, gaz et autres combustibles",105,98.25,0.337009803921573,17.94717887154862,97.76666666666667
2022-12-01,Kolda,Sud,D04,"Logement, eau, électricité, gaz et autres combustibles",105,96.15,-2.1374045801526687,15.759691789068153,97.44
2023-01-01,Kolda,Sud,D04,"Logement, eau, électricité, gaz et autres combustibles",105,95.75,-0.4160166406656285,11.975207578061031,96.71666666666665
2023-02-01,Kolda,Sud,D04,"Logement, eau, électricité, gaz et autres combustibles",105,96.71,1.0026109660574267,10.918683335244861,96.20333333333333
2023-03-01,Kolda,Sud,D04,"Logement, eau, électricité, gaz et autres combustibles",105,97.65,0.9719780787922794,9.842519685039374,96.70333333333333
2023-04-01,Kolda,Sud,D04,"Logement, eau, électricité, gaz et autres combustibles",105,98.9,1.280081925243226,8.884729714851925,97.75333333333333
2023-05-01,Kolda,Sud,D04,"Logement, eau, électricité, gaz et autres combustibles",105,100.41,1.526794742163795,8.177117000646428,98.98666666666668
2023-06-01,Kolda,Sud,D04,"Logement, eau, électricité, gaz et autres combustibles",105,100.91,0.4979583706802071,6.794369774579323,100.07333333333334
2023-07-01,Kolda,Sud,D04,"Logement, eau, électricité, gaz et autres combustibles",105,101.41,0.4954910316123273,6.344379194630867,100.91000000000001
2023-08-01,Kolda,Sud,D04,"Logement, eau, électricité, gaz et autres combustibles",105,101.67,0.25638497189626186,5.270242286187621,101.33
2023-09-01,Kolda,Sud,D04,"Logement, eau, électricité, gaz et autres combustibles",105,101.98,0.30490803580209835,4.993307937815317,101.68666666666667
2023-10-01,Kolda,Sud,D04,"Logement, eau, électricité, gaz et autres combustibles",105,102.26,0.2745636399293927,4.4321895424836555,101.97000000000001
2023-11-01,Kolda,Sud,D04,"Logement, eau, électricité, gaz et autres combustibles",105,101.97,-0.28359084686094826,3.7862595419847267,102.07
2023-12-01,Kolda,Sud,D04,"Logement, eau, électricité, gaz et autres combustibles",105,99.37,-2.549769540060798,3.348933957358291,101.2
2024-01-01,Kolda,Sud,D04,"Logement, eau, électricité, gaz et autres combustibles",105,98.73,-0.6440575626446621,3.1122715404699797,100.02333333333335
2024-02-01,Kolda,Sud,D04,"Logement, eau, électricité, gaz et autres combustibles",105,98.8,0.07090043553124037,2.16110019646365,98.96666666666665
2024-03-01,Kolda,Sud,D04,"Logement, eau, électricité, gaz et autres combustibles",105,99.65,0.8603238866396801,2.0481310803891484,99.06
2024-04-01,Kolda,Sud,D04,"Logement, eau, électricité, gaz et autres combustibles",105,100.47,0.8228800802809744,1.5874620829120278,99.64
2024-05-01,Kolda,Sud,D04,"Logement, eau, électricité, gaz et autres combustibles",105,101.28,0.8062108091967835,0.8664475649835746,100.46666666666665
2024-06-01,Kolda,Sud,D04,"Logement, eau, électricité, gaz et autres combustibles",105,101.78,0.4936808846761398,0.8621543950054544,101.17666666666668
2024-07-01,Kolda,Sud,D04,"Logement, eau, électricité, gaz et autres combustibles",105,102.08,0.294753389663982,0.6606843506557603,101.71333333333332
2024-08-01,Kolda,Sud,D04,"Logement, eau, électricité, gaz et autres combustibles",105,102.35,0.26449843260187844,0.6688305301465469,102.07000000000001
2024-09-01,Kolda,Sud,D04,"Logement, eau, électricité, gaz et autres combustibles",105,102.45,0.09770395701027557,0.4608746813100639,102.29333333333334
2024-10-01,Kolda,Sud,D04,"Logement, eau, électricité, gaz et autres combustibles",105,102.53,0.0780868716447003,0.26403285742224725,102.44333333333333
2024-11-01,Kolda,Sud,D04,"Logement, eau, électricité, gaz et autres combustibles",105,102.83,0.2925972885984507,0.8433853094047317,102.60333333333334
2024-12-01,Kolda,Sud,D04,"Logement, eau, électricité, gaz et autres combustibles",105,100.36,-2.402022756005051,0.9962765422159459,101.90666666666668
2025-01-01,Kolda,Sud,D04,"Logement, eau, électricité, gaz et autres combustibles",105,100.14,-0.21921084097249466,1.4281373442722511,101.11
2025-02-01,Kolda,Sud,D04,"Logement, eau, électricité, gaz et autres combustibles",105,100.7,0.5592170960655007,1.9230769230769384,100.39999999999999
2025-03-01,Kolda,Sud,D04,"Logement, eau, électricité, gaz et autres combustibles",105,101.66,0.9533267130089396,2.017059708981428,100.83333333333333
2025-04-01,Kolda,Sud,D04,"Logement, eau, électricité, gaz et autres combustibles",105,102.39,0.7180798740901162,1.9110182143923682,101.58333333333333
2025-05-01,Kolda,Sud,D04,"Logement, eau, électricité, gaz et autres combustibles",105,103.44,1.0254907705830707,2.1327014218009532,102.49666666666667
2025-06-01,Kolda,Sud,D04,"Logement, eau, électricité, gaz et autres combustibles",105,104.34,0.8700696055684576,2.515228925132651,103.38999999999999
2025-07-01,Kolda,Sud,D04,"Logement, eau, électricité, gaz et autres combustibles",105,104.9,0.5367069196856367,2.7625391849529946,104.22666666666667
2025-08-01,Kolda,Sud,D04,"Logement, eau, électricité, gaz et autres combustibles",105,105.06,0.1525262154432827,2.6477772349780215,104.76666666666667
2025-09-01,Kolda,Sud,D04,"Logement, eau, électricité, gaz et autres combustibles",105,105.82,0.7233961545783263,3.2894094680331776,105.25999999999999
2025-10-01,Kolda,Sud,D04,"Logement, eau, électricité, gaz et autres combustibles",105,106.13,0.2929502929502892,3.511167463181497,105.67
2025-11-01,Kolda,Sud,D04,"Logement, eau, électricité, gaz et autres combustibles",105,106.23,0.09422406482615386,3.3064280851891503,106.06
2025-12-01,Kolda,Sud,D04,"Logement, eau, électricité, gaz et autres combustibles",105,103.86,-2.2310081897769063,3.4874451972897624,105.40666666666668
2026-01-01,Kolda,Sud,D04,"Logement, eau, électricité, gaz et autres combustibles",105,100.41,-3.3217793183131117,0.269622528460145,103.5
2026-02-01,Kolda,Sud,D04,"Logement, eau, électricité, gaz et autres combustibles",105,101.72,1.3046509311821497,1.01290963257199,101.99666666666667
2026-03-01,Kolda,Sud,D04,"Logement, eau, électricité, gaz et autres combustibles",105,103.01,1.2681871804954836,1.3279559315364953,101.71333333333332
2026-04-01,Kolda,Sud,D04,"Logement, eau, électricité, gaz et autres combustibles",105,103.97,0.9319483545286777,1.543119445258334,102.89999999999999
2026-05-01,Kolda,Sud,D04,"Logement, eau, électricité, gaz et autres combustibles",105,104.8,0.7983072040011585,1.314771848414531,103.92666666666666
2018-01-01,Saint-Louis,Nord,D04,"Logement, eau, électricité, gaz et autres combustibles",105,78.2,,,78.2
2018-02-01,Saint-Louis,Nord,D04,"Logement, eau, électricité, gaz et autres combustibles",105,78.24,0.0511508951406503,,78.22
2018-03-01,Saint-Louis,Nord,D04,"Logement, eau, électricité, gaz et autres combustibles",105,78.4,0.2044989775051187,,78.28
2018-04-01,Saint-Louis,Nord,D04,"Logement, eau, électricité, gaz et autres combustibles",105,78.97,0.7270408163265296,,78.53666666666666
2018-05-01,Saint-Louis,Nord,D04,"Logement, eau, électricité, gaz et autres combustibles",105,79.02,0.06331518298088312,,78.79666666666667
2018-06-01,Saint-Louis,Nord,D04,"Logement, eau, électricité, gaz et autres combustibles",105,79.35,0.4176157934700164,,79.11333333333333
2018-07-01,Saint-Louis,Nord,D04,"Logement, eau, électricité, gaz et autres combustibles",105,79.49,0.17643352236924592,,79.28666666666666
2018-08-01,Saint-Louis,Nord,D04,"Logement, eau, électricité, gaz et autres combustibles",105,79.37,-0.1509623852056774,,79.40333333333332
2018-09-01,Saint-Louis,Nord,D04,"Logement, eau, électricité, gaz et autres combustibles",105,79.27,-0.12599218848432514,,79.37666666666667
2018-10-01,Saint-Louis,Nord,D04,"Logement, eau, électricité, gaz et autres combustibles",105,78.92,-0.44152895168411144,,79.18666666666667
2018-11-01,Saint-Louis,Nord,D04,"Logement, eau, électricité, gaz et autres combustibles",105,78.66,-0.3294475418144982,,78.95
2018-12-01,Saint-Louis,Nord,D04,"Logement, eau, électricité, gaz et autres combustibles",105,78.43,-0.29239766081869956,,78.67
2019-01-01,Saint-Louis,Nord,D04,"Logement, eau, électricité, gaz et autres combustibles",105,79.13,0.8925156190233263,1.189258312020458,78.74
2019-02-01,Saint-Louis,Nord,D04,"Logement, eau, électricité, gaz et autres combustibles",105,79.13,0.0,1.137525562372188,78.89666666666666
2019-03-01,Saint-Louis,Nord,D04,"Logement, eau, électricité, gaz et autres combustibles",105,79.47,0.42967269050928625,1.3647959183673342,79.24333333333333
2019-04-01,Saint-Louis,Nord,D04,"Logement, eau, électricité, gaz et autres combustibles",105,79.89,0.5285013212533052,1.164999366848174,79.49666666666667
2019-05-01,Saint-Louis,Nord,D04,"Logement, eau, électricité, gaz et autres combustibles",105,80.22,0.4130679684566152,1.518602885345488,79.86
2019-06-01,Saint-Louis,Nord,D04,"Logement, eau, électricité, gaz et autres combustibles",105,80.43,0.2617801047120505,1.361058601134224,80.18
2019-07-01,Saint-Louis,Nord,D04,"Logement, eau, électricité, gaz et autres combustibles",105,80.52,0.11189854531890031,1.2957604730154726,80.39
2019-08-01,Saint-Louis,Nord,D04,"Logement, eau, électricité, gaz et autres combustibles",105,80.36,-0.1987083954297031,1.247322665994699,80.43666666666667
2019-09-01,Saint-Louis,Nord,D04,"Logement, eau, électricité, gaz et autres combustibles",105,80.24,-0.1493280238924921,1.223665951810271,80.37333333333332
2019-10-01,Saint-Louis,Nord,D04,"Logement, eau, électricité, gaz et autres combustibles",105,79.82,-0.5234297108673958,1.1403953370501707,80.14
2019-11-01,Saint-Louis,Nord,D04,"Logement, eau, électricité, gaz et autres combustibles",105,79.41,-0.5136557253821006,0.9534706331044918,79.82333333333334
2019-12-01,Saint-Louis,Nord,D04,"Logement, eau, électricité, gaz et autres combustibles",105,79.17,-0.3022289384208454,0.9435165115389443,79.46666666666665
2020-01-01,Saint-Louis,Nord,D04,"Logement, eau, électricité, gaz et autres combustibles",105,80.31,1.439939370973864,1.4912169847087098,79.63
2020-02-01,Saint-Louis,Nord,D04,"Logement, eau, électricité, gaz et autres combustibles",105,80.96,0.8093637156020295,2.3126500695058727,80.14666666666666
2020-03-01,Saint-Louis,Nord,D04,"Logement, eau, électricité, gaz et autres combustibles",105,81.42,0.5681818181818343,2.453756134390339,80.89666666666666
2020-04-01,Saint-Louis,Nord,D04,"Logement, eau, électricité, gaz et autres combustibles",105,81.96,0.6632277081797922,2.5910627112279316,81.44666666666666
2020-05-01,Saint-Louis,Nord,D04,"Logement, eau, électricité, gaz et autres combustibles",105,82.81,1.0370912640312424,3.228621291448519,82.06333333333333
2020-06-01,Saint-Louis,Nord,D04,"Logement, eau, électricité, gaz et autres combustibles",105,83.17,0.4347301050597663,3.4066890463757327,82.64666666666666
2020-07-01,Saint-Louis,Nord,D04,"Logement, eau, électricité, gaz et autres combustibles",105,83.22,0.0601178309486583,3.3532041728763007,83.06666666666666
2020-08-01,Saint-Louis,Nord,D04,"Logement, eau, électricité, gaz et autres combustibles",105,83.34,0.14419610670513006,3.708312593330021,83.24333333333334
2020-09-01,Saint-Louis,Nord,D04,"Logement, eau, électricité, gaz et autres combustibles",105,82.79,-0.6599472042236543,3.17796610169494,83.11666666666666
2020-10-01,Saint-Louis,Nord,D04,"Logement, eau, électricité, gaz et autres combustibles",105,82.36,-0.5193863993235959,3.182159859684308,82.83
2020-11-01,Saint-Louis,Nord,D04,"Logement, eau, électricité, gaz et autres combustibles",105,81.98,-0.46138902379795343,3.236368215589991,82.37666666666668
2020-12-01,Saint-Louis,Nord,D04,"Logement, eau, électricité, gaz et autres combustibles",105,81.79,-0.23176384484020485,3.3093343438171052,82.04333333333334
2021-01-01,Saint-Louis,Nord,D04,"Logement, eau, électricité, gaz et autres combustibles",105,82.31,0.6357745445653373,2.4903498941601265,82.02666666666666
2021-02-01,Saint-Louis,Nord,D04,"Logement, eau, électricité, gaz et autres combustibles",105,82.58,0.32802818612562845,2.0009881422925035,82.22666666666667
2021-03-01,Saint-Louis,Nord,D04,"Logement, eau, électricité, gaz et autres combustibles",105,83.38,0.968757568418499,2.4072709408007764,82.75666666666666
2021-04-01,Saint-Louis,Nord,D04,"Logement, eau, électricité, gaz et autres combustibles",105,83.94,0.6716238906212535,2.4158125915080486,83.3
2021-05-01,Saint-Louis,Nord,D04,"Logement, eau, électricité, gaz et autres combustibles",105,84.92,1.1675005956635731,2.5480014491003455,84.08
2021-06-01,Saint-Louis,Nord,D04,"Logement, eau, électricité, gaz et autres combustibles",105,85.24,0.37682524729156786,2.4888782012744803,84.7
2021-07-01,Saint-Louis,Nord,D04,"Logement, eau, électricité, gaz et autres combustibles",105,85.12,-0.1407789770060841,2.2831050228310668,85.09333333333333
2021-08-01,Saint-Louis,Nord,D04,"Logement, eau, électricité, gaz et autres combustibles",105,85.45,0.38768796992481036,2.5317974562035106,85.27
2021-09-01,Saint-Louis,Nord,D04,"Logement, eau, électricité, gaz et autres combustibles",105,85.46,0.01170275014628075,3.2250271771953054,85.34333333333332
2021-10-01,Saint-Louis,Nord,D04,"Logement, eau, électricité, gaz et autres combustibles",105,85.13,-0.38614556517668763,3.363283147158813,85.34666666666665
2021-11-01,Saint-Louis,Nord,D04,"Logement, eau, électricité, gaz et autres combustibles",105,84.89,-0.28192176670973623,3.549646255184191,85.16000000000001
2021-12-01,Saint-Louis,Nord,D04,"Logement, eau, électricité, gaz et autres combustibles",105,84.37,-0.6125574272587975,3.1544198557280856,84.79666666666667
2022-01-01,Saint-Louis,Nord,D04,"Logement, eau, électricité, gaz et autres combustibles",105,86.78,2.856465568329969,5.430688859190869,85.34666666666668
2022-02-01,Saint-Louis,Nord,D04,"Logement, eau, électricité, gaz et autres combustibles",105,88.315,1.7688407467158385,6.944780818600149,86.48833333333334
2022-03-01,Saint-Louis,Nord,D04,"Logement, eau, électricité, gaz et autres combustibles",105,89.85,1.7380965860839037,7.7596545934276895,88.315
2022-04-01,Saint-Louis,Nord,D04,"Logement, eau, électricité, gaz et autres combustibles",105,91.45,1.7807456872565464,8.94686680962593,89.87166666666667
2022-05-01,Saint-Louis,Nord,D04,"Logement, eau, électricité, gaz et autres combustibles",105,93.33,2.055768179332973,9.903438530381536,91.54333333333334
2022-06-01,Saint-Louis,Nord,D04,"Logement, eau, électricité, gaz et autres combustibles",105,94.715,1.4839815707703874,11.11567339277335,93.165
2022-07-01,Saint-Louis,Nord,D04,"Logement, eau, électricité, gaz et autres combustibles",105,96.1,1.462281581586855,12.899436090225546,94.71499999999999
2022-08-01,Saint-Louis,Nord,D04,"Logement, eau, électricité, gaz et autres combustibles",105,96.91,0.8428720083246688,13.411351667641892,95.90833333333335
2022-09-01,Saint-Louis,Nord,D04,"Logement, eau, électricité, gaz et autres combustibles",105,97.47,0.5778557424414466,14.053358296278962,96.82666666666665
2022-10-01,Saint-Louis,Nord,D04,"Logement, eau, électricité, gaz et autres combustibles",105,97.72,0.25648917615677114,14.78914601198169,97.36666666666667
2022-11-01,Saint-Louis,Nord,D04,"Logement, eau, électricité, gaz et autres combustibles",105,98.26,0.5525992632009924,15.749793850865835,97.81666666666666
2022-12-01,Saint-Louis,Nord,D04,"Logement, eau, électricité, gaz et autres combustibles",105,96.2,-2.096478729900264,14.02157164869029,97.39333333333333
2023-01-01,Saint-Louis,Nord,D04,"Logement, eau, électricité, gaz et autres combustibles",105,96.35,0.15592515592515177,11.027886609817926,96.93666666666667
2023-02-01,Saint-Louis,Nord,D04,"Logement, eau, électricité, gaz et autres combustibles",105,97.19,0.871821484172286,10.049255505859712,96.58
2023-03-01,Saint-Louis,Nord,D04,"Logement, eau, électricité, gaz et autres combustibles",105,98.16,0.9980450663648499,9.248747913188659,97.23333333333333
2023-04-01,Saint-Louis,Nord,D04,"Logement, eau, électricité, gaz et autres combustibles",105,98.97,0.8251833740831271,8.22307271733187,98.10666666666667
2023-05-01,Saint-Louis,Nord,D04,"Logement, eau, électricité, gaz et autres combustibles",105,99.79,0.8285338991613767,6.921675774134806,98.97333333333331
2023-06-01,Saint-Louis,Nord,D04,"Logement, eau, électricité, gaz et autres combustibles",105,100.83,1.0421885960516963,6.456210737475576,99.86333333333334
2023-07-01,Saint-Louis,Nord,D04,"Logement, eau, électricité, gaz et autres combustibles",105,101.68,0.8430030744818184,5.8064516129032295,100.76666666666667
2023-08-01,Saint-Louis,Nord,D04,"Logement, eau, électricité, gaz et autres combustibles",105,101.54,-0.13768686073957204,4.777628727685501,101.35000000000001
2023-09-01,Saint-Louis,Nord,D04,"Logement, eau, électricité, gaz et autres combustibles",105,101.72,0.17727004136300906,4.3603159946650205,101.64666666666669
2023-10-01,Saint-Louis,Nord,D04,"Logement, eau, électricité, gaz et autres combustibles",105,102.25,0.5210381439245015,4.635693819074915,101.83666666666666
2023-11-01,Saint-Louis,Nord,D04,"Logement, eau, électricité, gaz et autres combustibles",105,102.25,0.0,4.060655404030111,102.07333333333334
2023-12-01,Saint-Louis,Nord,D04,"Logement, eau, électricité, gaz et autres combustibles",105,99.64,-2.5525672371638164,3.575883575883565,101.38
2024-01-01,Saint-Louis,Nord,D04,"Logement, eau, électricité, gaz et autres combustibles",105,98.72,-0.9233239662785997,2.4597820446289553,100.20333333333333
2024-02-01,Saint-Louis,Nord,D04,"Logement, eau, électricité, gaz et autres combustibles",105,99.14,0.4254457050243188,2.0063792571252126,99.16666666666667
2024-03-01,Saint-Louis,Nord,D04,"Logement, eau, électricité, gaz et autres combustibles",105,99.78,0.6455517450070669,1.6503667481662543,99.21333333333332
2024-04-01,Saint-Louis,Nord,D04,"Logement, eau, électricité, gaz et autres combustibles",105,100.66,0.8819402685908972,1.707588158027673,99.86
2024-05-01,Saint-Louis,Nord,D04,"Logement, eau, électricité, gaz et autres combustibles",105,101.19,0.526524935426198,1.4029461869926818,100.54333333333334
2024-06-01,Saint-Louis,Nord,D04,"Logement, eau, électricité, gaz et autres combustibles",105,101.77,0.5731791679019604,0.9322622235445888,101.20666666666666
2024-07-01,Saint-Louis,Nord,D04,"Logement, eau, électricité, gaz et autres combustibles",105,102.14,0.36356490124791474,0.4523996852871637,101.7
2024-08-01,Saint-Louis,Nord,D04,"Logement, eau, électricité, gaz et autres combustibles",105,101.86,-0.27413354219698594,0.31514674020090006,101.92333333333333
2024-09-01,Saint-Louis,Nord,D04,"Logement, eau, électricité, gaz et autres combustibles",105,102.32,0.45160023561749973,0.5898545025560198,102.10666666666667
2024-10-01,Saint-Louis,Nord,D04,"Logement, eau, électricité, gaz et autres combustibles",105,102.37,0.04886630179830043,0.1173594132029443,102.18333333333334
2024-11-01,Saint-Louis,Nord,D04,"Logement, eau, électricité, gaz et autres combustibles",105,102.21,-0.15629578978216818,-0.039119804400988833,102.3
2024-12-01,Saint-Louis,Nord,D04,"Logement, eau, électricité, gaz et autres combustibles",105,99.96,-2.201350161432347,0.32115616218384435,101.51333333333332
2025-01-01,Saint-Louis,Nord,D04,"Logement, eau, électricité, gaz et autres combustibles",105,99.74,-0.22008803521408327,1.0332252836304567,100.63666666666666
2025-02-01,Saint-Louis,Nord,D04,"Logement, eau, électricité, gaz et autres combustibles",105,100.61,0.8722678965309871,1.4827516643130867,100.10333333333334
2025-03-01,Saint-Louis,Nord,D04,"Logement, eau, électricité, gaz et autres combustibles",105,101.38,0.765331477984299,1.6035277610743526,100.57666666666667
2025-04-01,Saint-Louis,Nord,D04,"Logement, eau, électricité, gaz et autres combustibles",105,102.31,0.9173406983626009,1.6391814027419072,101.43333333333334
2025-05-01,Saint-Louis,Nord,D04,"Logement, eau, électricité, gaz et autres combustibles",105,103.54,1.202228521161186,2.322363869947641,102.41000000000001
2025-06-01,Saint-Louis,Nord,D04,"Logement, eau, électricité, gaz et autres combustibles",105,103.83,0.28008499130769415,2.0241721528937884,103.22666666666667
2025-07-01,Saint-Louis,Nord,D04,"Logement, eau, électricité, gaz et autres combustibles",105,104.52,0.6645478185495435,2.3301351086743693,103.96333333333332
2025-08-01,Saint-Louis,Nord,D04,"Logement, eau, électricité, gaz et autres combustibles",105,104.85,0.31572904707233285,2.935401531513837,104.39999999999999
2025-09-01,Saint-Louis,Nord,D04,"Logement, eau, électricité, gaz et autres combustibles",105,105.05,0.19074868860275984,2.6681000781860975,104.80666666666667
2025-10-01,Saint-Louis,Nord,D04,"Logement, eau, électricité, gaz et autres combustibles",105,105.51,0.4378867206092485,3.067304874474952,105.13666666666666
2025-11-01,Saint-Louis,Nord,D04,"Logement, eau, électricité, gaz et autres combustibles",105,105.52,0.009477774618504853,3.238430681929372,105.36
2025-12-01,Saint-Louis,Nord,D04,"Logement, eau, électricité, gaz et autres combustibles",105,103.68,-1.74374526156178,3.7214885954381938,104.90333333333332
2026-01-01,Saint-Louis,Nord,D04,"Logement, eau, électricité, gaz et autres combustibles",105,100.25,-3.3082561728395077,0.5113294565871396,103.14999999999999
2026-02-01,Saint-Louis,Nord,D04,"Logement, eau, électricité, gaz et autres combustibles",105,101.79,1.536159600997511,1.1728456415863286,101.90666666666668
2026-03-01,Saint-Louis,Nord,D04,"Logement, eau, électricité, gaz et autres combustibles",105,102.96,1.1494252873563093,1.5584927993687048,101.66666666666667
2026-04-01,Saint-Louis,Nord,D04,"Logement, eau, électricité, gaz et autres combustibles",105,103.83,0.84498834498834,1.4856807741178812,102.86000000000001
2026-05-01,Saint-Louis,Nord,D04,"Logement, eau, électricité, gaz et autres combustibles",105,104.41,0.5586054126938356,0.8402549739231047,103.73333333333333
2018-01-01,Thiès,Centre-Ouest,D04,"Logement, eau, électricité, gaz et autres combustibles",105,78.92,,,78.92
2018-02-01,Thiès,Centre-Ouest,D04,"Logement, eau, électricité, gaz et autres combustibles",105,79.28,0.4561581348200727,,79.1
2018-03-01,Thiès,Centre-Ouest,D04,"Logement, eau, électricité, gaz et autres combustibles",105,79.11,-0.21442986881937687,,79.10333333333334
2018-04-01,Thiès,Centre-Ouest,D04,"Logement, eau, électricité, gaz et autres combustibles",105,79.56,0.5688282138794021,,79.31666666666666
2018-05-01,Thiès,Centre-Ouest,D04,"Logement, eau, électricité, gaz et autres combustibles",105,80.11,0.6913021618903947,,79.59333333333335
2018-06-01,Thiès,Centre-Ouest,D04,"Logement, eau, électricité, gaz et autres combustibles",105,80.25,0.1747597054050587,,79.97333333333334
2018-07-01,Thiès,Centre-Ouest,D04,"Logement, eau, électricité, gaz et autres combustibles",105,80.175,-0.09345794392523477,,80.17833333333333
2018-08-01,Thiès,Centre-Ouest,D04,"Logement, eau, électricité, gaz et autres combustibles",105,80.1,-0.093545369504211,,80.175
2018-09-01,Thiès,Centre-Ouest,D04,"Logement, eau, électricité, gaz et autres combustibles",105,79.83,-0.3370786516853852,,80.03499999999998
2018-10-01,Thiès,Centre-Ouest,D04,"Logement, eau, électricité, gaz et autres combustibles",105,79.53,-0.37579857196542443,,79.82
2018-11-01,Thiès,Centre-Ouest,D04,"Logement, eau, électricité, gaz et autres combustibles",105,79.1,-0.540676474286439,,79.48666666666666
2018-12-01,Thiès,Centre-Ouest,D04,"Logement, eau, électricité, gaz et autres combustibles",105,78.96,-0.1769911504424737,,79.19666666666667
2019-01-01,Thiès,Centre-Ouest,D04,"Logement, eau, électricité, gaz et autres combustibles",105,79.42,0.5825734549138817,0.6335529650278726,79.16000000000001
2019-02-01,Thiès,Centre-Ouest,D04,"Logement, eau, électricité, gaz et autres combustibles",105,79.76,0.4281037522034792,0.6054490413723634,79.38
2019-03-01,Thiès,Centre-Ouest,D04,"Logement, eau, électricité, gaz et autres combustibles",105,80.09,0.41374122367101585,1.2387814435596,79.75666666666667
2019-04-01,Thiès,Centre-Ouest,D04,"Logement, eau, électricité, gaz et autres combustibles",105,80.39,0.3745785990760364,1.0432378079436866,80.08
2019-05-01,Thiès,Centre-Ouest,D04,"Logement, eau, électricité, gaz et autres combustibles",105,80.58,0.23634780445329628,0.5866932967170113,80.35333333333334
2019-06-01,Thiès,Centre-Ouest,D04,"Logement, eau, électricité, gaz et autres combustibles",105,81.16,0.7197815835194854,1.1339563862928337,80.71
2019-07-01,Thiès,Centre-Ouest,D04,"Logement, eau, électricité, gaz et autres combustibles",105,81.18,0.024642681123721033,1.253507951356414,80.97333333333334
2019-08-01,Thiès,Centre-Ouest,D04,"Logement, eau, électricité, gaz et autres combustibles",105,80.94,-0.2956393200295726,1.048689138576786,81.09333333333333
2019-09-01,Thiès,Centre-Ouest,D04,"Logement, eau, électricité, gaz et autres combustibles",105,80.73,-0.25945144551519084,1.1273957158962844,80.95
2019-10-01,Thiès,Centre-Ouest,D04,"Logement, eau, électricité, gaz et autres combustibles",105,80.24,-0.6069614765267017,0.8927448761473666,80.63666666666667
2019-11-01,Thiès,Centre-Ouest,D04,"Logement, eau, électricité, gaz et autres combustibles",105,79.96,-0.34895314057826754,1.0872313527180877,80.31
2019-12-01,Thiès,Centre-Ouest,D04,"Logement, eau, électricité, gaz et autres combustibles",105,79.79,-0.21260630315156348,1.0511651469098382,79.99666666666666
2020-01-01,Thiès,Centre-Ouest,D04,"Logement, eau, électricité, gaz et autres combustibles",105,81.17,1.7295400426118546,2.20347519516495,80.30666666666667
2020-02-01,Thiès,Centre-Ouest,D04,"Logement, eau, électricité, gaz et autres combustibles",105,81.33,0.19711716151287195,1.96840521564694,80.76333333333334
2020-03-01,Thiès,Centre-Ouest,D04,"Logement, eau, électricité, gaz et autres combustibles",105,82.03,0.8606910119267175,2.4222749406917155,81.51
2020-04-01,Thiès,Centre-Ouest,D04,"Logement, eau, électricité, gaz et autres combustibles",105,82.52,0.597342435694248,2.6495832815026654,81.96
2020-05-01,Thiès,Centre-Ouest,D04,"Logement, eau, électricité, gaz et autres combustibles",105,83.24,0.8725157537566641,3.3010672623479786,82.59666666666666
2020-06-01,Thiès,Centre-Ouest,D04,"Logement, eau, électricité, gaz et autres combustibles",105,83.71,0.5646323882748661,3.1419418432725443,83.15666666666665
2020-07-01,Thiès,Centre-Ouest,D04,"Logement, eau, électricité, gaz et autres combustibles",105,83.99,0.33448811372596143,3.4614437053461344,83.64666666666666
2020-08-01,Thiès,Centre-Ouest,D04,"Logement, eau, électricité, gaz et autres combustibles",105,83.63,-0.42862245505417285,3.323449468742279,83.77666666666666
2020-09-01,Thiès,Centre-Ouest,D04,"Logement, eau, électricité, gaz et autres combustibles",105,83.16,-0.5619992825541043,3.0100334448160515,83.59333333333333
2020-10-01,Thiès,Centre-Ouest,D04,"Logement, eau, électricité, gaz et autres combustibles",105,82.75,-0.4930254930254896,3.128115653040875,83.17999999999999
2020-11-01,Thiès,Centre-Ouest,D04,"Logement, eau, électricité, gaz et autres combustibles",105,82.43,-0.3867069486404806,3.089044522261153,82.78
2020-12-01,Thiès,Centre-Ouest,D04,"Logement, eau, électricité, gaz et autres combustibles",105,82.03,-0.48526022079340425,2.807369344529387,82.40333333333334
2021-01-01,Thiès,Centre-Ouest,D04,"Logement, eau, électricité, gaz et autres combustibles",105,82.87,1.0240156040473014,2.094369841074295,82.44333333333334
2021-02-01,Thiès,Centre-Ouest,D04,"Logement, eau, électricité, gaz et autres combustibles",105,83.17,0.3620127911186266,2.262387802778809,82.69
2021-03-01,Thiès,Centre-Ouest,D04,"Logement, eau, électricité, gaz et autres combustibles",105,84.1,1.1181916556450622,2.523467024259407,83.38
2021-04-01,Thiès,Centre-Ouest,D04,"Logement, eau, électricité, gaz et autres combustibles",105,84.25,0.1783590963139181,2.0964614638875556,83.83999999999999
2021-05-01,Thiès,Centre-Ouest,D04,"Logement, eau, électricité, gaz et autres combustibles",105,85.15,1.0682492581602476,2.29456991830852,84.5
2021-06-01,Thiès,Centre-Ouest,D04,"Logement, eau, électricité, gaz et autres combustibles",105,85.52,0.43452730475630474,2.162226735157091,84.97333333333334
2021-07-01,Thiès,Centre-Ouest,D04,"Logement, eau, électricité, gaz et autres combustibles",105,85.77,0.2923292797006649,2.119299916656736,85.48
2021-08-01,Thiès,Centre-Ouest,D04,"Logement, eau, électricité, gaz et autres combustibles",105,85.84,0.08161361781509058,2.642592371158692,85.71
2021-09-01,Thiès,Centre-Ouest,D04,"Logement, eau, électricité, gaz et autres combustibles",105,85.34,-0.5824790307548899,2.6214526214526357,85.64999999999999
2021-10-01,Thiès,Centre-Ouest,D04,"Logement, eau, électricité, gaz et autres combustibles",105,85.4,0.07030700726506911,3.2024169184290185,85.52666666666669
2021-11-01,Thiès,Centre-Ouest,D04,"Logement, eau, électricité, gaz et autres combustibles",105,85.35,-0.05854800936769822,3.5423996117918133,85.36333333333333
2021-12-01,Thiès,Centre-Ouest,D04,"Logement, eau, électricité, gaz et autres combustibles",105,84.89,-0.5389572349150495,3.4865293185419866,85.21333333333334
2022-01-01,Thiès,Centre-Ouest,D04,"Logement, eau, électricité, gaz et autres combustibles",105,87.09,2.59158911532571,5.0923132617352485,85.77666666666669
2022-02-01,Thiès,Centre-Ouest,D04,"Logement, eau, électricité, gaz et autres combustibles",105,88.63,1.7682856814789316,6.564867139593589,86.87
2022-03-01,Thiès,Centre-Ouest,D04,"Logement, eau, électricité, gaz et autres combustibles",105,90.1,1.6585806160442251,7.13436385255648,88.60666666666667
2022-04-01,Thiès,Centre-Ouest,D04,"Logement, eau, électricité, gaz et autres combustibles",105,91.78,1.8645948945616109,8.937685459940647,90.17
2022-05-01,Thiès,Centre-Ouest,D04,"Logement, eau, électricité, gaz et autres combustibles",105,93.29,1.645238614077149,9.559600704638882,91.72333333333334
2022-06-01,Thiès,Centre-Ouest,D04,"Logement, eau, électricité, gaz et autres combustibles",105,95.17,2.015221352770924,11.28391019644528,93.41333333333334
2022-07-01,Thiès,Centre-Ouest,D04,"Logement, eau, électricité, gaz et autres combustibles",105,96.07,0.9456761584532902,12.008860907077068,94.84333333333332
2022-08-01,Thiès,Centre-Ouest,D04,"Logement, eau, électricité, gaz et autres combustibles",105,96.74,0.6974081398980037,12.69804287045666,95.99333333333333
2022-09-01,Thiès,Centre-Ouest,D04,"Logement, eau, électricité, gaz et autres combustibles",105,97.52,0.806284887326858,14.272322474806654,96.77666666666666
2022-10-01,Thiès,Centre-Ouest,D04,"Logement, eau, électricité, gaz et autres combustibles",105,97.89,0.37940935192781744,14.625292740046824,97.38333333333333
2022-11-01,Thiès,Centre-Ouest,D04,"Logement, eau, électricité, gaz et autres combustibles",105,97.195,-0.7099805904586809,13.878148799062684,97.53499999999998
2022-12-01,Thiès,Centre-Ouest,D04,"Logement, eau, électricité, gaz et autres combustibles",105,96.5,-0.7150573589176368,13.676522558605253,97.195
2023-01-01,Thiès,Centre-Ouest,D04,"Logement, eau, électricité, gaz et autres combustibles",105,96.14,-0.3730569948186546,10.391548972327481,96.61166666666668
2023-02-01,Thiès,Centre-Ouest,D04,"Logement, eau, électricité, gaz et autres combustibles",105,97.26,1.1649677553567717,9.73710933092633,96.63333333333334
2023-03-01,Thiès,Centre-Ouest,D04,"Logement, eau, électricité, gaz et autres combustibles",105,97.86,0.6169031462060381,8.61265260821311,97.08666666666666
2023-04-01,Thiès,Centre-Ouest,D04,"Logement, eau, électricité, gaz et autres combustibles",105,99.01,1.1751481708563327,7.8775332316408875,98.04333333333334
2023-05-01,Thiès,Centre-Ouest,D04,"Logement, eau, électricité, gaz et autres combustibles",105,100.49,1.494798505201489,7.717869010612066,99.12
2023-06-01,Thiès,Centre-Ouest,D04,"Logement, eau, électricité, gaz et autres combustibles",105,101.23,0.7363916807642701,6.367552800252185,100.24333333333334
2023-07-01,Thiès,Centre-Ouest,D04,"Logement, eau, électricité, gaz et autres combustibles",105,101.43,0.19756989034871442,5.57926511918394,101.05000000000001
2023-08-01,Thiès,Centre-Ouest,D04,"Logement, eau, électricité, gaz et autres combustibles",105,101.41,-0.019718032140403352,4.827372338226166,101.35666666666667
2023-09-01,Thiès,Centre-Ouest,D04,"Logement, eau, électricité, gaz et autres combustibles",105,101.7,0.28596785326890917,4.2863002461033695,101.51333333333332
2023-10-01,Thiès,Centre-Ouest,D04,"Logement, eau, électricité, gaz et autres combustibles",105,101.95,0.2458210422812135,4.147512514046392,101.68666666666667
2023-11-01,Thiès,Centre-Ouest,D04,"Logement, eau, électricité, gaz et autres combustibles",105,102.01,0.05885237861698034,4.953958536961789,101.88666666666667
2023-12-01,Thiès,Centre-Ouest,D04,"Logement, eau, électricité, gaz et autres combustibles",105,99.64,-2.3233016370944104,3.2538860103626943,101.2
2024-01-01,Thiès,Centre-Ouest,D04,"Logement, eau, électricité, gaz et autres combustibles",105,98.79,-0.8530710558008803,2.7563969211566564,100.14666666666669
2024-02-01,Thiès,Centre-Ouest,D04,"Logement, eau, électricité, gaz et autres combustibles",105,99.15,0.3644093531733894,1.9432449105490468,99.19333333333334
2024-03-01,Thiès,Centre-Ouest,D04,"Logement, eau, électricité, gaz et autres combustibles",105,99.53,0.38325769036813284,1.7065195176783288,99.15666666666668
2024-04-01,Thiès,Centre-Ouest,D04,"Logement, eau, électricité, gaz et autres combustibles",105,100.32,0.7937305335074862,1.323098676901302,99.66666666666667
2024-05-01,Thiès,Centre-Ouest,D04,"Logement, eau, électricité, gaz et autres combustibles",105,101.23,0.9070972886762396,0.7363916807642701,100.36
2024-06-01,Thiès,Centre-Ouest,D04,"Logement, eau, électricité, gaz et autres combustibles",105,101.4,0.16793440679641058,0.16793440679641058,100.98333333333333
2024-07-01,Thiès,Centre-Ouest,D04,"Logement, eau, électricité, gaz et autres combustibles",105,101.88,0.4733727810650734,0.44365572315880897,101.50333333333333
2024-08-01,Thiès,Centre-Ouest,D04,"Logement, eau, électricité, gaz et autres combustibles",105,101.85,-0.02944640753828054,0.4338822601321457,101.71
2024-09-01,Thiès,Centre-Ouest,D04,"Logement, eau, électricité, gaz et autres combustibles",105,102.07,0.21600392734413276,0.36381514257619596,101.93333333333334
2024-10-01,Thiès,Centre-Ouest,D04,"Logement, eau, électricité, gaz et autres combustibles",105,102.29,0.21553835603018712,0.3334968121628368,102.07000000000001
2024-11-01,Thiès,Centre-Ouest,D04,"Logement, eau, électricité, gaz et autres combustibles",105,102.75,0.4497018281356846,0.7254190765611179,102.37
2024-12-01,Thiès,Centre-Ouest,D04,"Logement, eau, électricité, gaz et autres combustibles",105,100.35,-2.335766423357666,0.7125652348454414,101.79666666666667
2025-01-01,Thiès,Centre-Ouest,D04,"Logement, eau, électricité, gaz et autres combustibles",105,99.7,-0.64773293472844,0.9211458649660775,100.93333333333334
2025-02-01,Thiès,Centre-Ouest,D04,"Logement, eau, électricité, gaz et autres combustibles",105,100.62,0.9227683049147561,1.482602118003018,100.22333333333334
2025-03-01,Thiès,Centre-Ouest,D04,"Logement, eau, électricité, gaz et autres combustibles",105,101.2,0.5764261578214969,1.6778860645031646,100.50666666666666
2025-04-01,Thiès,Centre-Ouest,D04,"Logement, eau, électricité, gaz et autres combustibles",105,102.13,0.9189723320158105,1.8042264752791137,101.31666666666668
2025-05-01,Thiès,Centre-Ouest,D04,"Logement, eau, électricité, gaz et autres combustibles",105,103.2,1.0476843239009215,1.946063419934796,102.17666666666668
2025-06-01,Thiès,Centre-Ouest,D04,"Logement, eau, électricité, gaz et autres combustibles",105,103.83,0.6104651162790686,2.396449704142012,103.05333333333333
2025-07-01,Thiès,Centre-Ouest,D04,"Logement, eau, électricité, gaz et autres combustibles",105,104.54,0.6838100741596964,2.6109148017275263,103.85666666666667
2025-08-01,Thiès,Centre-Ouest,D04,"Logement, eau, électricité, gaz et autres combustibles",105,104.54,0.0,2.6411389297987364,104.30333333333334
2025-09-01,Thiès,Centre-Ouest,D04,"Logement, eau, électricité, gaz et autres combustibles",105,104.92,0.363497225942222,2.792201430390917,104.66666666666667
2025-10-01,Thiès,Centre-Ouest,D04,"Logement, eau, électricité, gaz et autres combustibles",105,105.25,0.31452535264964165,2.893733502786189,104.90333333333332
2025-11-01,Thiès,Centre-Ouest,D04,"Logement, eau, électricité, gaz et autres combustibles",105,105.51,0.2470308788598663,2.6861313868613124,105.22666666666667
2025-12-01,Thiès,Centre-Ouest,D04,"Logement, eau, électricité, gaz et autres combustibles",105,103.53,-1.8765993744668807,3.1689088191330317,104.76333333333332
2026-01-01,Thiès,Centre-Ouest,D04,"Logement, eau, électricité, gaz et autres combustibles",105,100.43,-2.994301168743352,0.7321965897693072,103.15666666666668
2026-02-01,Thiès,Centre-Ouest,D04,"Logement, eau, électricité, gaz et autres combustibles",105,101.7,1.2645623817584273,1.073345259391778,101.88666666666667
2026-03-01,Thiès,Centre-Ouest,D04,"Logement, eau, électricité, gaz et autres combustibles",105,103.23,1.504424778761071,2.005928853754946,101.78666666666668
2026-04-01,Thiès,Centre-Ouest,D04,"Logement, eau, électricité, gaz et autres combustibles",105,103.4,0.16468080984211042,1.2435131694898738,102.77666666666669
2026-05-01,Thiès,Centre-Ouest,D04,"Logement, eau, électricité, gaz et autres combustibles",105,104.3,0.8704061895551174,1.065891472868219,103.64333333333333
2018-01-01,Dakar,Ouest,D05,"Meubles, articles de ménage et entretien courant",51,85.47,,,85.47
2018-02-01,Dakar,Ouest,D05,"Meubles, articles de ménage et entretien courant",51,85.54,0.08190008190009923,,85.505
2018-03-01,Dakar,Ouest,D05,"Meubles, articles de ménage et entretien courant",51,85.69,0.1753565583352712,,85.56666666666666
2018-04-01,Dakar,Ouest,D05,"Meubles, articles de ménage et entretien courant",51,85.97,0.32675924845373405,,85.73333333333333
2018-05-01,Dakar,Ouest,D05,"Meubles, articles de ménage et entretien courant",51,86.18,0.24427125741539601,,85.94666666666666
2018-06-01,Dakar,Ouest,D05,"Meubles, articles de ménage et entretien courant",51,86.57,0.45254119285216277,,86.24
2018-07-01,Dakar,Ouest,D05,"Meubles, articles de ménage et entretien courant",51,86.33,-0.2772322975626573,,86.36000000000001
2018-08-01,Dakar,Ouest,D05,"Meubles, articles de ménage et entretien courant",51,86.24,-0.10425112938723391,,86.38
2018-09-01,Dakar,Ouest,D05,"Meubles, articles de ménage et entretien courant",51,85.99,-0.28988868274582025,,86.18666666666667
2018-10-01,Dakar,Ouest,D05,"Meubles, articles de ménage et entretien courant",51,85.71,-0.32561925805326686,,85.98
2018-11-01,Dakar,Ouest,D05,"Meubles, articles de ménage et entretien courant",51,85.43,-0.32668300081669654,,85.71
2018-12-01,Dakar,Ouest,D05,"Meubles, articles de ménage et entretien courant",51,85.32,-0.12876038862228434,,85.48666666666666
2019-01-01,Dakar,Ouest,D05,"Meubles, articles de ménage et entretien courant",51,85.87,0.6446319737459127,0.46800046800048456,85.54
2019-02-01,Dakar,Ouest,D05,"Meubles, articles de ménage et entretien courant",51,86.02,0.17468265983462405,0.5611409866728811,85.73666666666668
2019-03-01,Dakar,Ouest,D05,"Meubles, articles de ménage et entretien courant",51,86.21,0.22087886538013635,0.6068386042711982,86.03333333333335
2019-04-01,Dakar,Ouest,D05,"Meubles, articles de ménage et entretien courant",51,86.39,0.20879248347061008,0.4885425148307476,86.20666666666666
2019-05-01,Dakar,Ouest,D05,"Meubles, articles de ménage et entretien courant",51,86.89,0.5787706910522106,0.8238570433975356,86.49666666666667
2019-06-01,Dakar,Ouest,D05,"Meubles, articles de ménage et entretien courant",51,87.06,0.19564967199907635,0.566015940857123,86.78000000000002
2019-07-01,Dakar,Ouest,D05,"Meubles, articles de ménage et entretien courant",51,87.01,-0.05743165632896563,0.7876751998146636,86.98666666666668
2019-08-01,Dakar,Ouest,D05,"Meubles, articles de ménage et entretien courant",51,86.87,-0.16090104585679832,0.7305194805194981,86.98000000000002
2019-09-01,Dakar,Ouest,D05,"Meubles, articles de ménage et entretien courant",51,86.83,-0.046045815586515104,0.9768577741597895,86.90333333333335
2019-10-01,Dakar,Ouest,D05,"Meubles, articles de ménage et entretien courant",51,86.51,-0.36853622020038834,0.9333800023334726,86.73666666666668
2019-11-01,Dakar,Ouest,D05,"Meubles, articles de ménage et entretien courant",51,86.05,-0.5317304357877806,0.7257403722345623,86.46333333333332
2019-12-01,Dakar,Ouest,D05,"Meubles, articles de ménage et entretien courant",51,86.05,0.0,0.8556024378809202,86.20333333333333
2020-01-01,Dakar,Ouest,D05,"Meubles, articles de ménage et entretien courant",51,86.91,0.9994189424753053,1.2111331081867904,86.33666666666666
2020-02-01,Dakar,Ouest,D05,"Meubles, articles de ménage et entretien courant",51,87.04,0.14958002531355596,1.1857707509881577,86.66666666666667
2020-03-01,Dakar,Ouest,D05,"Meubles, articles de ménage et entretien courant",51,87.58,0.6204044117646967,1.5891427908595324,87.17666666666666
2020-04-01,Dakar,Ouest,D05,"Meubles, articles de ménage et entretien courant",51,87.83,0.2854532998401549,1.6668595902303407,87.48333333333333
2020-05-01,Dakar,Ouest,D05,"Meubles, articles de ménage et entretien courant",51,88.66,0.9450074006603693,2.0370583496374772,88.02333333333333
2020-06-01,Dakar,Ouest,D05,"Meubles, articles de ménage et entretien courant",51,89.03,0.41732461087300443,2.2628072593613657,88.50666666666666
2020-07-01,Dakar,Ouest,D05,"Meubles, articles de ménage et entretien courant",51,88.93,-0.11232168931819553,2.206642914607526,88.87333333333333
2020-08-01,Dakar,Ouest,D05,"Meubles, articles de ménage et entretien courant",51,88.88,-0.05622399640167197,2.31380223322204,88.94666666666666
2020-09-01,Dakar,Ouest,D05,"Meubles, articles de ménage et entretien courant",51,88.26,-0.6975697569756911,1.6468962340205007,88.69000000000001
2020-10-01,Dakar,Ouest,D05,"Meubles, articles de ménage et entretien courant",51,88.1,-0.1812825742125712,1.8379378106577082,88.41333333333334
2020-11-01,Dakar,Ouest,D05,"Meubles, articles de ménage et entretien courant",51,87.9,-0.22701475595912068,2.1499128413713153,88.08666666666666
2020-12-01,Dakar,Ouest,D05,"Meubles, articles de ménage et entretien courant",51,87.57,-0.375426621160424,1.7664148750726305,87.85666666666667
2021-01-01,Dakar,Ouest,D05,"Meubles, articles de ménage et entretien courant",51,88.24,0.7651022039511179,1.5303187205154778,87.90333333333332
2021-02-01,Dakar,Ouest,D05,"Meubles, articles de ménage et entretien courant",51,88.7,0.5213055303717296,1.9071691176470562,88.17
2021-03-01,Dakar,Ouest,D05,"Meubles, articles de ménage et entretien courant",51,88.7,0.0,1.2788307832838575,88.54666666666667
2021-04-01,Dakar,Ouest,D05,"Meubles, articles de ménage et entretien courant",51,89.22,0.5862457722660697,1.5826027553227817,88.87333333333333
2021-05-01,Dakar,Ouest,D05,"Meubles, articles de ménage et entretien courant",51,89.85,0.7061197041022149,1.3422061809158503,89.25666666666666
2021-06-01,Dakar,Ouest,D05,"Meubles, articles de ménage et entretien courant",51,90.43,0.6455203116304986,1.572503650454915,89.83333333333333
2021-07-01,Dakar,Ouest,D05,"Meubles, articles de ménage et entretien courant",51,90.16,-0.29857348225147406,1.3831103114809284,90.14666666666666
2021-08-01,Dakar,Ouest,D05,"Meubles, articles de ménage et entretien courant",51,90.35,0.2107364685004498,1.6539153915391624,90.31333333333333
2021-09-01,Dakar,Ouest,D05,"Meubles, articles de ménage et entretien courant",51,90.42,0.0774764803541883,2.4473147518694782,90.31
2021-10-01,Dakar,Ouest,D05,"Meubles, articles de ménage et entretien courant",51,89.74,-0.7520460075204682,1.8615209988649184,90.17
2021-11-01,Dakar,Ouest,D05,"Meubles, articles de ménage et entretien courant",51,89.59,-0.1671495431245673,1.9226393629123928,89.91666666666667
2021-12-01,Dakar,Ouest,D05,"Meubles, articles de ménage et entretien courant",51,89.58,-0.01116196004018466,2.295306611853376,89.63666666666666
2022-01-01,Dakar,Ouest,D05,"Meubles, articles de ménage et entretien courant",51,91.03,1.6186648805536885,3.1618313689936617,90.06666666666666
2022-02-01,Dakar,Ouest,D05,"Meubles, articles de ménage et entretien courant",51,92.22,1.3072613424145896,3.9684329199549007,90.94333333333334
2022-03-01,Dakar,Ouest,D05,"Meubles, articles de ménage et entretien courant",51,93.29,1.1602689221427154,5.174746335963931,92.18
2022-04-01,Dakar,Ouest,D05,"Meubles, articles de ménage et entretien courant",51,94.22,0.9968914138707152,5.6041246357319,93.24333333333334
2022-05-01,Dakar,Ouest,D05,"Meubles, articles de ménage et entretien courant",51,95.77,1.6450859690086972,6.5887590428491905,94.42666666666666
2022-06-01,Dakar,Ouest,D05,"Meubles, articles de ménage et entretien courant",51,96.64,0.9084264383418583,6.8671900917836926,95.54333333333334
2022-07-01,Dakar,Ouest,D05,"Meubles, articles de ménage et entretien courant",51,97.6,0.9933774834437026,8.251996450754206,96.67
2022-08-01,Dakar,Ouest,D05,"Meubles, articles de ménage et entretien courant",51,97.87,0.2766393442622972,8.32318760376316,97.37
2022-09-01,Dakar,Ouest,D05,"Meubles, articles de ménage et entretien courant",51,98.28,0.4189230612036354,8.692767086927677,97.91666666666667
2022-10-01,Dakar,Ouest,D05,"Meubles, articles de ménage et entretien courant",51,98.77,0.4985754985755042,10.062402496099843,98.30666666666666
2022-11-01,Dakar,Ouest,D05,"Meubles, articles de ménage et entretien courant",51,99.06,0.29361142047181765,10.570376158053364,98.70333333333333
2022-12-01,Dakar,Ouest,D05,"Meubles, articles de ménage et entretien courant",51,97.65,-1.4233797698364636,9.008707300736774,98.49333333333334
2023-01-01,Dakar,Ouest,D05,"Meubles, articles de ménage et entretien courant",51,97.24,-0.4198668714797904,6.82192683730638,97.98333333333333
2023-02-01,Dakar,Ouest,D05,"Meubles, articles de ménage et entretien courant",51,98.09,0.8741258741258751,6.365213619605292,97.66000000000001
2023-03-01,Dakar,Ouest,D05,"Meubles, articles de ménage et entretien courant",51,98.51,0.4281782036904991,5.595455032693741,97.94666666666667
2023-04-01,Dakar,Ouest,D05,"Meubles, articles de ménage et entretien courant",51,99.42,0.9237640848644757,5.518998089577587,98.67333333333333
2023-05-01,Dakar,Ouest,D05,"Meubles, articles de ménage et entretien courant",51,99.92,0.5029169181251181,4.333298527722684,99.28333333333335
2023-06-01,Dakar,Ouest,D05,"Meubles, articles de ménage et entretien courant",51,100.8,0.8807045636509248,4.304635761589393,100.04666666666667
2023-07-01,Dakar,Ouest,D05,"Meubles, articles de ménage et entretien courant",51,100.86,0.05952380952380931,3.3401639344262435,100.52666666666666
2023-08-01,Dakar,Ouest,D05,"Meubles, articles de ménage et entretien courant",51,100.89,0.02974419988102106,3.0857259630121536,100.85000000000001
2023-09-01,Dakar,Ouest,D05,"Meubles, articles de ménage et entretien courant",51,101.34,0.4460303300624524,3.1135531135531247,101.02999999999999
2023-10-01,Dakar,Ouest,D05,"Meubles, articles de ménage et entretien courant",51,101.37,0.029603315571335997,2.6323782525058403,101.2
2023-11-01,Dakar,Ouest,D05,"Meubles, articles de ménage et entretien courant",51,101.27,-0.09864851533984975,2.2309711286089273,101.32666666666667
2023-12-01,Dakar,Ouest,D05,"Meubles, articles de ménage et entretien courant",51,99.97,-1.2836970474967901,2.3758320532514032,100.87
2024-01-01,Dakar,Ouest,D05,"Meubles, articles de ménage et entretien courant",51,99.07,-0.9002700810243125,1.881941587823932,100.10333333333331
2024-02-01,Dakar,Ouest,D05,"Meubles, articles de ménage et entretien courant",51,99.4,0.3330978096295567,1.3355082067489032,99.48
2024-03-01,Dakar,Ouest,D05,"Meubles, articles de ménage et entretien courant",51,99.82,0.42253521126758287,1.3298142320576467,99.42999999999999
2024-04-01,Dakar,Ouest,D05,"Meubles, articles de ménage et entretien courant",51,100.15,0.3305950711280481,0.7342587004626866,99.79
2024-05-01,Dakar,Ouest,D05,"Meubles, articles de ménage et entretien courant",51,100.8,0.6490264603095319,0.8807045636509248,100.25666666666666
2024-06-01,Dakar,Ouest,D05,"Meubles, articles de ménage et entretien courant",51,101.02,0.21825396825396748,0.21825396825396748,100.65666666666668
2024-07-01,Dakar,Ouest,D05,"Meubles, articles de ménage et entretien courant",51,101.24,0.21777865769154747,0.3767598651596149,101.02
2024-08-01,Dakar,Ouest,D05,"Meubles, articles de ménage et entretien courant",51,101.57,0.3259581193204353,0.6740013876499029,101.27666666666666
2024-09-01,Dakar,Ouest,D05,"Meubles, articles de ménage et entretien courant",51,101.31,-0.25598109678053316,-0.0296033155713471,101.37333333333333
2024-10-01,Dakar,Ouest,D05,"Meubles, articles de ménage et entretien courant",51,101.23,-0.07896555127825389,-0.138107921475783,101.37
2024-11-01,Dakar,Ouest,D05,"Meubles, articles de ménage et entretien courant",51,101.95,0.7112516052553586,0.6714723017675617,101.49666666666667
2024-12-01,Dakar,Ouest,D05,"Meubles, articles de ménage et entretien courant",51,100.54,-1.3830308974987715,0.5701710513154046,101.24000000000001
2025-01-01,Dakar,Ouest,D05,"Meubles, articles de ménage et entretien courant",51,99.8,-0.7360254625024987,0.7368527303926564,100.76333333333334
2025-02-01,Dakar,Ouest,D05,"Meubles, articles de ménage et entretien courant",51,99.98,0.18036072144289594,0.5835010060362134,100.10666666666668
2025-03-01,Dakar,Ouest,D05,"Meubles, articles de ménage et entretien courant",51,100.77,0.7901580316063139,0.9517130835503984,100.18333333333334
2025-04-01,Dakar,Ouest,D05,"Meubles, articles de ménage et entretien courant",51,101.39,0.6152624789123706,1.2381427858212612,100.71333333333332
2025-05-01,Dakar,Ouest,D05,"Meubles, articles de ménage et entretien courant",51,102.05,0.6509517703915613,1.2400793650793718,101.40333333333332
2025-06-01,Dakar,Ouest,D05,"Meubles, articles de ménage et entretien courant",51,102.44,0.3821656050955413,1.4056622450999923,101.96
2025-07-01,Dakar,Ouest,D05,"Meubles, articles de ménage et entretien courant",51,103.03,0.5759468957438507,1.7680758593441315,102.50666666666666
2025-08-01,Dakar,Ouest,D05,"Meubles, articles de ménage et entretien courant",51,103.2,0.16500048529555222,1.604804568278051,102.88999999999999
2025-09-01,Dakar,Ouest,D05,"Meubles, articles de ménage et entretien courant",51,103.12,-0.07751937984495916,1.786595597670515,103.11666666666667
2025-10-01,Dakar,Ouest,D05,"Meubles, articles de ménage et entretien courant",51,103.68,0.5430566330488773,2.4202311567717016,103.33333333333333
2025-11-01,Dakar,Ouest,D05,"Meubles, articles de ménage et entretien courant",51,104.05,0.3568672839506126,2.059833251593912,103.61666666666667
2025-12-01,Dakar,Ouest,D05,"Meubles, articles de ménage et entretien courant",51,102.22,-1.7587698222008674,1.6709767256813057,103.31666666666666
2026-01-01,Dakar,Ouest,D05,"Meubles, articles de ménage et entretien courant",51,100.1,-2.0739581295245557,0.30060120240480437,102.12333333333333
2026-02-01,Dakar,Ouest,D05,"Meubles, articles de ménage et entretien courant",51,100.86,0.7592407592407646,0.8801760352070476,101.05999999999999
2026-03-01,Dakar,Ouest,D05,"Meubles, articles de ménage et entretien courant",51,101.94,1.0707911957168248,1.1610598392378657,100.96666666666665
2026-04-01,Dakar,Ouest,D05,"Meubles, articles de ménage et entretien courant",51,102.06,0.11771630370807085,0.6608146760035627,101.62
2026-05-01,Dakar,Ouest,D05,"Meubles, articles de ménage et entretien courant",51,102.86,0.783852635704485,0.793728564429208,102.28666666666668
2018-01-01,Diourbel,Centre,D05,"Meubles, articles de ménage et entretien courant",51,83.84,,,83.84
2018-02-01,Diourbel,Centre,D05,"Meubles, articles de ménage et entretien courant",51,83.97,0.15505725190838593,,83.905
2018-03-01,Diourbel,Centre,D05,"Meubles, articles de ménage et entretien courant",51,84.18,0.25008931761343334,,83.99666666666667
2018-04-01,Diourbel,Centre,D05,"Meubles, articles de ménage et entretien courant",51,84.37,0.22570681872178255,,84.17333333333333
2018-05-01,Diourbel,Centre,D05,"Meubles, articles de ménage et entretien courant",51,84.59,0.26075619295957697,,84.38000000000001
2018-06-01,Diourbel,Centre,D05,"Meubles, articles de ménage et entretien courant",51,85.14,0.6501950585175553,,84.7
2018-07-01,Diourbel,Centre,D05,"Meubles, articles de ménage et entretien courant",51,85.03,-0.12919896640827266,,84.92
2018-08-01,Diourbel,Centre,D05,"Meubles, articles de ménage et entretien courant",51,84.86500000000001,-0.19404915912030196,,85.01166666666667
2018-09-01,Diourbel,Centre,D05,"Meubles, articles de ménage et entretien courant",51,84.7,-0.19442644199612058,,84.86500000000001
2018-10-01,Diourbel,Centre,D05,"Meubles, articles de ménage et entretien courant",51,84.22,-0.5667060212514841,,84.595
2018-11-01,Diourbel,Centre,D05,"Meubles, articles de ménage et entretien courant",51,84.24,0.023747328425538505,,84.38666666666667
2018-12-01,Diourbel,Centre,D05,"Meubles, articles de ménage et entretien courant",51,83.79,-0.5341880341880212,,84.08333333333333
2019-01-01,Diourbel,Centre,D05,"Meubles, articles de ménage et entretien courant",51,84.43,0.7638142976488904,0.7037213740457959,84.15333333333334
2019-02-01,Diourbel,Centre,D05,"Meubles, articles de ménage et entretien courant",51,84.3,-0.1539737060286761,0.39299749910681747,84.17333333333335
2019-03-01,Diourbel,Centre,D05,"Meubles, articles de ménage et entretien courant",51,84.49,0.22538552787663146,0.3682584937039435,84.40666666666667
2019-04-01,Diourbel,Centre,D05,"Meubles, articles de ménage et entretien courant",51,85.11,0.7338146526216116,0.8770890126822195,84.63333333333333
2019-05-01,Diourbel,Centre,D05,"Meubles, articles de ménage et entretien courant",51,85.27,0.18799201033956603,0.8038775268944143,84.95666666666666
2019-06-01,Diourbel,Centre,D05,"Meubles, articles de ménage et entretien courant",51,85.34,0.08209217778820666,0.23490721165140283,85.24
2019-07-01,Diourbel,Centre,D05,"Meubles, articles de ménage et entretien courant",51,85.74,0.4687133817670386,0.8349994119722481,85.45
2019-08-01,Diourbel,Centre,D05,"Meubles, articles de ménage et entretien courant",51,85.86,0.13995801259623075,1.1724503623401716,85.64666666666666
2019-09-01,Diourbel,Centre,D05,"Meubles, articles de ménage et entretien courant",51,85.54,-0.3726997437689228,0.9917355371900971,85.71333333333332
2019-10-01,Diourbel,Centre,D05,"Meubles, articles de ménage et entretien courant",51,85.04,-0.584521861117604,0.973640465447656,85.48
2019-11-01,Diourbel,Centre,D05,"Meubles, articles de ménage et entretien courant",51,84.79,-0.293979303857006,0.652896486229837,85.12333333333333
2019-12-01,Diourbel,Centre,D05,"Meubles, articles de ménage et entretien courant",51,84.7,-0.10614459252270558,1.0860484544695126,84.84333333333333
2020-01-01,Diourbel,Centre,D05,"Meubles, articles de ménage et entretien courant",51,85.64,1.1097992916174748,1.4331398791898486,85.04333333333334
2020-02-01,Diourbel,Centre,D05,"Meubles, articles de ménage et entretien courant",51,85.76,0.14012143858010973,1.7319098457888593,85.36666666666667
2020-03-01,Diourbel,Centre,D05,"Meubles, articles de ménage et entretien courant",51,86.25,0.5713619402984982,2.083086755829089,85.88333333333333
2020-04-01,Diourbel,Centre,D05,"Meubles, articles de ménage et entretien courant",51,86.8,0.6376811594202891,1.9856656092116065,86.27
2020-05-01,Diourbel,Centre,D05,"Meubles, articles de ménage et entretien courant",51,87.34,0.6221198156682206,2.4275829717368413,86.79666666666667
2020-06-01,Diourbel,Centre,D05,"Meubles, articles de ménage et entretien courant",51,87.565,0.25761392260132965,2.6072181860792076,87.235
2020-07-01,Diourbel,Centre,D05,"Meubles, articles de ménage et entretien courant",51,87.79,0.2569519785302399,2.3909493818521144,87.565
2020-08-01,Diourbel,Centre,D05,"Meubles, articles de ménage et entretien courant",51,87.84,0.05695409499941739,2.3060796645702375,87.73166666666668
2020-09-01,Diourbel,Centre,D05,"Meubles, articles de ménage et entretien courant",51,87.53,-0.3529143897996412,2.32639700724806,87.72000000000001
2020-10-01,Diourbel,Centre,D05,"Meubles, articles de ménage et entretien courant",51,87.08,-0.5141094481891928,2.3988711194731893,87.48333333333333
2020-11-01,Diourbel,Centre,D05,"Meubles, articles de ménage et entretien courant",51,86.89,-0.21819016995865415,2.4767071588630563,87.16666666666667
2020-12-01,Diourbel,Centre,D05,"Meubles, articles de ménage et entretien courant",51,86.36,-0.6099666244677171,1.9598583234946787,86.77666666666666
2021-01-01,Diourbel,Centre,D05,"Meubles, articles de ménage et entretien courant",51,87.11,0.8684576192681703,1.7164876226062553,86.78666666666668
2021-02-01,Diourbel,Centre,D05,"Meubles, articles de ménage et entretien courant",51,87.29,0.2066352887154288,1.7840485074626988,86.92
2021-03-01,Diourbel,Centre,D05,"Meubles, articles de ménage et entretien courant",51,88.11,0.939397410929077,2.1565217391304348,87.50333333333333
2021-04-01,Diourbel,Centre,D05,"Meubles, articles de ménage et entretien courant",51,88.06,-0.056747247758481834,1.4516129032258185,87.82000000000001
2021-05-01,Diourbel,Centre,D05,"Meubles, articles de ménage et entretien courant",51,88.65,0.6699977288212589,1.4998855049232818,88.27333333333333
2021-06-01,Diourbel,Centre,D05,"Meubles, articles de ménage et entretien courant",51,89.23,0.6542583192329365,1.9014446411237396,88.64666666666666
2021-07-01,Diourbel,Centre,D05,"Meubles, articles de ménage et entretien courant",51,89.36,0.1456909111285487,1.7883585829821191,89.08
2021-08-01,Diourbel,Centre,D05,"Meubles, articles de ménage et entretien courant",51,89.56,0.22381378692928333,1.9581056466302371,89.38333333333333
2021-09-01,Diourbel,Centre,D05,"Meubles, articles de ménage et entretien courant",51,89.05,-0.5694506476105476,1.7365474694390537,89.32333333333332
2021-10-01,Diourbel,Centre,D05,"Meubles, articles de ménage et entretien courant",51,89.03,-0.02245929253228418,2.2393201653651884,89.21333333333332
2021-11-01,Diourbel,Centre,D05,"Meubles, articles de ménage et entretien courant",51,88.84,-0.21341120970459482,2.244216825871792,88.97333333333334
2021-12-01,Diourbel,Centre,D05,"Meubles, articles de ménage et entretien courant",51,88.64,-0.2251238180999593,2.640111162575276,88.83666666666666
2022-01-01,Diourbel,Centre,D05,"Meubles, articles de ménage et entretien courant",51,90.03,1.5681407942238268,3.3520835724945464,89.17
2022-02-01,Diourbel,Centre,D05,"Meubles, articles de ménage et entretien courant",51,91.47,1.5994668443852111,4.7886355825409455,90.04666666666667
2022-03-01,Diourbel,Centre,D05,"Meubles, articles de ménage et entretien courant",51,92.71,1.3556357275609443,5.220746793780506,91.40333333333332
2022-04-01,Diourbel,Centre,D05,"Meubles, articles de ménage et entretien courant",51,93.98,1.3698630136986356,6.72268907563025,92.71999999999998
2022-05-01,Diourbel,Centre,D05,"Meubles, articles de ménage et entretien courant",51,95.28,1.3832730368163348,7.478849407783406,93.99000000000001
2022-06-01,Diourbel,Centre,D05,"Meubles, articles de ménage et entretien courant",51,96.41,1.1859781696053728,8.046621091561136,95.22333333333334
2022-07-01,Diourbel,Centre,D05,"Meubles, articles de ménage et entretien courant",51,97.13,0.7468104968364253,8.695165622202317,96.27333333333333
2022-08-01,Diourbel,Centre,D05,"Meubles, articles de ménage et entretien courant",51,97.85,0.7412745804591836,9.256364448414466,97.13
2022-09-01,Diourbel,Centre,D05,"Meubles, articles de ménage et entretien courant",51,98.21,0.3679100664282009,10.286355979786643,97.73
2022-10-01,Diourbel,Centre,D05,"Meubles, articles de ménage et entretien courant",51,98.43,0.22400977497201158,10.558238795911489,98.16333333333334
2022-11-01,Diourbel,Centre,D05,"Meubles, articles de ménage et entretien courant",51,98.68,0.25398760540484844,11.076091850517788,98.44
2022-12-01,Diourbel,Centre,D05,"Meubles, articles de ménage et entretien courant",51,97.22,-1.4795297932711837,9.679602888086647,98.11000000000001
2023-01-01,Diourbel,Centre,D05,"Meubles, articles de ménage et entretien courant",51,97.26,0.04114379757251818,8.030656447850726,97.72000000000001
2023-02-01,Diourbel,Centre,D05,"Meubles, articles de ménage et entretien courant",51,97.79,0.5449311124820166,6.909369192084847,97.42333333333335
2023-03-01,Diourbel,Centre,D05,"Meubles, articles de ménage et entretien courant",51,98.55,0.7771755803251734,6.299212598425208,97.86666666666667
2023-04-01,Diourbel,Centre,D05,"Meubles, articles de ménage et entretien courant",51,99.39,0.8523592085236009,5.7565439455203204,98.57666666666667
2023-05-01,Diourbel,Centre,D05,"Meubles, articles de ménage et entretien courant",51,100.06,0.6741120837106429,5.016792611251053,99.33333333333333
2023-06-01,Diourbel,Centre,D05,"Meubles, articles de ménage et entretien courant",51,101.03,0.9694183489906028,4.792034021367075,100.16000000000001
2023-07-01,Diourbel,Centre,D05,"Meubles, articles de ménage et entretien courant",51,101.05,0.019796100168267827,4.035828271388864,100.71333333333332
2023-08-01,Diourbel,Centre,D05,"Meubles, articles de ménage et entretien courant",51,101.13,0.07916872835229682,3.352069494123655,101.07000000000001
2023-09-01,Diourbel,Centre,D05,"Meubles, articles de ménage et entretien courant",51,101.43,0.29664787896768186,3.2786885245901676,101.20333333333333
2023-10-01,Diourbel,Centre,D05,"Meubles, articles de ménage et entretien courant",51,101.19,-0.2366163856847181,2.804023163669611,101.25
2023-11-01,Diourbel,Centre,D05,"Meubles, articles de ménage et entretien courant",51,101.39,0.1976479889317151,2.746250506688286,101.33666666666666
2023-12-01,Diourbel,Centre,D05,"Meubles, articles de ménage et entretien courant",51,99.87,-1.4991616530229734,2.725776589179185,100.81666666666666
2024-01-01,Diourbel,Centre,D05,"Meubles, articles de ménage et entretien courant",51,98.78,-1.091418844497849,1.562821303721984,100.01333333333334
2024-02-01,Diourbel,Centre,D05,"Meubles, articles de ménage et entretien courant",51,99.49,0.718768981575213,1.7384190612536932,99.38
2024-03-01,Diourbel,Centre,D05,"Meubles, articles de ménage et entretien courant",51,99.99,0.5025630716654961,1.461187214611881,99.42
2024-04-01,Diourbel,Centre,D05,"Meubles, articles de ménage et entretien courant",51,100.21,0.22002200220021528,0.8250326994667434,99.89666666666665
2024-05-01,Diourbel,Centre,D05,"Meubles, articles de ménage et entretien courant",51,100.85,0.6386588164853713,0.7895262842294581,100.34999999999998
2024-06-01,Diourbel,Centre,D05,"Meubles, articles de ménage et entretien courant",51,101.38,0.5255329697570588,0.3464317529446648,100.81333333333332
2024-07-01,Diourbel,Centre,D05,"Meubles, articles de ménage et entretien courant",51,101.37,-0.0098638784770122,0.3166749134092095,101.2
2024-08-01,Diourbel,Centre,D05,"Meubles, articles de ménage et entretien courant",51,101.64,0.26635099141758545,0.5043013942450436,101.46333333333332
2024-09-01,Diourbel,Centre,D05,"Meubles, articles de ménage et entretien courant",51,101.52,-0.11806375442739991,0.08873114463174847,101.50999999999999
2024-10-01,Diourbel,Centre,D05,"Meubles, articles de ménage et entretien courant",51,101.69,0.16745468873129443,0.4941199723292877,101.61666666666667
2024-11-01,Diourbel,Centre,D05,"Meubles, articles de ménage et entretien courant",51,101.76,0.06883666043859815,0.36492750764376414,101.65666666666668
2024-12-01,Diourbel,Centre,D05,"Meubles, articles de ménage et entretien courant",51,100.23,-1.5035377358490587,0.360468609191944,101.22666666666667
2025-01-01,Diourbel,Centre,D05,"Meubles, articles de ménage et entretien courant",51,100.02,-0.20951810835080353,1.2553148410609394,100.67
2025-02-01,Diourbel,Centre,D05,"Meubles, articles de ménage et entretien courant",51,100.27,0.2499500099979901,0.7839983917981685,100.17333333333333
2025-03-01,Diourbel,Centre,D05,"Meubles, articles de ménage et entretien courant",51,100.71,0.4388151989628053,0.7200720072007227,100.33333333333333
2025-04-01,Diourbel,Centre,D05,"Meubles, articles de ménage et entretien courant",51,101.42,0.7049945387747059,1.207464324917673,100.8
2025-05-01,Diourbel,Centre,D05,"Meubles, articles de ménage et entretien courant",51,102.36,0.9268388877933242,1.497273177987113,101.49666666666667
2025-06-01,Diourbel,Centre,D05,"Meubles, articles de ménage et entretien courant",51,103.17,0.7913247362250964,1.765634247386072,102.31666666666668
2025-07-01,Diourbel,Centre,D05,"Meubles, articles de ménage et entretien courant",51,103.32,0.14539110206455153,1.9236460491269591,102.95
2025-08-01,Diourbel,Centre,D05,"Meubles, articles de ménage et entretien courant",51,103.39,0.06775067750677266,1.7217630853994415,103.29333333333334
2025-09-01,Diourbel,Centre,D05,"Meubles, articles de ménage et entretien courant",51,103.83,0.4255730728310203,2.275413711583929,103.51333333333332
2025-10-01,Diourbel,Centre,D05,"Meubles, articles de ménage et entretien courant",51,103.91,0.07704902244052292,2.183105516766637,103.71
2025-11-01,Diourbel,Centre,D05,"Meubles, articles de ménage et entretien courant",51,104.06,0.14435569242614577,2.26022012578615,103.93333333333334
2025-12-01,Diourbel,Centre,D05,"Meubles, articles de ménage et entretien courant",51,102.28,-1.7105516048433578,2.0452958196148785,103.41666666666667
2026-01-01,Diourbel,Centre,D05,"Meubles, articles de ménage et entretien courant",51,100.38,-1.8576456785295292,0.3599280143971262,102.24000000000001
2026-02-01,Diourbel,Centre,D05,"Meubles, articles de ménage et entretien courant",51,100.59,0.20920502092049986,0.3191383265183978,101.08333333333333
2026-03-01,Diourbel,Centre,D05,"Meubles, articles de ménage et entretien courant",51,102.16,1.5607913311462385,1.439777579187762,101.04333333333334
2026-04-01,Diourbel,Centre,D05,"Meubles, articles de ménage et entretien courant",51,102.5,0.33281127642912356,1.0648787221455347,101.75
2026-05-01,Diourbel,Centre,D05,"Meubles, articles de ménage et entretien courant",51,103.07,0.5560975609756103,0.69363032434544,102.57666666666667
2018-01-01,Kaolack,Centre-Sud,D05,"Meubles, articles de ménage et entretien courant",51,84.05,,,84.05
2018-02-01,Kaolack,Centre-Sud,D05,"Meubles, articles de ménage et entretien courant",51,84.22,0.20226055919096986,,84.13499999999999
2018-03-01,Kaolack,Centre-Sud,D05,"Meubles, articles de ménage et entretien courant",51,84.06,-0.18997862740440796,,84.11
2018-04-01,Kaolack,Centre-Sud,D05,"Meubles, articles de ménage et entretien courant",51,84.71,0.7732571972400626,,84.33
2018-05-01,Kaolack,Centre-Sud,D05,"Meubles, articles de ménage et entretien courant",51,84.79,0.09443985361823337,,84.52
2018-06-01,Kaolack,Centre-Sud,D05,"Meubles, articles de ménage et entretien courant",51,85.1,0.365609152022639,,84.86666666666666
2018-07-01,Kaolack,Centre-Sud,D05,"Meubles, articles de ménage et entretien courant",51,84.88,-0.25851938895417037,,84.92333333333333
2018-08-01,Kaolack,Centre-Sud,D05,"Meubles, articles de ménage et entretien courant",51,84.98,0.11781338360039584,,84.98666666666666
2018-09-01,Kaolack,Centre-Sud,D05,"Meubles, articles de ménage et entretien courant",51,84.8,-0.21181454459873184,,84.88666666666667
2018-10-01,Kaolack,Centre-Sud,D05,"Meubles, articles de ménage et entretien courant",51,84.64,-0.18867924528301883,,84.80666666666667
2018-11-01,Kaolack,Centre-Sud,D05,"Meubles, articles de ménage et entretien courant",51,84.03,-0.7206994328922467,,84.49
2018-12-01,Kaolack,Centre-Sud,D05,"Meubles, articles de ménage et entretien courant",51,84.05,0.023801023443992264,,84.24000000000001
2019-01-01,Kaolack,Centre-Sud,D05,"Meubles, articles de ménage et entretien courant",51,84.41,0.4283164782867388,0.4283164782867388,84.16333333333334
2019-02-01,Kaolack,Centre-Sud,D05,"Meubles, articles de ménage et entretien courant",51,84.72,0.3672550645658079,0.5936832106387957,84.39333333333333
2019-03-01,Kaolack,Centre-Sud,D05,"Meubles, articles de ménage et entretien courant",51,84.99,0.31869688385268713,1.106352605281935,84.70666666666666
2019-04-01,Kaolack,Centre-Sud,D05,"Meubles, articles de ménage et entretien courant",51,85.37,0.4471114248735253,0.7791287923503809,85.02666666666666
2019-05-01,Kaolack,Centre-Sud,D05,"Meubles, articles de ménage et entretien courant",51,85.45,0.09370973409863481,0.7783936784998113,85.27
2019-06-01,Kaolack,Centre-Sud,D05,"Meubles, articles de ménage et entretien courant",51,85.85,0.4681100058513632,0.8813160987074076,85.55666666666667
2019-07-01,Kaolack,Centre-Sud,D05,"Meubles, articles de ménage et entretien courant",51,85.98,0.15142690739662346,1.2959472196041544,85.75999999999999
2019-08-01,Kaolack,Centre-Sud,D05,"Meubles, articles de ménage et entretien courant",51,85.51,-0.546638753198414,0.6236761590962647,85.78000000000002
2019-09-01,Kaolack,Centre-Sud,D05,"Meubles, articles de ménage et entretien courant",51,85.58,0.0818617705531377,0.9198113207547154,85.69
2019-10-01,Kaolack,Centre-Sud,D05,"Meubles, articles de ménage et entretien courant",51,85.33,-0.29212432811404065,0.8152173913043459,85.47333333333334
2019-11-01,Kaolack,Centre-Sud,D05,"Meubles, articles de ménage et entretien courant",51,84.9,-0.5039259346068081,1.0353445198143518,85.27
2019-12-01,Kaolack,Centre-Sud,D05,"Meubles, articles de ménage et entretien courant",51,84.58,-0.3769140164899931,0.6305770374776865,84.93666666666667
2020-01-01,Kaolack,Centre-Sud,D05,"Meubles, articles de ménage et entretien courant",51,85.76,1.395128872073781,1.5993365714962682,85.08
2020-02-01,Kaolack,Centre-Sud,D05,"Meubles, articles de ménage et entretien courant",51,85.78,0.023320895522394025,1.251180358829096,85.37333333333333
2020-03-01,Kaolack,Centre-Sud,D05,"Meubles, articles de ménage et entretien courant",51,86.35,0.6644905572394499,1.600188257442059,85.96333333333332
2020-04-01,Kaolack,Centre-Sud,D05,"Meubles, articles de ménage et entretien courant",51,86.88,0.6137811233352553,1.76877123111161,86.33666666666666
2020-05-01,Kaolack,Centre-Sud,D05,"Meubles, articles de ménage et entretien courant",51,87.48,0.6906077348066475,2.375658279695725,86.90333333333332
2020-06-01,Kaolack,Centre-Sud,D05,"Meubles, articles de ménage et entretien courant",51,87.72,0.274348422496562,2.17821782178218,87.36000000000001
2020-07-01,Kaolack,Centre-Sud,D05,"Meubles, articles de ménage et entretien courant",51,87.83,0.1253989968080349,2.1516631774831207,87.67666666666668
2020-08-01,Kaolack,Centre-Sud,D05,"Meubles, articles de ménage et entretien courant",51,87.79,-0.045542525333019945,2.6663548123026626,87.78000000000002
2020-09-01,Kaolack,Centre-Sud,D05,"Meubles, articles de ménage et entretien courant",51,87.63,-0.18225310399818673,2.3954194905351667,87.75
2020-10-01,Kaolack,Centre-Sud,D05,"Meubles, articles de ménage et entretien courant",51,87.44,-0.2168207234965136,2.472752841907888,87.62
2020-11-01,Kaolack,Centre-Sud,D05,"Meubles, articles de ménage et entretien courant",51,86.6,-0.9606587374199504,2.0023557126030544,87.22333333333331
2020-12-01,Kaolack,Centre-Sud,D05,"Meubles, articles de ménage et entretien courant",51,86.58,-0.02309468822170313,2.3646252069047025,86.87333333333333
2021-01-01,Kaolack,Centre-Sud,D05,"Meubles, articles de ménage et entretien courant",51,86.88,0.34650034650034467,1.3059701492537101,86.68666666666667
2021-02-01,Kaolack,Centre-Sud,D05,"Meubles, articles de ménage et entretien courant",51,87.47,0.6790976058931975,1.970156213569596,86.97666666666667
2021-03-01,Kaolack,Centre-Sud,D05,"Meubles, articles de ménage et entretien courant",51,87.67,0.22864982279640067,1.5286624203821653,87.33999999999999
2021-04-01,Kaolack,Centre-Sud,D05,"Meubles, articles de ménage et entretien courant",51,88.24,0.6501653929508411,1.5653775322283625,87.79333333333334
2021-05-01,Kaolack,Centre-Sud,D05,"Meubles, articles de ménage et entretien courant",51,88.77,0.6006346328195855,1.474622770919054,88.22666666666665
2021-06-01,Kaolack,Centre-Sud,D05,"Meubles, articles de ménage et entretien courant",51,89.27,0.5632533513574511,1.7669858641130798,88.75999999999999
2021-07-01,Kaolack,Centre-Sud,D05,"Meubles, articles de ménage et entretien courant",51,89.46,0.21283745939284504,1.8558579073209458,89.16666666666667
2021-08-01,Kaolack,Centre-Sud,D05,"Meubles, articles de ménage et entretien courant",51,89.46,0.0,1.902266772980954,89.39666666666666
2021-09-01,Kaolack,Centre-Sud,D05,"Meubles, articles de ménage et entretien courant",51,89.24,-0.24591996422982376,1.8372703412073532,89.38666666666666
2021-10-01,Kaolack,Centre-Sud,D05,"Meubles, articles de ménage et entretien courant",51,88.83,-0.45943523083818993,1.5896614821591992,89.17666666666666
2021-11-01,Kaolack,Centre-Sud,D05,"Meubles, articles de ménage et entretien courant",51,88.89,0.06754474839580915,2.6443418013856856,88.98666666666668
2021-12-01,Kaolack,Centre-Sud,D05,"Meubles, articles de ménage et entretien courant",51,88.65,-0.26999662504217925,2.3908523908523938,88.79
2022-01-01,Kaolack,Centre-Sud,D05,"Meubles, articles de ménage et entretien courant",51,90.42,1.9966159052453358,4.074585635359118,89.32000000000001
2022-02-01,Kaolack,Centre-Sud,D05,"Meubles, articles de ménage et entretien courant",51,91.26,0.928998009289983,4.332914141991551,90.11000000000001
2022-03-01,Kaolack,Centre-Sud,D05,"Meubles, articles de ménage et entretien courant",51,92.39,1.2382204689896925,5.3838257100490505,91.35666666666667
2022-04-01,Kaolack,Centre-Sud,D05,"Meubles, articles de ménage et entretien courant",51,93.95,1.688494425803655,6.470988213961926,92.53333333333335
2022-05-01,Kaolack,Centre-Sud,D05,"Meubles, articles de ménage et entretien courant",51,95.48,1.6285258116019108,7.558859975216858,93.94
2022-06-01,Kaolack,Centre-Sud,D05,"Meubles, articles de ménage et entretien courant",51,96.43,0.9949727691663135,8.020611627646467,95.28666666666668
2022-07-01,Kaolack,Centre-Sud,D05,"Meubles, articles de ménage et entretien courant",51,97.14,0.7362853883646103,8.584842387659307,96.35000000000001
2022-08-01,Kaolack,Centre-Sud,D05,"Meubles, articles de ménage et entretien courant",51,97.65,0.5250154416306385,9.154929577464799,97.07333333333334
2022-09-01,Kaolack,Centre-Sud,D05,"Meubles, articles de ménage et entretien courant",51,98.48,0.8499743983614971,10.354101299865537,97.75666666666666
2022-10-01,Kaolack,Centre-Sud,D05,"Meubles, articles de ménage et entretien courant",51,98.42,-0.06092607636069003,10.795902285263992,98.18333333333334
2022-11-01,Kaolack,Centre-Sud,D05,"Meubles, articles de ménage et entretien courant",51,98.74,0.3251371672424286,11.08111148610642,98.54666666666667
2022-12-01,Kaolack,Centre-Sud,D05,"Meubles, articles de ménage et entretien courant",51,97.44,-1.3165890216730758,9.915397631133672,98.19999999999999
2023-01-01,Kaolack,Centre-Sud,D05,"Meubles, articles de ménage et entretien courant",51,96.98,-0.4720853858784846,7.255032072550316,97.71999999999998
2023-02-01,Kaolack,Centre-Sud,D05,"Meubles, articles de ménage et entretien courant",51,98.01,1.0620746545679571,7.396449704142016,97.47666666666667
2023-03-01,Kaolack,Centre-Sud,D05,"Meubles, articles de ménage et entretien courant",51,98.63,0.6325885113763752,6.75397770321462,97.87333333333333
2023-04-01,Kaolack,Centre-Sud,D05,"Meubles, articles de ménage et entretien courant",51,99.46,0.841528946567971,5.864821713677482,98.7
2023-05-01,Kaolack,Centre-Sud,D05,"Meubles, articles de ménage et entretien courant",51,100.24,0.7842348682887579,4.985337243401755,99.44333333333333
2023-06-01,Kaolack,Centre-Sud,D05,"Meubles, articles de ménage et entretien courant",51,100.78,0.5387071029529178,4.511044280825471,100.16000000000001
2023-07-01,Kaolack,Centre-Sud,D05,"Meubles, articles de ménage et entretien courant",51,100.92,0.13891645167691813,3.8912909203211887,100.64666666666666
2023-08-01,Kaolack,Centre-Sud,D05,"Meubles, articles de ménage et entretien courant",51,101.16,0.23781212841853527,3.5944700460829315,100.95333333333333
2023-09-01,Kaolack,Centre-Sud,D05,"Meubles, articles de ménage et entretien courant",51,101.2,0.03954132068011429,2.761982128350926,101.09333333333335
2023-10-01,Kaolack,Centre-Sud,D05,"Meubles, articles de ménage et entretien courant",51,101.53,0.3260869565217428,3.159926844137373,101.29666666666667
2023-11-01,Kaolack,Centre-Sud,D05,"Meubles, articles de ménage et entretien courant",51,101.62,0.08864375061559127,2.916751063398837,101.45
2023-12-01,Kaolack,Centre-Sud,D05,"Meubles, articles de ménage et entretien courant",51,99.95,-1.6433772879354436,2.57594417077176,101.03333333333335
2024-01-01,Kaolack,Centre-Sud,D05,"Meubles, articles de ménage et entretien courant",51,99.1,-0.8504252126063094,2.186017735615575,100.22333333333331
2024-02-01,Kaolack,Centre-Sud,D05,"Meubles, articles de ménage et entretien courant",51,99.47,0.37336024217962116,1.4896439138863293,99.50666666666666
2024-03-01,Kaolack,Centre-Sud,D05,"Meubles, articles de ménage et entretien courant",51,99.72,0.2513320599175639,1.105140423806139,99.42999999999999
2024-04-01,Kaolack,Centre-Sud,D05,"Meubles, articles de ménage et entretien courant",51,100.19,0.4713196951463994,0.733963402372817,99.79333333333334
2024-05-01,Kaolack,Centre-Sud,D05,"Meubles, articles de ménage et entretien courant",51,100.87,0.6787104501447372,0.6284916201117374,100.25999999999999
2024-06-01,Kaolack,Centre-Sud,D05,"Meubles, articles de ménage et entretien courant",51,101.14,0.26767126003766073,0.3572137328835101,100.73333333333333
2024-07-01,Kaolack,Centre-Sud,D05,"Meubles, articles de ménage et entretien courant",51,101.47,0.32628040340121345,0.544986127625835,101.16000000000001
2024-08-01,Kaolack,Centre-Sud,D05,"Meubles, articles de ménage et entretien courant",51,101.33,-0.1379718143293629,0.16805061289046908,101.31333333333333
2024-09-01,Kaolack,Centre-Sud,D05,"Meubles, articles de ménage et entretien courant",51,101.47,0.13816243955393492,0.2667984189723249,101.42333333333333
2024-10-01,Kaolack,Centre-Sud,D05,"Meubles, articles de ménage et entretien courant",51,101.85,0.3744949246082596,0.3151777799665023,101.55
2024-11-01,Kaolack,Centre-Sud,D05,"Meubles, articles de ménage et entretien courant",51,102.0,0.14727540500736325,0.37394213737453885,101.77333333333333
2024-12-01,Kaolack,Centre-Sud,D05,"Meubles, articles de ménage et entretien courant",51,100.03,-1.9313725490196054,0.0800400200100082,101.29333333333334
2025-01-01,Kaolack,Centre-Sud,D05,"Meubles, articles de ménage et entretien courant",51,99.95,-0.07997600719783504,0.8577194752775075,100.66000000000001
2025-02-01,Kaolack,Centre-Sud,D05,"Meubles, articles de ménage et entretien courant",51,100.22,0.27013506753377214,0.7539961797526917,100.06666666666666
2025-03-01,Kaolack,Centre-Sud,D05,"Meubles, articles de ménage et entretien courant",51,100.9,0.6785072839752715,1.1833132771760901,100.35666666666667
2025-04-01,Kaolack,Centre-Sud,D05,"Meubles, articles de ménage et entretien courant",51,101.79,0.8820614469772003,1.5969657650464208,100.97000000000001
2025-05-01,Kaolack,Centre-Sud,D05,"Meubles, articles de ménage et entretien courant",51,102.4,0.5992730130661261,1.5168038068801515,101.69666666666667
2025-06-01,Kaolack,Centre-Sud,D05,"Meubles, articles de ménage et entretien courant",51,102.98,0.5664062499999956,1.819260431085623,102.39
2025-07-01,Kaolack,Centre-Sud,D05,"Meubles, articles de ménage et entretien courant",51,103.52,0.5243736647892794,2.020301566965599,102.96666666666665
2025-08-01,Kaolack,Centre-Sud,D05,"Meubles, articles de ménage et entretien courant",51,103.31,-0.2028593508500709,1.9540116451199019,103.27
2025-09-01,Kaolack,Centre-Sud,D05,"Meubles, articles de ménage et entretien courant",51,103.52,0.2032717065143741,2.020301566965599,103.44999999999999
2025-10-01,Kaolack,Centre-Sud,D05,"Meubles, articles de ménage et entretien courant",51,103.79,0.26081916537867844,1.9047619047619202,103.54
2025-11-01,Kaolack,Centre-Sud,D05,"Meubles, articles de ménage et entretien courant",51,104.04,0.2408709894980321,2.0000000000000018,103.78333333333335
2025-12-01,Kaolack,Centre-Sud,D05,"Meubles, articles de ménage et entretien courant",51,102.04,-1.922337562475973,2.0093971808457622,103.29
2026-01-01,Kaolack,Centre-Sud,D05,"Meubles, articles de ménage et entretien courant",51,100.13,-1.8718149745198032,0.18009004502250736,102.07000000000001
2026-02-01,Kaolack,Centre-Sud,D05,"Meubles, articles de ménage et entretien courant",51,100.88,0.74902626585438,0.6585511873877348,101.01666666666665
2026-03-01,Kaolack,Centre-Sud,D05,"Meubles, articles de ménage et entretien courant",51,102.14,1.249008723235523,1.2289395441030582,101.05
2026-04-01,Kaolack,Centre-Sud,D05,"Meubles, articles de ménage et entretien courant",51,102.6,0.4503622478950309,0.7957559681697424,101.87333333333333
2026-05-01,Kaolack,Centre-Sud,D05,"Meubles, articles de ménage et entretien courant",51,103.01,0.3996101364522442,0.5957031249999911,102.58333333333333
2018-01-01,Kolda,Sud,D05,"Meubles, articles de ménage et entretien courant",51,82.85,,,82.85
2018-02-01,Kolda,Sud,D05,"Meubles, articles de ménage et entretien courant",51,82.77,-0.09656004828002551,,82.81
2018-03-01,Kolda,Sud,D05,"Meubles, articles de ménage et entretien courant",51,82.76,-0.012081672103403385,,82.79333333333334
2018-04-01,Kolda,Sud,D05,"Meubles, articles de ménage et entretien courant",51,83.24,0.579990333494429,,82.92333333333333
2018-05-01,Kolda,Sud,D05,"Meubles, articles de ménage et entretien courant",51,83.65,0.4925516578568212,,83.21666666666668
2018-06-01,Kolda,Sud,D05,"Meubles, articles de ménage et entretien courant",51,83.86,0.2510460251045954,,83.58333333333333
2018-07-01,Kolda,Sud,D05,"Meubles, articles de ménage et entretien courant",51,84.11,0.2981159074648243,,83.87333333333333
2018-08-01,Kolda,Sud,D05,"Meubles, articles de ménage et entretien courant",51,83.89,-0.26156223992390704,,83.95333333333333
2018-09-01,Kolda,Sud,D05,"Meubles, articles de ménage et entretien courant",51,83.61,-0.3337704136369024,,83.87
2018-10-01,Kolda,Sud,D05,"Meubles, articles de ménage et entretien courant",51,83.3,-0.37076904676474065,,83.6
2018-11-01,Kolda,Sud,D05,"Meubles, articles de ménage et entretien courant",51,83.15,-0.18007202881151763,,83.35333333333334
2018-12-01,Kolda,Sud,D05,"Meubles, articles de ménage et entretien courant",51,82.75,-0.48105832832231465,,83.06666666666666
2019-01-01,Kolda,Sud,D05,"Meubles, articles de ménage et entretien courant",51,83.34,0.7129909365559017,0.5914302957151563,83.08
2019-02-01,Kolda,Sud,D05,"Meubles, articles de ménage et entretien courant",51,83.34,0.0,0.6886553098949033,83.14333333333333
2019-03-01,Kolda,Sud,D05,"Meubles, articles de ménage et entretien courant",51,83.91,0.683945284377252,1.3895601739970953,83.53
2019-04-01,Kolda,Sud,D05,"Meubles, articles de ménage et entretien courant",51,84.12,0.25026814444049084,1.0571840461316873,83.79
2019-05-01,Kolda,Sud,D05,"Meubles, articles de ménage et entretien courant",51,84.31,0.22586780789348726,0.7890017931858839,84.11333333333333
2019-06-01,Kolda,Sud,D05,"Meubles, articles de ménage et entretien courant",51,84.62,0.36769066540149886,0.9062723586930721,84.35000000000001
2019-07-01,Kolda,Sud,D05,"Meubles, articles de ménage et entretien courant",51,84.78,0.18908059560387436,0.796575912495534,84.57000000000001
2019-08-01,Kolda,Sud,D05,"Meubles, articles de ménage et entretien courant",51,84.59,-0.22410945977824337,0.8344260340922727,84.66333333333334
2019-09-01,Kolda,Sud,D05,"Meubles, articles de ménage et entretien courant",51,84.32,-0.3191866650904429,0.849180720009568,84.56333333333333
2019-10-01,Kolda,Sud,D05,"Meubles, articles de ménage et entretien courant",51,83.99,-0.39136622390891773,0.8283313325330166,84.3
2019-11-01,Kolda,Sud,D05,"Meubles, articles de ménage et entretien courant",51,83.81,-0.21431122752707532,0.7937462417318075,84.04
2019-12-01,Kolda,Sud,D05,"Meubles, articles de ménage et entretien courant",51,83.52,-0.34602076124568004,0.9305135951661603,83.77333333333333
2020-01-01,Kolda,Sud,D05,"Meubles, articles de ménage et entretien courant",51,84.48,1.1494252873563315,1.367890568754504,83.93666666666667
2020-02-01,Kolda,Sud,D05,"Meubles, articles de ménage et entretien courant",51,84.69,0.24857954545454142,1.6198704103671746,84.23
2020-03-01,Kolda,Sud,D05,"Meubles, articles de ménage et entretien courant",51,85.34,0.7675050183020504,1.7042068883327488,84.83666666666666
2020-04-01,Kolda,Sud,D05,"Meubles, articles de ménage et entretien courant",51,85.86,0.6093273962971546,2.068473609129806,85.29666666666667
2020-05-01,Kolda,Sud,D05,"Meubles, articles de ménage et entretien courant",51,86.38,0.6056370836245106,2.455224765745445,85.86
2020-06-01,Kolda,Sud,D05,"Meubles, articles de ménage et entretien courant",51,86.89,0.5904144477888451,2.682580950129987,86.37666666666667
2020-07-01,Kolda,Sud,D05,"Meubles, articles de ménage et entretien courant",51,87.09,0.23017608470479178,2.724699221514504,86.78666666666668
2020-08-01,Kolda,Sud,D05,"Meubles, articles de ménage et entretien courant",51,86.93,-0.18371799288092738,2.766284430783794,86.97000000000001
2020-09-01,Kolda,Sud,D05,"Meubles, articles de ménage et entretien courant",51,86.61,-0.36811227424364823,2.7158444022770567,86.87666666666667
2020-10-01,Kolda,Sud,D05,"Meubles, articles de ménage et entretien courant",51,86.12,-0.5657545318092594,2.536016192403867,86.55333333333333
2020-11-01,Kolda,Sud,D05,"Meubles, articles de ménage et entretien courant",51,85.71,-0.4760798885276474,2.2670325736785513,86.14666666666666
2020-12-01,Kolda,Sud,D05,"Meubles, articles de ménage et entretien courant",51,85.37,-0.3966865009917053,2.2150383141762653,85.73333333333333
2021-01-01,Kolda,Sud,D05,"Meubles, articles de ménage et entretien courant",51,85.95,0.679395572215058,1.7400568181818121,85.67666666666666
2021-02-01,Kolda,Sud,D05,"Meubles, articles de ménage et entretien courant",51,86.37,0.48865619546247796,1.9837052780729891,85.89666666666669
2021-03-01,Kolda,Sud,D05,"Meubles, articles de ménage et entretien courant",51,86.75,0.43996758133610925,1.6522146707288465,86.35666666666668
2021-04-01,Kolda,Sud,D05,"Meubles, articles de ménage et entretien courant",51,87.44,0.7953890489913462,1.8402049848590618,86.85333333333334
2021-05-01,Kolda,Sud,D05,"Meubles, articles de ménage et entretien courant",51,87.86,0.4803293687099641,1.7133595739754703,87.35000000000001
2021-06-01,Kolda,Sud,D05,"Meubles, articles de ménage et entretien courant",51,88.24,0.43250625995903125,1.5536885717573945,87.84666666666665
2021-07-01,Kolda,Sud,D05,"Meubles, articles de ménage et entretien courant",51,88.71,0.5326382592928391,1.860144677919373,88.27
2021-08-01,Kolda,Sud,D05,"Meubles, articles de ménage et entretien courant",51,88.52,-0.21418103934167654,1.829057862648087,88.49
2021-09-01,Kolda,Sud,D05,"Meubles, articles de ménage et entretien courant",51,88.3,-0.2485314053321308,1.951275834199273,88.50999999999999
2021-10-01,Kolda,Sud,D05,"Meubles, articles de ménage et entretien courant",51,88.02,-0.31710079275197867,2.206223873664648,88.28000000000002
2021-11-01,Kolda,Sud,D05,"Meubles, articles de ménage et entretien courant",51,87.98,-0.04544421722334491,2.6484657566211656,88.10000000000001
2021-12-01,Kolda,Sud,D05,"Meubles, articles de ménage et entretien courant",51,87.97,-0.011366219595365656,3.0455663582054537,87.99
2022-01-01,Kolda,Sud,D05,"Meubles, articles de ménage et entretien courant",51,89.45,1.6823917244515263,4.072134962187324,88.46666666666665
2022-02-01,Kolda,Sud,D05,"Meubles, articles de ménage et entretien courant",51,90.67,1.3638904415874675,4.978580525645482,89.36333333333333
2022-03-01,Kolda,Sud,D05,"Meubles, articles de ménage et entretien courant",51,92.19,1.6764089555530992,6.270893371757924,90.77
2022-04-01,Kolda,Sud,D05,"Meubles, articles de ménage et entretien courant",51,93.23,1.1281050005423676,6.621683440073189,92.03000000000002
2022-05-01,Kolda,Sud,D05,"Meubles, articles de ménage et entretien courant",51,95.21,2.123779899174072,8.365581607102213,93.54333333333334
2022-06-01,Kolda,Sud,D05,"Meubles, articles de ménage et entretien courant",51,96.48,1.3338934985820838,9.338168631006361,94.97333333333331
2022-07-01,Kolda,Sud,D05,"Meubles, articles de ménage et entretien courant",51,96.56,0.08291873963515162,8.849058730695525,96.08333333333333
2022-08-01,Kolda,Sud,D05,"Meubles, articles de ménage et entretien courant",51,97.59,1.066694283347136,10.246272028920034,96.87666666666667
2022-09-01,Kolda,Sud,D05,"Meubles, articles de ménage et entretien courant",51,97.98,0.39963110974485794,10.962627406568526,97.37666666666667
2022-10-01,Kolda,Sud,D05,"Meubles, articles de ménage et entretien courant",51,98.42,0.44907123902837576,11.815496478073161,97.99666666666667
2022-11-01,Kolda,Sud,D05,"Meubles, articles de ménage et entretien courant",51,98.69,0.27433448486080536,12.17322118663331,98.36333333333334
2022-12-01,Kolda,Sud,D05,"Meubles, articles de ménage et entretien courant",51,97.27,-1.4388489208633115,10.571785836080473,98.12666666666667
2023-01-01,Kolda,Sud,D05,"Meubles, articles de ménage et entretien courant",51,97.02,-0.25701655186594063,8.46282839575181,97.66000000000001
2023-02-01,Kolda,Sud,D05,"Meubles, articles de ménage et entretien courant",51,97.52,0.515357658214799,7.554869306275491,97.27
2023-03-01,Kolda,Sud,D05,"Meubles, articles de ménage et entretien courant",51,98.4,0.9023789991796649,6.736088512853899,97.64666666666666
2023-04-01,Kolda,Sud,D05,"Meubles, articles de ménage et entretien courant",51,99.35,0.9654471544715326,6.564410597447168,98.42333333333333
2023-05-01,Kolda,Sud,D05,"Meubles, articles de ménage et entretien courant",51,99.99,0.6441872169099083,5.020481041907354,99.24666666666667
2023-06-01,Kolda,Sud,D05,"Meubles, articles de ménage et entretien courant",51,100.62,0.6300630063006407,4.291044776119413,99.98666666666666
2023-07-01,Kolda,Sud,D05,"Meubles, articles de ménage et entretien courant",51,101.46,0.8348240906380422,5.074565037282519,100.69
2023-08-01,Kolda,Sud,D05,"Meubles, articles de ménage et entretien courant",51,101.18,-0.2759708259412408,3.678655599959013,101.08666666666666
2023-09-01,Kolda,Sud,D05,"Meubles, articles de ménage et entretien courant",51,101.43,0.24708440403242715,3.5211267605633756,101.35666666666667
2023-10-01,Kolda,Sud,D05,"Meubles, articles de ménage et entretien courant",51,101.51,0.078872128561569,3.139605771184728,101.37333333333333
2023-11-01,Kolda,Sud,D05,"Meubles, articles de ménage et entretien courant",51,101.69,0.177322431287541,3.0398216637957276,101.54333333333334
2023-12-01,Kolda,Sud,D05,"Meubles, articles de ménage et entretien courant",51,99.97,-1.691415085062442,2.775778760152159,101.05666666666667
2024-01-01,Kolda,Sud,D05,"Meubles, articles de ménage et entretien courant",51,99.06,-0.910273081924573,2.102659245516403,100.24000000000001
2024-02-01,Kolda,Sud,D05,"Meubles, articles de ménage et entretien courant",51,99.06,0.0,1.579163248564397,99.36333333333334
2024-03-01,Kolda,Sud,D05,"Meubles, articles de ménage et entretien courant",51,99.54,0.48455481526348265,1.1585365853658436,99.22000000000001
2024-04-01,Kolda,Sud,D05,"Meubles, articles de ménage et entretien courant",51,100.22,0.6831424552943499,0.875691997986916,99.60666666666667
2024-05-01,Kolda,Sud,D05,"Meubles, articles de ménage et entretien courant",51,100.82,0.5986828976252134,0.8300830083008304,100.19333333333333
2024-06-01,Kolda,Sud,D05,"Meubles, articles de ménage et entretien courant",51,101.03,0.2082920055544557,0.40747366328761636,100.69
2024-07-01,Kolda,Sud,D05,"Meubles, articles de ménage et entretien courant",51,101.67,0.6334752053845483,0.20697811945595834,101.17333333333333
2024-08-01,Kolda,Sud,D05,"Meubles, articles de ménage et entretien courant",51,101.44,-0.22622209107898694,0.2569677801937065,101.38
2024-09-01,Kolda,Sud,D05,"Meubles, articles de ménage et entretien courant",51,101.96,0.5126182965299542,0.522527851720378,101.69
2024-10-01,Kolda,Sud,D05,"Meubles, articles de ménage et entretien courant",51,102.16,0.1961553550412054,0.6403310018717301,101.85333333333334
2024-11-01,Kolda,Sud,D05,"Meubles, articles de ménage et entretien courant",51,101.97,-0.18598277212216185,0.2753466417543482,102.02999999999999
2024-12-01,Kolda,Sud,D05,"Meubles, articles de ménage et entretien courant",51,100.25,-1.6867706188094522,0.2800840252075609,101.46
2025-01-01,Kolda,Sud,D05,"Meubles, articles de ménage et entretien courant",51,99.65,-0.5985037406483706,0.5955986270946845,100.62333333333333
2025-02-01,Kolda,Sud,D05,"Meubles, articles de ménage et entretien courant",51,100.41,0.7626693426994402,1.3628104179285172,100.10333333333334
2025-03-01,Kolda,Sud,D05,"Meubles, articles de ménage et entretien courant",51,100.89,0.47804003585301125,1.3562386980108476,100.31666666666668
2025-04-01,Kolda,Sud,D05,"Meubles, articles de ménage et entretien courant",51,101.53,0.6343542471999308,1.3071243264817456,100.94333333333333
2025-05-01,Kolda,Sud,D05,"Meubles, articles de ménage et entretien courant",51,102.41,0.8667388949079147,1.577068042055152,101.61000000000001
2025-06-01,Kolda,Sud,D05,"Meubles, articles de ménage et entretien courant",51,103.0,0.5761156137096046,1.9499158665742922,102.31333333333333
2025-07-01,Kolda,Sud,D05,"Meubles, articles de ménage et entretien courant",51,103.42,0.4077669902912584,1.7212550408183258,102.94333333333333
2025-08-01,Kolda,Sud,D05,"Meubles, articles de ménage et entretien courant",51,103.83,0.3964416940630322,2.3560725552050465,103.41666666666667
2025-09-01,Kolda,Sud,D05,"Meubles, articles de ménage et entretien courant",51,103.83,0.0,1.8340525696351584,103.69333333333333
2025-10-01,Kolda,Sud,D05,"Meubles, articles de ménage et entretien courant",51,104.48,0.6260233073293042,2.2709475332811424,104.04666666666667
2025-11-01,Kolda,Sud,D05,"Meubles, articles de ménage et entretien courant",51,104.19,-0.2775650842266497,2.177110914974989,104.16666666666667
2025-12-01,Kolda,Sud,D05,"Meubles, articles de ménage et entretien courant",51,102.84,-1.2957097610135304,2.5835411471321734,103.83666666666666
2026-01-01,Kolda,Sud,D05,"Meubles, articles de ménage et entretien courant",51,100.03,-2.7323998444185205,0.381334671349709,102.35333333333334
2026-02-01,Kolda,Sud,D05,"Meubles, articles de ménage et entretien courant",51,101.04,1.009697090872752,0.6274275470570689,101.30333333333334
2026-03-01,Kolda,Sud,D05,"Meubles, articles de ménage et entretien courant",51,102.1,1.049089469517006,1.199325998612344,101.05666666666667
2026-04-01,Kolda,Sud,D05,"Meubles, articles de ménage et entretien courant",51,102.68,0.5680705190989288,1.1326701467546663,101.94
2026-05-01,Kolda,Sud,D05,"Meubles, articles de ménage et entretien courant",51,103.46,0.7596416049863608,1.025290498974707,102.74666666666667
2018-01-01,Saint-Louis,Nord,D05,"Meubles, articles de ménage et entretien courant",51,84.15,,,84.15
2018-02-01,Saint-Louis,Nord,D05,"Meubles, articles de ménage et entretien courant",51,84.15,0.0,,84.15
2018-03-01,Saint-Louis,Nord,D05,"Meubles, articles de ménage et entretien courant",51,84.45,0.35650623885916666,,84.25
2018-04-01,Saint-Louis,Nord,D05,"Meubles, articles de ménage et entretien courant",51,84.75,0.3552397868561208,,84.45
2018-05-01,Saint-Louis,Nord,D05,"Meubles, articles de ménage et entretien courant",51,84.87,0.1415929203539834,,84.69
2018-06-01,Saint-Louis,Nord,D05,"Meubles, articles de ménage et entretien courant",51,85.14,0.31813361611876534,,84.92
2018-07-01,Saint-Louis,Nord,D05,"Meubles, articles de ménage et entretien courant",51,85.11,-0.035236081747713754,,85.04
2018-08-01,Saint-Louis,Nord,D05,"Meubles, articles de ménage et entretien courant",51,85.41,0.3524850193866724,,85.21999999999998
2018-09-01,Saint-Louis,Nord,D05,"Meubles, articles de ménage et entretien courant",51,84.91,-0.5854115443156505,,85.14333333333333
2018-10-01,Saint-Louis,Nord,D05,"Meubles, articles de ménage et entretien courant",51,84.84,-0.08244023083263663,,85.05333333333333
2018-11-01,Saint-Louis,Nord,D05,"Meubles, articles de ménage et entretien courant",51,84.36,-0.5657708628005742,,84.70333333333333
2018-12-01,Saint-Louis,Nord,D05,"Meubles, articles de ménage et entretien courant",51,84.24,-0.14224751066856944,,84.48
2019-01-01,Saint-Louis,Nord,D05,"Meubles, articles de ménage et entretien courant",51,84.52,0.3323836657169954,0.4396910279263144,84.37333333333333
2019-02-01,Saint-Louis,Nord,D05,"Meubles, articles de ménage et entretien courant",51,84.74,0.2602934216753505,0.7011289364230455,84.5
2019-03-01,Saint-Louis,Nord,D05,"Meubles, articles de ménage et entretien courant",51,85.07,0.38942648100070976,0.7341622261693104,84.77666666666666
2019-04-01,Saint-Louis,Nord,D05,"Meubles, articles de ménage et entretien courant",51,85.56,0.5759962383919293,0.9557522123893936,85.12333333333333
2019-05-01,Saint-Louis,Nord,D05,"Meubles, articles de ménage et entretien courant",51,85.68,0.14025245441795509,0.9544008483563182,85.43666666666667
2019-06-01,Saint-Louis,Nord,D05,"Meubles, articles de ménage et entretien courant",51,86.05,0.4318394024276362,1.0688278130138507,85.76333333333332
2019-07-01,Saint-Louis,Nord,D05,"Meubles, articles de ménage et entretien courant",51,86.02,-0.034863451481692564,1.069204558806236,85.91666666666667
2019-08-01,Saint-Louis,Nord,D05,"Meubles, articles de ménage et entretien courant",51,86.07,0.05812601720529553,0.7727432384966537,86.04666666666667
2019-09-01,Saint-Louis,Nord,D05,"Meubles, articles de ménage et entretien courant",51,85.63,-0.5112118043453018,0.8479566599929322,85.90666666666665
2019-10-01,Saint-Louis,Nord,D05,"Meubles, articles de ménage et entretien courant",51,85.66,0.035034450543025564,0.9665252239509536,85.78666666666668
2019-11-01,Saint-Louis,Nord,D05,"Meubles, articles de ménage et entretien courant",51,85.01,-0.7588139154797946,0.7705073494547188,85.43333333333334
2019-12-01,Saint-Louis,Nord,D05,"Meubles, articles de ménage et entretien courant",51,84.79,-0.25879308316668626,0.652896486229837,85.15333333333335
2020-01-01,Saint-Louis,Nord,D05,"Meubles, articles de ménage et entretien courant",51,85.62,0.9788890199315947,1.3014671083767304,85.14
2020-02-01,Saint-Louis,Nord,D05,"Meubles, articles de ménage et entretien courant",51,86.37,0.8759635599159044,1.9235308000944196,85.59333333333335
2020-03-01,Saint-Louis,Nord,D05,"Meubles, articles de ménage et entretien courant",51,86.61,0.27787426189649356,1.8102738920888761,86.2
2020-04-01,Saint-Louis,Nord,D05,"Meubles, articles de ménage et entretien courant",51,86.97,0.4156563907170119,1.6479663394109334,86.64999999999999
2020-05-01,Saint-Louis,Nord,D05,"Meubles, articles de ménage et entretien courant",51,87.68,0.8163734621133845,2.334267040149385,87.08666666666666
2020-06-01,Saint-Louis,Nord,D05,"Meubles, articles de ménage et entretien courant",51,88.01,0.37636861313867787,2.2777454968041955,87.55333333333334
2020-07-01,Saint-Louis,Nord,D05,"Meubles, articles de ménage et entretien courant",51,88.3,0.3295080104533499,2.650546384561725,87.99666666666667
2020-08-01,Saint-Louis,Nord,D05,"Meubles, articles de ménage et entretien courant",51,87.69,-0.6908267270668178,1.882188915998606,88.0
2020-09-01,Saint-Louis,Nord,D05,"Meubles, articles de ménage et entretien courant",51,87.58,-0.1254418975937921,2.2772392852972168,87.85666666666667
2020-10-01,Saint-Louis,Nord,D05,"Meubles, articles de ménage et entretien courant",51,87.2,-0.4338890157570163,1.797805276675235,87.49000000000001
2020-11-01,Saint-Louis,Nord,D05,"Meubles, articles de ménage et entretien courant",51,86.67,-0.6077981651376185,1.952711445712274,87.14999999999999
2020-12-01,Saint-Louis,Nord,D05,"Meubles, articles de ménage et entretien courant",51,86.81,0.16153224875965488,2.3823564099539896,86.89333333333333
2021-01-01,Saint-Louis,Nord,D05,"Meubles, articles de ménage et entretien courant",51,87.11,0.3455823061859098,1.7402476056995964,86.86333333333334
2021-02-01,Saint-Louis,Nord,D05,"Meubles, articles de ménage et entretien courant",51,87.56,0.5165882217885498,1.3777932152367667,87.16000000000001
2021-03-01,Saint-Louis,Nord,D05,"Meubles, articles de ménage et entretien courant",51,88.22,0.7537688442210921,1.858907747373273,87.63
2021-04-01,Saint-Louis,Nord,D05,"Meubles, articles de ménage et entretien courant",51,88.39,0.1927000680117974,1.6327469242267467,88.05666666666667
2021-05-01,Saint-Louis,Nord,D05,"Meubles, articles de ménage et entretien courant",51,88.9,0.5769883470980952,1.3914233576642232,88.50333333333333
2021-06-01,Saint-Louis,Nord,D05,"Meubles, articles de ménage et entretien courant",51,89.4,0.5624296962879693,1.579365981138503,88.89666666666666
2021-07-01,Saint-Louis,Nord,D05,"Meubles, articles de ménage et entretien courant",51,89.65,0.2796420581655523,1.528878822197055,89.31666666666668
2021-08-01,Saint-Louis,Nord,D05,"Meubles, articles de ménage et entretien courant",51,89.42,-0.25655326268824163,1.9728589348842585,89.49000000000001
2021-09-01,Saint-Louis,Nord,D05,"Meubles, articles de ménage et entretien courant",51,89.26,-0.17893088794452838,1.9182461749257973,89.44333333333334
2021-10-01,Saint-Louis,Nord,D05,"Meubles, articles de ménage et entretien courant",51,89.26,0.0,2.3623853211009127,89.31333333333333
2021-11-01,Saint-Louis,Nord,D05,"Meubles, articles de ménage et entretien courant",51,88.95,-0.3473000224064604,2.6306680512288017,89.15666666666668
2021-12-01,Saint-Louis,Nord,D05,"Meubles, articles de ménage et entretien courant",51,88.5,-0.5059021922428353,1.9467803248473636,88.90333333333335
2022-01-01,Saint-Louis,Nord,D05,"Meubles, articles de ménage et entretien courant",51,90.19,1.9096045197739997,3.5357593846860214,89.21333333333332
2022-02-01,Saint-Louis,Nord,D05,"Meubles, articles de ménage et entretien courant",51,91.65,1.6188047455372168,4.671082686158057,90.11333333333334
2022-03-01,Saint-Louis,Nord,D05,"Meubles, articles de ménage et entretien courant",51,92.74,1.1893071467539373,5.123554749489911,91.52666666666669
2022-04-01,Saint-Louis,Nord,D05,"Meubles, articles de ménage et entretien courant",51,93.9,1.2508087125296719,6.2337368480597455,92.76333333333334
2022-05-01,Saint-Louis,Nord,D05,"Meubles, articles de ménage et entretien courant",51,95.31,1.5015974440894642,7.2103487064116845,93.98333333333333
2022-06-01,Saint-Louis,Nord,D05,"Meubles, articles de ménage et entretien courant",51,96.45,1.1960969468051585,7.885906040268442,95.22000000000001
2022-07-01,Saint-Louis,Nord,D05,"Meubles, articles de ménage et entretien courant",51,97.025,0.596163815448425,8.226436140546568,96.26166666666667
2022-08-01,Saint-Louis,Nord,D05,"Meubles, articles de ménage et entretien courant",51,97.6,0.5926307652666774,9.147841646164157,97.02499999999999
2022-09-01,Saint-Louis,Nord,D05,"Meubles, articles de ménage et entretien courant",51,98.12,0.5327868852459172,9.926058704907014,97.58166666666666
2022-10-01,Saint-Louis,Nord,D05,"Meubles, articles de ménage et entretien courant",51,98.62,0.5095801059926686,10.486220031369031,98.11333333333333
2022-11-01,Saint-Louis,Nord,D05,"Meubles, articles de ménage et entretien courant",51,98.84,0.22307848306630795,11.118605958403593,98.52666666666669
2022-12-01,Saint-Louis,Nord,D05,"Meubles, articles de ménage et entretien courant",51,97.47,-1.386078510724409,10.13559322033899,98.31
2023-01-01,Saint-Louis,Nord,D05,"Meubles, articles de ménage et entretien courant",51,97.1,-0.37960398071201773,7.661603281960305,97.80333333333334
2023-02-01,Saint-Louis,Nord,D05,"Meubles, articles de ménage et entretien courant",51,97.89,0.8135942327497592,6.80851063829786,97.48666666666666
2023-03-01,Saint-Louis,Nord,D05,"Meubles, articles de ménage et entretien courant",51,98.71,0.837674941260591,6.437351736036234,97.89999999999999
2023-04-01,Saint-Louis,Nord,D05,"Meubles, articles de ménage et entretien courant",51,99.44,0.7395400668625207,5.899893503727371,98.67999999999999
2023-05-01,Saint-Louis,Nord,D05,"Meubles, articles de ménage et entretien courant",51,100.17,0.7341110217216507,5.099150141643061,99.44
2023-06-01,Saint-Louis,Nord,D05,"Meubles, articles de ménage et entretien courant",51,100.78,0.6089647599081482,4.489372731985486,100.13
2023-07-01,Saint-Louis,Nord,D05,"Meubles, articles de ménage et entretien courant",51,100.94,0.1587616590593255,4.035042514815768,100.63
2023-08-01,Saint-Louis,Nord,D05,"Meubles, articles de ménage et entretien courant",51,101.16,0.21795125817316574,3.6475409836065564,100.96
2023-09-01,Saint-Louis,Nord,D05,"Meubles, articles de ménage et entretien courant",51,101.52,0.3558718861210064,3.465144720750102,101.20666666666666
2023-10-01,Saint-Louis,Nord,D05,"Meubles, articles de ménage et entretien courant",51,101.42,-0.09850275807722353,2.839180693571275,101.36666666666667
2023-11-01,Saint-Louis,Nord,D05,"Meubles, articles de ménage et entretien courant",51,101.34,-0.07887990534410916,2.5293403480372234,101.42666666666666
2023-12-01,Saint-Louis,Nord,D05,"Meubles, articles de ménage et entretien courant",51,99.65,-1.6676534438523793,2.236585616087017,100.80333333333334
2024-01-01,Saint-Louis,Nord,D05,"Meubles, articles de ménage et entretien courant",51,99.09,-0.5619668840943337,2.0494335736354286,100.02666666666669
2024-02-01,Saint-Louis,Nord,D05,"Meubles, articles de ménage et entretien courant",51,99.28,0.19174487839337395,1.4199611809173618,99.33999999999999
2024-03-01,Saint-Louis,Nord,D05,"Meubles, articles de ménage et entretien courant",51,99.84,0.5640612409347323,1.1447675007598024,99.40333333333335
2024-04-01,Saint-Louis,Nord,D05,"Meubles, articles de ménage et entretien courant",51,100.34,0.5008012820512775,0.905068382944485,99.82000000000001
2024-05-01,Saint-Louis,Nord,D05,"Meubles, articles de ménage et entretien courant",51,100.92,0.5780346820809301,0.7487271638215054,100.36666666666667
2024-06-01,Saint-Louis,Nord,D05,"Meubles, articles de ménage et entretien courant",51,101.41,0.4855330955211956,0.6251240325461316,100.89
2024-07-01,Saint-Louis,Nord,D05,"Meubles, articles de ménage et entretien courant",51,101.57,0.15777536732077824,0.6241331484049928,101.3
2024-08-01,Saint-Louis,Nord,D05,"Meubles, articles de ménage et entretien courant",51,101.33,-0.23629024318203573,0.16805061289046908,101.43666666666665
2024-09-01,Saint-Louis,Nord,D05,"Meubles, articles de ménage et entretien courant",51,101.45,0.11842494818909977,-0.0689519306540487,101.45
2024-10-01,Saint-Louis,Nord,D05,"Meubles, articles de ménage et entretien courant",51,101.72,0.2661409561360184,0.29579964504042877,101.5
2024-11-01,Saint-Louis,Nord,D05,"Meubles, articles de ménage et entretien courant",51,101.78,0.05898545025559976,0.4341819617130538,101.64999999999999
2024-12-01,Saint-Louis,Nord,D05,"Meubles, articles de ménage et entretien courant",51,100.0,-1.7488701120062844,0.351229302558953,101.16666666666667
2025-01-01,Saint-Louis,Nord,D05,"Meubles, articles de ménage et entretien courant",51,99.78,-0.21999999999999797,0.6963366636391077,100.52
2025-02-01,Saint-Louis,Nord,D05,"Meubles, articles de ménage et entretien courant",51,100.22,0.4409701342954486,0.9468170829975753,100.0
2025-03-01,Saint-Louis,Nord,D05,"Meubles, articles de ménage et entretien courant",51,100.79,0.568748752743975,0.951522435897445,100.26333333333334
2025-04-01,Saint-Louis,Nord,D05,"Meubles, articles de ménage et entretien courant",51,101.51,0.7143565829943466,1.1660354793701533,100.83999999999999
2025-05-01,Saint-Louis,Nord,D05,"Meubles, articles de ménage et entretien courant",51,102.44,0.9161658949857099,1.5061434799841456,101.58
2025-06-01,Saint-Louis,Nord,D05,"Meubles, articles de ménage et entretien courant",51,102.86,0.4099960952752779,1.4298392663445458,102.27
2025-07-01,Saint-Louis,Nord,D05,"Meubles, articles de ménage et entretien courant",51,103.58,0.6999805560956585,1.978930786649613,102.96
2025-08-01,Saint-Louis,Nord,D05,"Meubles, articles de ménage et entretien courant",51,103.41,-0.16412434832979717,2.0526991019441443,103.28333333333335
2025-09-01,Saint-Louis,Nord,D05,"Meubles, articles de ménage et entretien courant",51,103.59,0.17406440382943256,2.1094135041892503,103.52666666666666
2025-10-01,Saint-Louis,Nord,D05,"Meubles, articles de ménage et entretien courant",51,103.87,0.27029636065256657,2.113645300825806,103.62333333333333
2025-11-01,Saint-Louis,Nord,D05,"Meubles, articles de ménage et entretien courant",51,104.08,0.20217579666890195,2.259775987423862,103.84666666666665
2025-12-01,Saint-Louis,Nord,D05,"Meubles, articles de ménage et entretien courant",51,102.45,-1.5661029976940744,2.4499999999999966,103.46666666666668
2026-01-01,Saint-Louis,Nord,D05,"Meubles, articles de ménage et entretien courant",51,100.48,-1.9228892142508558,0.701543395470039,102.33666666666666
2026-02-01,Saint-Louis,Nord,D05,"Meubles, articles de ménage et entretien courant",51,100.83,0.3483280254777066,0.6086609459189818,101.25333333333333
2026-03-01,Saint-Louis,Nord,D05,"Meubles, articles de ménage et entretien courant",51,102.13,1.2892988197956923,1.3294969739061413,101.14666666666666
2026-04-01,Saint-Louis,Nord,D05,"Meubles, articles de ménage et entretien courant",51,102.55,0.4112405757368043,1.0245296029947726,101.83666666666666
2026-05-01,Saint-Louis,Nord,D05,"Meubles, articles de ménage et entretien courant",51,102.83,0.27303754266212454,0.3807106598984866,102.50333333333333
2018-01-01,Thiès,Centre-Ouest,D05,"Meubles, articles de ménage et entretien courant",51,84.59,,,84.59
2018-02-01,Thiès,Centre-Ouest,D05,"Meubles, articles de ménage et entretien courant",51,84.59,0.0,,84.59
2018-03-01,Thiès,Centre-Ouest,D05,"Meubles, articles de ménage et entretien courant",51,84.81,0.2600780234070177,,84.66333333333334
2018-04-01,Thiès,Centre-Ouest,D05,"Meubles, articles de ménage et entretien courant",51,85.02,0.2476123098691163,,84.80666666666667
2018-05-01,Thiès,Centre-Ouest,D05,"Meubles, articles de ménage et entretien courant",51,85.28,0.3058103975535298,,85.03666666666668
2018-06-01,Thiès,Centre-Ouest,D05,"Meubles, articles de ménage et entretien courant",51,85.57,0.3400562851782363,,85.29
2018-07-01,Thiès,Centre-Ouest,D05,"Meubles, articles de ménage et entretien courant",51,85.47,-0.11686338670093832,,85.44
2018-08-01,Thiès,Centre-Ouest,D05,"Meubles, articles de ménage et entretien courant",51,85.66,0.22230022230020907,,85.56666666666666
2018-09-01,Thiès,Centre-Ouest,D05,"Meubles, articles de ménage et entretien courant",51,85.24,-0.4903105300023358,,85.45666666666666
2018-10-01,Thiès,Centre-Ouest,D05,"Meubles, articles de ménage et entretien courant",51,85.45,0.2463632097606805,,85.45
2018-11-01,Thiès,Centre-Ouest,D05,"Meubles, articles de ménage et entretien courant",51,84.78,-0.7840842598010545,,85.15666666666665
2018-12-01,Thiès,Centre-Ouest,D05,"Meubles, articles de ménage et entretien courant",51,84.67,-0.12974758197688008,,84.96666666666667
2019-01-01,Thiès,Centre-Ouest,D05,"Meubles, articles de ménage et entretien courant",51,84.97,0.35431675918271566,0.44922567679395176,84.80666666666666
2019-02-01,Thiès,Centre-Ouest,D05,"Meubles, articles de ménage et entretien courant",51,85.46,0.5766741202777315,1.0284903652914013,85.03333333333332
2019-03-01,Thiès,Centre-Ouest,D05,"Meubles, articles de ménage et entretien courant",51,85.62,0.18722209220689567,0.9550760523523216,85.35000000000001
2019-04-01,Thiès,Centre-Ouest,D05,"Meubles, articles de ménage et entretien courant",51,85.82,0.23359028264422488,0.9409550693954438,85.63333333333333
2019-05-01,Thiès,Centre-Ouest,D05,"Meubles, articles de ménage et entretien courant",51,85.9,0.09321836401772199,0.7270168855534775,85.78000000000002
2019-06-01,Thiès,Centre-Ouest,D05,"Meubles, articles de ménage et entretien courant",51,86.31,0.4772991850989561,0.8647890615870235,86.01
2019-07-01,Thiès,Centre-Ouest,D05,"Meubles, articles de ménage et entretien courant",51,86.38499999999999,0.0868960722975265,1.0705510705510513,86.19833333333334
2019-08-01,Thiès,Centre-Ouest,D05,"Meubles, articles de ménage et entretien courant",51,86.46,0.0868206285813633,0.9339248190520566,86.38499999999999
2019-09-01,Thiès,Centre-Ouest,D05,"Meubles, articles de ménage et entretien courant",51,86.16,-0.3469812630117919,1.0793054903801114,86.335
2019-10-01,Thiès,Centre-Ouest,D05,"Meubles, articles de ménage et entretien courant",51,85.79,-0.4294336118848552,0.3978935049736787,86.13666666666666
2019-11-01,Thiès,Centre-Ouest,D05,"Meubles, articles de ménage et entretien courant",51,85.2,-0.6877258421727483,0.4953998584571906,85.71666666666665
2019-12-01,Thiès,Centre-Ouest,D05,"Meubles, articles de ménage et entretien courant",51,85.2,0.0,0.625959607889448,85.39666666666666
2020-01-01,Thiès,Centre-Ouest,D05,"Meubles, articles de ménage et entretien courant",51,86.28,1.2676056338028152,1.541720607273156,85.56
2020-02-01,Thiès,Centre-Ouest,D05,"Meubles, articles de ménage et entretien courant",51,86.64,0.4172461752433909,1.3807629300257585,86.04
2020-03-01,Thiès,Centre-Ouest,D05,"Meubles, articles de ménage et entretien courant",51,87.04,0.4616805170821747,1.6584910067741099,86.65333333333335
2020-04-01,Thiès,Centre-Ouest,D05,"Meubles, articles de ménage et entretien courant",51,87.18,0.16084558823530326,1.5847121883011184,86.95333333333333
2020-05-01,Thiès,Centre-Ouest,D05,"Meubles, articles de ménage et entretien courant",51,87.92,0.8488185363615397,2.351571594877755,87.38
2020-06-01,Thiès,Centre-Ouest,D05,"Meubles, articles de ménage et entretien courant",51,88.41,0.5573248407643172,2.4330900243308973,87.83666666666666
2020-07-01,Thiès,Centre-Ouest,D05,"Meubles, articles de ménage et entretien courant",51,88.17,-0.271462504241593,2.0663309602361624,88.16666666666667
2020-08-01,Thiès,Centre-Ouest,D05,"Meubles, articles de ménage et entretien courant",51,88.25,0.0907338096858279,2.0703215359703986,88.27666666666666
2020-09-01,Thiès,Centre-Ouest,D05,"Meubles, articles de ménage et entretien courant",51,88.01,-0.2719546742209533,2.1471680594243425,88.14333333333333
2020-10-01,Thiès,Centre-Ouest,D05,"Meubles, articles de ménage et entretien courant",51,87.6,-0.4658561527099314,2.1098030073434915,87.95333333333333
2020-11-01,Thiès,Centre-Ouest,D05,"Meubles, articles de ménage et entretien courant",51,87.06,-0.6164383561643727,2.183098591549304,87.55666666666666
2020-12-01,Thiès,Centre-Ouest,D05,"Meubles, articles de ménage et entretien courant",51,87.02,-0.045945325063179165,2.136150234741785,87.22666666666667
2021-01-01,Thiès,Centre-Ouest,D05,"Meubles, articles de ménage et entretien courant",51,87.48,0.5286141116984666,1.3908205841446586,87.18666666666667
2021-02-01,Thiès,Centre-Ouest,D05,"Meubles, articles de ménage et entretien courant",51,87.81,0.37722908093278384,1.350415512465375,87.43666666666667
2021-03-01,Thiès,Centre-Ouest,D05,"Meubles, articles de ménage et entretien courant",51,88.19,0.43275253387995427,1.3212316176470562,87.82666666666667
2021-04-01,Thiès,Centre-Ouest,D05,"Meubles, articles de ménage et entretien courant",51,88.72,0.6009751672525265,1.7664601972929406,88.24000000000001
2021-05-01,Thiès,Centre-Ouest,D05,"Meubles, articles de ménage et entretien courant",51,89.27,0.6199278629395844,1.5354868061874472,88.72666666666667
2021-06-01,Thiès,Centre-Ouest,D05,"Meubles, articles de ménage et entretien courant",51,89.75,0.5376946342556366,1.515665648682285,89.24666666666667
2021-07-01,Thiès,Centre-Ouest,D05,"Meubles, articles de ménage et entretien courant",51,89.78,0.03342618384400975,1.826017919927403,89.60000000000001
2021-08-01,Thiès,Centre-Ouest,D05,"Meubles, articles de ménage et entretien courant",51,89.75,-0.03341501447984285,1.6997167138810276,89.76
2021-09-01,Thiès,Centre-Ouest,D05,"Meubles, articles de ménage et entretien courant",51,89.67,-0.08913649025069637,1.886149301215756,89.73333333333335
2021-10-01,Thiès,Centre-Ouest,D05,"Meubles, articles de ménage et entretien courant",51,89.18,-0.5464480874316835,1.803652968036551,89.53333333333335
2021-11-01,Thiès,Centre-Ouest,D05,"Meubles, articles de ménage et entretien courant",51,89.28,0.11213276519397297,2.549965541006194,89.37666666666667
2021-12-01,Thiès,Centre-Ouest,D05,"Meubles, articles de ménage et entretien courant",51,89.09,-0.21281362007168347,2.3787635026430776,89.18333333333334
2022-01-01,Thiès,Centre-Ouest,D05,"Meubles, articles de ménage et entretien courant",51,90.64,1.73981367156808,3.61225422953817,89.67
2022-02-01,Thiès,Centre-Ouest,D05,"Meubles, articles de ménage et entretien courant",51,91.82,1.3018534863195041,4.566678054891238,90.51666666666667
2022-03-01,Thiès,Centre-Ouest,D05,"Meubles, articles de ménage et entretien courant",51,92.62,0.8712698758440496,5.023245265903165,91.69333333333333
2022-04-01,Thiès,Centre-Ouest,D05,"Meubles, articles de ménage et entretien courant",51,93.91,1.3927877348304918,5.849864743011723,92.78333333333335
2022-05-01,Thiès,Centre-Ouest,D05,"Meubles, articles de ménage et entretien courant",51,95.51,1.7037589181130963,6.990030245323187,94.01333333333334
2022-06-01,Thiès,Centre-Ouest,D05,"Meubles, articles de ménage et entretien courant",51,96.55,1.0888912155795127,7.57660167130918,95.32333333333334
2022-07-01,Thiès,Centre-Ouest,D05,"Meubles, articles de ménage et entretien courant",51,97.3,0.7767995857068888,8.37603029627978,96.45333333333333
2022-08-01,Thiès,Centre-Ouest,D05,"Meubles, articles de ménage et entretien courant",51,97.79,0.5035971223021685,8.95821727019499,97.21333333333332
2022-09-01,Thiès,Centre-Ouest,D05,"Meubles, articles de ménage et entretien courant",51,98.39,0.6135596686777767,9.724545555927278,97.82666666666667
2022-10-01,Thiès,Centre-Ouest,D05,"Meubles, articles de ménage et entretien courant",51,98.76,0.37605447708100037,10.742318905584213,98.31333333333333
2022-11-01,Thiès,Centre-Ouest,D05,"Meubles, articles de ménage et entretien courant",51,98.96,0.20251113811258215,10.842293906810019,98.70333333333333
2022-12-01,Thiès,Centre-Ouest,D05,"Meubles, articles de ménage et entretien courant",51,97.42,-1.5561843168957035,9.350095409136827,98.38
2023-01-01,Thiès,Centre-Ouest,D05,"Meubles, articles de ménage et entretien courant",51,97.05,-0.379798809279408,7.071932921447477,97.81
2023-02-01,Thiès,Centre-Ouest,D05,"Meubles, articles de ménage et entretien courant",51,98.02,0.9994848016486424,6.75234153779134,97.49666666666667
2023-03-01,Thiès,Centre-Ouest,D05,"Meubles, articles de ménage et entretien courant",51,98.77,0.7651499693940078,6.640034549773266,97.94666666666666
2023-04-01,Thiès,Centre-Ouest,D05,"Meubles, articles de ménage et entretien courant",51,99.45,0.6884681583476882,5.899265253966579,98.74666666666667
2023-05-01,Thiès,Centre-Ouest,D05,"Meubles, articles de ménage et entretien courant",51,100.01,0.563097033685267,4.711548528949838,99.41000000000001
2023-06-01,Thiès,Centre-Ouest,D05,"Meubles, articles de ménage et entretien courant",51,100.88,0.8699130086991191,4.484722941481101,100.11333333333334
2023-07-01,Thiès,Centre-Ouest,D05,"Meubles, articles de ménage et entretien courant",51,101.17,0.2874702616970648,3.9773895169578743,100.68666666666667
2023-08-01,Thiès,Centre-Ouest,D05,"Meubles, articles de ménage et entretien courant",51,101.37,0.1976870613818349,3.660906023110755,101.14
2023-09-01,Thiès,Centre-Ouest,D05,"Meubles, articles de ménage et entretien courant",51,101.16,-0.20716188221368004,2.815326760849679,101.23333333333333
2023-10-01,Thiès,Centre-Ouest,D05,"Meubles, articles de ménage et entretien courant",51,101.37,0.20759193357058336,2.6427703523693724,101.3
2023-11-01,Thiès,Centre-Ouest,D05,"Meubles, articles de ménage et entretien courant",51,101.55,0.17756732761171623,2.6172190784155225,101.36
2023-12-01,Thiès,Centre-Ouest,D05,"Meubles, articles de ménage et entretien courant",51,99.74,-1.7823732151649452,2.3814411825087145,100.88666666666667
2024-01-01,Thiès,Centre-Ouest,D05,"Meubles, articles de ménage et entretien courant",51,98.92,-0.8221375576498824,1.926841834106141,100.07000000000001
2024-02-01,Thiès,Centre-Ouest,D05,"Meubles, articles de ménage et entretien courant",51,99.42,0.5054589567327072,1.4282799428688042,99.36
2024-03-01,Thiès,Centre-Ouest,D05,"Meubles, articles de ménage et entretien courant",51,99.86,0.44256688795010213,1.1035739597043737,99.39999999999999
2024-04-01,Thiès,Centre-Ouest,D05,"Meubles, articles de ménage et entretien courant",51,100.27,0.41057480472661556,0.8245349421819981,99.85000000000001
2024-05-01,Thiès,Centre-Ouest,D05,"Meubles, articles de ménage et entretien courant",51,100.8,0.5285728532961054,0.789921007899208,100.30999999999999
2024-06-01,Thiès,Centre-Ouest,D05,"Meubles, articles de ménage et entretien courant",51,101.12,0.31746031746031633,0.23790642347343294,100.73
2024-07-01,Thiès,Centre-Ouest,D05,"Meubles, articles de ménage et entretien courant",51,101.6,0.4746835443037778,0.42502718197092726,101.17333333333333
2024-08-01,Thiès,Centre-Ouest,D05,"Meubles, articles de ménage et entretien courant",51,101.29,-0.30511811023621327,-0.07891881227187758,101.33666666666666
2024-09-01,Thiès,Centre-Ouest,D05,"Meubles, articles de ménage et entretien courant",51,101.46,0.16783492941059297,0.29655990510082386,101.45
2024-10-01,Thiès,Centre-Ouest,D05,"Meubles, articles de ménage et entretien courant",51,101.68,0.2168342203824336,0.3058103975535298,101.47666666666667
2024-11-01,Thiès,Centre-Ouest,D05,"Meubles, articles de ménage et entretien courant",51,101.93,0.24586939417781117,0.37419990152636196,101.69
2024-12-01,Thiès,Centre-Ouest,D05,"Meubles, articles de ménage et entretien courant",51,99.94,-1.952320219758663,0.20052135552437456,101.18333333333334
2025-01-01,Thiès,Centre-Ouest,D05,"Meubles, articles de ménage et entretien courant",51,99.65,-0.29017410446267045,0.7379700768297637,100.50666666666666
2025-02-01,Thiès,Centre-Ouest,D05,"Meubles, articles de ménage et entretien courant",51,99.98,0.33115905669844903,0.563266948300134,99.85666666666667
2025-03-01,Thiès,Centre-Ouest,D05,"Meubles, articles de ménage et entretien courant",51,100.87,0.8901780356071143,1.01141598237533,100.16666666666667
2025-04-01,Thiès,Centre-Ouest,D05,"Meubles, articles de ménage et entretien courant",51,101.34,0.46594626747298307,1.0671187792959058,100.73
2025-05-01,Thiès,Centre-Ouest,D05,"Meubles, articles de ménage et entretien courant",51,102.13,0.7795539767120552,1.3194444444444509,101.44666666666666
2025-06-01,Thiès,Centre-Ouest,D05,"Meubles, articles de ménage et entretien courant",51,102.85,0.7049838441202327,1.7108386075949333,102.10666666666667
2025-07-01,Thiès,Centre-Ouest,D05,"Meubles, articles de ménage et entretien courant",51,103.0,0.1458434613514914,1.3779527559055094,102.66000000000001
2025-08-01,Thiès,Centre-Ouest,D05,"Meubles, articles de ménage et entretien courant",51,103.32,0.3106796116504773,2.004146510020721,103.05666666666667
2025-09-01,Thiès,Centre-Ouest,D05,"Meubles, articles de ménage et entretien courant",51,103.49,0.16453735965931138,2.0007884880741234,103.26999999999998
2025-10-01,Thiès,Centre-Ouest,D05,"Meubles, articles de ménage et entretien courant",51,103.86,0.35752246593874215,2.143981117230509,103.55666666666666
2025-11-01,Thiès,Centre-Ouest,D05,"Meubles, articles de ménage et entretien courant",51,104.0,0.13479684190256247,2.0308054547238275,103.78333333333332
2025-12-01,Thiès,Centre-Ouest,D05,"Meubles, articles de ménage et entretien courant",51,102.21,-1.7211538461538556,2.271362817690603,103.35666666666667
2026-01-01,Thiès,Centre-Ouest,D05,"Meubles, articles de ménage et entretien courant",51,100.13,-2.035025927013012,0.48168590065227335,102.11333333333333
2026-02-01,Thiès,Centre-Ouest,D05,"Meubles, articles de ménage et entretien courant",51,101.08,0.9487666034155628,1.100220044008804,101.13999999999999
2026-03-01,Thiès,Centre-Ouest,D05,"Meubles, articles de ménage et entretien courant",51,102.0,0.9101701622477254,1.1202537920095068,101.07
2026-04-01,Thiès,Centre-Ouest,D05,"Meubles, articles de ménage et entretien courant",51,102.23,0.22549019607842613,0.8782316952832048,101.77
2026-05-01,Thiès,Centre-Ouest,D05,"Meubles, articles de ménage et entretien courant",51,103.08,0.8314584759855137,0.9301870165475457,102.43666666666667
2018-01-01,Dakar,Ouest,D06,Santé,42,88.74,,,88.74
2018-02-01,Dakar,Ouest,D06,Santé,42,89.08,0.3831417624521105,,88.91
2018-03-01,Dakar,Ouest,D06,Santé,42,88.94,-0.15716210148181142,,88.92
2018-04-01,Dakar,Ouest,D06,Santé,42,89.37,0.48347200359792897,,89.13
2018-05-01,Dakar,Ouest,D06,Santé,42,89.16,-0.23497818059752262,,89.15666666666668
2018-06-01,Dakar,Ouest,D06,Santé,42,89.5,0.38133692238673245,,89.34333333333332
2018-07-01,Dakar,Ouest,D06,Santé,42,89.49,-0.011173184357549104,,89.38333333333333
2018-08-01,Dakar,Ouest,D06,Santé,42,89.29,-0.22348865795059902,,89.42666666666666
2018-09-01,Dakar,Ouest,D06,Santé,42,89.3,0.01119946242580383,,89.36
2018-10-01,Dakar,Ouest,D06,Santé,42,89.26,-0.04479283314668958,,89.28333333333335
2018-11-01,Dakar,Ouest,D06,Santé,42,88.89,-0.4145193815819015,,89.14999999999999
2018-12-01,Dakar,Ouest,D06,Santé,42,88.6,-0.3262459219259828,,88.91666666666667
2019-01-01,Dakar,Ouest,D06,Santé,42,89.18,0.6546275395034051,0.4958305161145038,88.89
2019-02-01,Dakar,Ouest,D06,Santé,42,89.13,-0.05606638259700869,0.05612932195779852,88.97000000000001
2019-03-01,Dakar,Ouest,D06,Santé,42,89.36,0.258050039268487,0.47222846863053114,89.22333333333331
2019-04-01,Dakar,Ouest,D06,Santé,42,89.59,0.2573858549686614,0.24616761776883322,89.36
2019-05-01,Dakar,Ouest,D06,Santé,42,89.57,-0.02232392008038042,0.4598474652310447,89.50666666666666
2019-06-01,Dakar,Ouest,D06,Santé,42,89.72,0.16746678575416674,0.24581005586592486,89.62666666666667
2019-07-01,Dakar,Ouest,D06,Santé,42,90.05,0.3678109674543073,0.6257682422617039,89.77999999999999
2019-08-01,Dakar,Ouest,D06,Santé,42,89.86,-0.2109938922820631,0.6383693582707961,89.87666666666667
2019-09-01,Dakar,Ouest,D06,Santé,42,89.45,-0.4562653015802276,0.1679731243001248,89.78666666666668
2019-10-01,Dakar,Ouest,D06,Santé,42,89.72,0.30184460592508344,0.5153484203450631,89.67666666666666
2019-11-01,Dakar,Ouest,D06,Santé,42,89.47,-0.2786446723138658,0.6524918438519434,89.54666666666667
2019-12-01,Dakar,Ouest,D06,Santé,42,89.22,-0.2794232703699606,0.6997742663656936,89.47000000000001
2020-01-01,Dakar,Ouest,D06,Santé,42,89.78,0.6276619592019861,0.6727965911639266,89.49
2020-02-01,Dakar,Ouest,D06,Santé,42,90.28,0.5569169079973291,1.290250196342435,89.76
2020-03-01,Dakar,Ouest,D06,Santé,42,90.51,0.2547629596809875,1.2869292748433292,90.19
2020-04-01,Dakar,Ouest,D06,Santé,42,91.12,0.6739586785990515,1.7077798861480087,90.63666666666667
2020-05-01,Dakar,Ouest,D06,Santé,42,91.19,0.07682177348551367,1.8086412861449297,90.94
2020-06-01,Dakar,Ouest,D06,Santé,42,91.46,0.2960850970501028,1.9393669193044971,91.25666666666666
2020-07-01,Dakar,Ouest,D06,Santé,42,91.46,0.0,1.565796779566897,91.37
2020-08-01,Dakar,Ouest,D06,Santé,42,91.5,0.043734966105413164,1.8250612063209548,91.47333333333331
2020-09-01,Dakar,Ouest,D06,Santé,42,91.3,-0.21857923497268228,2.0681945220793585,91.42
2020-10-01,Dakar,Ouest,D06,Santé,42,91.16,-0.15334063526835084,1.6049933125278582,91.32
2020-11-01,Dakar,Ouest,D06,Santé,42,90.69,-0.5155770074594113,1.3635855594053892,91.05
2020-12-01,Dakar,Ouest,D06,Santé,42,90.54,-0.16539861065165695,1.479488903833226,90.79666666666667
2021-01-01,Dakar,Ouest,D06,Santé,42,90.88,0.3755246299977699,1.2252171975941195,90.70333333333333
2021-02-01,Dakar,Ouest,D06,Santé,42,91.27,0.42913732394367354,1.09658839167035,90.89666666666666
2021-03-01,Dakar,Ouest,D06,Santé,42,91.67,0.43826010737373355,1.2816263396309813,91.27333333333333
2021-04-01,Dakar,Ouest,D06,Santé,42,91.75,0.08726955383440149,0.691395961369623,91.56333333333333
2021-05-01,Dakar,Ouest,D06,Santé,42,92.1,0.3814713896457711,0.997916438205948,91.83999999999999
2021-06-01,Dakar,Ouest,D06,Santé,42,92.5,0.43431053203040193,1.1371091187404314,92.11666666666667
2021-07-01,Dakar,Ouest,D06,Santé,42,92.51,0.010810810810824023,1.1480428602667958,92.37
2021-08-01,Dakar,Ouest,D06,Santé,42,92.67,0.17295427521348827,1.2786885245901658,92.56
2021-09-01,Dakar,Ouest,D06,Santé,42,92.13,-0.582712852055689,0.9090909090909038,92.43666666666667
2021-10-01,Dakar,Ouest,D06,Santé,42,92.19,0.06512536633018762,1.1298815269855211,92.33
2021-11-01,Dakar,Ouest,D06,Santé,42,92.07,-0.13016596160104754,1.5216672179953594,92.13
2021-12-01,Dakar,Ouest,D06,Santé,42,91.78,-0.3149777343325666,1.369560415286064,92.01333333333332
2022-01-01,Dakar,Ouest,D06,Santé,42,93.1,1.438221834822384,2.4427816901408494,92.31666666666666
2022-02-01,Dakar,Ouest,D06,Santé,42,93.88,0.837808807733631,2.8596472006135576,92.92
2022-03-01,Dakar,Ouest,D06,Santé,42,94.84,1.022582019599505,3.4580560706883423,93.94
2022-04-01,Dakar,Ouest,D06,Santé,42,95.94,1.1598481653310788,4.566757493188001,94.88666666666666
2022-05-01,Dakar,Ouest,D06,Santé,42,96.66,0.7504690431519689,4.9511400651465864,95.81333333333333
2022-06-01,Dakar,Ouest,D06,Santé,42,97.31,0.6724601696668886,5.200000000000005,96.63666666666666
2022-07-01,Dakar,Ouest,D06,Santé,42,97.98,0.6885212208406211,5.9128742838612025,97.31666666666666
2022-08-01,Dakar,Ouest,D06,Santé,42,98.58,0.6123698714023185,6.377468436387179,97.95666666666666
2022-09-01,Dakar,Ouest,D06,Santé,42,98.62,0.0405761817813044,7.044393791381753,98.39333333333333
2022-10-01,Dakar,Ouest,D06,Santé,42,98.9,0.28391806935712527,7.278446686191575,98.7
2022-11-01,Dakar,Ouest,D06,Santé,42,99.34,0.44489383215369216,7.8961659606821,98.95333333333333
2022-12-01,Dakar,Ouest,D06,Santé,42,98.2,-1.1475739883229363,6.994988014818038,98.81333333333333
2023-01-01,Dakar,Ouest,D06,Santé,42,98.24,0.04073319755599769,5.520945220193352,98.59333333333332
2023-02-01,Dakar,Ouest,D06,Santé,42,98.53,0.2951954397394152,4.953131657435028,98.32333333333334
2023-03-01,Dakar,Ouest,D06,Santé,42,99.1,0.578504008931291,4.491775622100369,98.62333333333333
2023-04-01,Dakar,Ouest,D06,Santé,42,99.37,0.272452068617568,3.575151136126764,99.0
2023-05-01,Dakar,Ouest,D06,Santé,42,100.06,0.694374559726274,3.5174839644113387,99.50999999999999
2023-06-01,Dakar,Ouest,D06,Santé,42,100.47,0.4097541475114985,3.2473538176960304,99.96666666666665
2023-07-01,Dakar,Ouest,D06,Santé,42,100.5,0.029859659599873467,2.571953459889764,100.34333333333332
2023-08-01,Dakar,Ouest,D06,Santé,42,100.53,0.029850746268667017,1.978088861838101,100.5
2023-09-01,Dakar,Ouest,D06,Santé,42,101.01,0.4774694121157941,2.4234435205840565,100.68
2023-10-01,Dakar,Ouest,D06,Santé,42,100.97,-0.03960003960004066,2.0930232558139528,100.83666666666666
2023-11-01,Dakar,Ouest,D06,Santé,42,100.93,-0.03961572744378694,1.600563720555681,100.97000000000001
2023-12-01,Dakar,Ouest,D06,Santé,42,99.85,-1.0700485484989697,1.6802443991853266,100.58333333333333
2024-01-01,Dakar,Ouest,D06,Santé,42,99.56,-0.2904356534802144,1.3436482084690615,100.11333333333333
2024-02-01,Dakar,Ouest,D06,Santé,42,99.23,-0.3314584170349466,0.7104435197401893,99.54666666666667
2024-03-01,Dakar,Ouest,D06,Santé,42,99.62,0.39302630252948667,0.524722502522712,99.47000000000001
2024-04-01,Dakar,Ouest,D06,Santé,42,100.03,0.41156394298333954,0.6641843614773046,99.62666666666667
2024-05-01,Dakar,Ouest,D06,Santé,42,100.73,0.6997900629811094,0.6695982410553691,100.12666666666667
2024-06-01,Dakar,Ouest,D06,Santé,42,100.885,0.1538767000893504,0.4130586244650125,100.54833333333333
2024-07-01,Dakar,Ouest,D06,Santé,42,101.04,0.1536402834910966,0.5373134328358287,100.885
2024-08-01,Dakar,Ouest,D06,Santé,42,100.81,-0.22763262074426693,0.27852382373421136,100.91166666666668
2024-09-01,Dakar,Ouest,D06,Santé,42,100.92,0.10911615911119998,-0.08910008910009148,100.92333333333333
2024-10-01,Dakar,Ouest,D06,Santé,42,101.29,0.3666270313119391,0.31692581955036214,101.00666666666666
2024-11-01,Dakar,Ouest,D06,Santé,42,101.35,0.05923585743903281,0.41612999108291415,101.18666666666667
2024-12-01,Dakar,Ouest,D06,Santé,42,100.26,-1.0754810064134035,0.41061592388584867,100.96666666666665
2025-01-01,Dakar,Ouest,D06,Santé,42,99.91,-0.34909235986435583,0.35154680594615684,100.50666666666666
2025-02-01,Dakar,Ouest,D06,Santé,42,100.28,0.37033329996998265,1.0581477375793513,100.15000000000002
2025-03-01,Dakar,Ouest,D06,Santé,42,100.65,0.3689668927004508,1.0339289299337473,100.28000000000002
2025-04-01,Dakar,Ouest,D06,Santé,42,101.18,0.5265772478887154,1.1496551034689606,100.70333333333333
2025-05-01,Dakar,Ouest,D06,Santé,42,101.64,0.4546353034196482,0.9034051424600342,101.15666666666668
2025-06-01,Dakar,Ouest,D06,Santé,42,101.65,0.00983864620229813,0.7582891411012538,101.49000000000001
2025-07-01,Dakar,Ouest,D06,Santé,42,101.8,0.14756517461878005,0.75217735550277,101.69666666666667
2025-08-01,Dakar,Ouest,D06,Santé,42,102.45,0.6385068762279067,1.6268227358396947,101.96666666666668
2025-09-01,Dakar,Ouest,D06,Santé,42,102.68,0.22449975597853555,1.743955608402703,102.31
2025-10-01,Dakar,Ouest,D06,Santé,42,102.54,-0.13634592910011234,1.2340803633132502,102.55666666666667
2025-11-01,Dakar,Ouest,D06,Santé,42,102.56,0.019504583577134582,1.1938825851011359,102.59333333333335
2025-12-01,Dakar,Ouest,D06,Santé,42,101.72,-0.8190327613104564,1.4562138440055827,102.27333333333335
2026-01-01,Dakar,Ouest,D06,Santé,42,100.29,-1.4058198977585423,0.3803423080772861,101.52333333333333
2026-02-01,Dakar,Ouest,D06,Santé,42,100.96,0.6680626184066174,0.6781013163143168,100.99000000000001
2026-03-01,Dakar,Ouest,D06,Santé,42,101.47,0.5051505546751267,0.8147044212617915,100.90666666666668
2026-04-01,Dakar,Ouest,D06,Santé,42,101.66,0.1872474623041187,0.47440205574222905,101.36333333333333
2026-05-01,Dakar,Ouest,D06,Santé,42,101.94,0.27542789691128444,0.2951593860684776,101.69
2018-01-01,Diourbel,Centre,D06,Santé,42,87.84,,,87.84
2018-02-01,Diourbel,Centre,D06,Santé,42,87.57,-0.30737704918033515,,87.705
2018-03-01,Diourbel,Centre,D06,Santé,42,87.72,0.17129153819801513,,87.71
2018-04-01,Diourbel,Centre,D06,Santé,42,87.98,0.29639762881896736,,87.75666666666666
2018-05-01,Diourbel,Centre,D06,Santé,42,88.24,0.29552170947941825,,87.98
2018-06-01,Diourbel,Centre,D06,Santé,42,88.25,0.011332728921131796,,88.15666666666668
2018-07-01,Diourbel,Centre,D06,Santé,42,88.13,-0.1359773371104822,,88.20666666666666
2018-08-01,Diourbel,Centre,D06,Santé,42,88.17,0.045387495744919626,,88.18333333333334
2018-09-01,Diourbel,Centre,D06,Santé,42,88.32,0.17012589316092175,,88.20666666666666
2018-10-01,Diourbel,Centre,D06,Santé,42,87.97,-0.39628623188404655,,88.15333333333332
2018-11-01,Diourbel,Centre,D06,Santé,42,87.83,-0.15914516312379723,,88.04
2018-12-01,Diourbel,Centre,D06,Santé,42,87.61,-0.2504838893316652,,87.80333333333333
2019-01-01,Diourbel,Centre,D06,Santé,42,87.96,0.3994977742266759,0.136612021857907,87.8
2019-02-01,Diourbel,Centre,D06,Santé,42,88.34,0.43201455206913764,0.8792965627498095,87.96999999999998
2019-03-01,Diourbel,Centre,D06,Santé,42,88.27,-0.07923930269414514,0.6269949840401301,88.19
2019-04-01,Diourbel,Centre,D06,Santé,42,88.45,0.2039197915486568,0.5342123209820304,88.35333333333334
2019-05-01,Diourbel,Centre,D06,Santé,42,88.87,0.47484454494064465,0.7139619220308369,88.53000000000002
2019-06-01,Diourbel,Centre,D06,Santé,42,88.78,-0.10127152019804297,0.6005665722379705,88.7
2019-07-01,Diourbel,Centre,D06,Santé,42,88.85,0.07884658706915904,0.8169749234085977,88.83333333333333
2019-08-01,Diourbel,Centre,D06,Santé,42,88.87,0.022509848058538395,0.7939208347510496,88.83333333333333
2019-09-01,Diourbel,Centre,D06,Santé,42,88.72,-0.1687858669967457,0.45289855072463414,88.81333333333333
2019-10-01,Diourbel,Centre,D06,Santé,42,88.55,-0.19161406672678627,0.6593156757985552,88.71333333333332
2019-11-01,Diourbel,Centre,D06,Santé,42,88.6,0.05646527385656519,0.8766936126608282,88.62333333333333
2019-12-01,Diourbel,Centre,D06,Santé,42,88.23,-0.41760722347629065,0.7076817714872785,88.46
2020-01-01,Diourbel,Centre,D06,Santé,42,88.59,0.4080244814688827,0.7162346521146112,88.47333333333331
2020-02-01,Diourbel,Centre,D06,Santé,42,89.18,0.6659893893216084,0.9508716323296307,88.66666666666667
2020-03-01,Diourbel,Centre,D06,Santé,42,89.46,0.31397174254315097,1.3481363996827866,89.07666666666667
2020-04-01,Diourbel,Centre,D06,Santé,42,89.84,0.4247708473060774,1.5715093273035663,89.49333333333334
2020-05-01,Diourbel,Centre,D06,Santé,42,90.23,0.4341050756901055,1.5303251941037432,89.84333333333332
2020-06-01,Diourbel,Centre,D06,Santé,42,90.5,0.29923528759836504,1.9373732822707712,90.19000000000001
2020-07-01,Diourbel,Centre,D06,Santé,42,90.58,0.08839779005525017,1.947101857062461,90.43666666666667
2020-08-01,Diourbel,Centre,D06,Santé,42,90.57,-0.011039964672121538,1.9129064926296735,90.55
2020-09-01,Diourbel,Centre,D06,Santé,42,90.21,-0.397482610135802,1.6794409377817843,90.45333333333333
2020-10-01,Diourbel,Centre,D06,Santé,42,89.91,-0.33255736614565823,1.5358554488989373,90.23
2020-11-01,Diourbel,Centre,D06,Santé,42,90.2,0.32254476698920787,1.8058690744921169,90.10666666666667
2020-12-01,Diourbel,Centre,D06,Santé,42,89.51,-0.7649667405764893,1.4507537118893854,89.87333333333333
2021-01-01,Diourbel,Centre,D06,Santé,42,90.01,0.5585968048262835,1.6028897166723066,89.90666666666668
2021-02-01,Diourbel,Centre,D06,Santé,42,90.03,0.022219753360741556,0.9531285041489035,89.85000000000001
2021-03-01,Diourbel,Centre,D06,Santé,42,90.58,0.6109074752860044,1.2519561815336422,90.20666666666666
2021-04-01,Diourbel,Centre,D06,Santé,42,90.83,0.2759991168028275,1.10195903829029,90.48
2021-05-01,Diourbel,Centre,D06,Santé,42,91.28,0.49543102499174374,1.1636927851047307,90.89666666666666
2021-06-01,Diourbel,Centre,D06,Santé,42,91.8,0.5696757230499561,1.436464088397793,91.30333333333333
2021-07-01,Diourbel,Centre,D06,Santé,42,91.82,0.02178649237472019,1.368955619342005,91.63333333333333
2021-08-01,Diourbel,Centre,D06,Santé,42,91.83,0.01089087344805506,1.3911891354753347,91.81666666666666
2021-09-01,Diourbel,Centre,D06,Santé,42,91.41,-0.45736687357073036,1.330229464582633,91.68666666666667
2021-10-01,Diourbel,Centre,D06,Santé,42,91.75,0.37195055245597963,2.04649093537983,91.66333333333334
2021-11-01,Diourbel,Centre,D06,Santé,42,91.19,-0.6103542234332404,1.097560975609757,91.45
2021-12-01,Diourbel,Centre,D06,Santé,42,91.48,0.3180173264612396,2.200871411015526,91.47333333333331
2022-01-01,Diourbel,Centre,D06,Santé,42,92.67,1.3008307826847476,2.9552271969781163,91.77999999999999
2022-02-01,Diourbel,Centre,D06,Santé,42,93.46,0.8524873205999706,3.8098411640564267,92.53666666666668
2022-03-01,Diourbel,Centre,D06,Santé,42,94.21,0.8024823453884,4.007507175977021,93.44666666666666
2022-04-01,Diourbel,Centre,D06,Santé,42,95.36,1.2206772104872199,4.987338984916878,94.34333333333332
2022-05-01,Diourbel,Centre,D06,Santé,42,96.28,0.9647651006711389,5.477651183172649,95.28333333333335
2022-06-01,Diourbel,Centre,D06,Santé,42,97.2,0.9555463232239214,5.882352941176472,96.28000000000002
2022-07-01,Diourbel,Centre,D06,Santé,42,97.74,0.5555555555555536,6.447397081245909,97.07333333333334
2022-08-01,Diourbel,Centre,D06,Santé,42,97.96,0.22508696541845286,6.6753784166394325,97.63333333333333
2022-09-01,Diourbel,Centre,D06,Santé,42,98.8,0.8574928542262272,8.084454654851768,98.16666666666667
2022-10-01,Diourbel,Centre,D06,Santé,42,98.92,0.12145748987855143,7.814713896457759,98.56
2022-11-01,Diourbel,Centre,D06,Santé,42,99.11,0.19207440355843985,8.685162846803385,98.94333333333334
2022-12-01,Diourbel,Centre,D06,Santé,42,97.97,-1.1502371102815045,7.094446873633564,98.66666666666667
2023-01-01,Diourbel,Centre,D06,Santé,42,98.0,0.030621618862913813,5.751591669364409,98.36
2023-02-01,Diourbel,Centre,D06,Santé,42,98.24,0.2448979591836764,5.114487481275409,98.07
2023-03-01,Diourbel,Centre,D06,Santé,42,98.56,0.32573289902280145,4.617344230973375,98.26666666666667
2023-04-01,Diourbel,Centre,D06,Santé,42,99.53,0.9841720779220742,4.372902684563762,98.77666666666666
2023-05-01,Diourbel,Centre,D06,Santé,42,100.15,0.6229277604742345,4.019526381387628,99.41333333333334
2023-06-01,Diourbel,Centre,D06,Santé,42,100.52,0.36944583125311237,3.415637860082299,100.06666666666666
2023-07-01,Diourbel,Centre,D06,Santé,42,100.58,0.05968961400717454,2.905668099038272,100.41666666666667
2023-08-01,Diourbel,Centre,D06,Santé,42,100.87,0.2883276993438155,2.9706002449979785,100.65666666666665
2023-09-01,Diourbel,Centre,D06,Santé,42,100.78,-0.08922375334589061,2.0040485829959653,100.74333333333334
2023-10-01,Diourbel,Centre,D06,Santé,42,100.97,0.18852947013296983,2.072381722604111,100.87333333333333
2023-11-01,Diourbel,Centre,D06,Santé,42,101.08,0.10894325047043907,1.987690444960144,100.94333333333334
2023-12-01,Diourbel,Centre,D06,Santé,42,99.98,-1.0882469331222722,2.0516484638154697,100.67666666666666
2024-01-01,Diourbel,Centre,D06,Santé,42,99.27,-0.7101420284056914,1.2959183673469266,100.11000000000001
2024-02-01,Diourbel,Centre,D06,Santé,42,99.46,0.19139719955676426,1.2418566775244333,99.57
2024-03-01,Diourbel,Centre,D06,Santé,42,100.12,0.6635833500904909,1.5827922077922052,99.61666666666666
2024-04-01,Diourbel,Centre,D06,Santé,42,100.23,0.10986815821014684,0.7033055360192941,99.93666666666667
2024-05-01,Diourbel,Centre,D06,Santé,42,100.61,0.3791280055871482,0.4593110334498274,100.32000000000001
2024-06-01,Diourbel,Centre,D06,Santé,42,100.79,0.1789086571911458,0.268603263032241,100.54333333333334
2024-07-01,Diourbel,Centre,D06,Santé,42,100.77000000000001,-0.019843238416505926,0.1889043547425029,100.72333333333334
2024-08-01,Diourbel,Centre,D06,Santé,42,100.75,-0.0198471767391184,-0.11896500446119118,100.77
2024-09-01,Diourbel,Centre,D06,Santé,42,101.35,0.5955334987592931,0.5655884103988873,100.95666666666666
2024-10-01,Diourbel,Centre,D06,Santé,42,101.42,0.06906758756783926,0.44567693374268913,101.17333333333333
2024-11-01,Diourbel,Centre,D06,Santé,42,101.45,0.029579964504033995,0.36604669568658377,101.40666666666668
2024-12-01,Diourbel,Centre,D06,Santé,42,100.17,-1.2617052735337642,0.1900380076015118,101.01333333333334
2025-01-01,Diourbel,Centre,D06,Santé,42,100.04,-0.1297793750623888,0.7756623350458458,100.55333333333333
2025-02-01,Diourbel,Centre,D06,Santé,42,100.02,-0.019992003198732178,0.5630404182586091,100.07666666666667
2025-03-01,Diourbel,Centre,D06,Santé,42,100.6,0.5798840231953539,0.4794246903715438,100.21999999999998
2025-04-01,Diourbel,Centre,D06,Santé,42,101.0,0.3976143141153132,0.7682330639529056,100.54
2025-05-01,Diourbel,Centre,D06,Santé,42,101.95,0.9405940594059414,1.331875559089557,101.18333333333334
2025-06-01,Diourbel,Centre,D06,Santé,42,102.23,0.27464443354585644,1.4287131659886931,101.72666666666667
2025-07-01,Diourbel,Centre,D06,Santé,42,102.04,-0.1858554240438237,1.2602957229334022,102.07333333333334
2025-08-01,Diourbel,Centre,D06,Santé,42,102.31,0.2646021168169366,1.5483870967742064,102.19333333333334
2025-09-01,Diourbel,Centre,D06,Santé,42,102.74,0.4202912716254392,1.3714849531327067,102.36333333333333
2025-10-01,Diourbel,Centre,D06,Santé,42,102.9,0.1557329180455591,1.4592782488661138,102.64999999999999
2025-11-01,Diourbel,Centre,D06,Santé,42,102.94,0.03887269193389997,1.468703794972881,102.86
2025-12-01,Diourbel,Centre,D06,Santé,42,102.18,-0.738294151933161,2.006588799041631,102.67333333333333
2026-01-01,Diourbel,Centre,D06,Santé,42,100.22,-1.91818359757292,0.17992802878847858,101.78000000000002
2026-02-01,Diourbel,Centre,D06,Santé,42,100.83,0.6086609459189818,0.8098380323935173,101.07666666666667
2026-03-01,Diourbel,Centre,D06,Santé,42,101.43,0.5950609937518614,0.8250497017892711,100.82666666666667
2026-04-01,Diourbel,Centre,D06,Santé,42,102.01,0.5718229320713863,1.0000000000000009,101.42333333333333
2026-05-01,Diourbel,Centre,D06,Santé,42,102.24,0.2254680913635898,0.28445316331533466,101.89333333333333
2018-01-01,Kaolack,Centre-Sud,D06,Santé,42,87.81,,,87.81
2018-02-01,Kaolack,Centre-Sud,D06,Santé,42,87.88,0.07971757203051322,,87.845
2018-03-01,Kaolack,Centre-Sud,D06,Santé,42,87.82,-0.0682749203459343,,87.83666666666666
2018-04-01,Kaolack,Centre-Sud,D06,Santé,42,88.05,0.26189933955820255,,87.91666666666667
2018-05-01,Kaolack,Centre-Sud,D06,Santé,42,88.0,-0.05678591709256109,,87.95666666666666
2018-06-01,Kaolack,Centre-Sud,D06,Santé,42,88.28,0.31818181818181746,,88.11
2018-07-01,Kaolack,Centre-Sud,D06,Santé,42,88.35,0.07929315813319793,,88.21
2018-08-01,Kaolack,Centre-Sud,D06,Santé,42,88.41,0.06791171477080749,,88.34666666666665
2018-09-01,Kaolack,Centre-Sud,D06,Santé,42,88.13,-0.31670625494854,,88.29666666666667
2018-10-01,Kaolack,Centre-Sud,D06,Santé,42,88.0,-0.14750936117099434,,88.17999999999999
2018-11-01,Kaolack,Centre-Sud,D06,Santé,42,87.73,-0.3068181818181803,,87.95333333333333
2018-12-01,Kaolack,Centre-Sud,D06,Santé,42,87.79,0.06839165621794763,,87.84000000000002
2019-01-01,Kaolack,Centre-Sud,D06,Santé,42,88.04,0.2847704749971536,0.2619291652431466,87.85333333333335
2019-02-01,Kaolack,Centre-Sud,D06,Santé,42,88.29,0.28396183552930054,0.46654528903051773,88.04
2019-03-01,Kaolack,Centre-Sud,D06,Santé,42,88.4,0.1245894212255072,0.6604418127989176,88.24333333333334
2019-04-01,Kaolack,Centre-Sud,D06,Santé,42,88.42,0.02262443438914019,0.4202157864849676,88.37
2019-05-01,Kaolack,Centre-Sud,D06,Santé,42,88.75,0.3732187287943889,0.8522727272727293,88.52333333333333
2019-06-01,Kaolack,Centre-Sud,D06,Santé,42,88.93,0.20281690140846464,0.7362936112369711,88.7
2019-07-01,Kaolack,Centre-Sud,D06,Santé,42,88.98,0.05622399640166087,0.7130730050933787,88.88666666666667
2019-08-01,Kaolack,Centre-Sud,D06,Santé,42,88.99,0.011238480557418384,0.6560343852505257,88.96666666666665
2019-09-01,Kaolack,Centre-Sud,D06,Santé,42,89.02,0.03371165299472789,1.0098717803245227,88.99666666666667
2019-10-01,Kaolack,Centre-Sud,D06,Santé,42,88.74,-0.31453605931252016,0.8409090909090811,88.91666666666667
2019-11-01,Kaolack,Centre-Sud,D06,Santé,42,88.3,-0.4958305161144927,0.6497207340704358,88.68666666666667
2019-12-01,Kaolack,Centre-Sud,D06,Santé,42,88.39,0.10192525481313996,0.6834491399931641,88.47666666666667
2020-01-01,Kaolack,Centre-Sud,D06,Santé,42,89.1,0.8032582871365435,1.203998182644228,88.59666666666665
2020-02-01,Kaolack,Centre-Sud,D06,Santé,42,89.13,0.033670033670030186,0.9514101257220409,88.87333333333333
2020-03-01,Kaolack,Centre-Sud,D06,Santé,42,89.67,0.6058566139347077,1.4366515837104021,89.3
2020-04-01,Kaolack,Centre-Sud,D06,Santé,42,89.91,0.26764804282368715,1.6851391087989054,89.57
2020-05-01,Kaolack,Centre-Sud,D06,Santé,42,90.1,0.2113224335446473,1.5211267605633738,89.89333333333333
2020-06-01,Kaolack,Centre-Sud,D06,Santé,42,90.66,0.6215316315205444,1.9453502754975815,90.22333333333331
2020-07-01,Kaolack,Centre-Sud,D06,Santé,42,90.71,0.05515111405249851,1.9442571364351346,90.49000000000001
2020-08-01,Kaolack,Centre-Sud,D06,Santé,42,90.55,-0.17638628596625683,1.7530059557253619,90.63999999999999
2020-09-01,Kaolack,Centre-Sud,D06,Santé,42,90.37,-0.19878520154610335,1.5165131431139178,90.54333333333334
2020-10-01,Kaolack,Centre-Sud,D06,Santé,42,90.03,-0.37623105012726255,1.4536849222447579,90.31666666666666
2020-11-01,Kaolack,Centre-Sud,D06,Santé,42,89.97,-0.06664445184938472,1.8912797281993132,90.12333333333333
2020-12-01,Kaolack,Centre-Sud,D06,Santé,42,89.7,-0.30010003334444146,1.4820681072519548,89.89999999999999
2021-01-01,Kaolack,Centre-Sud,D06,Santé,42,90.11,0.45707915273132116,1.1335578002244828,89.92666666666668
2021-02-01,Kaolack,Centre-Sud,D06,Santé,42,90.37,0.2885362334924091,1.3912262986648827,90.06
2021-03-01,Kaolack,Centre-Sud,D06,Santé,42,90.5,0.1438530485780687,0.9256161480985847,90.32666666666667
2021-04-01,Kaolack,Centre-Sud,D06,Santé,42,90.92,0.4640883977900634,1.1233455677900128,90.59666666666665
2021-05-01,Kaolack,Centre-Sud,D06,Santé,42,91.12,0.2199736031676336,1.1320754716981352,90.84666666666665
2021-06-01,Kaolack,Centre-Sud,D06,Santé,42,91.81,0.7572431957857839,1.2684756232075989,91.28333333333335
2021-07-01,Kaolack,Centre-Sud,D06,Santé,42,91.67,-0.15248883563881988,1.0583177157976076,91.53333333333335
2021-08-01,Kaolack,Centre-Sud,D06,Santé,42,91.85,0.19635649612741446,1.4356709000552081,91.77666666666666
2021-09-01,Kaolack,Centre-Sud,D06,Santé,42,91.78,-0.0762112139357618,1.5602522961159604,91.76666666666667
2021-10-01,Kaolack,Centre-Sud,D06,Santé,42,91.66,-0.13074743952931067,1.8105076085749072,91.76333333333332
2021-11-01,Kaolack,Centre-Sud,D06,Santé,42,91.27,-0.4254854898538052,1.4449260864732638,91.57000000000001
2021-12-01,Kaolack,Centre-Sud,D06,Santé,42,91.34,0.07669551879041503,1.8283166109253068,91.42333333333333
2022-01-01,Kaolack,Centre-Sud,D06,Santé,42,92.83,1.6312677906721973,3.018532904228155,91.81333333333333
2022-02-01,Kaolack,Centre-Sud,D06,Santé,42,93.68,0.9156522675859202,3.662719929180036,92.61666666666667
2022-03-01,Kaolack,Centre-Sud,D06,Santé,42,94.52,0.8966695132365476,4.441988950276232,93.67666666666666
2022-04-01,Kaolack,Centre-Sud,D06,Santé,42,95.43,0.9627592044011868,4.9604047514298255,94.54333333333334
2022-05-01,Kaolack,Centre-Sud,D06,Santé,42,96.24,0.8487896887771074,5.61896400351185,95.39666666666666
2022-06-01,Kaolack,Centre-Sud,D06,Santé,42,97.33,1.1325852036575323,6.012416948044863,96.33333333333333
2022-07-01,Kaolack,Centre-Sud,D06,Santé,42,97.78,0.4623446008424903,6.665212174102764,97.11666666666667
2022-08-01,Kaolack,Centre-Sud,D06,Santé,42,98.36,0.5931683370832497,7.087642896026125,97.82333333333332
2022-09-01,Kaolack,Centre-Sud,D06,Santé,42,98.55,0.19316795445303292,7.376334713445187,98.23
2022-10-01,Kaolack,Centre-Sud,D06,Santé,42,98.92,0.3754439370877716,7.920576041893956,98.61
2022-11-01,Kaolack,Centre-Sud,D06,Santé,42,99.22,0.30327537403962435,8.710419634052812,98.89666666666666
2022-12-01,Kaolack,Centre-Sud,D06,Santé,42,98.1,-1.1288046764765247,7.400919640902104,98.74666666666667
2023-01-01,Kaolack,Centre-Sud,D06,Santé,42,98.04,-0.061162079510690415,5.612409781320693,98.45333333333333
2023-02-01,Kaolack,Centre-Sud,D06,Santé,42,98.3,0.2651978784169673,4.931682322801012,98.14666666666666
2023-03-01,Kaolack,Centre-Sud,D06,Santé,42,98.71,0.41709053916580974,4.432924248836212,98.34999999999998
2023-04-01,Kaolack,Centre-Sud,D06,Santé,42,99.72,1.0231992705906245,4.4954416850047085,98.91000000000001
2023-05-01,Kaolack,Centre-Sud,D06,Santé,42,100.44,0.7220216606498076,4.3640897755611086,99.62333333333333
2023-06-01,Kaolack,Centre-Sud,D06,Santé,42,100.61,0.16925527678215424,3.369978423918618,100.25666666666666
2023-07-01,Kaolack,Centre-Sud,D06,Santé,42,100.55,-0.059636219063718965,2.8328901615872315,100.53333333333335
2023-08-01,Kaolack,Centre-Sud,D06,Santé,42,100.73,0.17901541521632147,2.40951606344042,100.63
2023-09-01,Kaolack,Centre-Sud,D06,Santé,42,101.07,0.3375359872927586,2.5570776255707806,100.78333333333332
2023-10-01,Kaolack,Centre-Sud,D06,Santé,42,101.32,0.24735331948155803,2.426202992317017,101.04
2023-11-01,Kaolack,Centre-Sud,D06,Santé,42,101.0,-0.31583103039872773,1.793993146543027,101.13
2023-12-01,Kaolack,Centre-Sud,D06,Santé,42,99.84,-1.1485148514851495,1.7737003058104106,100.71999999999998
2024-01-01,Kaolack,Centre-Sud,D06,Santé,42,99.36,-0.48076923076924016,1.346389228886169,100.06666666666666
2024-02-01,Kaolack,Centre-Sud,D06,Santé,42,99.66,0.3019323671497487,1.3835198372329494,99.62
2024-03-01,Kaolack,Centre-Sud,D06,Santé,42,99.78,0.12040939193258549,1.0839833856752135,99.60000000000001
2024-04-01,Kaolack,Centre-Sud,D06,Santé,42,99.94,0.16035277610744192,0.2206177296429912,99.79333333333334
2024-05-01,Kaolack,Centre-Sud,D06,Santé,42,100.65,0.7104262557534602,0.20908004778972256,100.12333333333333
2024-06-01,Kaolack,Centre-Sud,D06,Santé,42,101.01,0.35767511177347,0.397574793758082,100.53333333333335
2024-07-01,Kaolack,Centre-Sud,D06,Santé,42,101.0,-0.009900009900010165,0.4475385380407815,100.88666666666667
2024-08-01,Kaolack,Centre-Sud,D06,Santé,42,101.13,0.12871287128712883,0.39710116152089636,101.04666666666667
2024-09-01,Kaolack,Centre-Sud,D06,Santé,42,101.16999999999999,0.039553050529006484,0.09894132779262321,101.10000000000001
2024-10-01,Kaolack,Centre-Sud,D06,Santé,42,101.21,0.0395374122763803,-0.10856691669957064,101.17
2024-11-01,Kaolack,Centre-Sud,D06,Santé,42,100.72999999999999,-0.47426143661694065,-0.26732673267327867,101.03666666666668
2024-12-01,Kaolack,Centre-Sud,D06,Santé,42,100.25,-0.476521393825069,0.41065705128204844,100.72999999999998
2025-01-01,Kaolack,Centre-Sud,D06,Santé,42,100.0,-0.24937655860348684,0.6441223832528209,100.32666666666667
2025-02-01,Kaolack,Centre-Sud,D06,Santé,42,100.48,0.48000000000001375,0.8227975115392416,100.24333333333334
2025-03-01,Kaolack,Centre-Sud,D06,Santé,42,100.52,0.039808917197436955,0.7416315894968939,100.33333333333333
2025-04-01,Kaolack,Centre-Sud,D06,Santé,42,101.08,0.557103064066844,1.1406844106463865,100.69333333333333
2025-05-01,Kaolack,Centre-Sud,D06,Santé,42,101.69,0.6034823901859943,1.0332836562344738,101.09666666666665
2025-06-01,Kaolack,Centre-Sud,D06,Santé,42,101.99,0.2950142590225191,0.9702009702009518,101.58666666666666
2025-07-01,Kaolack,Centre-Sud,D06,Santé,42,102.47,0.47063437591921,1.4554455445544567,102.05
2025-08-01,Kaolack,Centre-Sud,D06,Santé,42,102.49,0.019517907680288715,1.3448037179867534,102.31666666666666
2025-09-01,Kaolack,Centre-Sud,D06,Santé,42,102.58,0.08781344521417989,1.3936937827419227,102.51333333333332
2025-10-01,Kaolack,Centre-Sud,D06,Santé,42,102.96,0.37044258139988795,1.7290781543325862,102.67666666666666
2025-11-01,Kaolack,Centre-Sud,D06,Santé,42,103.14,0.17482517482518833,2.3925344981634122,102.89333333333332
2025-12-01,Kaolack,Centre-Sud,D06,Santé,42,102.01,-1.0955982160170574,1.7556109725685776,102.70333333333333
2026-01-01,Kaolack,Centre-Sud,D06,Santé,42,100.23,-1.7449269679443158,0.22999999999999687,101.79333333333334
2026-02-01,Kaolack,Centre-Sud,D06,Santé,42,100.82,0.5886461139379406,0.33837579617832514,101.02
2026-03-01,Kaolack,Centre-Sud,D06,Santé,42,101.57,0.7439000198373291,1.0445682451253546,100.87333333333333
2026-04-01,Kaolack,Centre-Sud,D06,Santé,42,101.86,0.2855173771783015,0.7716660071230619,101.41666666666667
2026-05-01,Kaolack,Centre-Sud,D06,Santé,42,102.17,0.3043392892204899,0.472022814436035,101.86666666666667
2018-01-01,Kolda,Sud,D06,Santé,42,86.98,,,86.98
2018-02-01,Kolda,Sud,D06,Santé,42,87.0,0.022993791676251263,,86.99000000000001
2018-03-01,Kolda,Sud,D06,Santé,42,86.94,-0.06896551724138167,,86.97333333333334
2018-04-01,Kolda,Sud,D06,Santé,42,87.22,0.32206119162641045,,87.05333333333333
2018-05-01,Kolda,Sud,D06,Santé,42,87.3,0.0917220820912723,,87.15333333333332
2018-06-01,Kolda,Sud,D06,Santé,42,87.4,0.11454753722794919,,87.30666666666666
2018-07-01,Kolda,Sud,D06,Santé,42,87.41,0.011441647597254523,,87.37
2018-08-01,Kolda,Sud,D06,Santé,42,87.45,0.0457613545361113,,87.42
2018-09-01,Kolda,Sud,D06,Santé,42,87.39,-0.06861063464836947,,87.41666666666667
2018-10-01,Kolda,Sud,D06,Santé,42,86.9,-0.5607048861425712,,87.24666666666667
2018-11-01,Kolda,Sud,D06,Santé,42,86.95,0.057537399309537385,,87.08
2018-12-01,Kolda,Sud,D06,Santé,42,87.02,0.08050603795284328,,86.95666666666666
2019-01-01,Kolda,Sud,D06,Santé,42,87.39,0.42518961158355406,0.47137272936306207,87.12
2019-02-01,Kolda,Sud,D06,Santé,42,87.25,-0.1602013960407378,0.2873563218390718,87.22000000000001
2019-03-01,Kolda,Sud,D06,Santé,42,87.33,0.09169054441260371,0.448585231193932,87.32333333333334
2019-04-01,Kolda,Sud,D06,Santé,42,87.81,0.5496392992099031,0.676450355423075,87.46333333333332
2019-05-01,Kolda,Sud,D06,Santé,42,87.67,-0.15943514406103754,0.423825887743412,87.60333333333334
2019-06-01,Kolda,Sud,D06,Santé,42,88.28,0.6957910345614327,1.0068649885583536,87.92
2019-07-01,Kolda,Sud,D06,Santé,42,88.16,-0.1359311282283726,0.858025397551776,88.03666666666668
2019-08-01,Kolda,Sud,D06,Santé,42,88.37,0.23820326678767323,1.052029731275006,88.27
2019-09-01,Kolda,Sud,D06,Santé,42,87.74,-0.7129116215910503,0.4005034901018334,88.08999999999999
2019-10-01,Kolda,Sud,D06,Santé,42,87.87,0.14816503305221662,1.1162255466052873,87.99333333333334
2019-11-01,Kolda,Sud,D06,Santé,42,87.53,-0.3869352452486652,0.6670500287521586,87.71333333333332
2019-12-01,Kolda,Sud,D06,Santé,42,87.36,-0.1942191248714753,0.39071477821190914,87.58666666666666
2020-01-01,Kolda,Sud,D06,Santé,42,87.98,0.7097069597069572,0.6751344547431204,87.62333333333333
2020-02-01,Kolda,Sud,D06,Santé,42,88.49,0.5796771993634708,1.421203438395402,87.94333333333333
2020-03-01,Kolda,Sud,D06,Santé,42,88.84,0.395524918069845,1.729073628764466,88.43666666666667
2020-04-01,Kolda,Sud,D06,Santé,42,89.39,0.6190904997748659,1.7993394829745935,88.90666666666668
2020-05-01,Kolda,Sud,D06,Santé,42,89.68,0.3244210761830235,2.2926884909319156,89.30333333333333
2020-06-01,Kolda,Sud,D06,Santé,42,89.79,0.12265834076716775,1.7104666968735804,89.62
2020-07-01,Kolda,Sud,D06,Santé,42,89.83,0.044548390689369555,1.8942831215970957,89.76666666666667
2020-08-01,Kolda,Sud,D06,Santé,42,89.67,-0.1781142157408433,1.4710874731243662,89.76333333333334
2020-09-01,Kolda,Sud,D06,Santé,42,89.84,0.18958403033344506,2.393435149304768,89.77999999999999
2020-10-01,Kolda,Sud,D06,Santé,42,89.27,-0.6344612644701764,1.5932627745533168,89.59333333333332
2020-11-01,Kolda,Sud,D06,Santé,42,89.31,0.044807886187969714,2.0335884839483676,89.47333333333331
2020-12-01,Kolda,Sud,D06,Santé,42,88.99,-0.35830254170866604,1.8658424908424953,89.19
2021-01-01,Kolda,Sud,D06,Santé,42,89.37,0.4270142712664349,1.5799045237554044,89.22333333333334
2021-02-01,Kolda,Sud,D06,Santé,42,89.54,0.19022043191228022,1.186574754209535,89.3
2021-03-01,Kolda,Sud,D06,Santé,42,90.03,0.5472414563323591,1.3394867176947267,89.64666666666666
2021-04-01,Kolda,Sud,D06,Santé,42,90.35,0.35543707653002965,1.0739456315024043,89.97333333333331
2021-05-01,Kolda,Sud,D06,Santé,42,90.71,0.39845047039290815,1.1485280999107728,90.36333333333333
2021-06-01,Kolda,Sud,D06,Santé,42,91.2,0.540183000771699,1.5703307718008652,90.75333333333333
2021-07-01,Kolda,Sud,D06,Santé,42,91.18,-0.02192982456139525,1.5028386953133799,91.03000000000002
2021-08-01,Kolda,Sud,D06,Santé,42,91.09,-0.09870585654748742,1.5835842533734823,91.15666666666668
2021-09-01,Kolda,Sud,D06,Santé,42,91.18,0.09880338127128407,1.4915405164737328,91.15000000000002
2021-10-01,Kolda,Sud,D06,Santé,42,90.92,-0.2851502522483007,1.8483253052537396,91.06333333333333
2021-11-01,Kolda,Sud,D06,Santé,42,90.84,-0.08798944126704455,1.7131340275445162,90.98
2021-12-01,Kolda,Sud,D06,Santé,42,90.63,-0.2311756935270859,1.8429036970446067,90.79666666666667
2022-01-01,Kolda,Sud,D06,Santé,42,91.905,1.4068189341277737,2.8365223229271486,91.125
2022-02-01,Kolda,Sud,D06,Santé,42,93.18,1.3873021054349621,4.065222247040423,91.90500000000002
2022-03-01,Kolda,Sud,D06,Santé,42,94.17,1.062459755312295,4.598467177607457,93.085
2022-04-01,Kolda,Sud,D06,Santé,42,95.16,1.0512902198152263,5.323741007194238,94.17
2022-05-01,Kolda,Sud,D06,Santé,42,96.05,0.9352669188734675,5.886892294124135,95.12666666666667
2022-06-01,Kolda,Sud,D06,Santé,42,96.96,0.947423217074439,6.315789473684208,96.05666666666666
2022-07-01,Kolda,Sud,D06,Santé,42,97.83,0.8972772277227703,7.2932660671199745,96.94666666666666
2022-08-01,Kolda,Sud,D06,Santé,42,98.09,0.26576714709189986,7.684707432209903,97.62666666666667
2022-09-01,Kolda,Sud,D06,Santé,42,98.45,0.36700988887756747,7.973239745558236,98.12333333333333
2022-10-01,Kolda,Sud,D06,Santé,42,99.14,0.70086338242763,9.040915090189184,98.56
2022-11-01,Kolda,Sud,D06,Santé,42,99.12,-0.020173492031461127,9.114927344782032,98.90333333333332
2022-12-01,Kolda,Sud,D06,Santé,42,98.18,-0.9483454398708568,8.33057486483506,98.81333333333333
2023-01-01,Kolda,Sud,D06,Santé,42,97.61,-0.5805663067834699,6.207496871769758,98.30333333333334
2023-02-01,Kolda,Sud,D06,Santé,42,98.34,0.7478741932179123,5.53766902768833,98.04333333333334
2023-03-01,Kolda,Sud,D06,Santé,42,99.13,0.8033353670937382,5.267070192205581,98.36000000000001
2023-04-01,Kolda,Sud,D06,Santé,42,99.44,0.31272066982750424,4.49768810424549,98.96999999999998
2023-05-01,Kolda,Sud,D06,Santé,42,100.04,0.6033789219630048,4.154086413326397,99.53666666666668
2023-06-01,Kolda,Sud,D06,Santé,42,100.41,0.36985205917632324,3.558168316831689,99.96333333333332
2023-07-01,Kolda,Sud,D06,Santé,42,100.97,0.557713375161839,3.209649391802105,100.47333333333334
2023-08-01,Kolda,Sud,D06,Santé,42,100.79,-0.178270773497069,2.7525741665817227,100.72333333333331
2023-09-01,Kolda,Sud,D06,Santé,42,101.06,0.2678837186228744,2.6510919248349474,100.94000000000001
2023-10-01,Kolda,Sud,D06,Santé,42,101.02,-0.03958044725905774,1.896308250958234,100.95666666666666
2023-11-01,Kolda,Sud,D06,Santé,42,101.51,0.48505246485845976,2.4112187247780525,101.19666666666667
2023-12-01,Kolda,Sud,D06,Santé,42,100.02,-1.4678356812136806,1.8741087797922162,100.85000000000001
2024-01-01,Kolda,Sud,D06,Santé,42,99.27,-0.7498500299940036,1.700645425673586,100.26666666666667
2024-02-01,Kolda,Sud,D06,Santé,42,99.32,0.05036768409387715,0.9965426072808592,99.53666666666668
2024-03-01,Kolda,Sud,D06,Santé,42,100.05,0.7349979863068956,0.9280742459396807,99.54666666666667
2024-04-01,Kolda,Sud,D06,Santé,42,100.14,0.08995502248876353,0.7039420756234982,99.83666666666666
2024-05-01,Kolda,Sud,D06,Santé,42,100.43,0.28959456760535573,0.3898440623750554,100.20666666666666
2024-06-01,Kolda,Sud,D06,Santé,42,100.64,0.20910086627501379,0.2290608505129077,100.40333333333332
2024-07-01,Kolda,Sud,D06,Santé,42,100.99,0.3477742448330545,0.01980786372188792,100.68666666666667
2024-08-01,Kolda,Sud,D06,Santé,42,101.09,0.0990197049212771,0.2976485762476333,100.90666666666668
2024-09-01,Kolda,Sud,D06,Santé,42,101.19,0.09892175289345495,0.12863645359191267,101.08999999999999
2024-10-01,Kolda,Sud,D06,Santé,42,101.55,0.3557663800770827,0.524648584438725,101.27666666666666
2024-11-01,Kolda,Sud,D06,Santé,42,101.52,-0.02954209748892156,0.009851246182623896,101.42
2024-12-01,Kolda,Sud,D06,Santé,42,100.26,-1.241134751773043,0.23995200959809893,101.11
2025-01-01,Kolda,Sud,D06,Santé,42,99.81,-0.4488330341113178,0.5439709882139709,100.52999999999999
2025-02-01,Kolda,Sud,D06,Santé,42,100.29,0.4809137360985982,0.9766411598872482,100.12
2025-03-01,Kolda,Sud,D06,Santé,42,101.03,0.7378602054043171,0.9795102448775683,100.37666666666667
2025-04-01,Kolda,Sud,D06,Santé,42,101.2,0.16826685143027653,1.058518074695436,100.84000000000002
2025-05-01,Kolda,Sud,D06,Santé,42,101.6,0.39525691699604515,1.1649905406750927,101.27666666666666
2025-06-01,Kolda,Sud,D06,Santé,42,102.0,0.3937007874015741,1.3513513513513598,101.60000000000001
2025-07-01,Kolda,Sud,D06,Santé,42,102.77,0.7549019607843155,1.7625507475987678,102.12333333333333
2025-08-01,Kolda,Sud,D06,Santé,42,102.63,-0.13622652525056012,1.5233949945592906,102.46666666666665
2025-09-01,Kolda,Sud,D06,Santé,42,103.11,0.4676995030692854,1.8974206937444338,102.83666666666666
2025-10-01,Kolda,Sud,D06,Santé,42,103.16,0.04849190185238772,1.5854258985721348,102.96666666666665
2025-11-01,Kolda,Sud,D06,Santé,42,103.45,0.28111671190385046,1.9011032308904774,103.24000000000001
2025-12-01,Kolda,Sud,D06,Santé,42,102.11,-1.2953117448042617,1.845202473568719,102.90666666666665
2026-01-01,Kolda,Sud,D06,Santé,42,100.11,-1.958672020370189,0.30057108506160723,101.89
2026-02-01,Kolda,Sud,D06,Santé,42,100.98,0.8690440515433107,0.6880047861202554,101.06666666666666
2026-03-01,Kolda,Sud,D06,Santé,42,101.52,0.5347593582887722,0.48500445412253956,100.87
2026-04-01,Kolda,Sud,D06,Santé,42,102.15,0.6205673758865382,0.9387351778656239,101.55
2026-05-01,Kolda,Sud,D06,Santé,42,102.39,0.23494860499264636,0.7775590551181155,102.02
2018-01-01,Saint-Louis,Nord,D06,Santé,42,87.95,,,87.95
2018-02-01,Saint-Louis,Nord,D06,Santé,42,88.07,0.13644115974984494,,88.00999999999999
2018-03-01,Saint-Louis,Nord,D06,Santé,42,87.93,-0.15896446008855092,,87.98333333333333
2018-04-01,Saint-Louis,Nord,D06,Santé,42,88.23,0.3411804844762889,,88.07666666666667
2018-05-01,Saint-Louis,Nord,D06,Santé,42,88.18,-0.05667006687067877,,88.11333333333334
2018-06-01,Saint-Louis,Nord,D06,Santé,42,88.37,0.21546836017236615,,88.26
2018-07-01,Saint-Louis,Nord,D06,Santé,42,88.7,0.3734298970238692,,88.41666666666667
2018-08-01,Saint-Louis,Nord,D06,Santé,42,88.45,-0.2818489289740711,,88.50666666666666
2018-09-01,Saint-Louis,Nord,D06,Santé,42,88.23,-0.24872809496890858,,88.46
2018-10-01,Saint-Louis,Nord,D06,Santé,42,88.22,-0.011334013374142415,,88.30000000000001
2018-11-01,Saint-Louis,Nord,D06,Santé,42,87.94,-0.3173883473135408,,88.13
2018-12-01,Saint-Louis,Nord,D06,Santé,42,87.82,-0.1364566750056917,,87.99333333333333
2019-01-01,Saint-Louis,Nord,D06,Santé,42,88.37,0.626281029378295,0.4775440591245017,88.04333333333334
2019-02-01,Saint-Louis,Nord,D06,Santé,42,88.19,-0.20368903474030642,0.13625525150449125,88.12666666666667
2019-03-01,Saint-Louis,Nord,D06,Santé,42,88.39,0.22678308198209596,0.5231434095303023,88.31666666666668
2019-04-01,Saint-Louis,Nord,D06,Santé,42,88.75,0.4072858920692424,0.5893686954550503,88.44333333333334
2019-05-01,Saint-Louis,Nord,D06,Santé,42,89.07,0.36056338028167545,1.0092991608074309,88.73666666666668
2019-06-01,Saint-Louis,Nord,D06,Santé,42,89.26,0.2133153699337642,1.0071291162159213,89.02666666666666
2019-07-01,Saint-Louis,Nord,D06,Santé,42,89.05,-0.2352677571140549,0.3945885005636862,89.12666666666667
2019-08-01,Saint-Louis,Nord,D06,Santé,42,89.21,0.17967434025827345,0.8592425098925771,89.17333333333333
2019-09-01,Saint-Louis,Nord,D06,Santé,42,88.83,-0.4259612151104042,0.6800408024481452,89.03000000000002
2019-10-01,Saint-Louis,Nord,D06,Santé,42,88.98,0.16886187098954508,0.8614826569938838,89.00666666666666
2019-11-01,Saint-Louis,Nord,D06,Santé,42,88.39,-0.6630703528882953,0.5117125312713355,88.73333333333335
2019-12-01,Saint-Louis,Nord,D06,Santé,42,88.59,0.22626994003847045,0.8767934411295863,88.65333333333335
2020-01-01,Saint-Louis,Nord,D06,Santé,42,89.03,0.49667005305338296,0.7468597940477606,88.67
2020-02-01,Saint-Louis,Nord,D06,Santé,42,89.61,0.6514657980456029,1.6101598820728036,89.07666666666667
2020-03-01,Saint-Louis,Nord,D06,Santé,42,89.74,0.14507309452069794,1.5273220952596311,89.46
2020-04-01,Saint-Louis,Nord,D06,Santé,42,89.89,0.16714954312457841,1.2845070422535132,89.74666666666667
2020-05-01,Saint-Louis,Nord,D06,Santé,42,90.31,0.4672377350094514,1.392163466936136,89.98
2020-06-01,Saint-Louis,Nord,D06,Santé,42,90.79,0.5315026021481595,1.714093658973792,90.33
2020-07-01,Saint-Louis,Nord,D06,Santé,42,90.91,0.13217314682232306,2.0887142055025176,90.67
2020-08-01,Saint-Louis,Nord,D06,Santé,42,90.66,-0.27499725002749775,1.6253783208160621,90.78666666666668
2020-09-01,Saint-Louis,Nord,D06,Santé,42,90.48,-0.19854401058900795,1.8574805808848405,90.68333333333334
2020-10-01,Saint-Louis,Nord,D06,Santé,42,90.33,-0.16578249336870465,1.5171948752528586,90.49000000000001
2020-11-01,Saint-Louis,Nord,D06,Santé,42,90.0,-0.36532713384257454,1.8214730173096605,90.27
2020-12-01,Saint-Louis,Nord,D06,Santé,42,89.63,-0.41111111111111764,1.173947398126196,89.98666666666666
2021-01-01,Saint-Louis,Nord,D06,Santé,42,90.07,0.49090706236751824,1.16814556890934,89.89999999999999
2021-02-01,Saint-Louis,Nord,D06,Santé,42,90.45,0.42189408238038073,0.9373953799799217,90.05
2021-03-01,Saint-Louis,Nord,D06,Santé,42,90.91,0.5085682697622884,1.3037664363717338,90.47666666666667
2021-04-01,Saint-Louis,Nord,D06,Santé,42,91.35,0.4839951600484005,1.6242073645566624,90.90333333333332
2021-05-01,Saint-Louis,Nord,D06,Santé,42,91.61,0.28461959496441924,1.4394862141512643,91.29
2021-06-01,Saint-Louis,Nord,D06,Santé,42,91.86,0.27289597205544247,1.178543892499162,91.60666666666667
2021-07-01,Saint-Louis,Nord,D06,Santé,42,92.01,0.16329196603528384,1.2099879001210123,91.82666666666667
2021-08-01,Saint-Louis,Nord,D06,Santé,42,91.82,-0.20649929355506247,1.2795058460180808,91.89666666666666
2021-09-01,Saint-Louis,Nord,D06,Santé,42,91.79,-0.032672620344131875,1.4478337754199933,91.87333333333333
2021-10-01,Saint-Louis,Nord,D06,Santé,42,91.55,-0.2614663906743808,1.3506033432967968,91.71999999999998
2021-11-01,Saint-Louis,Nord,D06,Santé,42,91.35,-0.21845985800109657,1.4999999999999902,91.56333333333333
2021-12-01,Saint-Louis,Nord,D06,Santé,42,91.48,0.14230979748222072,2.064041057681587,91.46
2022-01-01,Saint-Louis,Nord,D06,Santé,42,92.69,1.3226934849147387,2.9088486732541385,91.83999999999999
2022-02-01,Saint-Louis,Nord,D06,Santé,42,93.6,0.9817671809256634,3.482587064676612,92.58999999999999
2022-03-01,Saint-Louis,Nord,D06,Santé,42,94.51,0.972222222222241,3.959960400396012,93.59999999999998
2022-04-01,Saint-Louis,Nord,D06,Santé,42,95.46,1.0051846365463746,4.499178981937613,94.52333333333333
2022-05-01,Saint-Louis,Nord,D06,Santé,42,96.5,1.0894615545778308,5.337845213404657,95.49000000000001
2022-06-01,Saint-Louis,Nord,D06,Santé,42,97.24,0.7668393782383376,5.85673851513171,96.39999999999999
2022-07-01,Saint-Louis,Nord,D06,Santé,42,97.88,0.6581653640477247,6.379741332463862,97.20666666666666
2022-08-01,Saint-Louis,Nord,D06,Santé,42,98.18,0.30649775234983245,6.926595512960154,97.76666666666667
2022-09-01,Saint-Louis,Nord,D06,Santé,42,98.71,0.5398248115705773,7.538947597777512,98.25666666666666
2022-10-01,Saint-Louis,Nord,D06,Santé,42,99.05,0.34444331881269274,8.19224467504096,98.64666666666666
2022-11-01,Saint-Louis,Nord,D06,Santé,42,99.1,0.05047955577990315,8.483853311439526,98.95333333333333
2022-12-01,Saint-Louis,Nord,D06,Santé,42,98.09,-1.019172552976777,7.225623087013555,98.74666666666667
2023-01-01,Saint-Louis,Nord,D06,Santé,42,97.9,-0.19369966357426494,5.620886827057947,98.36333333333334
2023-02-01,Saint-Louis,Nord,D06,Santé,42,98.33,0.43922369765065916,5.053418803418808,98.10666666666667
2023-03-01,Saint-Louis,Nord,D06,Santé,42,98.75,0.4271331231567199,4.486297746270229,98.32666666666667
2023-04-01,Saint-Louis,Nord,D06,Santé,42,99.67,0.9316455696202652,4.410224177666056,98.91666666666667
2023-05-01,Saint-Louis,Nord,D06,Santé,42,100.23,0.5618541185913539,3.8652849740932638,99.55000000000001
2023-06-01,Saint-Louis,Nord,D06,Santé,42,100.62,0.3891050583657574,3.4759358288770192,100.17333333333335
2023-07-01,Saint-Louis,Nord,D06,Santé,42,101.04,0.4174120453190211,3.228442991418068,100.63
2023-08-01,Saint-Louis,Nord,D06,Santé,42,100.81,-0.22763262074426693,2.6787533102464733,100.82333333333334
2023-09-01,Saint-Louis,Nord,D06,Santé,42,101.45,0.634857653010612,2.7758079221963383,101.10000000000001
2023-10-01,Saint-Louis,Nord,D06,Santé,42,101.07,-0.3745687530803399,2.039374053508336,101.11
2023-11-01,Saint-Louis,Nord,D06,Santé,42,101.21,0.13851785890965918,2.1291624621594396,101.24333333333334
2023-12-01,Saint-Louis,Nord,D06,Santé,42,99.8,-1.3931429700622444,1.7432969721684177,100.69333333333333
2024-01-01,Saint-Louis,Nord,D06,Santé,42,99.39,-0.4108216432865741,1.5219611848825254,100.13333333333333
2024-02-01,Saint-Louis,Nord,D06,Santé,42,99.66,0.2716571083609898,1.3525882233295983,99.61666666666667
2024-03-01,Saint-Louis,Nord,D06,Santé,42,99.81,0.1505117399157152,1.0734177215189877,99.62
2024-04-01,Saint-Louis,Nord,D06,Santé,42,100.44,0.6311992786294018,0.7725494130631061,99.96999999999998
2024-05-01,Saint-Louis,Nord,D06,Santé,42,100.58,0.1393866985264891,0.3491968472513207,100.27666666666666
2024-06-01,Saint-Louis,Nord,D06,Santé,42,100.88,0.2982700338039379,0.2583979328165231,100.63333333333333
2024-07-01,Saint-Louis,Nord,D06,Santé,42,100.87,-0.00991276764471527,-0.16825019794141083,100.77666666666666
2024-08-01,Saint-Louis,Nord,D06,Santé,42,101.13,0.2577575096659013,0.3174288265052949,100.96
2024-09-01,Saint-Louis,Nord,D06,Santé,42,101.16,0.029664787896765965,-0.2858551010350041,101.05333333333334
2024-10-01,Saint-Louis,Nord,D06,Santé,42,101.23,0.06919731119019445,0.15830612446821046,101.17333333333333
2024-11-01,Saint-Louis,Nord,D06,Santé,42,101.33,0.0987849451743461,0.11856535915424349,101.24000000000001
2024-12-01,Saint-Louis,Nord,D06,Santé,42,100.59,-0.730287180499356,0.7915831663326767,101.05
2025-01-01,Saint-Louis,Nord,D06,Santé,42,99.89,-0.695894224077942,0.5030687191870387,100.60333333333334
2025-02-01,Saint-Louis,Nord,D06,Santé,42,100.03,0.14015416958654825,0.371262291792096,100.17
2025-03-01,Saint-Louis,Nord,D06,Santé,42,100.57,0.5398380485854171,0.7614467488227472,100.16333333333334
2025-04-01,Saint-Louis,Nord,D06,Santé,42,101.14,0.5667694143382862,0.6969334926324233,100.58
2025-05-01,Saint-Louis,Nord,D06,Santé,42,101.73,0.583349812141587,1.1433684629150953,101.14666666666666
2025-06-01,Saint-Louis,Nord,D06,Santé,42,102.14,0.4030276221370199,1.249008723235523,101.67
2025-07-01,Saint-Louis,Nord,D06,Santé,42,102.43,0.28392402584689336,1.546545057995452,102.10000000000001
2025-08-01,Saint-Louis,Nord,D06,Santé,42,102.39,-0.039051059259986864,1.2459210916641927,102.32000000000001
2025-09-01,Saint-Louis,Nord,D06,Santé,42,102.76,0.3613634143959432,1.5816528272044383,102.52666666666669
2025-10-01,Saint-Louis,Nord,D06,Santé,42,102.79,0.029194239003493827,1.5410451447199547,102.64666666666669
2025-11-01,Saint-Louis,Nord,D06,Santé,42,102.99,0.19457145636734285,1.6382117832823395,102.84666666666668
2025-12-01,Saint-Louis,Nord,D06,Santé,42,101.71,-1.2428391105932635,1.1134307585247027,102.49666666666667
2026-01-01,Saint-Louis,Nord,D06,Santé,42,99.99,-1.6910824894307286,0.10011012113324558,101.56333333333333
2026-02-01,Saint-Louis,Nord,D06,Santé,42,100.91,0.9200920092009124,0.879736079176241,100.86999999999999
2026-03-01,Saint-Louis,Nord,D06,Santé,42,101.61,0.6936874442572627,1.0341055980908953,100.83666666666666
2026-04-01,Saint-Louis,Nord,D06,Santé,42,102.02,0.4035035921661212,0.8700810757366062,101.51333333333332
2026-05-01,Saint-Louis,Nord,D06,Santé,42,102.26,0.23524799059009283,0.5209869261771471,101.96333333333332
2018-01-01,Thiès,Centre-Ouest,D06,Santé,42,88.06,,,88.06
2018-02-01,Thiès,Centre-Ouest,D06,Santé,42,88.44,0.4315239609357313,,88.25
2018-03-01,Thiès,Centre-Ouest,D06,Santé,42,88.52,0.09045680687471691,,88.33999999999999
2018-04-01,Thiès,Centre-Ouest,D06,Santé,42,88.61,0.10167193854495604,,88.52333333333333
2018-05-01,Thiès,Centre-Ouest,D06,Santé,42,88.77,0.18056652747997504,,88.63333333333333
2018-06-01,Thiès,Centre-Ouest,D06,Santé,42,88.84,0.07885546919004227,,88.74000000000001
2018-07-01,Thiès,Centre-Ouest,D06,Santé,42,88.98,0.15758667266996262,,88.86333333333334
2018-08-01,Thiès,Centre-Ouest,D06,Santé,42,88.8,-0.20229265003371966,,88.87333333333333
2018-09-01,Thiès,Centre-Ouest,D06,Santé,42,88.74,-0.06756756756757243,,88.83999999999999
2018-10-01,Thiès,Centre-Ouest,D06,Santé,42,88.64,-0.11268875366238218,,88.72666666666667
2018-11-01,Thiès,Centre-Ouest,D06,Santé,42,88.28,-0.40613718411551814,,88.55333333333333
2018-12-01,Thiès,Centre-Ouest,D06,Santé,42,88.15,-0.14725872224738978,,88.35666666666667
2019-01-01,Thiès,Centre-Ouest,D06,Santé,42,88.45,0.3403289846851898,0.44287985464455115,88.29333333333334
2019-02-01,Thiès,Centre-Ouest,D06,Santé,42,88.54,0.10175240248728734,0.11307100859341279,88.38
2019-03-01,Thiès,Centre-Ouest,D06,Santé,42,88.6,0.06776598147728574,0.09037505648441524,88.53000000000002
2019-04-01,Thiès,Centre-Ouest,D06,Santé,42,89.16,0.6320541760722387,0.6206974382123809,88.76666666666667
2019-05-01,Thiès,Centre-Ouest,D06,Santé,42,89.5,0.38133692238673245,0.8223498929818662,89.08666666666666
2019-06-01,Thiès,Centre-Ouest,D06,Santé,42,89.6,0.11173184357540222,0.8554705087798098,89.42
2019-07-01,Thiès,Centre-Ouest,D06,Santé,42,89.24,-0.4017857142857184,0.29220049449314445,89.44666666666666
2019-08-01,Thiès,Centre-Ouest,D06,Santé,42,89.5,0.29134917077544564,0.7882882882882969,89.44666666666666
2019-09-01,Thiès,Centre-Ouest,D06,Santé,42,89.45,-0.05586592178770111,0.8000901510029301,89.39666666666666
2019-10-01,Thiès,Centre-Ouest,D06,Santé,42,89.0,-0.5030743432084983,0.40613718411552924,89.31666666666666
2019-11-01,Thiès,Centre-Ouest,D06,Santé,42,88.89,-0.12359550561797938,0.690983235160858,89.11333333333334
2019-12-01,Thiès,Centre-Ouest,D06,Santé,42,88.48,-0.46124423444706686,0.37436188315371766,88.79
2020-01-01,Thiès,Centre-Ouest,D06,Santé,42,89.47,1.1188969258589365,1.1531938948558418,88.94666666666667
2020-02-01,Thiès,Centre-Ouest,D06,Santé,42,89.51,0.044707723259196364,1.095550033882997,89.15333333333335
2020-03-01,Thiès,Centre-Ouest,D06,Santé,42,89.98,0.5250809965366976,1.5575620767494414,89.65333333333332
2020-04-01,Thiès,Centre-Ouest,D06,Santé,42,90.1,0.13336296954877813,1.054284432480923,89.86333333333334
2020-05-01,Thiès,Centre-Ouest,D06,Santé,42,90.74,0.7103218645948983,1.3854748603352007,90.27333333333333
2020-06-01,Thiès,Centre-Ouest,D06,Santé,42,91.1,0.39673793255454726,1.6741071428571397,90.64666666666665
2020-07-01,Thiès,Centre-Ouest,D06,Santé,42,90.93,-0.1866081229418115,1.8937696100403523,90.92333333333333
2020-08-01,Thiès,Centre-Ouest,D06,Santé,42,90.78,-0.16496205872650327,1.430167597765375,90.93666666666667
2020-09-01,Thiès,Centre-Ouest,D06,Santé,42,90.46,-0.35250055078211995,1.1291224147568446,90.72333333333334
2020-10-01,Thiès,Centre-Ouest,D06,Santé,42,90.47,0.01105460977228745,1.6516853932584175,90.57
2020-11-01,Thiès,Centre-Ouest,D06,Santé,42,90.2,-0.2984414723112616,1.473731578355264,90.37666666666667
2020-12-01,Thiès,Centre-Ouest,D06,Santé,42,89.9,-0.3325942350332567,1.6048824593128508,90.19000000000001
2021-01-01,Thiès,Centre-Ouest,D06,Santé,42,90.53,0.7007786429365837,1.184754666368626,90.21
2021-02-01,Thiès,Centre-Ouest,D06,Santé,42,90.64,0.12150668286756705,1.2624287789073874,90.35666666666667
2021-03-01,Thiès,Centre-Ouest,D06,Santé,42,90.975,0.369593998234774,1.1058012891753677,90.71499999999999
2021-04-01,Thiès,Centre-Ouest,D06,Santé,42,91.31,0.3682330310524895,1.3429522752497425,90.97500000000001
2021-05-01,Thiès,Centre-Ouest,D06,Santé,42,91.9,0.6461504763990877,1.278377782675788,91.395
2021-06-01,Thiès,Centre-Ouest,D06,Santé,42,92.14,0.2611534276387273,1.141602634467631,91.78333333333335
2021-07-01,Thiès,Centre-Ouest,D06,Santé,42,92.13,-0.01085304970697143,1.3196964698119373,92.05666666666666
2021-08-01,Thiès,Centre-Ouest,D06,Santé,42,92.23,0.10854227721699417,1.5972681207314432,92.16666666666667
2021-09-01,Thiès,Centre-Ouest,D06,Santé,42,91.89,-0.36864360837037813,1.5808091974353289,92.08333333333333
2021-10-01,Thiès,Centre-Ouest,D06,Santé,42,91.91,0.021765153988462238,1.5916878523267286,92.00999999999999
2021-11-01,Thiès,Centre-Ouest,D06,Santé,42,91.78,-0.14144271570013522,1.751662971175172,91.86
2021-12-01,Thiès,Centre-Ouest,D06,Santé,42,91.62,-0.17432991937240683,1.9132369299221352,91.77
2022-01-01,Thiès,Centre-Ouest,D06,Santé,42,92.94,1.4407334643090852,2.6621009610074076,92.11333333333334
2022-02-01,Thiès,Centre-Ouest,D06,Santé,42,93.58,0.6886163115988886,3.2436010591350373,92.71333333333332
2022-03-01,Thiès,Centre-Ouest,D06,Santé,42,94.67,1.1647787988886549,4.061555372355041,93.73
2022-04-01,Thiès,Centre-Ouest,D06,Santé,42,95.64,1.024611809443332,4.742087394589856,94.63
2022-05-01,Thiès,Centre-Ouest,D06,Santé,42,96.1,0.4809703053115788,4.570184983677894,95.47000000000001
2022-06-01,Thiès,Centre-Ouest,D06,Santé,42,97.5,1.4568158168574374,5.8172346429346655,96.41333333333334
2022-07-01,Thiès,Centre-Ouest,D06,Santé,42,97.44,-0.061538461538468425,5.7635949202214265,97.01333333333334
2022-08-01,Thiès,Centre-Ouest,D06,Santé,42,98.25,0.8312807881773354,6.52716035996963,97.73
2022-09-01,Thiès,Centre-Ouest,D06,Santé,42,98.85,0.6106870229007466,7.574273587985636,98.17999999999999
2022-10-01,Thiès,Centre-Ouest,D06,Santé,42,98.94,0.09104704097118166,7.648786856707646,98.67999999999999
2022-11-01,Thiès,Centre-Ouest,D06,Santé,42,99.0,0.06064281382656134,7.866637611680094,98.92999999999999
2022-12-01,Thiès,Centre-Ouest,D06,Santé,42,97.98,-1.0303030303030258,6.941715782580227,98.64
2023-01-01,Thiès,Centre-Ouest,D06,Santé,42,98.2,0.22453561951418788,5.659565310953307,98.39333333333333
2023-02-01,Thiès,Centre-Ouest,D06,Santé,42,98.17,-0.03054989816700937,4.9048942081641345,98.11666666666667
2023-03-01,Thiès,Centre-Ouest,D06,Santé,42,99.12,0.9677090760924933,4.700538713425595,98.49666666666667
2023-04-01,Thiès,Centre-Ouest,D06,Santé,42,99.49,0.3732849071832023,4.025512337933912,98.92666666666668
2023-05-01,Thiès,Centre-Ouest,D06,Santé,42,99.89,0.4020504573323924,3.943808532778359,99.5
2023-06-01,Thiès,Centre-Ouest,D06,Santé,42,100.44,0.5506056662328618,3.0153846153846198,99.94
2023-07-01,Thiès,Centre-Ouest,D06,Santé,42,100.57,0.12943050577458592,3.212233169129708,100.3
2023-08-01,Thiès,Centre-Ouest,D06,Santé,42,100.94,0.3679029531669542,2.7379134860050947,100.64999999999999
2023-09-01,Thiès,Centre-Ouest,D06,Santé,42,100.875,-0.06439468991480402,2.0485584218512987,100.795
2023-10-01,Thiès,Centre-Ouest,D06,Santé,42,100.81,-0.06443618339528889,1.8900343642611839,100.875
2023-11-01,Thiès,Centre-Ouest,D06,Santé,42,101.08,0.26783057236385854,2.1010101010100923,100.92166666666667
2023-12-01,Thiès,Centre-Ouest,D06,Santé,42,99.73,-1.3355757815591507,1.7860787915901177,100.54
2024-01-01,Thiès,Centre-Ouest,D06,Santé,42,99.55,-0.18048731575254218,1.3747454175152773,100.12
2024-02-01,Thiès,Centre-Ouest,D06,Santé,42,99.35,-0.20090406830738372,1.2019965366201424,99.54333333333334
2024-03-01,Thiès,Centre-Ouest,D06,Santé,42,100.08,0.7347760442878659,0.9685230024212954,99.66000000000001
2024-04-01,Thiès,Centre-Ouest,D06,Santé,42,100.17,0.08992805755396738,0.6834857774650871,99.86666666666666
2024-05-01,Thiès,Centre-Ouest,D06,Santé,42,100.36,0.1896775481681212,0.47051756932625644,100.20333333333333
2024-06-01,Thiès,Centre-Ouest,D06,Santé,42,100.71,0.3487445197289718,0.26881720430107503,100.41333333333334
2024-07-01,Thiès,Centre-Ouest,D06,Santé,42,100.85,0.13901300764571634,0.27841304563984703,100.63999999999999
2024-08-01,Thiès,Centre-Ouest,D06,Santé,42,100.84,-0.009915716410502373,-0.09906875371507029,100.8
2024-09-01,Thiès,Centre-Ouest,D06,Santé,42,101.16,0.317334391114632,0.2825278810408838,100.95
2024-10-01,Thiès,Centre-Ouest,D06,Santé,42,101.1,-0.059311981020171434,0.2876698740204242,101.03333333333332
2024-11-01,Thiès,Centre-Ouest,D06,Santé,42,100.615,-0.47972304648862263,-0.4600316580926078,100.95833333333333
2024-12-01,Thiès,Centre-Ouest,D06,Santé,42,100.13,-0.48203548178701316,0.4010829238945135,100.615
2025-01-01,Thiès,Centre-Ouest,D06,Santé,42,99.66,-0.4693897932687485,0.11049723756906271,100.13499999999999
2025-02-01,Thiès,Centre-Ouest,D06,Santé,42,100.13,0.47160345173589135,0.7851031706089584,99.97333333333331
2025-03-01,Thiès,Centre-Ouest,D06,Santé,42,100.52,0.3894936582442776,0.43964828137490475,100.10333333333334
2025-04-01,Thiès,Centre-Ouest,D06,Santé,42,100.98,0.4576203740549234,0.8086253369272267,100.54333333333334
2025-05-01,Thiès,Centre-Ouest,D06,Santé,42,101.91,0.9209744503862138,1.5444400159426053,101.13666666666666
2025-06-01,Thiès,Centre-Ouest,D06,Santé,42,102.01,0.09812579727210835,1.2908350709959437,101.63333333333334
2025-07-01,Thiès,Centre-Ouest,D06,Santé,42,102.075,0.0637192432114464,1.2146752602875566,101.99833333333333
2025-08-01,Thiès,Centre-Ouest,D06,Santé,42,102.14,0.06367866764633856,1.289170963903219,102.075
2025-09-01,Thiès,Centre-Ouest,D06,Santé,42,102.53,0.38182886234578994,1.3542902332937867,102.24833333333333
2025-10-01,Thiès,Centre-Ouest,D06,Santé,42,102.87,0.3316102604115967,1.7507418397626262,102.51333333333334
2025-11-01,Thiès,Centre-Ouest,D06,Santé,42,102.84,-0.02916302128900261,2.211399890672383,102.74666666666667
2025-12-01,Thiès,Centre-Ouest,D06,Santé,42,101.93,-0.8848697005056416,1.7976630380505565,102.54666666666667
2026-01-01,Thiès,Centre-Ouest,D06,Santé,42,99.98,-1.9130776022760698,0.32109171182019836,101.58333333333333
2026-02-01,Thiès,Centre-Ouest,D06,Santé,42,100.68,0.7001400280056025,0.5492859282932194,100.86333333333334
2026-03-01,Thiès,Centre-Ouest,D06,Santé,42,101.37,0.6853396901072673,0.8456028651014913,100.67666666666668
2026-04-01,Thiès,Centre-Ouest,D06,Santé,42,101.84,0.46364802209726275,0.8516537928302537,101.29666666666667
2026-05-01,Thiès,Centre-Ouest,D06,Santé,42,102.09,0.24548311076197926,0.17662643508979947,101.76666666666667
2018-01-01,Dakar,Ouest,D07,Transport,92,79.42,,,79.42
2018-02-01,Dakar,Ouest,D07,Transport,92,79.43,0.012591286829510828,,79.42500000000001
2018-03-01,Dakar,Ouest,D07,Transport,92,79.51,0.10071761299257354,,79.45333333333333
2018-04-01,Dakar,Ouest,D07,Transport,92,80.11,0.7546220601182263,,79.68333333333334
2018-05-01,Dakar,Ouest,D07,Transport,92,80.29,0.22469104980651355,,79.97
2018-06-01,Dakar,Ouest,D07,Transport,92,80.36,0.087183958151682,,80.25333333333333
2018-07-01,Dakar,Ouest,D07,Transport,92,80.13,-0.2862120457939321,,80.25999999999999
2018-08-01,Dakar,Ouest,D07,Transport,92,80.3,0.21215524772244532,,80.26333333333334
2018-09-01,Dakar,Ouest,D07,Transport,92,80.11,-0.23661270236612353,,80.18
2018-10-01,Dakar,Ouest,D07,Transport,92,79.86,-0.312070902509054,,80.09
2018-11-01,Dakar,Ouest,D07,Transport,92,79.74,-0.15026296018032514,,79.90333333333332
2018-12-01,Dakar,Ouest,D07,Transport,92,79.53,-0.26335590669676057,,79.71
2019-01-01,Dakar,Ouest,D07,Transport,92,80.19,0.8298755186721962,0.969529085872578,79.82
2019-02-01,Dakar,Ouest,D07,Transport,92,80.28,0.11223344556678949,1.0701246380460772,80.0
2019-03-01,Dakar,Ouest,D07,Transport,92,80.45,0.21175884404585066,1.1822412275185545,80.30666666666667
2019-04-01,Dakar,Ouest,D07,Transport,92,80.47,0.02486016159104487,0.4493820996130271,80.4
2019-05-01,Dakar,Ouest,D07,Transport,92,80.96,0.6089225798434184,0.834475028023407,80.62666666666667
2019-06-01,Dakar,Ouest,D07,Transport,92,81.07,0.13586956521738358,0.8835241413638562,80.83333333333333
2019-07-01,Dakar,Ouest,D07,Transport,92,81.05,-0.024670038238550074,1.1481342817920792,81.02666666666666
2019-08-01,Dakar,Ouest,D07,Transport,92,81.34,0.35780382479950745,1.2951432129514329,81.15333333333334
2019-09-01,Dakar,Ouest,D07,Transport,92,81.17,-0.208999262355547,1.323180626638365,81.18666666666667
2019-10-01,Dakar,Ouest,D07,Transport,92,80.88,-0.3572748552420957,1.277235161532686,81.13
2019-11-01,Dakar,Ouest,D07,Transport,92,80.51,-0.45746785361027165,0.9656383245548072,80.85333333333334
2019-12-01,Dakar,Ouest,D07,Transport,92,80.49,-0.024841634579564342,1.2070916635231965,80.62666666666667
2020-01-01,Dakar,Ouest,D07,Transport,92,81.5,1.254814262641335,1.6336201521386817,80.83333333333333
2020-02-01,Dakar,Ouest,D07,Transport,92,81.86,0.44171779141104484,1.9681116093672069,81.28333333333333
2020-03-01,Dakar,Ouest,D07,Transport,92,82.16,0.36647935499634077,2.125543816034803,81.84
2020-04-01,Dakar,Ouest,D07,Transport,92,82.87,0.8641674780915487,2.9824779420902336,82.29666666666667
2020-05-01,Dakar,Ouest,D07,Transport,92,83.34,0.5671533727525047,2.9397233201581052,82.79
2020-06-01,Dakar,Ouest,D07,Transport,92,83.61,0.3239740820734305,3.133094856297025,83.27333333333333
2020-07-01,Dakar,Ouest,D07,Transport,92,83.89,0.3348881712713858,3.504009870450342,83.61333333333333
2020-08-01,Dakar,Ouest,D07,Transport,92,83.74,-0.17880557873406477,2.9505778214900413,83.74666666666667
2020-09-01,Dakar,Ouest,D07,Transport,92,83.72,-0.02388344877000126,3.1415547616114203,83.78333333333332
2020-10-01,Dakar,Ouest,D07,Transport,92,83.28,-0.5255613951266058,2.9673590504451175,83.58
2020-11-01,Dakar,Ouest,D07,Transport,92,82.86,-0.5043227665706085,2.9188920630977444,83.28666666666666
2020-12-01,Dakar,Ouest,D07,Transport,92,82.65,-0.25343953656770113,2.6835631755497635,82.92999999999999
2021-01-01,Dakar,Ouest,D07,Transport,92,83.28,0.7622504537204922,2.184049079754602,82.92999999999999
2021-02-01,Dakar,Ouest,D07,Transport,92,83.61,0.396253602305463,2.1377962374786286,83.18
2021-03-01,Dakar,Ouest,D07,Transport,92,83.98,0.4425307977514725,2.2151898734177333,83.62333333333333
2021-04-01,Dakar,Ouest,D07,Transport,92,84.65,0.7978090021433681,2.1479425606371505,84.08
2021-05-01,Dakar,Ouest,D07,Transport,92,85.12,0.5552274069698715,2.135829133669298,84.58333333333333
2021-06-01,Dakar,Ouest,D07,Transport,92,85.52,0.46992481203007586,2.28441573974405,85.09666666666668
2021-07-01,Dakar,Ouest,D07,Transport,92,85.88,0.4209541627689495,2.372154011205141,85.50666666666666
2021-08-01,Dakar,Ouest,D07,Transport,92,85.89,0.011644154634371517,2.5674707427752574,85.76333333333332
2021-09-01,Dakar,Ouest,D07,Transport,92,85.51,-0.4424263592967659,2.138079311992369,85.76
2021-10-01,Dakar,Ouest,D07,Transport,92,85.56,0.058472693252253904,2.737752161383278,85.65333333333335
2021-11-01,Dakar,Ouest,D07,Transport,92,85.55,-0.011687704534835142,3.246439777938681,85.54
2021-12-01,Dakar,Ouest,D07,Transport,92,85.48,-0.08182349503214059,3.4240774349667324,85.53000000000002
2022-01-01,Dakar,Ouest,D07,Transport,92,87.58,2.456715021057554,5.163304514889533,86.20333333333333
2022-02-01,Dakar,Ouest,D07,Transport,92,88.83,1.42726649920073,6.243272335844985,87.29666666666667
2022-03-01,Dakar,Ouest,D07,Transport,92,90.23,1.5760441292356209,7.442248154322462,88.88
2022-04-01,Dakar,Ouest,D07,Transport,92,91.8,1.7399977834423153,8.44654459539278,90.28666666666668
2022-05-01,Dakar,Ouest,D07,Transport,92,93.61,1.9716775599128544,9.974154135338331,91.88
2022-06-01,Dakar,Ouest,D07,Transport,92,94.98,1.4635188548232092,11.061739943872784,93.46333333333332
2022-07-01,Dakar,Ouest,D07,Transport,92,96.07,1.1476100231627706,11.86539357242664,94.88666666666666
2022-08-01,Dakar,Ouest,D07,Transport,92,96.88,0.8431352139065318,12.795436022819873,95.97666666666667
2022-09-01,Dakar,Ouest,D07,Transport,92,97.39,0.5264244426094189,13.89311191673488,96.77999999999999
2022-10-01,Dakar,Ouest,D07,Transport,92,97.82,0.4415237704076258,14.329125759700778,97.36333333333333
2022-11-01,Dakar,Ouest,D07,Transport,92,98.45,0.6440400736045904,15.078901227352425,97.88666666666666
2022-12-01,Dakar,Ouest,D07,Transport,92,96.69,-1.7877094972067131,13.114178755264373,97.65333333333332
2023-01-01,Dakar,Ouest,D07,Transport,92,96.59,-0.10342331161443674,10.287736926238878,97.24333333333334
2023-02-01,Dakar,Ouest,D07,Transport,92,97.26,0.6936535873278915,9.49003714961163,96.84666666666668
2023-03-01,Dakar,Ouest,D07,Transport,92,98.23,0.9973267530331009,8.866230743655112,97.36000000000001
2023-04-01,Dakar,Ouest,D07,Transport,92,99.03,0.8144151481217499,7.8758169934640465,98.17333333333333
2023-05-01,Dakar,Ouest,D07,Transport,92,99.97,0.9492073109158783,6.794145924580697,99.07666666666667
2023-06-01,Dakar,Ouest,D07,Transport,92,100.87,0.9002700810243125,6.201305538007995,99.95666666666666
2023-07-01,Dakar,Ouest,D07,Transport,92,101.09,0.21810250817884125,5.225356510877499,100.64333333333333
2023-08-01,Dakar,Ouest,D07,Transport,92,101.36,0.26708873281233725,4.6242774566473965,101.10666666666667
2023-09-01,Dakar,Ouest,D07,Transport,92,101.68,0.31570639305447123,4.404969709415751,101.37666666666667
2023-10-01,Dakar,Ouest,D07,Transport,92,101.75,0.06884343036979157,4.017583316295248,101.59666666666668
2023-11-01,Dakar,Ouest,D07,Transport,92,102.03,0.27518427518427035,3.6363636363636376,101.82000000000001
2023-12-01,Dakar,Ouest,D07,Transport,92,100.09,-1.9014015485641411,3.5163925948908936,101.29
2024-01-01,Dakar,Ouest,D07,Transport,92,98.89,-1.198920971125994,2.3811988818718266,100.33666666666666
2024-02-01,Dakar,Ouest,D07,Transport,92,99.09,0.20224491859641702,1.8815545959284474,99.35666666666667
2024-03-01,Dakar,Ouest,D07,Transport,92,99.59,0.5045917852457338,1.3845057518069748,99.19
2024-04-01,Dakar,Ouest,D07,Transport,92,100.39,0.8032935033637889,1.3733212157931884,99.69000000000001
2024-05-01,Dakar,Ouest,D07,Transport,92,100.95,0.5578244845104052,0.9802940882264632,100.31
2024-06-01,Dakar,Ouest,D07,Transport,92,101.35,0.3962357602773636,0.4758600178447425,100.89666666666666
2024-07-01,Dakar,Ouest,D07,Transport,92,101.82,0.4637395165268954,0.7221287961222567,101.37333333333333
2024-08-01,Dakar,Ouest,D07,Transport,92,101.34,-0.4714201532115436,-0.019731649565901677,101.50333333333333
2024-09-01,Dakar,Ouest,D07,Transport,92,102.06,0.7104795737122638,0.37372147915026854,101.74
2024-10-01,Dakar,Ouest,D07,Transport,92,102.57,0.49970605526159506,0.8058968058967997,101.99
2024-11-01,Dakar,Ouest,D07,Transport,92,102.45,-0.11699327288680061,0.41164363422523387,102.36000000000001
2024-12-01,Dakar,Ouest,D07,Transport,92,100.43,-1.9716935090287935,0.33969427515236905,101.81666666666668
2025-01-01,Dakar,Ouest,D07,Transport,92,100.04,-0.3883301802250383,1.16290828192942,100.97333333333334
2025-02-01,Dakar,Ouest,D07,Transport,92,100.59,0.5497800879648018,1.5137753557372013,100.35333333333334
2025-03-01,Dakar,Ouest,D07,Transport,92,101.37,0.7754249925439938,1.7873280449844264,100.66666666666667
2025-04-01,Dakar,Ouest,D07,Transport,92,102.4,1.0160797080003947,2.002191453332003,101.45333333333333
2025-05-01,Dakar,Ouest,D07,Transport,92,103.26,0.8398437499999911,2.288261515601775,102.34333333333335
2025-06-01,Dakar,Ouest,D07,Transport,92,103.59,0.31958163858221145,2.210162802170701,103.08333333333333
2025-07-01,Dakar,Ouest,D07,Transport,92,104.4,0.7819287576020795,2.5338833235120983,103.75
2025-08-01,Dakar,Ouest,D07,Transport,92,104.4,0.0,3.0195381882770933,104.13
2025-09-01,Dakar,Ouest,D07,Transport,92,105.13,0.6992337164750895,3.008034489515965,104.64333333333333
2025-10-01,Dakar,Ouest,D07,Transport,92,105.29,0.15219252354228274,2.6518475187676804,104.94
2025-11-01,Dakar,Ouest,D07,Transport,92,105.71,0.39889828093835344,3.1820400195217147,105.37666666666667
2025-12-01,Dakar,Ouest,D07,Transport,92,103.61,-1.9865670229874177,3.1663845464502627,104.87
2026-01-01,Dakar,Ouest,D07,Transport,92,101.07,-2.4515008203841337,1.0295881647340854,103.46333333333332
2026-02-01,Dakar,Ouest,D07,Transport,92,101.77,0.6925892945483403,1.1730788348742305,102.14999999999999
2026-03-01,Dakar,Ouest,D07,Transport,92,102.86,1.0710425469195206,1.469862878563677,101.89999999999999
2026-04-01,Dakar,Ouest,D07,Transport,92,103.67,0.7874781256076213,1.2402343750000044,102.76666666666665
2026-05-01,Dakar,Ouest,D07,Transport,92,104.06,0.3761936915211761,0.7747433662599335,103.53000000000002
2018-01-01,Diourbel,Centre,D07,Transport,92,77.22,,,77.22
2018-02-01,Diourbel,Centre,D07,Transport,92,77.38,0.20720020720019772,,77.3
2018-03-01,Diourbel,Centre,D07,Transport,92,77.3,-0.10338588782631275,,77.3
2018-04-01,Diourbel,Centre,D07,Transport,92,77.93,0.8150064683053238,,77.53666666666668
2018-05-01,Diourbel,Centre,D07,Transport,92,78.0,0.08982420120620116,,77.74333333333334
2018-06-01,Diourbel,Centre,D07,Transport,92,78.29,0.3717948717948838,,78.07333333333334
2018-07-01,Diourbel,Centre,D07,Transport,92,78.04,-0.31932558436581493,,78.11000000000001
2018-08-01,Diourbel,Centre,D07,Transport,92,78.0,-0.05125576627371675,,78.11000000000001
2018-09-01,Diourbel,Centre,D07,Transport,92,77.79,-0.26923076923076605,,77.94333333333334
2018-10-01,Diourbel,Centre,D07,Transport,92,77.71,-0.10284098213139137,,77.83333333333333
2018-11-01,Diourbel,Centre,D07,Transport,92,77.45,-0.33457727448203967,,77.65
2018-12-01,Diourbel,Centre,D07,Transport,92,77.24,-0.2711426726920707,,77.46666666666665
2019-01-01,Diourbel,Centre,D07,Transport,92,77.89,0.8415328845158054,0.8676508676508599,77.52666666666667
2019-02-01,Diourbel,Centre,D07,Transport,92,77.97,0.10270894851713841,0.7624709227190607,77.7
2019-03-01,Diourbel,Centre,D07,Transport,92,78.35,0.4873669360010213,1.3583441138421692,78.07000000000001
2019-04-01,Diourbel,Centre,D07,Transport,92,78.6,0.3190810465858229,0.8597459258308682,78.30666666666666
2019-05-01,Diourbel,Centre,D07,Transport,92,78.86,0.330788804071247,1.1025641025641075,78.60333333333334
2019-06-01,Diourbel,Centre,D07,Transport,92,79.33,0.5959928988080065,1.328394430961799,78.92999999999999
2019-07-01,Diourbel,Centre,D07,Transport,92,79.22,-0.13866128828942115,1.5120451050743222,79.13666666666667
2019-08-01,Diourbel,Centre,D07,Transport,92,79.3,0.10098459984853037,1.6666666666666607,79.28333333333335
2019-09-01,Diourbel,Centre,D07,Transport,92,78.89,-0.5170239596469117,1.414063504306462,79.13666666666667
2019-10-01,Diourbel,Centre,D07,Transport,92,78.71,-0.22816580048169444,1.2868356710848072,78.96666666666665
2019-11-01,Diourbel,Centre,D07,Transport,92,78.42,-0.3684411129462495,1.2524209167204647,78.67333333333333
2019-12-01,Diourbel,Centre,D07,Transport,92,78.05,-0.4718184136699888,1.0486794407043032,78.39333333333333
2020-01-01,Diourbel,Centre,D07,Transport,92,79.72,2.1396540679051945,2.3494671973295578,78.73
2020-02-01,Diourbel,Centre,D07,Transport,92,79.91,0.23833416959357923,2.4881364627420854,79.22666666666667
2020-03-01,Diourbel,Centre,D07,Transport,92,80.52,0.7633587786259444,2.7696234843650247,80.05
2020-04-01,Diourbel,Centre,D07,Transport,92,80.92,0.4967709885742799,2.9516539440203715,80.45
2020-05-01,Diourbel,Centre,D07,Transport,92,81.56,0.7909045971329798,3.4237889931524323,81.0
2020-06-01,Diourbel,Centre,D07,Transport,92,81.96,0.49043648847473253,3.3152653472835025,81.48
2020-07-01,Diourbel,Centre,D07,Transport,92,82.35,0.47584187408491463,3.951022469073462,81.95666666666666
2020-08-01,Diourbel,Centre,D07,Transport,92,82.08,-0.3278688524590123,3.505674653215629,82.13
2020-09-01,Diourbel,Centre,D07,Transport,92,81.8,-0.3411306042884976,3.68868044112054,82.07666666666667
2020-10-01,Diourbel,Centre,D07,Transport,92,81.57,-0.2811735941320337,3.633591665607927,81.81666666666666
2020-11-01,Diourbel,Centre,D07,Transport,92,81.19,-0.4658575456662928,3.5322621780158103,81.52
2020-12-01,Diourbel,Centre,D07,Transport,92,80.89,-0.3695036334523949,3.6386931454196025,81.21666666666665
2021-01-01,Diourbel,Centre,D07,Transport,92,81.34,0.5563110396835214,2.032112393376817,81.14
2021-02-01,Diourbel,Centre,D07,Transport,92,81.83,0.6024096385542022,2.402703040921028,81.35333333333334
2021-03-01,Diourbel,Centre,D07,Transport,92,82.32,0.5988023952095745,2.235469448584193,81.83
2021-04-01,Diourbel,Centre,D07,Transport,92,83.14,0.9961127308066198,2.7434503213049855,82.42999999999999
2021-05-01,Diourbel,Centre,D07,Transport,92,83.68,0.6495068559057016,2.599313388916147,83.04666666666667
2021-06-01,Diourbel,Centre,D07,Transport,92,83.99,0.37045889101336993,2.4768179599804707,83.60333333333334
2021-07-01,Diourbel,Centre,D07,Transport,92,84.3,0.36909155851887476,2.3679417122040025,83.99000000000001
2021-08-01,Diourbel,Centre,D07,Transport,92,84.16,-0.16607354685647113,2.5341130604288553,84.14999999999999
2021-09-01,Diourbel,Centre,D07,Transport,92,84.23,0.08317490494298418,2.9706601466992666,84.23
2021-10-01,Diourbel,Centre,D07,Transport,92,83.85,-0.4511456725632357,2.795145273997801,84.08
2021-11-01,Diourbel,Centre,D07,Transport,92,83.95,0.11926058437687903,3.3994334277620553,84.00999999999999
2021-12-01,Diourbel,Centre,D07,Transport,92,83.85,-0.11911852293032821,3.659290394362702,83.88333333333333
2022-01-01,Diourbel,Centre,D07,Transport,92,86.37,3.005366726296965,6.18391935087288,84.72333333333334
2022-02-01,Diourbel,Centre,D07,Transport,92,87.76,1.6093551001505224,7.2467310277404495,85.99333333333334
2022-03-01,Diourbel,Centre,D07,Transport,92,89.27,1.7206016408386482,8.44266277939747,87.8
2022-04-01,Diourbel,Centre,D07,Transport,92,91.21,2.173182480116509,9.70651912436853,89.41333333333334
2022-05-01,Diourbel,Centre,D07,Transport,92,92.69,1.6226290976866675,10.767208413001894,91.05666666666666
2022-06-01,Diourbel,Centre,D07,Transport,92,94.25,1.6830294530154388,12.215739969043948,92.71666666666665
2022-07-01,Diourbel,Centre,D07,Transport,92,95.5,1.3262599469495928,13.285883748517202,94.14666666666666
2022-08-01,Diourbel,Centre,D07,Transport,92,96.06,0.5863874345549691,14.139733840304181,95.27
2022-09-01,Diourbel,Centre,D07,Transport,92,97.13,1.1138871538621586,15.315208358067188,96.23
2022-10-01,Diourbel,Centre,D07,Transport,92,97.64,0.5250694944919143,16.44603458556948,96.94333333333333
2022-11-01,Diourbel,Centre,D07,Transport,92,98.35,0.727160999590315,17.153067301965443,97.70666666666666
2022-12-01,Diourbel,Centre,D07,Transport,92,96.15,-2.236908998474818,14.66905187835421,97.38
2023-01-01,Diourbel,Centre,D07,Transport,92,96.32,0.17680707228286963,11.520203774458704,96.94
2023-02-01,Diourbel,Centre,D07,Transport,92,97.07,0.7786544850498345,10.608477666362791,96.51333333333332
2023-03-01,Diourbel,Centre,D07,Transport,92,98.21,1.1744102194292783,10.014562563011097,97.2
2023-04-01,Diourbel,Centre,D07,Transport,92,99.01,0.8145809998981957,8.551693893213486,98.09666666666668
2023-05-01,Diourbel,Centre,D07,Transport,92,99.95,0.9493990506009409,7.832560146725642,99.05666666666667
2023-06-01,Diourbel,Centre,D07,Transport,92,100.88,0.9304652326163065,7.034482758620686,99.94666666666667
2023-07-01,Diourbel,Centre,D07,Transport,92,101.07,0.18834258524980108,5.83246073298429,100.63333333333333
2023-08-01,Diourbel,Centre,D07,Transport,92,101.52,0.44523597506678225,5.683947532792,101.15666666666665
2023-09-01,Diourbel,Centre,D07,Transport,92,101.9,0.37431048069347383,4.910944095542069,101.49666666666667
2023-10-01,Diourbel,Centre,D07,Transport,92,102.51,0.5986261040235474,4.9877099549365145,101.97666666666667
2023-11-01,Diourbel,Centre,D07,Transport,92,102.23,-0.27314408350405106,3.9450940518556354,102.21333333333335
2023-12-01,Diourbel,Centre,D07,Transport,92,99.82,-2.3574293260295476,3.8169526781071106,101.52
2024-01-01,Diourbel,Centre,D07,Transport,92,98.87,-0.9517130835503762,2.647425249169455,100.30666666666667
2024-02-01,Diourbel,Centre,D07,Transport,92,99.37,0.5057145746940384,2.36942412691874,99.35333333333334
2024-03-01,Diourbel,Centre,D07,Transport,92,99.91,0.543423568481427,1.730984624783627,99.38333333333333
2024-04-01,Diourbel,Centre,D07,Transport,92,100.42,0.5104594134721196,1.4240985759014224,99.89999999999999
2024-05-01,Diourbel,Centre,D07,Transport,92,101.21,0.7866958773152577,1.2606303151575737,100.51333333333332
2024-06-01,Diourbel,Centre,D07,Transport,92,101.42,0.20748937851990945,0.5352894528152241,101.01666666666667
2024-07-01,Diourbel,Centre,D07,Transport,92,101.96,0.5324393610727673,0.8805778173543111,101.52999999999999
2024-08-01,Diourbel,Centre,D07,Transport,92,102.01,0.0490388387603069,0.4826635145784186,101.79666666666667
2024-09-01,Diourbel,Centre,D07,Transport,92,102.21,0.19605920988137182,0.3042198233562221,102.06
2024-10-01,Diourbel,Centre,D07,Transport,92,102.53,0.31308091184816256,0.019510291678859204,102.25
2024-11-01,Diourbel,Centre,D07,Transport,92,103.27,0.7217399785428569,1.0173139000293485,102.67
2024-12-01,Diourbel,Centre,D07,Transport,92,100.41,-2.7694393337852174,0.5910639150470853,102.07000000000001
2025-01-01,Diourbel,Centre,D07,Transport,92,100.21,-0.19918334827209172,1.355315060180029,101.29666666666667
2025-02-01,Diourbel,Centre,D07,Transport,92,100.69,0.47899411236402845,1.3283687229546093,100.43666666666667
2025-03-01,Diourbel,Centre,D07,Transport,92,101.85,1.1520508491409176,1.9417475728155331,100.91666666666667
2025-04-01,Diourbel,Centre,D07,Transport,92,102.55,0.6872852233676952,2.1210914160525673,101.69666666666667
2025-05-01,Diourbel,Centre,D07,Transport,92,103.19,0.6240858117991133,1.956328426044851,102.53000000000002
2025-06-01,Diourbel,Centre,D07,Transport,92,104.1,0.8818683981005826,2.6424768290278067,103.27999999999999
2025-07-01,Diourbel,Centre,D07,Transport,92,104.57,0.45148895292987934,2.5598273832875718,103.95333333333333
2025-08-01,Diourbel,Centre,D07,Transport,92,104.78,0.20082241560677172,2.715420056857165,104.48333333333333
2025-09-01,Diourbel,Centre,D07,Transport,92,105.48,0.6680664248902568,3.199295567948357,104.94333333333333
2025-10-01,Diourbel,Centre,D07,Transport,92,105.93,0.4266211604095682,3.316102604115878,105.39666666666666
2025-11-01,Diourbel,Centre,D07,Transport,92,106.32,0.368167657887275,2.9534230657499716,105.91000000000001
2025-12-01,Diourbel,Centre,D07,Transport,92,103.92,-2.2573363431151128,3.495667762175092,105.38999999999999
2026-01-01,Diourbel,Centre,D07,Transport,92,100.72,-3.0792917628945315,0.508931244386801,103.65333333333332
2026-02-01,Diourbel,Centre,D07,Transport,92,101.85,1.1219221604447993,1.1520508491409176,102.16333333333334
2026-03-01,Diourbel,Centre,D07,Transport,92,103.29,1.4138438880707094,1.4138438880707094,101.95333333333333
2026-04-01,Diourbel,Centre,D07,Transport,92,103.79,0.48407396650207435,1.2091662603608055,102.97666666666667
2026-05-01,Diourbel,Centre,D07,Transport,92,104.81,0.9827536371519452,1.569919565849398,103.96333333333332
2018-01-01,Kaolack,Centre-Sud,D07,Transport,92,77.5,,,77.5
2018-02-01,Kaolack,Centre-Sud,D07,Transport,92,77.48,-0.02580645161289752,,77.49000000000001
2018-03-01,Kaolack,Centre-Sud,D07,Transport,92,77.9,0.5420753742901407,,77.62666666666667
2018-04-01,Kaolack,Centre-Sud,D07,Transport,92,78.11,0.2695763799743123,,77.83
2018-05-01,Kaolack,Centre-Sud,D07,Transport,92,78.26,0.1920368710792486,,78.08999999999999
2018-06-01,Kaolack,Centre-Sud,D07,Transport,92,78.39,0.16611295681061566,,78.25333333333334
2018-07-01,Kaolack,Centre-Sud,D07,Transport,92,78.36,-0.038270187523925525,,78.33666666666666
2018-08-01,Kaolack,Centre-Sud,D07,Transport,92,78.17,-0.24247064828993858,,78.30666666666667
2018-09-01,Kaolack,Centre-Sud,D07,Transport,92,78.12,-0.06396315722143608,,78.21666666666667
2018-10-01,Kaolack,Centre-Sud,D07,Transport,92,77.91,-0.26881720430108613,,78.06666666666668
2018-11-01,Kaolack,Centre-Sud,D07,Transport,92,77.69,-0.2823771017841037,,77.90666666666667
2018-12-01,Kaolack,Centre-Sud,D07,Transport,92,77.56,-0.16733170292185795,,77.72
2019-01-01,Kaolack,Centre-Sud,D07,Transport,92,78.33,0.9927797833934937,1.0709677419354913,77.86
2019-02-01,Kaolack,Centre-Sud,D07,Transport,92,78.25,-0.10213200561726143,0.9938048528652432,78.04666666666667
2019-03-01,Kaolack,Centre-Sud,D07,Transport,92,78.48,0.2939297124600726,0.7445442875481323,78.35333333333334
2019-04-01,Kaolack,Centre-Sud,D07,Transport,92,79.03,0.7008154943934697,1.177826142619387,78.58666666666667
2019-05-01,Kaolack,Centre-Sud,D07,Transport,92,79.23,0.2530684550170914,1.2394582162023937,78.91333333333334
2019-06-01,Kaolack,Centre-Sud,D07,Transport,92,79.3,0.08835037233370091,1.1608623548922115,79.18666666666667
2019-07-01,Kaolack,Centre-Sud,D07,Transport,92,79.41,0.138713745271124,1.3399693721286354,79.31333333333333
2019-08-01,Kaolack,Centre-Sud,D07,Transport,92,79.34,-0.08815010703940862,1.496737878981702,79.35
2019-09-01,Kaolack,Centre-Sud,D07,Transport,92,79.14,-0.2520796571716666,1.3056835637480724,79.29666666666667
2019-10-01,Kaolack,Centre-Sud,D07,Transport,92,78.94,-0.25271670457417406,1.3220382492619809,79.14
2019-11-01,Kaolack,Centre-Sud,D07,Transport,92,78.93,-0.012667848999226017,1.5960870124855253,79.00333333333333
2019-12-01,Kaolack,Centre-Sud,D07,Transport,92,78.48,-0.5701254275940704,1.186178442496133,78.78333333333335
2020-01-01,Kaolack,Centre-Sud,D07,Transport,92,79.82,1.707441386340447,1.9022086046214692,79.07666666666667
2020-02-01,Kaolack,Centre-Sud,D07,Transport,92,79.92,0.12528188423954756,2.1341853035143687,79.40666666666668
2020-03-01,Kaolack,Centre-Sud,D07,Transport,92,80.56,0.800800800800805,2.650356778797147,80.10000000000001
2020-04-01,Kaolack,Centre-Sud,D07,Transport,92,81.34,0.9682224428997133,2.9229406554472925,80.60666666666667
2020-05-01,Kaolack,Centre-Sud,D07,Transport,92,81.81,0.5778214900417966,3.2563422945853793,81.23666666666666
2020-06-01,Kaolack,Centre-Sud,D07,Transport,92,81.7,-0.13445789023346366,3.0264817150063017,81.61666666666666
2020-07-01,Kaolack,Centre-Sud,D07,Transport,92,82.46,0.9302325581395321,3.8408260924316817,81.99
2020-08-01,Kaolack,Centre-Sud,D07,Transport,92,82.07499999999999,-0.4668930390492432,3.447189311822507,82.07833333333332
2020-09-01,Kaolack,Centre-Sud,D07,Transport,92,81.69,-0.4690831556503072,3.2221379833206942,82.07499999999999
2020-10-01,Kaolack,Centre-Sud,D07,Transport,92,81.76,0.08568980291345785,3.572333417785667,81.84166666666667
2020-11-01,Kaolack,Centre-Sud,D07,Transport,92,80.9,-1.0518590998043087,2.4958824274673663,81.45
2020-12-01,Kaolack,Centre-Sud,D07,Transport,92,81.09,0.23485784919654584,3.325688073394484,81.25000000000001
2021-01-01,Kaolack,Centre-Sud,D07,Transport,92,81.68,0.7275866321371449,2.3302430468554514,81.22333333333334
2021-02-01,Kaolack,Centre-Sud,D07,Transport,92,81.79,0.13467189030362814,2.3398398398398523,81.52
2021-03-01,Kaolack,Centre-Sud,D07,Transport,92,82.67,1.0759261523413555,2.619165839126114,82.04666666666667
2021-04-01,Kaolack,Centre-Sud,D07,Transport,92,83.36,0.834643764364329,2.483402999754114,82.60666666666667
2021-05-01,Kaolack,Centre-Sud,D07,Transport,92,83.86,0.5998080614203483,2.5058061361691752,83.29666666666667
2021-06-01,Kaolack,Centre-Sud,D07,Transport,92,84.39,0.632005723825424,3.292533659730723,83.87
2021-07-01,Kaolack,Centre-Sud,D07,Transport,92,84.42,0.03554923569142332,2.376910016977929,84.22333333333333
2021-08-01,Kaolack,Centre-Sud,D07,Transport,92,84.26,-0.18952854773749417,2.662199208041449,84.35666666666667
2021-09-01,Kaolack,Centre-Sud,D07,Transport,92,84.48,0.26109660574411553,3.4153507161219343,84.38666666666667
2021-10-01,Kaolack,Centre-Sud,D07,Transport,92,84.43,-0.05918560606060774,3.265655577299409,84.39
2021-11-01,Kaolack,Centre-Sud,D07,Transport,92,84.18,-0.2961032808243558,4.0543881334981435,84.36333333333334
2021-12-01,Kaolack,Centre-Sud,D07,Transport,92,83.71,-0.5583273936802247,3.23097792576148,84.10666666666667
2022-01-01,Kaolack,Centre-Sud,D07,Transport,92,86.06,2.807310954485742,5.362389813907931,84.64999999999999
2022-02-01,Kaolack,Centre-Sud,D07,Transport,92,87.66,1.8591680223100093,7.17691649345884,85.81
2022-03-01,Kaolack,Centre-Sud,D07,Transport,92,89.22,1.7796030116358663,7.923067618241197,87.64666666666666
2022-04-01,Kaolack,Centre-Sud,D07,Transport,92,91.19,2.208025106478373,9.392994241842612,89.35666666666667
2022-05-01,Kaolack,Centre-Sud,D07,Transport,92,93.0,1.9848667617063276,10.899117576913909,91.13666666666666
2022-06-01,Kaolack,Centre-Sud,D07,Transport,92,94.24,1.3333333333333197,11.671999052020364,92.81
2022-07-01,Kaolack,Centre-Sud,D07,Transport,92,95.61,1.4537351443123958,13.255152807391601,94.28333333333335
2022-08-01,Kaolack,Centre-Sud,D07,Transport,92,96.49,0.920405815291292,14.51459767386658,95.44666666666667
2022-09-01,Kaolack,Centre-Sud,D07,Transport,92,97.08,0.6114623277023501,14.91477272727273,96.39333333333333
2022-10-01,Kaolack,Centre-Sud,D07,Transport,92,97.78,0.721054800164822,15.811915196020365,97.11666666666666
2022-11-01,Kaolack,Centre-Sud,D07,Transport,92,98.06,0.2863571282470945,16.488477072938924,97.64
2022-12-01,Kaolack,Centre-Sud,D07,Transport,92,96.29,-1.805017336324699,15.02807310954488,97.37666666666667
2023-01-01,Kaolack,Centre-Sud,D07,Transport,92,96.3,0.010385294423076452,11.898675342784104,96.88333333333333
2023-02-01,Kaolack,Centre-Sud,D07,Transport,92,97.11,0.8411214953271129,10.780287474332662,96.56666666666666
2023-03-01,Kaolack,Centre-Sud,D07,Transport,92,98.08,0.9988672639275054,9.930508854516917,97.16333333333334
2023-04-01,Kaolack,Centre-Sud,D07,Transport,92,99.06,0.9991843393148514,8.630332273275588,98.08333333333333
2023-05-01,Kaolack,Centre-Sud,D07,Transport,92,100.03,0.9792045225116119,7.559139784946245,99.05666666666667
2023-06-01,Kaolack,Centre-Sud,D07,Transport,92,100.95,0.919724082775164,7.120118845500856,100.01333333333334
2023-07-01,Kaolack,Centre-Sud,D07,Transport,92,101.41,0.45567112431896817,6.066311055328932,100.79666666666667
2023-08-01,Kaolack,Centre-Sud,D07,Transport,92,101.43,0.019721920915105606,5.119701523473941,101.26333333333332
2023-09-01,Kaolack,Centre-Sud,D07,Transport,92,101.85,0.41407867494822614,4.913473423980208,101.56333333333333
2023-10-01,Kaolack,Centre-Sud,D07,Transport,92,102.08,0.22582228767795698,4.397627326651654,101.78666666666668
2023-11-01,Kaolack,Centre-Sud,D07,Transport,92,102.21,0.127351097178674,4.232102794207626,102.04666666666667
2023-12-01,Kaolack,Centre-Sud,D07,Transport,92,99.94,-2.2209177184228546,3.7906324644303657,101.41000000000001
2024-01-01,Kaolack,Centre-Sud,D07,Transport,92,98.89,-1.0506303782269355,2.689511941848388,100.34666666666668
2024-02-01,Kaolack,Centre-Sud,D07,Transport,92,99.4,0.5157245424208812,2.358150550921634,99.41000000000001
2024-03-01,Kaolack,Centre-Sud,D07,Transport,92,99.86,0.4627766599597516,1.8148450244698244,99.38333333333333
2024-04-01,Kaolack,Centre-Sud,D07,Transport,92,100.38,0.5207290206288739,1.332525741974555,99.88
2024-05-01,Kaolack,Centre-Sud,D07,Transport,92,100.98,0.597728631201444,0.9497150854743674,100.40666666666665
2024-06-01,Kaolack,Centre-Sud,D07,Transport,92,101.42,0.43572984749455923,0.46557701832590226,100.92666666666666
2024-07-01,Kaolack,Centre-Sud,D07,Transport,92,101.54,0.11831985801618039,0.12819248594813093,101.31333333333333
2024-08-01,Kaolack,Centre-Sud,D07,Transport,92,101.97,0.4234784321449636,0.5323868677905796,101.64333333333333
2024-09-01,Kaolack,Centre-Sud,D07,Transport,92,102.23,0.254976954006092,0.3730976926853202,101.91333333333334
2024-10-01,Kaolack,Centre-Sud,D07,Transport,92,102.68,0.44018389905116084,0.5877742946708508,102.29333333333334
2024-11-01,Kaolack,Centre-Sud,D07,Transport,92,102.79,0.10712894429294462,0.567459152724803,102.56666666666668
2024-12-01,Kaolack,Centre-Sud,D07,Transport,92,100.82,-1.9165288452184237,0.8805283169901923,102.09666666666668
2025-01-01,Kaolack,Centre-Sud,D07,Transport,92,100.11,-0.7042253521126751,1.2336940034381572,101.24000000000001
2025-02-01,Kaolack,Centre-Sud,D07,Transport,92,100.66,0.5493956647687481,1.2676056338028152,100.52999999999999
2025-03-01,Kaolack,Centre-Sud,D07,Transport,92,101.41,0.7450824557917679,1.552173042259164,100.72666666666665
2025-04-01,Kaolack,Centre-Sud,D07,Transport,92,102.12,0.7001281924859493,1.7334130304841766,101.39666666666666
2025-05-01,Kaolack,Centre-Sud,D07,Transport,92,103.5,1.3513513513513375,2.4955436720142554,102.34333333333332
2025-06-01,Kaolack,Centre-Sud,D07,Transport,92,104.2,0.6763285024154575,2.741076710707957,103.27333333333333
2025-07-01,Kaolack,Centre-Sud,D07,Transport,92,104.58,0.3646833013435602,2.993894031908595,104.09333333333332
2025-08-01,Kaolack,Centre-Sud,D07,Transport,92,104.67,0.0860585197934638,2.647837599293923,104.48333333333333
2025-09-01,Kaolack,Centre-Sud,D07,Transport,92,105.6,0.8885067354542864,3.2964883106719967,104.95
2025-10-01,Kaolack,Centre-Sud,D07,Transport,92,105.75,0.14204545454545858,2.989871445266834,105.33999999999999
2025-11-01,Kaolack,Centre-Sud,D07,Transport,92,106.18,0.40661938534278796,3.2979861854266046,105.84333333333332
2025-12-01,Kaolack,Centre-Sud,D07,Transport,92,104.12,-1.9401017140704524,3.273160087284288,105.35000000000001
2026-01-01,Kaolack,Centre-Sud,D07,Transport,92,100.75,-3.236650019208609,0.6392967735491029,103.68333333333334
2026-02-01,Kaolack,Centre-Sud,D07,Transport,92,102.13,1.3697270471463963,1.4603616133518793,102.33333333333333
2026-03-01,Kaolack,Centre-Sud,D07,Transport,92,103.29,1.135807304415959,1.8538605660191498,102.05666666666667
2026-04-01,Kaolack,Centre-Sud,D07,Transport,92,103.79,0.48407396650207435,1.6353309831570684,103.07000000000001
2026-05-01,Kaolack,Centre-Sud,D07,Transport,92,104.41,0.5973600539550983,0.879227053140097,103.83
2018-01-01,Kolda,Sud,D07,Transport,92,75.77,,,75.77
2018-02-01,Kolda,Sud,D07,Transport,92,75.74,-0.039593506664903355,,75.755
2018-03-01,Kolda,Sud,D07,Transport,92,76.0,0.3432796408766814,,75.83666666666666
2018-04-01,Kolda,Sud,D07,Transport,92,76.13,0.17105263157894957,,75.95666666666666
2018-05-01,Kolda,Sud,D07,Transport,92,76.54,0.5385524760278537,,76.22333333333334
2018-06-01,Kolda,Sud,D07,Transport,92,76.69,0.195975960282202,,76.45333333333333
2018-07-01,Kolda,Sud,D07,Transport,92,76.65,-0.05215803885773029,,76.62666666666667
2018-08-01,Kolda,Sud,D07,Transport,92,76.64,-0.013046314416187421,,76.66
2018-09-01,Kolda,Sud,D07,Transport,92,76.47,-0.2218162839248472,,76.58666666666667
2018-10-01,Kolda,Sud,D07,Transport,92,76.13,-0.4446188047600441,,76.41333333333334
2018-11-01,Kolda,Sud,D07,Transport,92,75.93,-0.26270852489161944,,76.17666666666666
2018-12-01,Kolda,Sud,D07,Transport,92,75.66,-0.35559067562229707,,75.90666666666667
2019-01-01,Kolda,Sud,D07,Transport,92,76.81,1.5199577055247326,1.3725748977167829,76.13333333333334
2019-02-01,Kolda,Sud,D07,Transport,92,76.78,-0.03905741439916843,1.3731185635067478,76.41666666666667
2019-03-01,Kolda,Sud,D07,Transport,92,76.94,0.20838760093773168,1.2368421052631584,76.84333333333333
2019-04-01,Kolda,Sud,D07,Transport,92,77.36,0.5458799064205877,1.615657428083539,77.02666666666666
2019-05-01,Kolda,Sud,D07,Transport,92,77.31,-0.0646328852119904,1.006009929448659,77.20333333333333
2019-06-01,Kolda,Sud,D07,Transport,92,77.46,0.19402405898329977,1.004042248011472,77.37666666666667
2019-07-01,Kolda,Sud,D07,Transport,92,77.79,0.4260263361735239,1.4872798434442336,77.52
2019-08-01,Kolda,Sud,D07,Transport,92,77.6,-0.244247332562042,1.2526096033402823,77.61666666666666
2019-09-01,Kolda,Sud,D07,Transport,92,77.52,-0.10309278350515427,1.373087485288349,77.63666666666667
2019-10-01,Kolda,Sud,D07,Transport,92,77.29,-0.29669762641897357,1.5237094443714794,77.47000000000001
2019-11-01,Kolda,Sud,D07,Transport,92,77.1,-0.24582740328633612,1.5408929276965466,77.30333333333333
2019-12-01,Kolda,Sud,D07,Transport,92,76.67,-0.5577172503242411,1.334919376156507,77.02
2020-01-01,Kolda,Sud,D07,Transport,92,78.23,2.0346941437328736,1.848717614893891,77.33333333333333
2020-02-01,Kolda,Sud,D07,Transport,92,78.59,0.46018151604243496,2.3573847356082256,77.83
2020-03-01,Kolda,Sud,D07,Transport,92,79.17,0.7380073800737907,2.8983623602807373,78.66333333333334
2020-04-01,Kolda,Sud,D07,Transport,92,79.68,0.6441834028040994,2.998965873836612,79.14666666666666
2020-05-01,Kolda,Sud,D07,Transport,92,80.52,1.0542168674698704,4.152114862242917,79.79
2020-06-01,Kolda,Sud,D07,Transport,92,80.86,0.4222553402881246,4.389362251484652,80.35333333333334
2020-07-01,Kolda,Sud,D07,Transport,92,81.23,0.45758100420481007,4.422162231649307,80.87
2020-08-01,Kolda,Sud,D07,Transport,92,80.75,-0.5909146866921122,4.059278350515472,80.94666666666667
2020-09-01,Kolda,Sud,D07,Transport,92,80.63,-0.148606811145513,4.011867905056765,80.87
2020-10-01,Kolda,Sud,D07,Transport,92,80.15,-0.5953119186406952,3.7003493336783544,80.50999999999999
2020-11-01,Kolda,Sud,D07,Transport,92,79.75,-0.49906425452277414,3.437094682230879,80.17666666666666
2020-12-01,Kolda,Sud,D07,Transport,92,79.59,-0.20062695924764062,3.808530063910265,79.83
2021-01-01,Kolda,Sud,D07,Transport,92,80.24,0.8166855132554218,2.5693467979036155,79.86
2021-02-01,Kolda,Sud,D07,Transport,92,80.38,0.17447657028912822,2.2776434660898293,80.07
2021-03-01,Kolda,Sud,D07,Transport,92,80.9,0.6469270962926155,2.185171150688392,80.50666666666667
2021-04-01,Kolda,Sud,D07,Transport,92,82.08,1.4585908529048064,3.0120481927710774,81.12
2021-05-01,Kolda,Sud,D07,Transport,92,82.72,0.7797270955165692,2.732240437158473,81.89999999999999
2021-06-01,Kolda,Sud,D07,Transport,92,83.35,0.7616054158607222,3.079396487756614,82.71666666666665
2021-07-01,Kolda,Sud,D07,Transport,92,83.28,-0.08398320335931686,2.523698141080888,83.11666666666667
2021-08-01,Kolda,Sud,D07,Transport,92,83.15,-0.15609990393851136,2.9721362229102155,83.25999999999999
2021-09-01,Kolda,Sud,D07,Transport,92,83.14,-0.012026458208058699,3.1129852412253634,83.19000000000001
2021-10-01,Kolda,Sud,D07,Transport,92,83.0,-0.16839066634591893,3.5558328134747352,83.09666666666668
2021-11-01,Kolda,Sud,D07,Transport,92,82.69,-0.373493975903616,3.6865203761755394,82.94333333333333
2021-12-01,Kolda,Sud,D07,Transport,92,82.93,0.29024065787883746,4.196507098881774,82.87333333333333
2022-01-01,Kolda,Sud,D07,Transport,92,85.48,3.074882430965875,6.530408773678964,83.7
2022-02-01,Kolda,Sud,D07,Transport,92,86.89,1.6495086569957795,8.099029609355558,85.10000000000001
2022-03-01,Kolda,Sud,D07,Transport,92,88.62,1.9910231326965233,9.542645241038317,86.99666666666667
2022-04-01,Kolda,Sud,D07,Transport,92,90.33,1.9295870006770466,10.051169590643273,88.61333333333333
2022-05-01,Kolda,Sud,D07,Transport,92,92.62,2.5351488984833415,11.968085106382986,90.52333333333333
2022-06-01,Kolda,Sud,D07,Transport,92,94.02,1.5115525804361818,12.801439712057583,92.32333333333334
2022-07-01,Kolda,Sud,D07,Transport,92,95.11,1.1593278025952003,14.205091258405368,93.91666666666667
2022-08-01,Kolda,Sud,D07,Transport,92,96.2,1.1460414257175922,15.694527961515337,95.11000000000001
2022-09-01,Kolda,Sud,D07,Transport,92,96.86,0.6860706860706722,16.50228530190041,96.05666666666667
2022-10-01,Kolda,Sud,D07,Transport,92,97.66,0.8259343382201134,17.662650602409634,96.90666666666665
2022-11-01,Kolda,Sud,D07,Transport,92,98.01,0.3583862379684666,18.527028661264964,97.50999999999999
2022-12-01,Kolda,Sud,D07,Transport,92,96.22,-1.8263442505866756,16.025563728445658,97.29666666666667
2023-01-01,Kolda,Sud,D07,Transport,92,96.0,-0.2286426938266417,12.30697239120262,96.74333333333334
2023-02-01,Kolda,Sud,D07,Transport,92,97.03,1.0729166666666679,11.669927494533328,96.41666666666667
2023-03-01,Kolda,Sud,D07,Transport,92,97.84,0.8347933628774618,10.403972015346419,96.95666666666666
2023-04-01,Kolda,Sud,D07,Transport,92,98.92,1.1038430089942652,9.509575999114372,97.93
2023-05-01,Kolda,Sud,D07,Transport,92,99.89,0.9805903760614632,7.849276614122225,98.88333333333333
2023-06-01,Kolda,Sud,D07,Transport,92,101.09,1.2013214535989691,7.519676664539476,99.96666666666665
2023-07-01,Kolda,Sud,D07,Transport,92,101.23,0.1384904540508547,6.434654610451052,100.73666666666666
2023-08-01,Kolda,Sud,D07,Transport,92,101.49,0.2568408574533221,5.498960498960481,101.27
2023-09-01,Kolda,Sud,D07,Transport,92,101.94,0.4433934377771287,5.244683047697696,101.55333333333333
2023-10-01,Kolda,Sud,D07,Transport,92,102.29,0.3433392191485307,4.740937947982804,101.90666666666665
2023-11-01,Kolda,Sud,D07,Transport,92,102.22,-0.06843288689022398,4.2954800530558,102.14999999999999
2023-12-01,Kolda,Sud,D07,Transport,92,99.81,-2.3576599491293204,3.7310330492621,101.44
2024-01-01,Kolda,Sud,D07,Transport,92,99.01,-0.8015228934976415,3.1354166666666794,100.34666666666665
2024-02-01,Kolda,Sud,D07,Transport,92,99.24,0.2322997677002281,2.277646088838492,99.35333333333334
2024-03-01,Kolda,Sud,D07,Transport,92,99.81,0.5743651753325363,2.0134914145543803,99.35333333333334
2024-04-01,Kolda,Sud,D07,Transport,92,100.48,0.6712754233042739,1.5770319450060688,99.84333333333332
2024-05-01,Kolda,Sud,D07,Transport,92,101.09,0.6070859872611356,1.2013214535989691,100.46
2024-06-01,Kolda,Sud,D07,Transport,92,101.46,0.3660104857057922,0.3660104857057922,101.00999999999999
2024-07-01,Kolda,Sud,D07,Transport,92,101.92,0.45338064261779554,0.6816161217030547,101.49000000000001
2024-08-01,Kolda,Sud,D07,Transport,92,102.21,0.28453689167973195,0.7094295004433926,101.86333333333333
2024-09-01,Kolda,Sud,D07,Transport,92,102.2,-0.00978377849524259,0.25505199136748313,102.11000000000001
2024-10-01,Kolda,Sud,D07,Transport,92,102.69,0.4794520547945158,0.39104506794407357,102.36666666666667
2024-11-01,Kolda,Sud,D07,Transport,92,102.88,0.18502288440938042,0.6456662101349986,102.58999999999999
2024-12-01,Kolda,Sud,D07,Transport,92,100.72,-2.0995334370139895,0.911732291353573,102.09666666666665
2025-01-01,Kolda,Sud,D07,Transport,92,100.16,-0.5559968228753043,1.1614988385011626,101.25333333333333
2025-02-01,Kolda,Sud,D07,Transport,92,100.73,0.5690894568690208,1.5014107214832872,100.53666666666668
2025-03-01,Kolda,Sud,D07,Transport,92,101.69,0.953042787650138,1.8835787997194542,100.86
2025-04-01,Kolda,Sud,D07,Transport,92,102.39,0.6883666043858705,1.9008757961783473,101.60333333333334
2025-05-01,Kolda,Sud,D07,Transport,92,103.35,0.9375915616759434,2.2356316153922196,102.47666666666665
2025-06-01,Kolda,Sud,D07,Transport,92,104.06,0.6869859700048497,2.5625862408831246,103.26666666666665
2025-07-01,Kolda,Sud,D07,Transport,92,104.66,0.5765904285988777,2.6883830455258995,104.02333333333333
2025-08-01,Kolda,Sud,D07,Transport,92,105.4,0.7070514045480758,3.1210253399863053,104.70666666666666
2025-09-01,Kolda,Sud,D07,Transport,92,105.6,0.1897533206830948,3.326810176125239,105.21999999999998
2025-10-01,Kolda,Sud,D07,Transport,92,106.33,0.6912878787878718,3.5446489434219464,105.77666666666666
2025-11-01,Kolda,Sud,D07,Transport,92,106.57,0.22571240477757826,3.5867029548989127,106.16666666666667
2025-12-01,Kolda,Sud,D07,Transport,92,104.31,-2.120671858872092,3.564336775218435,105.73666666666666
2026-01-01,Kolda,Sud,D07,Transport,92,100.54,-3.614226823890321,0.37939297124600646,103.80666666666667
2026-02-01,Kolda,Sud,D07,Transport,92,101.94,1.3924806047344251,1.201231013600701,102.26333333333334
2026-03-01,Kolda,Sud,D07,Transport,92,103.51,1.540121640180514,1.7897531714032855,101.99666666666667
2026-04-01,Kolda,Sud,D07,Transport,92,104.51,0.9660902328277432,2.0705146987010536,103.32000000000001
2026-05-01,Kolda,Sud,D07,Transport,92,104.95,0.4210123433164181,1.548137397194016,104.32333333333334
2018-01-01,Saint-Louis,Nord,D07,Transport,92,77.77,,,77.77
2018-02-01,Saint-Louis,Nord,D07,Transport,92,77.53,-0.30860228880029705,,77.65
2018-03-01,Saint-Louis,Nord,D07,Transport,92,77.86,0.4256416870888735,,77.72
2018-04-01,Saint-Louis,Nord,D07,Transport,92,78.19,0.42383765733366996,,77.86
2018-05-01,Saint-Louis,Nord,D07,Transport,92,78.47,0.35810205908684,,78.17333333333333
2018-06-01,Saint-Louis,Nord,D07,Transport,92,78.6,0.1656684083088944,,78.42
2018-07-01,Saint-Louis,Nord,D07,Transport,92,78.46,-0.17811704834606035,,78.50999999999999
2018-08-01,Saint-Louis,Nord,D07,Transport,92,78.35,-0.14019882742798417,,78.46999999999998
2018-09-01,Saint-Louis,Nord,D07,Transport,92,78.27,-0.10210593490745934,,78.36
2018-10-01,Saint-Louis,Nord,D07,Transport,92,78.18,-0.11498658489841329,,78.26666666666667
2018-11-01,Saint-Louis,Nord,D07,Transport,92,77.96,-0.28140189306730123,,78.13666666666666
2018-12-01,Saint-Louis,Nord,D07,Transport,92,77.56,-0.5130836326321053,,77.89999999999999
2019-01-01,Saint-Louis,Nord,D07,Transport,92,78.31,0.9669932955131522,0.6943551498006961,77.94333333333333
2019-02-01,Saint-Louis,Nord,D07,Transport,92,78.45,0.17877665687651145,1.1866374306719996,78.10666666666667
2019-03-01,Saint-Louis,Nord,D07,Transport,92,78.72,0.34416826003824674,1.1045466221422995,78.49333333333333
2019-04-01,Saint-Louis,Nord,D07,Transport,92,78.9,0.22865853658537993,0.9080445069702181,78.69000000000001
2019-05-01,Saint-Louis,Nord,D07,Transport,92,79.17,0.3422053231939115,0.8920606601248826,78.93
2019-06-01,Saint-Louis,Nord,D07,Transport,92,79.45,0.35366931918656697,1.0814249363867878,79.17333333333333
2019-07-01,Saint-Louis,Nord,D07,Transport,92,79.63,0.22655758338576693,1.491205709915877,79.41666666666667
2019-08-01,Saint-Louis,Nord,D07,Transport,92,79.41,-0.27627778475448617,1.352903637523939,79.49666666666666
2019-09-01,Saint-Louis,Nord,D07,Transport,92,79.34,-0.08815010703940862,1.3670627315702122,79.46
2019-10-01,Saint-Louis,Nord,D07,Transport,92,79.22,-0.15124779430299995,1.3302634944998726,79.32333333333334
2019-11-01,Saint-Louis,Nord,D07,Transport,92,78.68,-0.6816460489775245,0.9235505387378273,79.08
2019-12-01,Saint-Louis,Nord,D07,Transport,92,78.64,-0.050838840874434243,1.392470345538932,78.84666666666668
2020-01-01,Saint-Louis,Nord,D07,Transport,92,80.06,1.8056968463886047,2.2347082109564598,79.12666666666667
2020-02-01,Saint-Louis,Nord,D07,Transport,92,80.26,0.24981264051961993,2.307202039515621,79.65333333333334
2020-03-01,Saint-Louis,Nord,D07,Transport,92,80.74,0.5980563169698305,2.5660569105691033,80.35333333333334
2020-04-01,Saint-Louis,Nord,D07,Transport,92,81.51,0.95367847411445,3.3079847908745297,80.83666666666666
2020-05-01,Saint-Louis,Nord,D07,Transport,92,81.89,0.4662004662004504,3.435644814955152,81.38
2020-06-01,Saint-Louis,Nord,D07,Transport,92,82.54,0.7937477103431512,3.889238514789173,81.98
2020-07-01,Saint-Louis,Nord,D07,Transport,92,82.59,0.06057669008965316,3.717192013060422,82.34
2020-08-01,Saint-Louis,Nord,D07,Transport,92,82.34,-0.3027000847560246,3.68971162322127,82.49
2020-09-01,Saint-Louis,Nord,D07,Transport,92,82.16,-0.21860578090843186,3.5543231661204766,82.36333333333333
2020-10-01,Saint-Louis,Nord,D07,Transport,92,81.79,-0.45034079844205044,3.244130270133816,82.09666666666668
2020-11-01,Saint-Louis,Nord,D07,Transport,92,81.54,-0.30566083873334593,3.63497712252161,81.83
2020-12-01,Saint-Louis,Nord,D07,Transport,92,81.09,-0.551876379690952,3.11546286876907,81.47333333333334
2021-01-01,Saint-Louis,Nord,D07,Transport,92,81.87,0.9618941916389234,2.260804396702465,81.5
2021-02-01,Saint-Louis,Nord,D07,Transport,92,82.25,0.46415048247221424,2.479441814104155,81.73666666666666
2021-03-01,Saint-Louis,Nord,D07,Transport,92,82.87,0.7537993920972763,2.6380975972256637,82.33
2021-04-01,Saint-Louis,Nord,D07,Transport,92,83.25,0.4585495354169078,2.1347073978652764,82.79
2021-05-01,Saint-Louis,Nord,D07,Transport,92,84.09,1.009009009009021,2.6865307119306348,83.40333333333334
2021-06-01,Saint-Louis,Nord,D07,Transport,92,84.53,0.5232488999881157,2.4109522655682003,83.95666666666666
2021-07-01,Saint-Louis,Nord,D07,Transport,92,84.46,-0.08281083638945752,2.2641966339750352,84.36
2021-08-01,Saint-Louis,Nord,D07,Transport,92,84.8,0.40255742363248803,2.9876123390818465,84.59666666666666
2021-09-01,Saint-Louis,Nord,D07,Transport,92,84.645,-0.18278301886792692,3.024586173320354,84.63499999999999
2021-10-01,Saint-Louis,Nord,D07,Transport,92,84.49,-0.1831177269773776,3.3011370583200694,84.645
2021-11-01,Saint-Louis,Nord,D07,Transport,92,84.37,-0.14202864244288183,3.470689232278623,84.50166666666667
2021-12-01,Saint-Louis,Nord,D07,Transport,92,84.12,-0.29631385563588797,3.736588975212718,84.32666666666667
2022-01-01,Saint-Louis,Nord,D07,Transport,92,86.17,2.4369947693770877,5.252229143764509,84.88666666666667
2022-02-01,Saint-Louis,Nord,D07,Transport,92,87.64,1.7059301380990988,6.553191489361709,85.97666666666667
2022-03-01,Saint-Louis,Nord,D07,Transport,92,89.57,2.2021907804655294,8.084952334982498,87.79333333333334
2022-04-01,Saint-Louis,Nord,D07,Transport,92,91.19,1.8086412861449297,9.537537537537544,89.46666666666665
2022-05-01,Saint-Louis,Nord,D07,Transport,92,92.89,1.864239499945164,10.464977999762159,91.21666666666665
2022-06-01,Saint-Louis,Nord,D07,Transport,92,94.49,1.7224674346000501,11.78279900626995,92.85666666666667
2022-07-01,Saint-Louis,Nord,D07,Transport,92,95.63,1.2064768758598854,13.225195358749708,94.33666666666666
2022-08-01,Saint-Louis,Nord,D07,Transport,92,96.23,0.6274181742131235,13.478773584905678,95.45
2022-09-01,Saint-Louis,Nord,D07,Transport,92,97.12,0.9248675049360999,14.738023509953347,96.32666666666667
2022-10-01,Saint-Louis,Nord,D07,Transport,92,98.05,0.9575782537067479,16.049236596046867,97.13333333333333
2022-11-01,Saint-Louis,Nord,D07,Transport,92,98.21,0.16318204997449737,16.403935048002836,97.79333333333334
2022-12-01,Saint-Louis,Nord,D07,Transport,92,96.5,-1.7411668872823527,14.717070851165005,97.58666666666666
2023-01-01,Saint-Louis,Nord,D07,Transport,92,96.26,-0.248704663212429,11.70941162817687,96.99000000000001
2023-02-01,Saint-Louis,Nord,D07,Transport,92,97.2,0.9765219198005326,10.908261068005487,96.65333333333335
2023-03-01,Saint-Louis,Nord,D07,Transport,92,98.2,1.0288065843621297,9.634922407055946,97.22000000000001
2023-04-01,Saint-Louis,Nord,D07,Transport,92,99.14,0.95723014256619,8.718061190920068,98.18
2023-05-01,Saint-Louis,Nord,D07,Transport,92,100.2,1.0691950776679393,7.869523091829045,99.18
2023-06-01,Saint-Louis,Nord,D07,Transport,92,100.72,0.5189620758482949,6.593290295269338,100.02
2023-07-01,Saint-Louis,Nord,D07,Transport,92,101.42,0.6949960285941303,6.054585381156552,100.78000000000002
2023-08-01,Saint-Louis,Nord,D07,Transport,92,101.31,-0.10845986984815426,5.279019016938591,101.14999999999999
2023-09-01,Saint-Louis,Nord,D07,Transport,92,101.82,0.5034053893988588,4.83937397034595,101.51666666666667
2023-10-01,Saint-Louis,Nord,D07,Transport,92,102.13,0.30445884894911845,4.161142274349827,101.75333333333333
2023-11-01,Saint-Louis,Nord,D07,Transport,92,102.36,0.22520317242731291,4.2256389369718095,102.10333333333331
2023-12-01,Saint-Louis,Nord,D07,Transport,92,99.91,-2.3935130910511915,3.533678756476677,101.46666666666665
2024-01-01,Saint-Louis,Nord,D07,Transport,92,98.85,-1.060954859373442,2.690629544982337,100.37333333333333
2024-02-01,Saint-Louis,Nord,D07,Transport,92,99.15,0.3034901365705833,2.0061728395061706,99.30333333333333
2024-03-01,Saint-Louis,Nord,D07,Transport,92,99.99,0.8472012102874293,1.822810590631363,99.33
2024-04-01,Saint-Louis,Nord,D07,Transport,92,100.45,0.4600460046004784,1.321363728061331,99.86333333333334
2024-05-01,Saint-Louis,Nord,D07,Transport,92,101.19,0.7366849178695789,0.9880239520958067,100.54333333333334
2024-06-01,Saint-Louis,Nord,D07,Transport,92,101.48,0.2865895839509802,0.7545671167593415,101.04
2024-07-01,Saint-Louis,Nord,D07,Transport,92,101.76,0.27591643673630095,0.3352395977124889,101.47666666666667
2024-08-01,Saint-Louis,Nord,D07,Transport,92,102.04,0.27515723270439274,0.720560655414082,101.76
2024-09-01,Saint-Louis,Nord,D07,Transport,92,102.11,0.06860054880437616,0.2848163425653194,101.96999999999998
2024-10-01,Saint-Louis,Nord,D07,Transport,92,102.58,0.460287924786984,0.4406149025751427,102.24333333333334
2024-11-01,Saint-Louis,Nord,D07,Transport,92,102.74,0.1559758237473119,0.371238765142623,102.47666666666665
2024-12-01,Saint-Louis,Nord,D07,Transport,92,100.78,-1.9077282460580047,0.8707837053347989,102.03333333333335
2025-01-01,Saint-Louis,Nord,D07,Transport,92,100.03,-0.7441952768406424,1.1937278705108856,101.18333333333334
2025-02-01,Saint-Louis,Nord,D07,Transport,92,100.73,0.6997900629811094,1.5935451336358986,100.51333333333334
2025-03-01,Saint-Louis,Nord,D07,Transport,92,101.56,0.8239849101558505,1.5701570157015787,100.77333333333333
2025-04-01,Saint-Louis,Nord,D07,Transport,92,102.2,0.6301693580149648,1.7421602787456525,101.49666666666667
2025-05-01,Saint-Louis,Nord,D07,Transport,92,103.28,1.0567514677103595,2.065421484336394,102.34666666666665
2025-06-01,Saint-Louis,Nord,D07,Transport,92,104.2,0.8907823392718894,2.680331099724076,103.22666666666667
2025-07-01,Saint-Louis,Nord,D07,Transport,92,104.37,0.16314779270634183,2.5648584905660465,103.95
2025-08-01,Saint-Louis,Nord,D07,Transport,92,104.83,0.4407396761521465,2.734221873774989,104.46666666666665
2025-09-01,Saint-Louis,Nord,D07,Transport,92,104.82,-0.009539254030344058,2.6540005876015904,104.67333333333333
2025-10-01,Saint-Louis,Nord,D07,Transport,92,105.75,0.887235260446495,3.0902710079937723,105.13333333333333
2025-11-01,Saint-Louis,Nord,D07,Transport,92,106.12,0.34988179669031005,3.2898578937123,105.56333333333333
2025-12-01,Saint-Louis,Nord,D07,Transport,92,103.73,-2.252167357708257,2.92716808890654,105.2
2026-01-01,Saint-Louis,Nord,D07,Transport,92,100.8,-2.8246408946302926,0.7697690692792136,103.55
2026-02-01,Saint-Louis,Nord,D07,Transport,92,101.73,0.9226190476190554,0.992752903802252,102.08666666666666
2026-03-01,Saint-Louis,Nord,D07,Transport,92,103.19,1.4351715324879555,1.6049625836943582,101.90666666666665
2026-04-01,Saint-Louis,Nord,D07,Transport,92,103.76,0.5523791065025652,1.5264187866927514,102.89333333333333
2026-05-01,Saint-Louis,Nord,D07,Transport,92,104.16,0.38550501156513484,0.8520526723470034,103.70333333333333
2018-01-01,Thiès,Centre-Ouest,D07,Transport,92,78.3,,,78.3
2018-02-01,Thiès,Centre-Ouest,D07,Transport,92,78.36,0.07662835249042654,,78.33
2018-03-01,Thiès,Centre-Ouest,D07,Transport,92,78.48,0.15313935681471325,,78.38
2018-04-01,Thiès,Centre-Ouest,D07,Transport,92,78.86,0.4841997961263944,,78.56666666666666
2018-05-01,Thiès,Centre-Ouest,D07,Transport,92,79.06,0.2536139994927744,,78.8
2018-06-01,Thiès,Centre-Ouest,D07,Transport,92,79.17,0.1391348343030563,,79.03000000000002
2018-07-01,Thiès,Centre-Ouest,D07,Transport,92,79.15,-0.025262094227607168,,79.12666666666667
2018-08-01,Thiès,Centre-Ouest,D07,Transport,92,79.25,0.12634238787112562,,79.19
2018-09-01,Thiès,Centre-Ouest,D07,Transport,92,78.95,-0.3785488958990446,,79.11666666666666
2018-10-01,Thiès,Centre-Ouest,D07,Transport,92,78.71,-0.3039898670044394,,78.96999999999998
2018-11-01,Thiès,Centre-Ouest,D07,Transport,92,78.53,-0.22868758734594374,,78.73
2018-12-01,Thiès,Centre-Ouest,D07,Transport,92,78.57,0.05093594804532753,,78.60333333333334
2019-01-01,Thiès,Centre-Ouest,D07,Transport,92,78.9,0.4200076365024952,0.766283524904221,78.66666666666667
2019-02-01,Thiès,Centre-Ouest,D07,Transport,92,79.25,0.44359949302914536,1.1357835630423585,78.90666666666665
2019-03-01,Thiès,Centre-Ouest,D07,Transport,92,79.16,-0.11356466876971671,0.8664627930682789,79.10333333333334
2019-04-01,Thiès,Centre-Ouest,D07,Transport,92,79.69,0.6695300656897496,1.052498097895005,79.36666666666667
2019-05-01,Thiès,Centre-Ouest,D07,Transport,92,80.13,0.5521395407202867,1.3534024791297616,79.66000000000001
2019-06-01,Thiès,Centre-Ouest,D07,Transport,92,80.2,0.08735804317985263,1.3009978527219968,80.00666666666666
2019-07-01,Thiès,Centre-Ouest,D07,Transport,92,80.24,0.04987531172069293,1.3771320277953025,80.19
2019-08-01,Thiès,Centre-Ouest,D07,Transport,92,80.08,-0.1994017946161497,1.047318611987369,80.17333333333333
2019-09-01,Thiès,Centre-Ouest,D07,Transport,92,79.96,-0.14985014985015033,1.2792906903103196,80.09333333333332
2019-10-01,Thiès,Centre-Ouest,D07,Transport,92,79.67,-0.3626813406703233,1.2196671325117592,79.90333333333332
2019-11-01,Thiès,Centre-Ouest,D07,Transport,92,79.36,-0.3891050583657574,1.0569209219406517,79.66333333333334
2019-12-01,Thiès,Centre-Ouest,D07,Transport,92,79.25,-0.138608870967738,0.8654702812778581,79.42666666666668
2020-01-01,Thiès,Centre-Ouest,D07,Transport,92,80.55,1.6403785488958933,2.091254752851701,79.72
2020-02-01,Thiès,Centre-Ouest,D07,Transport,92,80.79,0.2979515828678059,1.94321766561516,80.19666666666667
2020-03-01,Thiès,Centre-Ouest,D07,Transport,92,81.27,0.5941329372447068,2.6654876200101096,80.87
2020-04-01,Thiès,Centre-Ouest,D07,Transport,92,81.75,0.5906238464377989,2.585016940645013,81.27
2020-05-01,Thiès,Centre-Ouest,D07,Transport,92,82.51,0.929663608562703,2.9701734681143233,81.84333333333332
2020-06-01,Thiès,Centre-Ouest,D07,Transport,92,82.99,0.5817476669494503,3.4788029925187036,82.41666666666667
2020-07-01,Thiès,Centre-Ouest,D07,Transport,92,83.08,0.10844680081938396,3.539381854436696,82.86
2020-08-01,Thiès,Centre-Ouest,D07,Transport,92,83.02,-0.07221954742416825,3.6713286713286664,83.03
2020-09-01,Thiès,Centre-Ouest,D07,Transport,92,82.64,-0.4577210310768409,3.351675837918977,82.91333333333334
2020-10-01,Thiès,Centre-Ouest,D07,Transport,92,82.34,-0.3630203291384304,3.35132421237605,82.66666666666667
2020-11-01,Thiès,Centre-Ouest,D07,Transport,92,81.99,-0.425066796210849,3.314012096774177,82.32333333333334
2020-12-01,Thiès,Centre-Ouest,D07,Transport,92,81.7,-0.353701670935469,3.09148264984227,82.00999999999999
2021-01-01,Thiès,Centre-Ouest,D07,Transport,92,82.32,0.7588739290085522,2.19739292364991,82.00333333333333
2021-02-01,Thiès,Centre-Ouest,D07,Transport,92,83.05,0.8867832847424761,2.797375912860489,82.35666666666667
2021-03-01,Thiès,Centre-Ouest,D07,Transport,92,83.41499999999999,0.43949428055387596,2.639350313768918,82.92833333333333
2021-04-01,Thiès,Centre-Ouest,D07,Transport,92,83.78,0.43757118024336794,2.483180428134557,83.41499999999999
2021-05-01,Thiès,Centre-Ouest,D07,Transport,92,84.49,0.8474576271186418,2.399709126166516,83.895
2021-06-01,Thiès,Centre-Ouest,D07,Transport,92,84.95,0.5444431293644358,2.3617303289553027,84.40666666666667
2021-07-01,Thiès,Centre-Ouest,D07,Transport,92,84.89,-0.07062978222484029,2.178623013962455,84.77666666666666
2021-08-01,Thiès,Centre-Ouest,D07,Transport,92,85.24,0.41229826834725536,2.674054444712115,85.02666666666666
2021-09-01,Thiès,Centre-Ouest,D07,Transport,92,84.98,-0.30502111684653777,2.8315585672797683,85.03666666666668
2021-10-01,Thiès,Centre-Ouest,D07,Transport,92,84.68,-0.353024240997879,2.841875151809581,84.96666666666668
2021-11-01,Thiès,Centre-Ouest,D07,Transport,92,84.81,0.15351913084553637,3.4394438346139866,84.82333333333334
2021-12-01,Thiès,Centre-Ouest,D07,Transport,92,84.65,-0.18865699799551772,3.6107711138311016,84.71333333333332
2022-01-01,Thiès,Centre-Ouest,D07,Transport,92,86.62,2.3272297696396826,5.22351797862004,85.36
2022-02-01,Thiès,Centre-Ouest,D07,Transport,92,88.47,2.1357654121449965,6.526189042745334,86.58
2022-03-01,Thiès,Centre-Ouest,D07,Transport,92,89.93,1.6502769300327902,7.810345861056178,88.34000000000002
2022-04-01,Thiès,Centre-Ouest,D07,Transport,92,91.52,1.7680418102968831,9.238481737884928,89.97333333333334
2022-05-01,Thiès,Centre-Ouest,D07,Transport,92,93.44,2.0979020979021046,10.592969582199085,91.63
2022-06-01,Thiès,Centre-Ouest,D07,Transport,92,94.68,1.3270547945205546,11.453796350794597,93.21333333333332
2022-07-01,Thiès,Centre-Ouest,D07,Transport,92,95.66,1.0350654837346651,12.68700671457179,94.59333333333332
2022-08-01,Thiès,Centre-Ouest,D07,Transport,92,96.45,0.8258415220572912,13.151102768653233,95.59666666666668
2022-09-01,Thiès,Centre-Ouest,D07,Transport,92,97.36,0.9434940383618473,14.568133678512595,96.49000000000001
2022-10-01,Thiès,Centre-Ouest,D07,Transport,92,97.96,0.6162695152013065,15.682569674067048,97.25666666666666
2022-11-01,Thiès,Centre-Ouest,D07,Transport,92,98.42,0.46957942017151755,16.04763589199387,97.91333333333334
2022-12-01,Thiès,Centre-Ouest,D07,Transport,92,96.37,-2.0829099776468185,13.8452451269935,97.58333333333333
2023-01-01,Thiès,Centre-Ouest,D07,Transport,92,96.46,0.09339005914703602,11.359963057030686,97.08333333333333
2023-02-01,Thiès,Centre-Ouest,D07,Transport,92,97.19,0.756790379431882,9.856448513620442,96.67333333333333
2023-03-01,Thiès,Centre-Ouest,D07,Transport,92,97.9,0.7305278320814956,8.862448571110871,97.18333333333334
2023-04-01,Thiès,Centre-Ouest,D07,Transport,92,98.84,0.9601634320735464,7.99825174825175,97.97666666666667
2023-05-01,Thiès,Centre-Ouest,D07,Transport,92,100.15,1.3253743423715214,7.181078767123306,98.96333333333335
2023-06-01,Thiès,Centre-Ouest,D07,Transport,92,100.48,0.32950574138792543,6.125897760878751,99.82333333333334
2023-07-01,Thiès,Centre-Ouest,D07,Transport,92,101.24,0.7563694267515908,5.833159105164132,100.62333333333333
2023-08-01,Thiès,Centre-Ouest,D07,Transport,92,101.32,0.0790201501382759,5.049248315189203,101.01333333333332
2023-09-01,Thiès,Centre-Ouest,D07,Transport,92,101.93,0.6020529016976139,4.693919474116681,101.49666666666667
2023-10-01,Thiès,Centre-Ouest,D07,Transport,92,101.95,0.019621308741291088,4.0730910575745405,101.73333333333333
2023-11-01,Thiès,Centre-Ouest,D07,Transport,92,102.32,0.36292300147129364,3.962609225767122,102.06666666666666
2023-12-01,Thiès,Centre-Ouest,D07,Transport,92,99.8,-2.4628616106333046,3.559198920825968,101.35666666666667
2024-01-01,Thiès,Centre-Ouest,D07,Transport,92,99.03,-0.7715430861723438,2.664316815260226,100.38333333333333
2024-02-01,Thiès,Centre-Ouest,D07,Transport,92,99.48,0.4544077552256942,2.3562094865726912,99.43666666666667
2024-03-01,Thiès,Centre-Ouest,D07,Transport,92,99.79,0.31162042621633024,1.9305413687436213,99.43333333333334
2024-04-01,Thiès,Centre-Ouest,D07,Transport,92,100.56,0.7716204028459739,1.7401861594496193,99.94333333333334
2024-05-01,Thiès,Centre-Ouest,D07,Transport,92,100.84,0.27844073190135266,0.6889665501747411,100.39666666666666
2024-06-01,Thiès,Centre-Ouest,D07,Transport,92,101.49,0.6445854819515873,1.0051751592356606,100.96333333333332
2024-07-01,Thiès,Centre-Ouest,D07,Transport,92,101.86,0.36456793772785545,0.6124061635717215,101.39666666666666
2024-08-01,Thiès,Centre-Ouest,D07,Transport,92,101.94,0.07853917141174005,0.6119226213975537,101.76333333333334
2024-09-01,Thiès,Centre-Ouest,D07,Transport,92,102.4,0.45124583088091974,0.461100755420385,102.06666666666666
2024-10-01,Thiès,Centre-Ouest,D07,Transport,92,102.34,-0.05859375000000222,0.3825404610102945,102.22666666666667
2024-11-01,Thiès,Centre-Ouest,D07,Transport,92,102.55,0.20519835841312783,0.22478498827209759,102.42999999999999
2024-12-01,Thiès,Centre-Ouest,D07,Transport,92,100.36,-2.1355436372501146,0.5611222444889874,101.75
2025-01-01,Thiès,Centre-Ouest,D07,Transport,92,100.26,-0.09964129135112687,1.2420478642835464,101.05666666666666
2025-02-01,Thiès,Centre-Ouest,D07,Transport,92,100.84,0.5784959106323484,1.3671089666264624,100.48666666666668
2025-03-01,Thiès,Centre-Ouest,D07,Transport,92,101.51,0.6644188813962781,1.7236196011624294,100.87
2025-04-01,Thiès,Centre-Ouest,D07,Transport,92,102.12,0.6009260171411679,1.5513126491646823,101.49000000000001
2025-05-01,Thiès,Centre-Ouest,D07,Transport,92,103.26,1.1163337250293726,2.399841332804442,102.29666666666667
2025-06-01,Thiès,Centre-Ouest,D07,Transport,92,103.64,0.3680030989734684,2.1184353138240297,103.00666666666667
2025-07-01,Thiès,Centre-Ouest,D07,Transport,92,104.5,0.8297954457738399,2.591792656587466,103.80000000000001
2025-08-01,Thiès,Centre-Ouest,D07,Transport,92,105.08,0.555023923444975,3.080243280361006,104.40666666666668
2025-09-01,Thiès,Centre-Ouest,D07,Transport,92,105.16,0.07613247049866878,2.695312499999991,104.91333333333334
2025-10-01,Thiès,Centre-Ouest,D07,Transport,92,105.68,0.4944845949030219,3.263631033808867,105.30666666666667
2025-11-01,Thiès,Centre-Ouest,D07,Transport,92,105.91,0.21763815291444555,3.2764505119453835,105.58333333333333
2025-12-01,Thiès,Centre-Ouest,D07,Transport,92,103.46,-2.313284864507603,3.0888800318852105,105.01666666666667
2026-01-01,Thiès,Centre-Ouest,D07,Transport,92,100.53,-2.8320123719311696,0.2692998204667729,103.3
2026-02-01,Thiès,Centre-Ouest,D07,Transport,92,101.56,1.0245697801651188,0.7140023800079387,101.85000000000001
2026-03-01,Thiès,Centre-Ouest,D07,Transport,92,102.9,1.3194170933438443,1.3693232193872529,101.66333333333334
2026-04-01,Thiès,Centre-Ouest,D07,Transport,92,103.97,1.0398445092322683,1.8115942028985366,102.81
2026-05-01,Thiès,Centre-Ouest,D07,Transport,92,104.37,0.38472636337405497,1.0749564206856466,103.74666666666667
2018-01-01,Dakar,Ouest,D08,Communication,35,94.0,,,94.0
2018-02-01,Dakar,Ouest,D08,Communication,35,94.24,0.2553191489361728,,94.12
2018-03-01,Dakar,Ouest,D08,Communication,35,94.22,-0.021222410865873176,,94.15333333333332
2018-04-01,Dakar,Ouest,D08,Communication,35,94.4,0.19104224156230032,,94.28666666666668
2018-05-01,Dakar,Ouest,D08,Communication,35,94.5,0.10593220338981357,,94.37333333333333
2018-06-01,Dakar,Ouest,D08,Communication,35,94.64,0.1481481481481417,,94.51333333333334
2018-07-01,Dakar,Ouest,D08,Communication,35,94.67,0.0316990701606068,,94.60333333333334
2018-08-01,Dakar,Ouest,D08,Communication,35,94.3,-0.3908313087567339,,94.53666666666668
2018-09-01,Dakar,Ouest,D08,Communication,35,94.56,0.2757158006362781,,94.50999999999999
2018-10-01,Dakar,Ouest,D08,Communication,35,94.19,-0.3912859560067705,,94.34999999999998
2018-11-01,Dakar,Ouest,D08,Communication,35,93.98,-0.22295360441659806,,94.24333333333334
2018-12-01,Dakar,Ouest,D08,Communication,35,94.135,0.16492870823578976,,94.10166666666667
2019-01-01,Dakar,Ouest,D08,Communication,35,94.29,0.16465714133957476,0.3085106382978875,94.135
2019-02-01,Dakar,Ouest,D08,Communication,35,94.23,-0.0636334712058595,-0.010611205432931037,94.21833333333332
2019-03-01,Dakar,Ouest,D08,Communication,35,94.57,0.3608192719940506,0.3714710252600284,94.36333333333334
2019-04-01,Dakar,Ouest,D08,Communication,35,94.41,-0.16918684572274634,0.010593220338983578,94.40333333333332
2019-05-01,Dakar,Ouest,D08,Communication,35,94.7,0.30717085054550175,0.2116402116402183,94.56
2019-06-01,Dakar,Ouest,D08,Communication,35,94.78,0.08447729672649285,0.14792899408284654,94.63
2019-07-01,Dakar,Ouest,D08,Communication,35,94.89,0.11605824013505295,0.232386183585076,94.79
2019-08-01,Dakar,Ouest,D08,Communication,35,94.9,0.010538518284342047,0.6362672322375529,94.85666666666668
2019-09-01,Dakar,Ouest,D08,Communication,35,94.6,-0.31612223393046035,0.04230118443315778,94.79666666666667
2019-10-01,Dakar,Ouest,D08,Communication,35,94.7,0.10570824524314126,0.5414587535831794,94.73333333333333
2019-11-01,Dakar,Ouest,D08,Communication,35,94.46,-0.25343189017952295,0.5107469674398679,94.58666666666666
2019-12-01,Dakar,Ouest,D08,Communication,35,94.09,-0.3917001905568429,-0.04780368619535791,94.41666666666667
2020-01-01,Dakar,Ouest,D08,Communication,35,94.41,0.3400999043468911,0.12726694241169678,94.32000000000001
2020-02-01,Dakar,Ouest,D08,Communication,35,94.81,0.423683931786889,0.6155152286957399,94.43666666666667
2020-03-01,Dakar,Ouest,D08,Communication,35,94.98,0.17930598038182755,0.43354129216455206,94.73333333333333
2020-04-01,Dakar,Ouest,D08,Communication,35,95.22,0.25268477574225123,0.8579599618684375,95.00333333333333
2020-05-01,Dakar,Ouest,D08,Communication,35,95.46,0.2520478890989164,0.802534318901782,95.21999999999998
2020-06-01,Dakar,Ouest,D08,Communication,35,95.68,0.2304630211606984,0.9495674192867787,95.45333333333333
2020-07-01,Dakar,Ouest,D08,Communication,35,95.83,0.15677257525081867,0.9906207187269533,95.65666666666668
2020-08-01,Dakar,Ouest,D08,Communication,35,95.47,-0.37566524053010975,0.6006322444678469,95.66000000000001
2020-09-01,Dakar,Ouest,D08,Communication,35,95.33,-0.14664292447889027,0.7716701902748424,95.54333333333334
2020-10-01,Dakar,Ouest,D08,Communication,35,95.17,-0.16783803629497607,0.4963041182682204,95.32333333333334
2020-11-01,Dakar,Ouest,D08,Communication,35,95.2,0.031522538615114115,0.783400381113708,95.23333333333333
2020-12-01,Dakar,Ouest,D08,Communication,35,95.21,0.010504201680672232,1.190349665214141,95.19333333333333
2021-01-01,Dakar,Ouest,D08,Communication,35,95.15,-0.06301859048417624,0.7838152738057547,95.18666666666667
2021-02-01,Dakar,Ouest,D08,Communication,35,94.98,-0.17866526537047012,0.17930598038182755,95.11333333333334
2021-03-01,Dakar,Ouest,D08,Communication,35,95.29,0.3263845020004208,0.3263845020004208,95.14
2021-04-01,Dakar,Ouest,D08,Communication,35,95.65,0.37779410221430165,0.45158580130224557,95.30666666666667
2021-05-01,Dakar,Ouest,D08,Communication,35,95.92,0.2822791427077753,0.48187722606327643,95.62
2021-06-01,Dakar,Ouest,D08,Communication,35,96.13,0.2189324437030793,0.4703177257525004,95.89999999999999
2021-07-01,Dakar,Ouest,D08,Communication,35,96.25,0.12483095807760414,0.43827611395179655,96.10000000000001
2021-08-01,Dakar,Ouest,D08,Communication,35,96.18,-0.07272727272726875,0.7436891170001125,96.18666666666667
2021-09-01,Dakar,Ouest,D08,Communication,35,96.29,0.11436889166147601,1.0070282177698564,96.24000000000001
2021-10-01,Dakar,Ouest,D08,Communication,35,95.92,-0.3842558936545948,0.7880634653777419,96.13
2021-11-01,Dakar,Ouest,D08,Communication,35,95.78,-0.14595496246871953,0.6092436974789894,95.99666666666667
2021-12-01,Dakar,Ouest,D08,Communication,35,95.9,0.12528711630821476,0.724713790568221,95.86666666666667
2022-01-01,Dakar,Ouest,D08,Communication,35,96.19,0.3023983315953993,1.0930110352075584,95.95666666666666
2022-02-01,Dakar,Ouest,D08,Communication,35,96.89,0.7277263748830531,2.010949673615503,96.32666666666667
2022-03-01,Dakar,Ouest,D08,Communication,35,97.33,0.4541232325317335,2.140833245880991,96.80333333333333
2022-04-01,Dakar,Ouest,D08,Communication,35,97.83,0.5137162231583225,2.279142707788795,97.35000000000001
2022-05-01,Dakar,Ouest,D08,Communication,35,98.61,0.7973014412756774,2.804420350291914,97.92333333333333
2022-06-01,Dakar,Ouest,D08,Communication,35,98.71,0.10140959334752342,2.6838655986684667,98.38333333333333
2022-07-01,Dakar,Ouest,D08,Communication,35,99.39,0.6888866376253633,3.2623376623376554,98.90333333333335
2022-08-01,Dakar,Ouest,D08,Communication,35,99.26,-0.13079786698863005,3.2023289665211063,99.12
2022-09-01,Dakar,Ouest,D08,Communication,35,99.24,-0.02014910336490816,3.063661854813571,99.29666666666667
2022-10-01,Dakar,Ouest,D08,Communication,35,99.54,0.30229746070133956,3.773978315262716,99.34666666666668
2022-11-01,Dakar,Ouest,D08,Communication,35,99.43,-0.11050833835644092,3.8108164543746215,99.40333333333335
2022-12-01,Dakar,Ouest,D08,Communication,35,98.91,-0.5229809916524331,3.1386861313868586,99.29333333333334
2023-01-01,Dakar,Ouest,D08,Communication,35,99.01,0.1011020119300543,2.9316976816716966,99.11666666666667
2023-02-01,Dakar,Ouest,D08,Communication,35,99.24,0.2322997677002281,2.4254309010217634,99.05333333333333
2023-03-01,Dakar,Ouest,D08,Communication,35,99.35,0.1108424022571608,2.0754135415596453,99.2
2023-04-01,Dakar,Ouest,D08,Communication,35,99.9,0.5535983895319729,2.1159153633854677,99.49666666666667
2023-05-01,Dakar,Ouest,D08,Communication,35,100.26,0.3603603603603567,1.6732582902342585,99.83666666666666
2023-06-01,Dakar,Ouest,D08,Communication,35,100.56,0.29922202274086374,1.8741768817749138,100.24000000000001
2023-07-01,Dakar,Ouest,D08,Communication,35,100.53,-0.02983293556085842,1.1469966797464481,100.45
2023-08-01,Dakar,Ouest,D08,Communication,35,100.69,0.1591564707052573,1.4406608905903617,100.59333333333332
2023-09-01,Dakar,Ouest,D08,Communication,35,100.23,-0.45684775052139415,0.9975816203144028,100.48333333333333
2023-10-01,Dakar,Ouest,D08,Communication,35,100.48,0.24942631946522908,0.9443439823186628,100.46666666666665
2023-11-01,Dakar,Ouest,D08,Communication,35,100.38,-0.0995222929936368,0.9554460424419098,100.36333333333334
2023-12-01,Dakar,Ouest,D08,Communication,35,99.87,-0.5080693365212108,0.9705793145283748,100.24333333333334
2024-01-01,Dakar,Ouest,D08,Communication,35,99.49,-0.3804946430359557,0.4847995152004847,99.91333333333334
2024-02-01,Dakar,Ouest,D08,Communication,35,99.66,0.17087144436627177,0.4232164449818665,99.67333333333333
2024-03-01,Dakar,Ouest,D08,Communication,35,100.15,0.4916716837246815,0.8052340211374132,99.76666666666667
2024-04-01,Dakar,Ouest,D08,Communication,35,100.05,-0.09985022466301174,0.15015015015014122,99.95333333333333
2024-05-01,Dakar,Ouest,D08,Communication,35,100.37,0.31984007996002095,0.10971474167165152,100.19000000000001
2024-06-01,Dakar,Ouest,D08,Communication,35,100.44,0.0697419547673439,-0.11933174224344478,100.28666666666668
2024-07-01,Dakar,Ouest,D08,Communication,35,100.58,0.1393866985264891,0.04973639709540123,100.46333333333332
2024-08-01,Dakar,Ouest,D08,Communication,35,100.59,0.009942334460144586,-0.09931472837421129,100.53666666666668
2024-09-01,Dakar,Ouest,D08,Communication,35,100.67,0.07953076846605178,0.4389903222588032,100.61333333333334
2024-10-01,Dakar,Ouest,D08,Communication,35,100.8,0.12913479686103013,0.31847133757960666,100.68666666666667
2024-11-01,Dakar,Ouest,D08,Communication,35,100.88,0.07936507936507908,0.49810719266785153,100.78333333333332
2024-12-01,Dakar,Ouest,D08,Communication,35,100.05,-0.8227597145122889,0.180234304595972,100.57666666666667
2025-01-01,Dakar,Ouest,D08,Communication,35,99.94,-0.1099450274862579,0.45230676449894425,100.29
2025-02-01,Dakar,Ouest,D08,Communication,35,99.85,-0.09005403241945098,0.1906482038932289,99.94666666666666
2025-03-01,Dakar,Ouest,D08,Communication,35,100.24,0.39058587881821705,0.0898652021966928,100.00999999999999
2025-04-01,Dakar,Ouest,D08,Communication,35,100.67,0.428970470869916,0.6196901549225364,100.25333333333333
2025-05-01,Dakar,Ouest,D08,Communication,35,100.94,0.26820303963444037,0.5678987745342257,100.61666666666667
2025-06-01,Dakar,Ouest,D08,Communication,35,101.07,0.12878937982960803,0.6272401433691677,100.89333333333332
2025-07-01,Dakar,Ouest,D08,Communication,35,101.31,0.2374591867023046,0.7257904155895778,101.10666666666667
2025-08-01,Dakar,Ouest,D08,Communication,35,101.32,0.009870693909763695,0.7257182622526948,101.23333333333333
2025-09-01,Dakar,Ouest,D08,Communication,35,101.49,0.1677852348993314,0.8145425648157234,101.37333333333333
2025-10-01,Dakar,Ouest,D08,Communication,35,101.4,-0.0886786875554102,0.5952380952380931,101.40333333333332
2025-11-01,Dakar,Ouest,D08,Communication,35,101.33,-0.06903353057200468,0.44607454401268676,101.40666666666668
2025-12-01,Dakar,Ouest,D08,Communication,35,100.82,-0.5033060298036185,0.7696151924037942,101.18333333333332
2026-01-01,Dakar,Ouest,D08,Communication,35,99.52,-1.2894267010513771,-0.42025215129077864,100.55666666666667
2026-02-01,Dakar,Ouest,D08,Communication,35,100.3,0.7837620578778237,0.4506760140210453,100.21333333333332
2026-03-01,Dakar,Ouest,D08,Communication,35,100.09,-0.20937188434695386,-0.14964086193135495,99.96999999999998
2026-04-01,Dakar,Ouest,D08,Communication,35,100.6,0.5095414127285425,-0.06953412138671622,100.33
2026-05-01,Dakar,Ouest,D08,Communication,35,101.16,0.5566600397614252,0.21795125817316574,100.61666666666667
2018-01-01,Diourbel,Centre,D08,Communication,35,93.3,,,93.3
2018-02-01,Diourbel,Centre,D08,Communication,35,93.55,0.2679528403001008,,93.425
2018-03-01,Diourbel,Centre,D08,Communication,35,93.56,0.01068947087119465,,93.46999999999998
2018-04-01,Diourbel,Centre,D08,Communication,35,94.01,0.4809747755451177,,93.70666666666666
2018-05-01,Diourbel,Centre,D08,Communication,35,93.79,-0.23401765769598404,,93.78666666666668
2018-06-01,Diourbel,Centre,D08,Communication,35,93.92,0.13860752745493699,,93.90666666666668
2018-07-01,Diourbel,Centre,D08,Communication,35,93.91,-0.010647359454862837,,93.87333333333333
2018-08-01,Diourbel,Centre,D08,Communication,35,94.05,0.14907890533488732,,93.96
2018-09-01,Diourbel,Centre,D08,Communication,35,93.69,-0.3827751196172291,,93.88333333333333
2018-10-01,Diourbel,Centre,D08,Communication,35,93.66,-0.032020493115592075,,93.8
2018-11-01,Diourbel,Centre,D08,Communication,35,93.27,-0.41639974375400346,,93.54
2018-12-01,Diourbel,Centre,D08,Communication,35,93.51,0.2573174654229682,,93.48
2019-01-01,Diourbel,Centre,D08,Communication,35,93.6,0.09624639076033503,0.3215434083601254,93.46
2019-02-01,Diourbel,Centre,D08,Communication,35,93.52,-0.08547008547008517,-0.03206841261357285,93.54333333333334
2019-03-01,Diourbel,Centre,D08,Communication,35,94.02,0.5346449957228439,0.49166310389054946,93.71333333333332
2019-04-01,Diourbel,Centre,D08,Communication,35,93.85,-0.18081259306530484,-0.17019466014255302,93.79666666666667
2019-05-01,Diourbel,Centre,D08,Communication,35,94.32,0.5007991475759255,0.5650922273163328,94.06333333333333
2019-06-01,Diourbel,Centre,D08,Communication,35,94.22,-0.10602205258692932,0.31942078364566306,94.13
2019-07-01,Diourbel,Centre,D08,Communication,35,94.59,0.3926979409891729,0.7240975401980654,94.37666666666667
2019-08-01,Diourbel,Centre,D08,Communication,35,94.42,-0.17972301511788302,0.3934077618288123,94.41000000000001
2019-09-01,Diourbel,Centre,D08,Communication,35,94.05,-0.3918661300571946,0.3842459173871271,94.35333333333334
2019-10-01,Diourbel,Centre,D08,Communication,35,93.9,-0.15948963317383713,0.2562459961563235,94.12333333333333
2019-11-01,Diourbel,Centre,D08,Communication,35,93.96,0.06389776357826893,0.7397877130910224,93.96999999999998
2019-12-01,Diourbel,Centre,D08,Communication,35,93.72,-0.25542784163473664,0.22457491177414468,93.86
2020-01-01,Diourbel,Centre,D08,Communication,35,94.11,0.41613316261204236,0.5448717948717929,93.92999999999999
2020-02-01,Diourbel,Centre,D08,Communication,35,94.45,0.361279353947519,0.9944396920444909,94.09333333333335
2020-03-01,Diourbel,Centre,D08,Communication,35,94.38,-0.07411328745369206,0.38289725590299195,94.31333333333333
2020-04-01,Diourbel,Centre,D08,Communication,35,94.75,0.3920322102140439,0.9589770911028195,94.52666666666666
2020-05-01,Diourbel,Centre,D08,Communication,35,95.12,0.3905013192612161,0.8481764206955233,94.75
2020-06-01,Diourbel,Centre,D08,Communication,35,95.3,0.18923465096718495,1.146253449373802,95.05666666666667
2020-07-01,Diourbel,Centre,D08,Communication,35,95.22,-0.08394543546694777,0.666032350142709,95.21333333333332
2020-08-01,Diourbel,Centre,D08,Communication,35,95.13,-0.0945179584120992,0.751959330650287,95.21666666666665
2020-09-01,Diourbel,Centre,D08,Communication,35,94.77,-0.37842951750236553,0.7655502392344582,95.04
2020-10-01,Diourbel,Centre,D08,Communication,35,94.68,-0.09496676163341933,0.8306709265175627,94.86
2020-11-01,Diourbel,Centre,D08,Communication,35,94.69,0.010561892691152153,0.7769263516389957,94.71333333333332
2020-12-01,Diourbel,Centre,D08,Communication,35,94.5,-0.2006547681909332,0.8322663252240625,94.62333333333333
2021-01-01,Diourbel,Centre,D08,Communication,35,94.75,0.2645502645502562,0.6800552544894201,94.64666666666666
2021-02-01,Diourbel,Centre,D08,Communication,35,95.0,0.26385224274405594,0.582318687136052,94.75
2021-03-01,Diourbel,Centre,D08,Communication,35,94.9,-0.10526315789473051,0.5509641873278293,94.88333333333334
2021-04-01,Diourbel,Centre,D08,Communication,35,95.29,0.4109589041095818,0.5699208443271875,95.06333333333335
2021-05-01,Diourbel,Centre,D08,Communication,35,95.61,0.33581697974602864,0.5151387720773615,95.26666666666667
2021-06-01,Diourbel,Centre,D08,Communication,35,95.69,0.08367325593556796,0.4092339979013593,95.52999999999999
2021-07-01,Diourbel,Centre,D08,Communication,35,96.06,0.38666527327830824,0.8821676118462518,95.78666666666668
2021-08-01,Diourbel,Centre,D08,Communication,35,95.96,-0.10410160316469685,0.8724902764637887,95.90333333333332
2021-09-01,Diourbel,Centre,D08,Communication,35,95.78,-0.18757815756564877,1.065738102775149,95.93333333333332
2021-10-01,Diourbel,Centre,D08,Communication,35,95.86,0.08352474420547651,1.2463033375580856,95.86666666666666
2021-11-01,Diourbel,Centre,D08,Communication,35,95.25,-0.6363446693094077,0.5914035272996054,95.63
2021-12-01,Diourbel,Centre,D08,Communication,35,95.39,0.14698162729658293,0.9417989417989325,95.5
2022-01-01,Diourbel,Centre,D08,Communication,35,96.09,0.7338295418807039,1.4142480211081887,95.57666666666667
2022-02-01,Diourbel,Centre,D08,Communication,35,96.36,0.280986575085862,1.4315789473684282,95.94666666666666
2022-03-01,Diourbel,Centre,D08,Communication,35,97.08,0.7471980074719831,2.2971548998946156,96.50999999999999
2022-04-01,Diourbel,Centre,D08,Communication,35,97.46,0.39142974866088753,2.2772588939028005,96.96666666666665
2022-05-01,Diourbel,Centre,D08,Communication,35,98.3,0.8618920582803336,2.8135132308335864,97.61333333333333
2022-06-01,Diourbel,Centre,D08,Communication,35,98.83,0.5391658189216608,3.281429616469844,98.19666666666666
2022-07-01,Diourbel,Centre,D08,Communication,35,99.03,0.20236770211474742,3.0918176139912434,98.72000000000001
2022-08-01,Diourbel,Centre,D08,Communication,35,98.95,-0.08078360092901304,3.115881617340577,98.93666666666667
2022-09-01,Diourbel,Centre,D08,Communication,35,99.23,0.28297119757454414,3.60200459386093,99.07000000000001
2022-10-01,Diourbel,Centre,D08,Communication,35,99.56,0.3325607175249434,3.8597955351554303,99.24666666666667
2022-11-01,Diourbel,Centre,D08,Communication,35,99.55,-0.010044194455605115,4.514435695538044,99.44666666666667
2022-12-01,Diourbel,Centre,D08,Communication,35,98.52,-1.0346559517830256,3.281266380123693,99.21
2023-01-01,Diourbel,Centre,D08,Communication,35,99.03,0.517661388550561,3.0596315953793196,99.03333333333332
2023-02-01,Diourbel,Centre,D08,Communication,35,99.09,0.06058770069676811,2.833125778331258,98.88
2023-03-01,Diourbel,Centre,D08,Communication,35,99.26,0.17156120698356148,2.245570663370433,99.12666666666667
2023-04-01,Diourbel,Centre,D08,Communication,35,99.88,0.6246222043118976,2.483069977426644,99.41000000000001
2023-05-01,Diourbel,Centre,D08,Communication,35,99.99,0.11013215859030367,1.7192268565615398,99.71
2023-06-01,Diourbel,Centre,D08,Communication,35,100.28,0.2900290029002939,1.4671658403318855,100.05
2023-07-01,Diourbel,Centre,D08,Communication,35,100.55,0.26924611088949835,1.5348884176512145,100.27333333333333
2023-08-01,Diourbel,Centre,D08,Communication,35,100.8,0.24863252113376255,1.8696311268317167,100.54333333333334
2023-09-01,Diourbel,Centre,D08,Communication,35,100.81,0.009920634920645988,1.5922604051194167,100.72000000000001
2023-10-01,Diourbel,Centre,D08,Communication,35,100.63,-0.17855371490924643,1.0747288067496807,100.74666666666667
2023-11-01,Diourbel,Centre,D08,Communication,35,100.63,0.0,1.0848819688598743,100.69
2023-12-01,Diourbel,Centre,D08,Communication,35,99.95,-0.6757428202325277,1.4514819326025163,100.40333333333332
2024-01-01,Diourbel,Centre,D08,Communication,35,99.35,-0.6003001500750504,0.32313440371602997,99.97666666666665
2024-02-01,Diourbel,Centre,D08,Communication,35,99.75,0.4026170105686955,0.6660611565243668,99.68333333333332
2024-03-01,Diourbel,Centre,D08,Communication,35,99.945,0.19548872180450427,0.6901067902478131,99.68166666666666
2024-04-01,Diourbel,Centre,D08,Communication,35,100.14,0.19510730901997064,0.26031237484982483,99.945
2024-05-01,Diourbel,Centre,D08,Communication,35,100.3,0.1597763131615748,0.3100310031003195,100.12833333333333
2024-06-01,Diourbel,Centre,D08,Communication,35,100.6,0.29910269192421346,0.31910650179496347,100.34666666666665
2024-07-01,Diourbel,Centre,D08,Communication,35,100.65,0.04970178926442248,0.09945300845350946,100.51666666666667
2024-08-01,Diourbel,Centre,D08,Communication,35,100.18,-0.46696472925981114,-0.6150793650793518,100.47666666666667
2024-09-01,Diourbel,Centre,D08,Communication,35,100.7,0.5190656817728012,-0.10911615911119998,100.51
2024-10-01,Diourbel,Centre,D08,Communication,35,100.79,0.0893743793445978,0.158998310642966,100.55666666666667
2024-11-01,Diourbel,Centre,D08,Communication,35,100.77,-0.01984323841651703,0.1391235218125786,100.75333333333333
2024-12-01,Diourbel,Centre,D08,Communication,35,99.99,-0.7740398928252512,0.0400200100050041,100.51666666666667
2025-01-01,Diourbel,Centre,D08,Communication,35,100.08,0.09000900090010422,0.7347760442878659,100.27999999999999
2025-02-01,Diourbel,Centre,D08,Communication,35,100.07,-0.009992006394887731,0.32080200501252154,100.04666666666667
2025-03-01,Diourbel,Centre,D08,Communication,35,100.35,0.27980413710402274,0.4052228725799134,100.16666666666667
2025-04-01,Diourbel,Centre,D08,Communication,35,100.74,0.38863976083707286,0.5991611743559,100.38666666666666
2025-05-01,Diourbel,Centre,D08,Communication,35,100.95,0.20845741512804938,0.6480558325024921,100.68
2025-06-01,Diourbel,Centre,D08,Communication,35,101.01,0.059435364041604544,0.40755467196820216,100.89999999999999
2025-07-01,Diourbel,Centre,D08,Communication,35,100.93,-0.07920007920008132,0.27819175360159765,100.96333333333332
2025-08-01,Diourbel,Centre,D08,Communication,35,101.3,0.3665907064301921,1.1179876222798812,101.08
2025-09-01,Diourbel,Centre,D08,Communication,35,101.37,0.06910167818361401,0.6653426017874997,101.2
2025-10-01,Diourbel,Centre,D08,Communication,35,101.44,0.06905396073788594,0.6449052485365536,101.37
2025-11-01,Diourbel,Centre,D08,Communication,35,101.65,0.2070189274448131,0.8732757765208099,101.48666666666666
2025-12-01,Diourbel,Centre,D08,Communication,35,100.87,-0.7673389080177118,0.8800880088008833,101.32
2026-01-01,Diourbel,Centre,D08,Communication,35,100.15,-0.7137900267671249,0.06994404476419191,100.89
2026-02-01,Diourbel,Centre,D08,Communication,35,100.23,0.07988017973039607,0.1598880783451717,100.41666666666667
2026-03-01,Diourbel,Centre,D08,Communication,35,100.77,0.5387608500448948,0.4185351270552973,100.38333333333334
2026-04-01,Diourbel,Centre,D08,Communication,35,101.02,0.24808970923886342,0.2779432201707399,100.67333333333333
2026-05-01,Diourbel,Centre,D08,Communication,35,101.43,0.40586022569788494,0.47548291233283635,101.07333333333334
2018-01-01,Kaolack,Centre-Sud,D08,Communication,35,93.25,,,93.25
2018-02-01,Kaolack,Centre-Sud,D08,Communication,35,93.53999999999999,0.31099195710455607,,93.395
2018-03-01,Kaolack,Centre-Sud,D08,Communication,35,93.83,0.31002779559548,,93.54
2018-04-01,Kaolack,Centre-Sud,D08,Communication,35,93.91,0.0852605776404225,,93.75999999999999
2018-05-01,Kaolack,Centre-Sud,D08,Communication,35,93.98,0.07453945266746587,,93.90666666666668
2018-06-01,Kaolack,Centre-Sud,D08,Communication,35,93.94,-0.04256224728665936,,93.94333333333334
2018-07-01,Kaolack,Centre-Sud,D08,Communication,35,94.14,0.2129018522461168,,94.02
2018-08-01,Kaolack,Centre-Sud,D08,Communication,35,94.2,0.06373486297004405,,94.09333333333332
2018-09-01,Kaolack,Centre-Sud,D08,Communication,35,94.01,-0.20169851380041903,,94.11666666666667
2018-10-01,Kaolack,Centre-Sud,D08,Communication,35,93.81,-0.2127433251781774,,94.00666666666667
2018-11-01,Kaolack,Centre-Sud,D08,Communication,35,93.53,-0.2984756422556245,,93.78333333333335
2018-12-01,Kaolack,Centre-Sud,D08,Communication,35,93.66,0.13899283652303307,,93.66666666666667
2019-01-01,Kaolack,Centre-Sud,D08,Communication,35,93.29,-0.3950459107409654,0.04289544235924758,93.49333333333334
2019-02-01,Kaolack,Centre-Sud,D08,Communication,35,93.84,0.5895594383106495,0.3207184092367088,93.59666666666665
2019-03-01,Kaolack,Centre-Sud,D08,Communication,35,94.28,0.4688832054560832,0.47959074922732103,93.80333333333334
2019-04-01,Kaolack,Centre-Sud,D08,Communication,35,93.88,-0.42426813746287984,-0.03194547971462347,94.0
2019-05-01,Kaolack,Centre-Sud,D08,Communication,35,94.23,0.37281636131232254,0.2660140455416071,94.13
2019-06-01,Kaolack,Centre-Sud,D08,Communication,35,94.38,0.15918497293854195,0.4683840749414525,94.16333333333334
2019-07-01,Kaolack,Centre-Sud,D08,Communication,35,94.35,-0.031786395422761515,0.22307202039515417,94.32
2019-08-01,Kaolack,Centre-Sud,D08,Communication,35,94.52,0.18018018018017834,0.3397027600849256,94.41666666666667
2019-09-01,Kaolack,Centre-Sud,D08,Communication,35,94.31,-0.2221752010156508,0.3191149877672661,94.39333333333332
2019-10-01,Kaolack,Centre-Sud,D08,Communication,35,94.11,-0.21206658890892127,0.3197953309881596,94.31333333333333
2019-11-01,Kaolack,Centre-Sud,D08,Communication,35,94.04,-0.07438104345977026,0.5452795894365536,94.15333333333335
2019-12-01,Kaolack,Centre-Sud,D08,Communication,35,93.82,-0.23394300297746584,0.17083066410419345,93.99000000000001
2020-01-01,Kaolack,Centre-Sud,D08,Communication,35,94.63,0.8633553613302203,1.4363811769750212,94.16333333333334
2020-02-01,Kaolack,Centre-Sud,D08,Communication,35,94.34,-0.3064567261967577,0.5328218243819238,94.26333333333332
2020-03-01,Kaolack,Centre-Sud,D08,Communication,35,94.56,0.23319906720373762,0.2969876962240159,94.50999999999999
2020-04-01,Kaolack,Centre-Sud,D08,Communication,35,94.54,-0.02115059221657889,0.7030251384746666,94.48
2020-05-01,Kaolack,Centre-Sud,D08,Communication,35,94.95,0.4336788660884272,0.764087870105068,94.68333333333334
2020-06-01,Kaolack,Centre-Sud,D08,Communication,35,95.39,0.46340179041599594,1.070141979232897,94.96
2020-07-01,Kaolack,Centre-Sud,D08,Communication,35,95.1,-0.3040150959220056,0.7949125596184325,95.14666666666666
2020-08-01,Kaolack,Centre-Sud,D08,Communication,35,94.91,-0.19978969505782818,0.4126110876005118,95.13333333333333
2020-09-01,Kaolack,Centre-Sud,D08,Communication,35,95.07,0.1685807607206824,0.8058530378538764,95.02666666666666
2020-10-01,Kaolack,Centre-Sud,D08,Communication,35,95.08,0.010518565267703117,1.030708745085529,95.01999999999998
2020-11-01,Kaolack,Centre-Sud,D08,Communication,35,94.71,-0.3891459823306742,0.7124627817949758,94.95333333333333
2020-12-01,Kaolack,Centre-Sud,D08,Communication,35,94.52,-0.2006123957343453,0.7461095715199262,94.77
2021-01-01,Kaolack,Centre-Sud,D08,Communication,35,94.49,-0.031739314430812016,-0.1479446264398221,94.57333333333332
2021-02-01,Kaolack,Centre-Sud,D08,Communication,35,94.96,0.4974071330299479,0.657197371210505,94.65666666666668
2021-03-01,Kaolack,Centre-Sud,D08,Communication,35,95.21,0.2632687447346349,0.6873942470388972,94.88666666666666
2021-04-01,Kaolack,Centre-Sud,D08,Communication,35,95.12,-0.09452788572628101,0.6134969325153339,95.09666666666665
2021-05-01,Kaolack,Centre-Sud,D08,Communication,35,95.79,0.7043734230445686,0.8846761453396468,95.37333333333333
2021-06-01,Kaolack,Centre-Sud,D08,Communication,35,95.94,0.15659254619480034,0.5765803543348325,95.61666666666667
2021-07-01,Kaolack,Centre-Sud,D08,Communication,35,96.05,0.11465499270377766,0.9989484752891631,95.92666666666668
2021-08-01,Kaolack,Centre-Sud,D08,Communication,35,95.95,-0.10411244143674336,1.0957749446844467,95.98
2021-09-01,Kaolack,Centre-Sud,D08,Communication,35,95.87,-0.08337675872850392,0.8414852214158053,95.95666666666666
2021-10-01,Kaolack,Centre-Sud,D08,Communication,35,95.72,-0.1564618754563485,0.6731173748422359,95.84666666666665
2021-11-01,Kaolack,Centre-Sud,D08,Communication,35,95.64,-0.08357709987463213,0.9819448843839229,95.74333333333334
2021-12-01,Kaolack,Centre-Sud,D08,Communication,35,95.17,-0.49142618151400974,0.6876851460008604,95.50999999999999
2022-01-01,Kaolack,Centre-Sud,D08,Communication,35,95.85,0.7145108752758089,1.4393057466398629,95.55333333333333
2022-02-01,Kaolack,Centre-Sud,D08,Communication,35,96.42,0.5946791862284861,1.5374894692502084,95.81333333333333
2022-03-01,Kaolack,Centre-Sud,D08,Communication,35,97.06,0.6637627048330152,1.9430732065959466,96.44333333333333
2022-04-01,Kaolack,Centre-Sud,D08,Communication,35,97.7,0.65938594683701,2.7123633305298656,97.06
2022-05-01,Kaolack,Centre-Sud,D08,Communication,35,98.27,0.5834186284544352,2.5889967637540368,97.67666666666666
2022-06-01,Kaolack,Centre-Sud,D08,Communication,35,98.85,0.590210644143685,3.0331457160725384,98.27333333333333
2022-07-01,Kaolack,Centre-Sud,D08,Communication,35,99.17,0.3237228123419422,3.248308172826664,98.76333333333332
2022-08-01,Kaolack,Centre-Sud,D08,Communication,35,99.1,-0.0705858626600886,3.2829598749348543,99.04
2022-09-01,Kaolack,Centre-Sud,D08,Communication,35,99.42,0.3229061553986057,3.7029310524668846,99.23
2022-10-01,Kaolack,Centre-Sud,D08,Communication,35,99.35,-0.0704083685375223,3.7923109068115357,99.29
2022-11-01,Kaolack,Centre-Sud,D08,Communication,35,99.53,0.18117765475591519,4.0673358427436135,99.43333333333334
2022-12-01,Kaolack,Centre-Sud,D08,Communication,35,98.98,-0.5525972068722962,4.0033624041189375,99.28666666666668
2023-01-01,Kaolack,Centre-Sud,D08,Communication,35,98.35,-0.6364922206506418,2.608242044861764,98.95333333333333
2023-02-01,Kaolack,Centre-Sud,D08,Communication,35,99.44,1.1082867310625355,3.1321302634308212,98.92333333333333
2023-03-01,Kaolack,Centre-Sud,D08,Communication,35,99.47,0.03016894609815246,2.4830002060580947,99.08666666666666
2023-04-01,Kaolack,Centre-Sud,D08,Communication,35,99.64,0.1709058007439479,1.9856704196519859,99.51666666666667
2023-05-01,Kaolack,Centre-Sud,D08,Communication,35,100.38,0.7426736250501831,2.147145619212365,99.83
2023-06-01,Kaolack,Centre-Sud,D08,Communication,35,100.32,-0.059772863120144404,1.487101669195745,100.11333333333333
2023-07-01,Kaolack,Centre-Sud,D08,Communication,35,100.51,0.18939393939394478,1.3512150852072136,100.40333333333335
2023-08-01,Kaolack,Centre-Sud,D08,Communication,35,100.45,-0.05969555268132698,1.3622603430877955,100.42666666666668
2023-09-01,Kaolack,Centre-Sud,D08,Communication,35,100.81,0.3583872573419633,1.3981090323878398,100.59000000000002
2023-10-01,Kaolack,Centre-Sud,D08,Communication,35,100.56,-0.24799127070727067,1.2179164569703138,100.60666666666667
2023-11-01,Kaolack,Centre-Sud,D08,Communication,35,100.58,0.019888623707231545,1.05495830402893,100.65000000000002
2023-12-01,Kaolack,Centre-Sud,D08,Communication,35,100.01,-0.5667130642274754,1.0406142655081885,100.38333333333334
2024-01-01,Kaolack,Centre-Sud,D08,Communication,35,99.63,-0.37996200379962763,1.3014743263853656,100.07333333333334
2024-02-01,Kaolack,Centre-Sud,D08,Communication,35,99.65,0.020074274816828108,0.21118262268704502,99.76333333333334
2024-03-01,Kaolack,Centre-Sud,D08,Communication,35,100.02,0.371299548419457,0.5529305318186406,99.76666666666667
2024-04-01,Kaolack,Centre-Sud,D08,Communication,35,100.47,0.4499100179964133,0.8329987956643858,100.04666666666667
2024-05-01,Kaolack,Centre-Sud,D08,Communication,35,100.38,-0.0895789787996426,0.0,100.29
2024-06-01,Kaolack,Centre-Sud,D08,Communication,35,100.54,0.1593943016537258,0.21929824561404132,100.46333333333332
2024-07-01,Kaolack,Centre-Sud,D08,Communication,35,100.65,0.1094091903719896,0.13928962292308888,100.52333333333333
2024-08-01,Kaolack,Centre-Sud,D08,Communication,35,100.84,0.1887729756582246,0.38825286212045285,100.67666666666668
2024-09-01,Kaolack,Centre-Sud,D08,Communication,35,100.57,-0.26775089250298256,-0.23807161987898784,100.68666666666667
2024-10-01,Kaolack,Centre-Sud,D08,Communication,35,100.64,0.06960326140996731,0.07955449482894839,100.68333333333334
2024-11-01,Kaolack,Centre-Sud,D08,Communication,35,100.46,-0.1788553259141512,-0.1193080135215796,100.55666666666666
2024-12-01,Kaolack,Centre-Sud,D08,Communication,35,99.82,-0.6370694803902066,-0.18998100189981937,100.30666666666666
2025-01-01,Kaolack,Centre-Sud,D08,Communication,35,99.76,-0.06010819475054108,0.1304827863093605,100.01333333333332
2025-02-01,Kaolack,Centre-Sud,D08,Communication,35,100.01,0.25060144346431557,0.361264425489205,99.86333333333334
2025-03-01,Kaolack,Centre-Sud,D08,Communication,35,100.54,0.5299470052994693,0.5198960207958514,100.10333333333335
2025-04-01,Kaolack,Centre-Sud,D08,Communication,35,100.66,0.1193554804058028,0.1891111774659171,100.40333333333335
2025-05-01,Kaolack,Centre-Sud,D08,Communication,35,100.75,0.08940989469501393,0.3685993225742257,100.65000000000002
2025-06-01,Kaolack,Centre-Sud,D08,Communication,35,101.03,0.27791563275434417,0.4873682116570466,100.81333333333333
2025-07-01,Kaolack,Centre-Sud,D08,Communication,35,101.5,0.46520835395427174,0.8445106805762492,101.09333333333332
2025-08-01,Kaolack,Centre-Sud,D08,Communication,35,101.53,0.0295566502463096,0.6842522808409246,101.35333333333334
2025-09-01,Kaolack,Centre-Sud,D08,Communication,35,101.43,-0.09849305623953475,0.8551257830367032,101.48666666666668
2025-10-01,Kaolack,Centre-Sud,D08,Communication,35,101.42,-0.009859016070201676,0.7750397456279812,101.46
2025-11-01,Kaolack,Centre-Sud,D08,Communication,35,101.69,0.26621968053637257,1.2243679076249236,101.51333333333334
2025-12-01,Kaolack,Centre-Sud,D08,Communication,35,100.69,-0.9833808634084007,0.8715688238829955,101.26666666666667
2026-01-01,Kaolack,Centre-Sud,D08,Communication,35,100.02,-0.6654086801072601,0.2606255012028713,100.8
2026-02-01,Kaolack,Centre-Sud,D08,Communication,35,100.61,0.5898820235952895,0.5999400059993887,100.44
2026-03-01,Kaolack,Centre-Sud,D08,Communication,35,100.73,0.11927243812743793,0.1889795106425174,100.45333333333333
2026-04-01,Kaolack,Centre-Sud,D08,Communication,35,100.82,0.08934776134219558,0.15895092390223464,100.71999999999998
2026-05-01,Kaolack,Centre-Sud,D08,Communication,35,101.26,0.4364213449712384,0.5062034739454102,100.93666666666667
2018-01-01,Kolda,Sud,D08,Communication,35,92.92,,,92.92
2018-02-01,Kolda,Sud,D08,Communication,35,93.15,0.24752475247524774,,93.035
2018-03-01,Kolda,Sud,D08,Communication,35,93.48,0.35426731078904705,,93.18333333333334
2018-04-01,Kolda,Sud,D08,Communication,35,93.12,-0.38510911424903815,,93.25
2018-05-01,Kolda,Sud,D08,Communication,35,93.4,0.30068728522336663,,93.33333333333333
2018-06-01,Kolda,Sud,D08,Communication,35,93.59,0.20342612419699257,,93.37
2018-07-01,Kolda,Sud,D08,Communication,35,93.59,0.0,,93.52666666666669
2018-08-01,Kolda,Sud,D08,Communication,35,93.56,-0.032054706699435886,,93.58
2018-09-01,Kolda,Sud,D08,Communication,35,93.3,-0.27789653698162553,,93.48333333333333
2018-10-01,Kolda,Sud,D08,Communication,35,93.51,0.22508038585209444,,93.45666666666666
2018-11-01,Kolda,Sud,D08,Communication,35,92.95,-0.5988664313977154,,93.25333333333333
2018-12-01,Kolda,Sud,D08,Communication,35,93.01,0.06455083378160698,,93.15666666666668
2019-01-01,Kolda,Sud,D08,Communication,35,93.4,0.41930975163961826,0.516573396470088,93.12
2019-02-01,Kolda,Sud,D08,Communication,35,93.31,-0.09635974304068595,0.17176596886741002,93.24000000000001
2019-03-01,Kolda,Sud,D08,Communication,35,93.32,0.010716964955514996,-0.17115960633291571,93.34333333333332
2019-04-01,Kolda,Sud,D08,Communication,35,93.45,0.1393056150878813,0.3543814432989567,93.36
2019-05-01,Kolda,Sud,D08,Communication,35,93.79,0.36383092562868313,0.417558886509628,93.52
2019-06-01,Kolda,Sud,D08,Communication,35,93.84,0.05331058748268003,0.2671225558286139,93.69333333333334
2019-07-01,Kolda,Sud,D08,Communication,35,94.02,0.19181585677747748,0.459450796025207,93.88333333333334
2019-08-01,Kolda,Sud,D08,Communication,35,93.74,-0.29780897681344065,0.1923899102180382,93.86666666666667
2019-09-01,Kolda,Sud,D08,Communication,35,93.92,0.19202048218476264,0.6645230439442651,93.89333333333333
2019-10-01,Kolda,Sud,D08,Communication,35,93.65,-0.28747870528108566,0.1497166078494372,93.77
2019-11-01,Kolda,Sud,D08,Communication,35,93.49,-0.17084890549921017,0.5809575040344184,93.68666666666667
2019-12-01,Kolda,Sud,D08,Communication,35,93.55,0.0641779869504866,0.5805827330394475,93.56333333333333
2020-01-01,Kolda,Sud,D08,Communication,35,93.68,0.13896312132550825,0.29978586723768963,93.57333333333334
2020-02-01,Kolda,Sud,D08,Communication,35,93.86000000000001,0.19214346712213004,0.5894330725538577,93.69666666666667
2020-03-01,Kolda,Sud,D08,Communication,35,94.04,0.19177498401874438,0.7715387912559102,93.86000000000001
2020-04-01,Kolda,Sud,D08,Communication,35,94.36,0.34028073160357053,0.9737827715355696,94.08666666666666
2020-05-01,Kolda,Sud,D08,Communication,35,94.64,0.29673590504450953,0.9062799872054494,94.34666666666665
2020-06-01,Kolda,Sud,D08,Communication,35,94.75,0.11622992392223974,0.9697357203751089,94.58333333333333
2020-07-01,Kolda,Sud,D08,Communication,35,94.64,-0.11609498680739128,0.6594341629440503,94.67666666666666
2020-08-01,Kolda,Sud,D08,Communication,35,94.77,0.13736263736263687,1.0987838702795072,94.71999999999998
2020-09-01,Kolda,Sud,D08,Communication,35,94.74,-0.03165558721114348,0.8730834752981087,94.71666666666665
2020-10-01,Kolda,Sud,D08,Communication,35,94.51,-0.2427696854549133,0.9183128670581908,94.67333333333333
2020-11-01,Kolda,Sud,D08,Communication,35,94.46,-0.05290445455508053,1.0375441223660298,94.57
2020-12-01,Kolda,Sud,D08,Communication,35,94.43,-0.03175947490999809,0.940673436664885,94.46666666666665
2021-01-01,Kolda,Sud,D08,Communication,35,94.46,0.031769564756944924,0.8326216908624895,94.45
2021-02-01,Kolda,Sud,D08,Communication,35,94.7,0.2540757992801179,0.8949499254208293,94.53000000000002
2021-03-01,Kolda,Sud,D08,Communication,35,94.85,0.1583949313621824,0.8613356018715379,94.67
2021-04-01,Kolda,Sud,D08,Communication,35,95.26,0.4322614654718171,0.9537939805002171,94.93666666666667
2021-05-01,Kolda,Sud,D08,Communication,35,95.55,0.30442998110433717,0.9615384615384581,95.22000000000001
2021-06-01,Kolda,Sud,D08,Communication,35,95.64,0.09419152276295417,0.9393139841688658,95.48333333333333
2021-07-01,Kolda,Sud,D08,Communication,35,95.68,0.04182350480970154,1.098901098901095,95.62333333333333
2021-08-01,Kolda,Sud,D08,Communication,35,95.52,-0.16722408026756952,0.7913896802785647,95.61333333333333
2021-09-01,Kolda,Sud,D08,Communication,35,95.45,-0.07328308207704692,0.749419463795653,95.55
2021-10-01,Kolda,Sud,D08,Communication,35,95.26,-0.19905709795704496,0.7935668183260969,95.41000000000001
2021-11-01,Kolda,Sud,D08,Communication,35,95.26,0.0,0.8469193309337486,95.32333333333334
2021-12-01,Kolda,Sud,D08,Communication,35,94.98,-0.2939323955490236,0.5824420205443159,95.16666666666667
2022-01-01,Kolda,Sud,D08,Communication,35,95.74,0.8001684565171585,1.3550709294939622,95.32666666666667
2022-02-01,Kolda,Sud,D08,Communication,35,95.92,0.18800919156047868,1.288278775079199,95.54666666666667
2022-03-01,Kolda,Sud,D08,Communication,35,97.09,1.2197664720600576,2.361623616236175,96.25
2022-04-01,Kolda,Sud,D08,Communication,35,97.43,0.3501905448553,2.2779760655049275,96.81333333333333
2022-05-01,Kolda,Sud,D08,Communication,35,98.15,0.7389920968900787,2.7210884353741527,97.55666666666667
2022-06-01,Kolda,Sud,D08,Communication,35,98.8,0.6622516556291203,3.3040568799665326,98.12666666666667
2022-07-01,Kolda,Sud,D08,Communication,35,98.97,0.17206477732794045,3.4385451505016595,98.64
2022-08-01,Kolda,Sud,D08,Communication,35,99.39,0.4243710215216856,4.051507537688437,99.05333333333333
2022-09-01,Kolda,Sud,D08,Communication,35,99.15,-0.24147298520977856,3.8763750654793094,99.17
2022-10-01,Kolda,Sud,D08,Communication,35,99.8,0.6555723651033629,4.765903842116304,99.44666666666667
2022-11-01,Kolda,Sud,D08,Communication,35,99.68,-0.12024048096191953,4.639932815452452,99.54333333333334
2022-12-01,Kolda,Sud,D08,Communication,35,98.88,-0.8025682182985716,4.106127605811749,99.45333333333333
2023-01-01,Kolda,Sud,D08,Communication,35,98.98,0.10113268608415993,3.384165448088572,99.18
2023-02-01,Kolda,Sud,D08,Communication,35,98.84,-0.14144271570014633,3.044203502919096,98.89999999999999
2023-03-01,Kolda,Sud,D08,Communication,35,99.3,0.4653986240388486,2.276238541559361,99.04
2023-04-01,Kolda,Sud,D08,Communication,35,99.93,0.6344410876133022,2.5659447808683122,99.35666666666667
2023-05-01,Kolda,Sud,D08,Communication,35,99.82,-0.11007705393777378,1.7014773306163855,99.68333333333334
2023-06-01,Kolda,Sud,D08,Communication,35,100.49,0.6712081747144882,1.7105263157894735,100.08
2023-07-01,Kolda,Sud,D08,Communication,35,100.61,0.11941486715096872,1.657067798322731,100.30666666666666
2023-08-01,Kolda,Sud,D08,Communication,35,100.86,0.24848424609880126,1.4790220344099048,100.65333333333332
2023-09-01,Kolda,Sud,D08,Communication,35,100.37,-0.48582193139004026,1.2304589006555622,100.61333333333333
2023-10-01,Kolda,Sud,D08,Communication,35,100.86,0.48819368337151836,1.0621242484969873,100.69666666666667
2023-11-01,Kolda,Sud,D08,Communication,35,100.51,-0.34701566527859384,0.8326645264847388,100.58
2023-12-01,Kolda,Sud,D08,Communication,35,99.75,-0.7561436672967936,0.8798543689320537,100.37333333333333
2024-01-01,Kolda,Sud,D08,Communication,35,99.32,-0.43107769423559317,0.343503738128903,99.86
2024-02-01,Kolda,Sud,D08,Communication,35,99.47,0.15102698348772314,0.6373937677053743,99.51333333333334
2024-03-01,Kolda,Sud,D08,Communication,35,99.9,0.4322911430582055,0.6042296072507725,99.56333333333333
2024-04-01,Kolda,Sud,D08,Communication,35,99.93,0.030030030030037125,0.0,99.76666666666667
2024-05-01,Kolda,Sud,D08,Communication,35,100.47,0.5403782647853461,0.6511721097976375,100.10000000000001
2024-06-01,Kolda,Sud,D08,Communication,35,100.46,-0.00995321986663189,-0.02985371678774218,100.28666666666668
2024-07-01,Kolda,Sud,D08,Communication,35,100.49,0.029862631893284863,-0.11927243812742683,100.47333333333334
2024-08-01,Kolda,Sud,D08,Communication,35,100.61,0.11941486715096872,-0.24786833234186068,100.51999999999998
2024-09-01,Kolda,Sud,D08,Communication,35,100.76,0.14909054765928076,0.3885623194181509,100.62
2024-10-01,Kolda,Sud,D08,Communication,35,100.69,-0.06947201270346426,-0.16855046599246748,100.68666666666667
2024-11-01,Kolda,Sud,D08,Communication,35,100.75,0.059588837024526775,0.23878221072528572,100.73333333333333
2024-12-01,Kolda,Sud,D08,Communication,35,100.11,-0.6352357320099311,0.36090225563909506,100.51666666666667
2025-01-01,Kolda,Sud,D08,Communication,35,99.99,-0.11986814504045817,0.6745871929118019,100.28333333333335
2025-02-01,Kolda,Sud,D08,Communication,35,100.065,0.07500750075006835,0.5981703026038065,100.055
2025-03-01,Kolda,Sud,D08,Communication,35,100.14,0.074951281666924,0.24024024024023038,100.065
2025-04-01,Kolda,Sud,D08,Communication,35,100.63,0.4893149590573076,0.7004903432402676,100.27833333333332
2025-05-01,Kolda,Sud,D08,Communication,35,101.03,0.39749577660737057,0.5573803125310972,100.59999999999998
2025-06-01,Kolda,Sud,D08,Communication,35,101.0,-0.02969415025240174,0.5375273740792386,100.88666666666666
2025-07-01,Kolda,Sud,D08,Communication,35,101.26,0.25742574257425765,0.7662453975520123,101.09666666666668
2025-08-01,Kolda,Sud,D08,Communication,35,101.35,0.0888801106063486,0.735513368452434,101.20333333333333
2025-09-01,Kolda,Sud,D08,Communication,35,101.51,0.15786877158363577,0.7443429932512791,101.37333333333333
2025-10-01,Kolda,Sud,D08,Communication,35,101.48,-0.0295537385479272,0.7845863541563247,101.44666666666667
2025-11-01,Kolda,Sud,D08,Communication,35,101.74,0.256208119826562,0.9826302729528447,101.57666666666667
2025-12-01,Kolda,Sud,D08,Communication,35,100.66,-1.0615293886377053,0.5493956647687481,101.29333333333334
2026-01-01,Kolda,Sud,D08,Communication,35,99.72,-0.9338366779256924,-0.27002700270026825,100.70666666666666
2026-02-01,Kolda,Sud,D08,Communication,35,100.24,0.5214600882470943,0.17488632388946712,100.20666666666666
2026-03-01,Kolda,Sud,D08,Communication,35,100.72,0.47885075818037137,0.5791891352107115,100.22666666666667
2026-04-01,Kolda,Sud,D08,Communication,35,100.79,0.06949960285942414,0.158998310642966,100.58333333333333
2026-05-01,Kolda,Sud,D08,Communication,35,101.19,0.39686476833018514,0.1583688013461204,100.89999999999999
2018-01-01,Saint-Louis,Nord,D08,Communication,35,93.41,,,93.41
2018-02-01,Saint-Louis,Nord,D08,Communication,35,93.75,0.3639867251900242,,93.58
2018-03-01,Saint-Louis,Nord,D08,Communication,35,93.43,-0.3413333333333268,,93.53000000000002
2018-04-01,Saint-Louis,Nord,D08,Communication,35,93.78,0.37461200899067126,,93.65333333333335
2018-05-01,Saint-Louis,Nord,D08,Communication,35,93.98,0.21326508850501025,,93.73
2018-06-01,Saint-Louis,Nord,D08,Communication,35,94.38,0.4256224728665492,,94.04666666666667
2018-07-01,Saint-Louis,Nord,D08,Communication,35,94.27,-0.11655011655011815,,94.21
2018-08-01,Saint-Louis,Nord,D08,Communication,35,94.04,-0.24398005728226702,,94.23
2018-09-01,Saint-Louis,Nord,D08,Communication,35,94.19,0.15950659293917369,,94.16666666666667
2018-10-01,Saint-Louis,Nord,D08,Communication,35,93.74,-0.477757723749872,,93.99000000000001
2018-11-01,Saint-Louis,Nord,D08,Communication,35,93.84,0.10667804565820393,,93.92333333333333
2018-12-01,Saint-Louis,Nord,D08,Communication,35,93.41,-0.4582267689684616,,93.66333333333334
2019-01-01,Saint-Louis,Nord,D08,Communication,35,93.94,0.5673910716197383,0.5673910716197383,93.73
2019-02-01,Saint-Louis,Nord,D08,Communication,35,93.79,-0.15967638918458205,0.04266666666667973,93.71333333333332
2019-03-01,Saint-Louis,Nord,D08,Communication,35,93.84,0.05331058748268003,0.4388312105319425,93.85666666666667
2019-04-01,Saint-Louis,Nord,D08,Communication,35,94.12,0.2983802216538711,0.3625506504585152,93.91666666666667
2019-05-01,Saint-Louis,Nord,D08,Communication,35,94.35,0.24436889077772417,0.3937007874015741,94.10333333333334
2019-06-01,Saint-Louis,Nord,D08,Communication,35,94.36,0.010598834128261458,-0.02119093028183361,94.27666666666669
2019-07-01,Saint-Louis,Nord,D08,Communication,35,94.55,0.20135650699448782,0.2970192001697347,94.42
2019-08-01,Saint-Louis,Nord,D08,Communication,35,94.34,-0.222104706504489,0.31901318587834737,94.41666666666667
2019-09-01,Saint-Louis,Nord,D08,Communication,35,94.39,0.052999788000840375,0.21233676611105423,94.42666666666666
2019-10-01,Saint-Louis,Nord,D08,Communication,35,94.2,-0.20129250979976643,0.4907190100277514,94.31
2019-11-01,Saint-Louis,Nord,D08,Communication,35,93.98,-0.23354564755838636,0.14919011082694666,94.19000000000001
2019-12-01,Saint-Louis,Nord,D08,Communication,35,93.82,-0.17024898914663744,0.43892516861150366,94.0
2020-01-01,Saint-Louis,Nord,D08,Communication,35,94.26,0.4689831592411098,0.34064296359379576,94.02
2020-02-01,Saint-Louis,Nord,D08,Communication,35,94.46,0.21217907914279355,0.7143618722678102,94.17999999999999
2020-03-01,Saint-Louis,Nord,D08,Communication,35,94.88,0.44463264874021746,1.1082693947144007,94.53333333333335
2020-04-01,Saint-Louis,Nord,D08,Communication,35,94.97,0.09485666104553925,0.903102422439428,94.77
2020-05-01,Saint-Louis,Nord,D08,Communication,35,95.22,0.2632410234810978,0.9220985691573924,95.02333333333333
2020-06-01,Saint-Louis,Nord,D08,Communication,35,95.72,0.5250997689560943,1.44128868164477,95.30333333333333
2020-07-01,Saint-Louis,Nord,D08,Communication,35,95.41,-0.3238612620142134,0.909571655208885,95.45
2020-08-01,Saint-Louis,Nord,D08,Communication,35,95.33,-0.08384865318100676,1.049395802416786,95.48666666666666
2020-09-01,Saint-Louis,Nord,D08,Communication,35,95.21,-0.12587852722123483,0.8687360949253042,95.31666666666666
2020-10-01,Saint-Louis,Nord,D08,Communication,35,94.79,-0.4411301333893336,0.6263269639065872,95.11
2020-11-01,Saint-Louis,Nord,D08,Communication,35,94.69,-0.10549636037557875,0.7554798893381509,94.89666666666666
2020-12-01,Saint-Louis,Nord,D08,Communication,35,94.55,-0.1478508818249069,0.7780856960136528,94.67666666666666
2021-01-01,Saint-Louis,Nord,D08,Communication,35,94.9,0.3701745108408261,0.6789730532569482,94.71333333333332
2021-02-01,Saint-Louis,Nord,D08,Communication,35,94.92,0.021074815595367724,0.4869786152869038,94.79
2021-03-01,Saint-Louis,Nord,D08,Communication,35,95.18,0.2739148756847998,0.3161888701517901,95.0
2021-04-01,Saint-Louis,Nord,D08,Communication,35,95.57,0.40974994746794113,0.6317784563546258,95.22333333333334
2021-05-01,Saint-Louis,Nord,D08,Communication,35,95.79,0.23019776080361876,0.5986137366099653,95.51333333333332
2021-06-01,Saint-Louis,Nord,D08,Communication,35,95.85,0.06263701847790681,0.13581278729628554,95.73666666666666
2021-07-01,Saint-Louis,Nord,D08,Communication,35,95.83,-0.020865936358893666,0.44020542920029104,95.82333333333332
2021-08-01,Saint-Louis,Nord,D08,Communication,35,96.07,0.250443493686725,0.7762509178642629,95.91666666666667
2021-09-01,Saint-Louis,Nord,D08,Communication,35,95.93,-0.14572707400851703,0.7562230858103369,95.94333333333333
2021-10-01,Saint-Louis,Nord,D08,Communication,35,95.45,-0.5003648493693391,0.6962759784787442,95.81666666666668
2021-11-01,Saint-Louis,Nord,D08,Communication,35,95.51,0.06286013619696273,0.8659837364030087,95.63000000000001
2021-12-01,Saint-Louis,Nord,D08,Communication,35,95.5,-0.01047010784211988,1.004759386567966,95.48666666666668
2022-01-01,Saint-Louis,Nord,D08,Communication,35,96.22,0.7539267015706841,1.3909378292939811,95.74333333333334
2022-02-01,Saint-Louis,Nord,D08,Communication,35,96.69,0.4884639368114785,1.864728192161813,96.13666666666667
2022-03-01,Saint-Louis,Nord,D08,Communication,35,97.13,0.4550625711035261,2.0487497373397723,96.68
2022-04-01,Saint-Louis,Nord,D08,Communication,35,97.75,0.6383197776176353,2.2810505388720426,97.19
2022-05-01,Saint-Louis,Nord,D08,Communication,35,98.24,0.5012787723785106,2.5576782545150722,97.70666666666666
2022-06-01,Saint-Louis,Nord,D08,Communication,35,98.6,0.3664495114006572,2.869066249347929,98.19666666666666
2022-07-01,Saint-Louis,Nord,D08,Communication,35,98.97,0.3752535496957421,3.276635709068132,98.60333333333331
2022-08-01,Saint-Louis,Nord,D08,Communication,35,99.24,0.2728099424067931,3.299677318621841,98.93666666666667
2022-09-01,Saint-Louis,Nord,D08,Communication,35,99.38,0.14107214832728143,3.59637235484207,99.19666666666666
2022-10-01,Saint-Louis,Nord,D08,Communication,35,99.2,-0.18112296236666436,3.9287585123101154,99.27333333333333
2022-11-01,Saint-Louis,Nord,D08,Communication,35,99.5,0.3024193548387011,4.177573029002191,99.36
2022-12-01,Saint-Louis,Nord,D08,Communication,35,98.95,-0.5527638190954698,3.6125654450261724,99.21666666666665
2023-01-01,Saint-Louis,Nord,D08,Communication,35,98.82,-0.13137948458818993,2.702140927042196,99.08999999999999
2023-02-01,Saint-Louis,Nord,D08,Communication,35,99.05,0.23274640760979626,2.440790154100725,98.94
2023-03-01,Saint-Louis,Nord,D08,Communication,35,99.47,0.4240282685512353,2.4091423864923245,99.11333333333334
2023-04-01,Saint-Louis,Nord,D08,Communication,35,99.58,0.11058610636371924,1.8721227621483427,99.36666666666667
2023-05-01,Saint-Louis,Nord,D08,Communication,35,99.85,0.2711387828881362,1.6388436482084767,99.63333333333333
2023-06-01,Saint-Louis,Nord,D08,Communication,35,100.32,0.4707060590886325,1.744421906693705,99.91666666666667
2023-07-01,Saint-Louis,Nord,D08,Communication,35,100.6,0.2791068580542344,1.6469637263817338,100.25666666666666
2023-08-01,Saint-Louis,Nord,D08,Communication,35,100.78,0.17892644135188984,1.5517936316001624,100.56666666666666
2023-09-01,Saint-Louis,Nord,D08,Communication,35,100.68,-0.0992260369120812,1.3081102837593228,100.68666666666667
2023-10-01,Saint-Louis,Nord,D08,Communication,35,100.35,-0.3277711561382679,1.1592741935483764,100.60333333333334
2023-11-01,Saint-Louis,Nord,D08,Communication,35,100.11,-0.23916292974588416,0.6130653266331665,100.38
2023-12-01,Saint-Louis,Nord,D08,Communication,35,99.87,-0.23973629008090525,0.929762506316334,100.11
2024-01-01,Saint-Louis,Nord,D08,Communication,35,99.57,-0.30039050765996445,0.7589556769884709,99.85000000000001
2024-02-01,Saint-Louis,Nord,D08,Communication,35,99.74,0.1707341568745635,0.696617869762739,99.72666666666667
2024-03-01,Saint-Louis,Nord,D08,Communication,35,99.72,-0.020052135552428574,0.2513320599175639,99.67666666666666
2024-04-01,Saint-Louis,Nord,D08,Communication,35,100.1,0.38106698756517066,0.5221932114882533,99.85333333333334
2024-05-01,Saint-Louis,Nord,D08,Communication,35,100.39,0.2897102897102988,0.5408112168252543,100.07
2024-06-01,Saint-Louis,Nord,D08,Communication,35,100.64,0.2490287877278563,0.31897926634769647,100.37666666666667
2024-07-01,Saint-Louis,Nord,D08,Communication,35,100.5,-0.13910969793322625,-0.09940357852882276,100.50999999999999
2024-08-01,Saint-Louis,Nord,D08,Communication,35,100.58,0.0796019900497491,-0.1984520738241735,100.57333333333334
2024-09-01,Saint-Louis,Nord,D08,Communication,35,100.25,-0.32809703718432726,-0.4270957489074356,100.44333333333334
2024-10-01,Saint-Louis,Nord,D08,Communication,35,100.58,0.32917705735659997,0.22919780767314268,100.47000000000001
2024-11-01,Saint-Louis,Nord,D08,Communication,35,100.61,0.02982700338038935,0.4994506043352276,100.48
2024-12-01,Saint-Louis,Nord,D08,Communication,35,99.85,-0.7553921081403514,-0.020026033844011693,100.34666666666665
2025-01-01,Saint-Louis,Nord,D08,Communication,35,99.87,0.020030045067609414,0.30129557095512904,100.11000000000001
2025-02-01,Saint-Louis,Nord,D08,Communication,35,100.01,0.14018223690797083,0.27070382995790787,99.91000000000001
2025-03-01,Saint-Louis,Nord,D08,Communication,35,99.94,-0.06999300069994163,0.2206177296429912,99.94
2025-04-01,Saint-Louis,Nord,D08,Communication,35,100.6,0.6603962377426331,0.4995004995004937,100.18333333333334
2025-05-01,Saint-Louis,Nord,D08,Communication,35,100.74,0.1391650099403563,0.34864030281900327,100.42666666666666
2025-06-01,Saint-Louis,Nord,D08,Communication,35,101.2,0.4566210045662267,0.556438791732905,100.84666666666668
2025-07-01,Saint-Louis,Nord,D08,Communication,35,101.08,-0.11857707509881354,0.5771144278607032,101.00666666666666
2025-08-01,Saint-Louis,Nord,D08,Communication,35,101.35,0.2671151563118368,0.7655597534301117,101.21
2025-09-01,Saint-Louis,Nord,D08,Communication,35,101.37,0.019733596447957247,1.1172069825436504,101.26666666666667
2025-10-01,Saint-Louis,Nord,D08,Communication,35,101.51,0.1381079214757719,0.9246371047922031,101.41000000000001
2025-11-01,Saint-Louis,Nord,D08,Communication,35,101.52,0.009851246182623896,0.90448265579961,101.46666666666665
2025-12-01,Saint-Louis,Nord,D08,Communication,35,100.79,-0.7190701339637395,0.9414121181772872,101.27333333333333
2026-01-01,Saint-Louis,Nord,D08,Communication,35,99.73,-1.051691636075014,-0.14018223690798193,100.68
2026-02-01,Saint-Louis,Nord,D08,Communication,35,100.04,0.31083926601824796,0.029997000299974985,100.18666666666667
2026-03-01,Saint-Louis,Nord,D08,Communication,35,100.6,0.5597760895641679,0.6603962377426331,100.12333333333333
2026-04-01,Saint-Louis,Nord,D08,Communication,35,100.93,0.3280318091451351,0.3280318091451351,100.52333333333333
2026-05-01,Saint-Louis,Nord,D08,Communication,35,101.09,0.15852571088872391,0.34742902521343044,100.87333333333333
2018-01-01,Thiès,Centre-Ouest,D08,Communication,35,93.81,,,93.81
2018-02-01,Thiès,Centre-Ouest,D08,Communication,35,93.75,-0.06395906619763858,,93.78
2018-03-01,Thiès,Centre-Ouest,D08,Communication,35,93.89,0.14933333333333465,,93.81666666666666
2018-04-01,Thiès,Centre-Ouest,D08,Communication,35,94.2,0.33017360741294244,,93.94666666666667
2018-05-01,Thiès,Centre-Ouest,D08,Communication,35,94.2,0.0,,94.09666666666668
2018-06-01,Thiès,Centre-Ouest,D08,Communication,35,94.38,0.19108280254775956,,94.26
2018-07-01,Thiès,Centre-Ouest,D08,Communication,35,94.3,-0.08476372112735664,,94.29333333333334
2018-08-01,Thiès,Centre-Ouest,D08,Communication,35,94.24,-0.06362672322375307,,94.30666666666667
2018-09-01,Thiès,Centre-Ouest,D08,Communication,35,93.98,-0.2758913412563624,,94.17333333333333
2018-10-01,Thiès,Centre-Ouest,D08,Communication,35,93.75,-0.244732921898283,,93.99000000000001
2018-11-01,Thiès,Centre-Ouest,D08,Communication,35,93.85,0.10666666666665492,,93.86
2018-12-01,Thiès,Centre-Ouest,D08,Communication,35,93.79,-0.0639318060735139,,93.79666666666667
2019-01-01,Thiès,Centre-Ouest,D08,Communication,35,93.79,0.0,-0.02131968873253509,93.81
2019-02-01,Thiès,Centre-Ouest,D08,Communication,35,94.02,0.24522870242029704,0.28799999999999937,93.86666666666667
2019-03-01,Thiès,Centre-Ouest,D08,Communication,35,94.16,0.14890448840672033,0.28757056129513625,93.99
2019-04-01,Thiès,Centre-Ouest,D08,Communication,35,94.02,-0.14868309260832602,-0.19108280254778176,94.06666666666666
2019-05-01,Thiès,Centre-Ouest,D08,Communication,35,94.35,0.35098915124440744,0.15923566878979223,94.17666666666666
2019-06-01,Thiès,Centre-Ouest,D08,Communication,35,94.65,0.31796502384739966,0.28607755880483143,94.33999999999999
2019-07-01,Thiès,Centre-Ouest,D08,Communication,35,94.69,0.04226096143686853,0.41357370095440604,94.56333333333333
2019-08-01,Thiès,Centre-Ouest,D08,Communication,35,94.42,-0.28514098637659746,0.19100169779286968,94.58666666666666
2019-09-01,Thiès,Centre-Ouest,D08,Communication,35,94.49,0.0741368354162164,0.5426686529048652,94.53333333333335
2019-10-01,Thiès,Centre-Ouest,D08,Communication,35,94.46,-0.031749391469992894,0.757333333333321,94.45666666666666
2019-11-01,Thiès,Centre-Ouest,D08,Communication,35,94.27,-0.20114334109675447,0.4475226425146639,94.40666666666665
2019-12-01,Thiès,Centre-Ouest,D08,Communication,35,94.04,-0.24398005728226702,0.26655293741337793,94.25666666666666
2020-01-01,Thiès,Centre-Ouest,D08,Communication,35,94.34,0.31901318587834737,0.5864164623094137,94.21666666666668
2020-02-01,Thiès,Centre-Ouest,D08,Communication,35,94.45,0.11659953360185771,0.4573495001063632,94.27666666666669
2020-03-01,Thiès,Centre-Ouest,D08,Communication,35,94.81,0.38115404976177825,0.6903143585386573,94.53333333333335
2020-04-01,Thiès,Centre-Ouest,D08,Communication,35,95.01,0.2109482122139017,1.0529674537332667,94.75666666666667
2020-05-01,Thiès,Centre-Ouest,D08,Communication,35,95.31,0.3157562361856714,1.0174880763116123,95.04333333333334
2020-06-01,Thiès,Centre-Ouest,D08,Communication,35,95.43,0.12590494176896172,0.8240887480190251,95.25
2020-07-01,Thiès,Centre-Ouest,D08,Communication,35,95.59,0.16766216074608487,0.950469954588673,95.44333333333334
2020-08-01,Thiès,Centre-Ouest,D08,Communication,35,95.41,-0.18830421592217483,1.0485066723151748,95.47666666666667
2020-09-01,Thiès,Centre-Ouest,D08,Communication,35,95.37,-0.04192432659049228,0.93131548311991,95.45666666666666
2020-10-01,Thiès,Centre-Ouest,D08,Communication,35,95.2,-0.17825311942959443,0.783400381113708,95.32666666666667
2020-11-01,Thiès,Centre-Ouest,D08,Communication,35,94.79,-0.4306722689075615,0.5516070860295041,95.12
2020-12-01,Thiès,Centre-Ouest,D08,Communication,35,94.52,-0.28484017301404485,0.5104210974053558,94.83666666666666
2021-01-01,Thiès,Centre-Ouest,D08,Communication,35,95.18,0.6982649174777977,0.8903964384142427,94.83
2021-02-01,Thiès,Centre-Ouest,D08,Communication,35,95.13,-0.05253204454718219,0.7199576495500182,94.94333333333333
2021-03-01,Thiès,Centre-Ouest,D08,Communication,35,95.06,-0.07358351729211954,0.263685265267366,95.12333333333333
2021-04-01,Thiès,Centre-Ouest,D08,Communication,35,95.45,0.4102671996633722,0.46310914640563805,95.21333333333332
2021-05-01,Thiès,Centre-Ouest,D08,Communication,35,95.9,0.4714510214772094,0.6190326303640692,95.47000000000001
2021-06-01,Thiès,Centre-Ouest,D08,Communication,35,95.95,0.05213764337852478,0.5449020224248091,95.76666666666667
2021-07-01,Thiès,Centre-Ouest,D08,Communication,35,95.98,0.03126628452319036,0.407992467831364,95.94333333333334
2021-08-01,Thiès,Centre-Ouest,D08,Communication,35,96.23,0.26047093144405675,0.859448695105347,96.05333333333333
2021-09-01,Thiès,Centre-Ouest,D08,Communication,35,95.79,-0.45723786760885066,0.440390059767215,96.0
2021-10-01,Thiès,Centre-Ouest,D08,Communication,35,95.69,-0.10439503079654466,0.5147058823529393,95.90333333333332
2021-11-01,Thiès,Centre-Ouest,D08,Communication,35,95.71,0.020900825582614857,0.9705665154551957,95.73
2021-12-01,Thiès,Centre-Ouest,D08,Communication,35,95.66,-0.052241145125897503,1.2060939483707234,95.68666666666665
2022-01-01,Thiès,Centre-Ouest,D08,Communication,35,96.29,0.6585824796153217,1.166211388947258,95.88666666666666
2022-02-01,Thiès,Centre-Ouest,D08,Communication,35,96.79,0.519264721154844,1.7449805529275775,96.24666666666667
2022-03-01,Thiès,Centre-Ouest,D08,Communication,35,97.21,0.43392912490958224,2.2617294340416594,96.76333333333334
2022-04-01,Thiès,Centre-Ouest,D08,Communication,35,97.81,0.6172204505709322,2.472498690413838,97.27
2022-05-01,Thiès,Centre-Ouest,D08,Communication,35,98.25,0.44985175339944394,2.450469238790398,97.75666666666666
2022-06-01,Thiès,Centre-Ouest,D08,Communication,35,98.75,0.5089058524172962,2.9181865554976483,98.27
2022-07-01,Thiès,Centre-Ouest,D08,Communication,35,99.06,0.31392405063290774,3.2090018753907046,98.68666666666667
2022-08-01,Thiès,Centre-Ouest,D08,Communication,35,99.29,0.2321825156470947,3.179881533825202,99.03333333333335
2022-09-01,Thiès,Centre-Ouest,D08,Communication,35,99.52,0.23164467720817594,3.8939346487107063,99.29
2022-10-01,Thiès,Centre-Ouest,D08,Communication,35,99.58,0.0602893890675249,4.065210575817746,99.46333333333332
2022-11-01,Thiès,Centre-Ouest,D08,Communication,35,99.58,0.0,4.043464632744764,99.56
2022-12-01,Thiès,Centre-Ouest,D08,Communication,35,98.85,-0.7330789315123543,3.334727158687012,99.33666666666666
2023-01-01,Thiès,Centre-Ouest,D08,Communication,35,98.91,0.060698027314121106,2.7209471388513817,99.11333333333333
2023-02-01,Thiès,Centre-Ouest,D08,Communication,35,99.11,0.2022040238600864,2.3969418328339653,98.95666666666666
2023-03-01,Thiès,Centre-Ouest,D08,Communication,35,99.59,0.4843103622238054,2.448307787264703,99.20333333333333
2023-04-01,Thiès,Centre-Ouest,D08,Communication,35,100.07,0.4819761020182556,2.310602187915345,99.58999999999999
2023-05-01,Thiès,Centre-Ouest,D08,Communication,35,100.01,-0.059958029379425515,1.791348600508913,99.89
2023-06-01,Thiès,Centre-Ouest,D08,Communication,35,100.42,0.4099590040995915,1.691139240506323,100.16666666666667
2023-07-01,Thiès,Centre-Ouest,D08,Communication,35,100.64,0.21907986456881634,1.594992933575612,100.35666666666667
2023-08-01,Thiès,Centre-Ouest,D08,Communication,35,100.52,-0.11923688394277487,1.238795447678509,100.52666666666669
2023-09-01,Thiès,Centre-Ouest,D08,Communication,35,100.9,0.37803422204536474,1.3866559485530727,100.68666666666667
2023-10-01,Thiès,Centre-Ouest,D08,Communication,35,100.49,-0.4063429137760255,0.9138381201044377,100.63666666666667
2023-11-01,Thiès,Centre-Ouest,D08,Communication,35,100.58,0.08956115036322654,1.0042177144004905,100.65666666666668
2023-12-01,Thiès,Centre-Ouest,D08,Communication,35,100.03999999999999,-0.5368860608470971,1.203844208396565,100.37
2024-01-01,Thiès,Centre-Ouest,D08,Communication,35,99.5,-0.5397840863654468,0.5965018703872227,100.04
2024-02-01,Thiès,Centre-Ouest,D08,Communication,35,99.71,0.21105527638189958,0.6053879527797346,99.75
2024-03-01,Thiès,Centre-Ouest,D08,Communication,35,99.98,0.27078527730419744,0.3916055828898424,99.73
2024-04-01,Thiès,Centre-Ouest,D08,Communication,35,100.13,0.15003000600120053,0.05995802937943662,99.94
2024-05-01,Thiès,Centre-Ouest,D08,Communication,35,100.51,0.379506641366234,0.49995000499949427,100.20666666666666
2024-06-01,Thiès,Centre-Ouest,D08,Communication,35,100.49,-0.01989851756045713,0.06970722963552944,100.37666666666667
2024-07-01,Thiès,Centre-Ouest,D08,Communication,35,100.55,0.05970743357548436,-0.0894276629570756,100.51666666666667
2024-08-01,Thiès,Centre-Ouest,D08,Communication,35,101.02,0.4674291397314789,0.4974134500596916,100.68666666666667
2024-09-01,Thiès,Centre-Ouest,D08,Communication,35,100.785,-0.23262720253415248,-0.11397423191279454,100.78500000000001
2024-10-01,Thiès,Centre-Ouest,D08,Communication,35,100.55,-0.23316961849481066,0.05970743357548436,100.78499999999998
2024-11-01,Thiès,Centre-Ouest,D08,Communication,35,100.56,0.009945300845348726,-0.019884668920255866,100.63166666666666
2024-12-01,Thiès,Centre-Ouest,D08,Communication,35,99.86,-0.6961018297533816,-0.17992802878847858,100.32333333333334
2025-01-01,Thiès,Centre-Ouest,D08,Communication,35,99.99,0.13018225515721848,0.4924623115577731,100.13666666666666
2025-02-01,Thiès,Centre-Ouest,D08,Communication,35,99.97,-0.020002000200014525,0.26075619295957697,99.94
2025-03-01,Thiès,Centre-Ouest,D08,Communication,35,100.29,0.3200960288086474,0.31006201240249,100.08333333333333
2025-04-01,Thiès,Centre-Ouest,D08,Communication,35,100.55,0.2592481802771829,0.4194547088784528,100.27
2025-05-01,Thiès,Centre-Ouest,D08,Communication,35,100.97,0.4177026355047353,0.4576659038901587,100.60333333333334
2025-06-01,Thiès,Centre-Ouest,D08,Communication,35,100.97,0.0,0.47765946860385267,100.83
2025-07-01,Thiès,Centre-Ouest,D08,Communication,35,101.08,0.10894325047043907,0.5271009448035713,101.00666666666666
2025-08-01,Thiès,Centre-Ouest,D08,Communication,35,101.34,0.25722200237436876,0.3167689566422549,101.13
2025-09-01,Thiès,Centre-Ouest,D08,Communication,35,101.47,0.1282810341424856,0.6796646326338251,101.29666666666667
2025-10-01,Thiès,Centre-Ouest,D08,Communication,35,101.48,0.009855129594948941,0.9249129786176091,101.43
2025-11-01,Thiès,Centre-Ouest,D08,Communication,35,101.33,-0.14781237682301995,0.7657120127287254,101.42666666666666
2025-12-01,Thiès,Centre-Ouest,D08,Communication,35,100.91,-0.41448731866180477,1.051472060885228,101.24000000000001
2026-01-01,Thiès,Centre-Ouest,D08,Communication,35,99.85,-1.050440987018142,-0.14001400140014608,100.69666666666666
2026-02-01,Thiès,Centre-Ouest,D08,Communication,35,100.18,0.3304957436154332,0.2100630189056707,100.31333333333333
2026-03-01,Thiès,Centre-Ouest,D08,Communication,35,100.53,0.3493711319624726,0.2393060125635671,100.18666666666667
2026-04-01,Thiès,Centre-Ouest,D08,Communication,35,101.1,0.5669949268874985,0.5469915464942687,100.60333333333334
2026-05-01,Thiès,Centre-Ouest,D08,Communication,35,101.24,0.13847675568743334,0.26740616024560904,100.95666666666666
2018-01-01,Dakar,Ouest,D09,Loisirs et culture,21,88.76,,,88.76
2018-02-01,Dakar,Ouest,D09,Loisirs et culture,21,88.61,-0.16899504281208122,,88.685
2018-03-01,Dakar,Ouest,D09,Loisirs et culture,21,88.83,0.24827897528496568,,88.73333333333333
2018-04-01,Dakar,Ouest,D09,Loisirs et culture,21,89.33,0.5628729032984392,,88.92333333333333
2018-05-01,Dakar,Ouest,D09,Loisirs et culture,21,89.3,-0.033583342662035776,,89.15333333333332
2018-06-01,Dakar,Ouest,D09,Loisirs et culture,21,89.81,0.5711086226203754,,89.48
2018-07-01,Dakar,Ouest,D09,Loisirs et culture,21,89.54,-0.30063467319897397,,89.55
2018-08-01,Dakar,Ouest,D09,Loisirs et culture,21,89.54,0.0,,89.63
2018-09-01,Dakar,Ouest,D09,Loisirs et culture,21,89.54,0.0,,89.54
2018-10-01,Dakar,Ouest,D09,Loisirs et culture,21,89.12,-0.46906410542774113,,89.40000000000002
2018-11-01,Dakar,Ouest,D09,Loisirs et culture,21,88.75,-0.4151705565529684,,89.13666666666666
2018-12-01,Dakar,Ouest,D09,Loisirs et culture,21,88.73,-0.022535211267604716,,88.86666666666667
2019-01-01,Dakar,Ouest,D09,Loisirs et culture,21,89.08,0.3944550884706244,0.3605227579990933,88.85333333333334
2019-02-01,Dakar,Ouest,D09,Loisirs et culture,21,88.99,-0.10103277952402401,0.4288455027649185,88.93333333333334
2019-03-01,Dakar,Ouest,D09,Loisirs et culture,21,89.33,0.3820654006068125,0.5628729032984392,89.13333333333333
2019-04-01,Dakar,Ouest,D09,Loisirs et culture,21,89.51,0.20150005597223686,0.20150005597223686,89.27666666666666
2019-05-01,Dakar,Ouest,D09,Loisirs et culture,21,89.98,0.5250809965366976,0.7614781634938561,89.60666666666667
2019-06-01,Dakar,Ouest,D09,Loisirs et culture,21,90.03,0.0555679039786483,0.2449615855695253,89.83999999999999
2019-07-01,Dakar,Ouest,D09,Loisirs et culture,21,90.04,0.01110740864156412,0.5584096493187474,90.01666666666667
2019-08-01,Dakar,Ouest,D09,Loisirs et culture,21,90.0,-0.044424700133283146,0.5137368773732387,90.02333333333333
2019-09-01,Dakar,Ouest,D09,Loisirs et culture,21,89.87,-0.14444444444443594,0.3685503685503688,89.97000000000001
2019-10-01,Dakar,Ouest,D09,Loisirs et culture,21,89.69,-0.20028930677645773,0.6395870736086051,89.85333333333334
2019-11-01,Dakar,Ouest,D09,Loisirs et culture,21,89.25,-0.4905786598283002,0.5633802816901401,89.60333333333334
2019-12-01,Dakar,Ouest,D09,Loisirs et culture,21,89.09,-0.17927170868347053,0.40572523385551396,89.34333333333332
2020-01-01,Dakar,Ouest,D09,Loisirs et culture,21,90.02,1.0438882029408347,1.0552312528064656,89.45333333333333
2020-02-01,Dakar,Ouest,D09,Loisirs et culture,21,90.03,0.011108642523893764,1.1686706371502487,89.71333333333332
2020-03-01,Dakar,Ouest,D09,Loisirs et culture,21,90.23,0.2221481728312824,1.0075002798611843,90.09333333333335
2020-04-01,Dakar,Ouest,D09,Loisirs et culture,21,90.87,0.7092984594924134,1.5193833091274644,90.37666666666667
2020-05-01,Dakar,Ouest,D09,Loisirs et culture,21,91.25,0.41817981732144016,1.411424761058,90.78333333333335
2020-06-01,Dakar,Ouest,D09,Loisirs et culture,21,91.29,0.043835616438370195,1.399533488837057,91.13666666666666
2020-07-01,Dakar,Ouest,D09,Loisirs et culture,21,91.62,0.36148537627340716,1.754775655264318,91.38666666666666
2020-08-01,Dakar,Ouest,D09,Loisirs et culture,21,91.57,-0.05457323728444985,1.7444444444444374,91.49333333333334
2020-09-01,Dakar,Ouest,D09,Loisirs et culture,21,91.31,-0.2839357868297365,1.6023144542116396,91.5
2020-10-01,Dakar,Ouest,D09,Loisirs et culture,21,91.07,-0.26284087175556525,1.5386330694614703,91.31666666666666
2020-11-01,Dakar,Ouest,D09,Loisirs et culture,21,90.52,-0.603931042055561,1.4229691876750605,90.96666666666665
2020-12-01,Dakar,Ouest,D09,Loisirs et culture,21,90.56,0.0441891294741481,1.6500168369064871,90.71666666666665
2021-01-01,Dakar,Ouest,D09,Loisirs et culture,21,90.81,0.27606007067138005,0.877582759386808,90.63
2021-02-01,Dakar,Ouest,D09,Loisirs et culture,21,91.02,0.23125206475056448,1.0996334555148257,90.79666666666667
2021-03-01,Dakar,Ouest,D09,Loisirs et culture,21,91.54,0.5713030103274175,1.451845284273534,91.12333333333333
2021-04-01,Dakar,Ouest,D09,Loisirs et culture,21,92.03,0.5352851212584664,1.2765489160338817,91.53000000000002
2021-05-01,Dakar,Ouest,D09,Loisirs et culture,21,92.47,0.47810496577203043,1.336986301369869,92.01333333333334
2021-06-01,Dakar,Ouest,D09,Loisirs et culture,21,92.72,0.2703579539309997,1.5664366305181199,92.40666666666665
2021-07-01,Dakar,Ouest,D09,Loisirs et culture,21,92.62,-0.10785159620362306,1.0914647456887083,92.60333333333334
2021-08-01,Dakar,Ouest,D09,Loisirs et culture,21,92.67,0.05398402072986919,1.2012667904335528,92.67
2021-09-01,Dakar,Ouest,D09,Loisirs et culture,21,92.6,-0.07553685119241482,1.4127696856861105,92.63
2021-10-01,Dakar,Ouest,D09,Loisirs et culture,21,92.32,-0.30237580993520696,1.372570550126273,92.53000000000002
2021-11-01,Dakar,Ouest,D09,Loisirs et culture,21,92.14,-0.1949740034661973,1.7896597437030648,92.35333333333334
2021-12-01,Dakar,Ouest,D09,Loisirs et culture,21,92.13,-0.01085304970697143,1.7336572438162445,92.19666666666666
2022-01-01,Dakar,Ouest,D09,Loisirs et culture,21,93.13,1.085422772169764,2.5547847153397196,92.46666666666665
2022-02-01,Dakar,Ouest,D09,Loisirs et culture,21,93.82,0.7408998174594617,3.0762469786860036,93.02666666666666
2022-03-01,Dakar,Ouest,D09,Loisirs et culture,21,94.77,1.0125772756341966,3.5285121258466168,93.90666666666668
2022-04-01,Dakar,Ouest,D09,Loisirs et culture,21,95.88,1.1712567268122864,4.183418450505272,94.82333333333334
2022-05-01,Dakar,Ouest,D09,Loisirs et culture,21,96.76,0.9178139340842772,4.639342489456055,95.80333333333334
2022-06-01,Dakar,Ouest,D09,Loisirs et culture,21,97.61,0.8784621744522436,5.2739430543572,96.75
2022-07-01,Dakar,Ouest,D09,Loisirs et culture,21,98.2,0.6044462657514682,6.024616713452824,97.52333333333333
2022-08-01,Dakar,Ouest,D09,Loisirs et culture,21,98.46,0.2647657841140516,6.2479766914859125,98.08999999999999
2022-09-01,Dakar,Ouest,D09,Loisirs et culture,21,98.92,0.46719479991874646,6.8250539956803635,98.52666666666666
2022-10-01,Dakar,Ouest,D09,Loisirs et culture,21,99.09,0.17185604528913156,7.3331889081455826,98.82333333333334
2022-11-01,Dakar,Ouest,D09,Loisirs et culture,21,99.02,-0.07064284993441028,7.4668981983937455,99.00999999999999
2022-12-01,Dakar,Ouest,D09,Loisirs et culture,21,98.35,-0.67663098363967,6.751329642895909,98.82
2023-01-01,Dakar,Ouest,D09,Loisirs et culture,21,97.97,-0.3863751906456492,5.197036400730171,98.44666666666667
2023-02-01,Dakar,Ouest,D09,Loisirs et culture,21,98.2,0.23476574461569477,4.668514176081873,98.17333333333333
2023-03-01,Dakar,Ouest,D09,Loisirs et culture,21,98.8,0.6109979633401208,4.252400548696844,98.32333333333334
2023-04-01,Dakar,Ouest,D09,Loisirs et culture,21,99.465,0.6730769230769207,3.7390488110137676,98.82166666666667
2023-05-01,Dakar,Ouest,D09,Loisirs et culture,21,100.13,0.6685768863419206,3.482844150475395,99.46499999999999
2023-06-01,Dakar,Ouest,D09,Loisirs et culture,21,100.55,0.4194547088784528,3.011986476795414,100.04833333333333
2023-07-01,Dakar,Ouest,D09,Loisirs et culture,21,100.755,0.20387866732969329,2.6018329938900076,100.47833333333334
2023-08-01,Dakar,Ouest,D09,Loisirs et culture,21,100.96,0.20346384794798222,2.5391021734714636,100.755
2023-09-01,Dakar,Ouest,D09,Loisirs et culture,21,101.01,0.04952456418385598,2.1128184391427496,100.90833333333332
2023-10-01,Dakar,Ouest,D09,Loisirs et culture,21,101.06,0.04950004950003972,1.9880916338681942,101.00999999999999
2023-11-01,Dakar,Ouest,D09,Loisirs et culture,21,101.09,0.02968533544429608,2.0904867703494423,101.05333333333334
2023-12-01,Dakar,Ouest,D09,Loisirs et culture,21,99.87,-1.206845385300226,1.545500762582619,100.67333333333335
2024-01-01,Dakar,Ouest,D09,Loisirs et culture,21,98.97,-0.9011715229798822,1.0207206287639048,99.97666666666667
2024-02-01,Dakar,Ouest,D09,Loisirs et culture,21,99.43,0.4647873092856525,1.252545824847262,99.42333333333333
2024-03-01,Dakar,Ouest,D09,Loisirs et culture,21,99.47,0.04022930705018801,0.6781376518218751,99.29
2024-04-01,Dakar,Ouest,D09,Loisirs et culture,21,100.18,0.7137830501658948,0.7188458251646379,99.69333333333334
2024-05-01,Dakar,Ouest,D09,Loisirs et culture,21,100.57,0.3892992613296009,0.4394287426345622,100.07333333333334
2024-06-01,Dakar,Ouest,D09,Loisirs et culture,21,101.02,0.44744953763549145,0.4674291397314789,100.58999999999999
2024-07-01,Dakar,Ouest,D09,Loisirs et culture,21,101.21,0.18808156800633746,0.4515904917870017,100.93333333333332
2024-08-01,Dakar,Ouest,D09,Loisirs et culture,21,101.1,-0.10868491255804358,0.13866877971473457,101.11
2024-09-01,Dakar,Ouest,D09,Loisirs et culture,21,101.06,-0.039564787339263496,0.04950004950003972,101.12333333333333
2024-10-01,Dakar,Ouest,D09,Loisirs et culture,21,101.29,0.22758757173957367,0.22758757173957367,101.15000000000002
2024-11-01,Dakar,Ouest,D09,Loisirs et culture,21,101.2,-0.08885378615856032,0.10881392818280489,101.18333333333334
2024-12-01,Dakar,Ouest,D09,Loisirs et culture,21,100.08,-1.1067193675889375,0.21027335536196734,100.85666666666667
2025-01-01,Dakar,Ouest,D09,Loisirs et culture,21,99.98,-0.0999200639488329,1.0205112660402138,100.42
2025-02-01,Dakar,Ouest,D09,Loisirs et culture,21,100.06,0.08001600320064473,0.6336115860404279,100.04
2025-03-01,Dakar,Ouest,D09,Loisirs et culture,21,100.7,0.6396162302618524,1.23655373479441,100.24666666666667
2025-04-01,Dakar,Ouest,D09,Loisirs et culture,21,101.17,0.46673286991063545,0.9882212018366809,100.64333333333333
2025-05-01,Dakar,Ouest,D09,Loisirs et culture,21,101.44,0.26687753286547267,0.8650691060952509,101.10333333333334
2025-06-01,Dakar,Ouest,D09,Loisirs et culture,21,102.15,0.6999211356466972,1.1185903781429474,101.58666666666666
2025-07-01,Dakar,Ouest,D09,Loisirs et culture,21,102.37,0.21536955457659435,1.146131805157613,101.98666666666666
2025-08-01,Dakar,Ouest,D09,Loisirs et culture,21,102.4,0.02930546058415029,1.2858555885262302,102.30666666666667
2025-09-01,Dakar,Ouest,D09,Loisirs et culture,21,102.43,0.02929687499999556,1.3556303186226026,102.40000000000002
2025-10-01,Dakar,Ouest,D09,Loisirs et culture,21,102.56,0.12691594259492955,1.2538256491262612,102.46333333333335
2025-11-01,Dakar,Ouest,D09,Loisirs et culture,21,102.71,0.14625585023400056,1.4920948616600649,102.56666666666666
2025-12-01,Dakar,Ouest,D09,Loisirs et culture,21,101.69,-0.9930873332684165,1.6087130295763474,102.32
2026-01-01,Dakar,Ouest,D09,Loisirs et culture,21,99.91,-1.7504179368669548,-0.07001400280056691,101.43666666666665
2026-02-01,Dakar,Ouest,D09,Loisirs et culture,21,100.67,0.76068461615455,0.6096342194683135,100.75666666666666
2026-03-01,Dakar,Ouest,D09,Loisirs et culture,21,101.16,0.486738849706958,0.4568023833167789,100.58
2026-04-01,Dakar,Ouest,D09,Loisirs et culture,21,101.7,0.5338078291815096,0.5238707126618669,101.17666666666666
2026-05-01,Dakar,Ouest,D09,Loisirs et culture,21,102.16,0.4523107177974328,0.7097791798107211,101.67333333333333
2018-01-01,Diourbel,Centre,D09,Loisirs et culture,21,87.29,,,87.29
2018-02-01,Diourbel,Centre,D09,Loisirs et culture,21,87.52,0.26348951769961104,,87.405
2018-03-01,Diourbel,Centre,D09,Loisirs et culture,21,87.87,0.3999085923217738,,87.56
2018-04-01,Diourbel,Centre,D09,Loisirs et culture,21,88.075,0.23329919198815663,,87.82166666666666
2018-05-01,Diourbel,Centre,D09,Loisirs et culture,21,88.28,0.232756173715587,,88.075
2018-06-01,Diourbel,Centre,D09,Loisirs et culture,21,88.37,0.10194834617127668,,88.24166666666667
2018-07-01,Diourbel,Centre,D09,Loisirs et culture,21,88.43,0.06789634491344287,,88.36000000000001
2018-08-01,Diourbel,Centre,D09,Loisirs et culture,21,88.49,0.06785027705529245,,88.42999999999999
2018-09-01,Diourbel,Centre,D09,Loisirs et culture,21,88.15,-0.3842242061249723,,88.35666666666667
2018-10-01,Diourbel,Centre,D09,Loisirs et culture,21,87.99,-0.181508791832119,,88.21
2018-11-01,Diourbel,Centre,D09,Loisirs et culture,21,87.87,-0.13637913399249246,,88.00333333333333
2018-12-01,Diourbel,Centre,D09,Loisirs et culture,21,87.81,-0.06828269033800627,,87.89
2019-01-01,Diourbel,Centre,D09,Loisirs et culture,21,88.04,0.2619291652431466,0.8592049490204978,87.90666666666668
2019-02-01,Diourbel,Centre,D09,Loisirs et culture,21,88.04,0.0,0.594149908592323,87.96333333333332
2019-03-01,Diourbel,Centre,D09,Loisirs et culture,21,88.24,0.2271694684234271,0.4210765904176572,88.10666666666667
2019-04-01,Diourbel,Centre,D09,Loisirs et culture,21,88.59,0.3966455122393464,0.5847289242123299,88.29
2019-05-01,Diourbel,Centre,D09,Loisirs et culture,21,88.77,0.2031832035218395,0.5550521069324743,88.53333333333332
2019-06-01,Diourbel,Centre,D09,Loisirs et culture,21,89.0,0.2590965416244373,0.7129116215910392,88.78666666666668
2019-07-01,Diourbel,Centre,D09,Loisirs et culture,21,88.9,-0.11235955056179137,0.5314938369331612,88.89
2019-08-01,Diourbel,Centre,D09,Loisirs et culture,21,89.13,0.25871766029246235,0.7232455644705649,89.01
2019-09-01,Diourbel,Centre,D09,Loisirs et culture,21,88.62,-0.5721979131605437,0.5331820760068107,88.88333333333334
2019-10-01,Diourbel,Centre,D09,Loisirs et culture,21,88.46,-0.18054615211015035,0.5341516081372788,88.73666666666666
2019-11-01,Diourbel,Centre,D09,Loisirs et culture,21,88.28,-0.20348179968346924,0.46659838397633546,88.45333333333333
2019-12-01,Diourbel,Centre,D09,Loisirs et culture,21,88.36,0.09062075215224841,0.6263523516683689,88.36666666666666
2020-01-01,Diourbel,Centre,D09,Loisirs et culture,21,88.74,0.43005885015843237,0.7950931394820504,88.46
2020-02-01,Diourbel,Centre,D09,Loisirs et culture,21,88.96,0.2479152580572519,1.0449795547478269,88.68666666666667
2020-03-01,Diourbel,Centre,D09,Loisirs et culture,21,89.34,0.42715827338131174,1.246600181323676,89.01333333333332
2020-04-01,Diourbel,Centre,D09,Loisirs et culture,21,90.06,0.8059100067159264,1.6593294954283744,89.45333333333333
2020-05-01,Diourbel,Centre,D09,Loisirs et culture,21,89.88,-0.19986675549634736,1.250422440013521,89.76
2020-06-01,Diourbel,Centre,D09,Loisirs et culture,21,90.46,0.6453048509123205,1.6404494382022294,90.13333333333333
2020-07-01,Diourbel,Centre,D09,Loisirs et culture,21,91.07,0.6743311961087795,2.4409448818897506,90.46999999999998
2020-08-01,Diourbel,Centre,D09,Loisirs et culture,21,90.66,-0.4502031404414186,1.7165937394816533,90.72999999999998
2020-09-01,Diourbel,Centre,D09,Loisirs et culture,21,90.19,-0.5184204720935393,1.7716091175806747,90.63999999999999
2020-10-01,Diourbel,Centre,D09,Loisirs et culture,21,90.03,-0.1774032597848918,1.7748134750169564,90.29333333333334
2020-11-01,Diourbel,Centre,D09,Loisirs et culture,21,89.74,-0.3221148506053595,1.6538287267784169,89.98666666666666
2020-12-01,Diourbel,Centre,D09,Loisirs et culture,21,89.63,-0.12257633162469084,1.437301946582159,89.8
2021-01-01,Diourbel,Centre,D09,Loisirs et culture,21,90.14,0.5690059131987057,1.577642551273395,89.83666666666666
2021-02-01,Diourbel,Centre,D09,Loisirs et culture,21,90.2,0.0665631240292841,1.393884892086339,89.99
2021-03-01,Diourbel,Centre,D09,Loisirs et culture,21,90.45,0.27716186252770836,1.242444593687031,90.26333333333332
2021-04-01,Diourbel,Centre,D09,Loisirs et culture,21,91.07,0.6854615809839482,1.1214745725071973,90.57333333333334
2021-05-01,Diourbel,Centre,D09,Loisirs et culture,21,91.3,0.2525529812232419,1.5798842901646681,90.94
2021-06-01,Diourbel,Centre,D09,Loisirs et culture,21,91.61,0.33953997809419434,1.2712801238116356,91.32666666666667
2021-07-01,Diourbel,Centre,D09,Loisirs et culture,21,91.62,0.010915838882219475,0.6039310420555832,91.50999999999999
2021-08-01,Diourbel,Centre,D09,Loisirs et culture,21,91.63,0.010914647456883309,1.0699316126185687,91.62
2021-09-01,Diourbel,Centre,D09,Loisirs et culture,21,91.58,-0.05456728145804002,1.5411908193813106,91.61
2021-10-01,Diourbel,Centre,D09,Loisirs et culture,21,91.33,-0.27298536798427975,1.4439631234033135,91.51333333333332
2021-11-01,Diourbel,Centre,D09,Loisirs et culture,21,91.34,0.010949304719165553,1.7829284599955475,91.41666666666667
2021-12-01,Diourbel,Centre,D09,Loisirs et culture,21,91.01,-0.36128749726297427,1.5396630592435567,91.22666666666667
2022-01-01,Diourbel,Centre,D09,Loisirs et culture,21,91.98,1.0658169431930542,2.0412691368981717,91.44333333333334
2022-02-01,Diourbel,Centre,D09,Loisirs et culture,21,93.14,1.2611437268971404,3.259423503325931,92.04333333333334
2022-03-01,Diourbel,Centre,D09,Loisirs et culture,21,94.21,1.148808245651689,4.156992813709226,93.11000000000001
2022-04-01,Diourbel,Centre,D09,Loisirs et culture,21,95.425,1.2896720093408476,4.782035796639961,94.25833333333333
2022-05-01,Diourbel,Centre,D09,Loisirs et culture,21,96.64,1.2732512444328048,5.84884994523549,95.425
2022-06-01,Diourbel,Centre,D09,Loisirs et culture,21,97.21,0.5898178807946852,6.112869774042129,96.425
2022-07-01,Diourbel,Centre,D09,Loisirs et culture,21,98.03,0.8435346157802837,6.996289019864643,97.29333333333334
2022-08-01,Diourbel,Centre,D09,Loisirs et culture,21,98.35,0.32643068448432455,7.333842627960263,97.86333333333333
2022-09-01,Diourbel,Centre,D09,Loisirs et culture,21,98.68,0.33553634977123714,7.752784450753447,98.35333333333334
2022-10-01,Diourbel,Centre,D09,Loisirs et culture,21,98.81,0.13173895419538173,8.190079929924465,98.61333333333333
2022-11-01,Diourbel,Centre,D09,Loisirs et culture,21,99.11,0.303612994636171,8.506678344646378,98.86666666666667
2022-12-01,Diourbel,Centre,D09,Loisirs et culture,21,97.83,-1.2914942992634404,7.493682012965608,98.58333333333333
2023-01-01,Diourbel,Centre,D09,Loisirs et culture,21,97.86,0.030665440049060244,6.392694063926929,98.26666666666667
2023-02-01,Diourbel,Centre,D09,Loisirs et culture,21,98.24,0.38830983036990396,5.4756280867511276,97.97666666666667
2023-03-01,Diourbel,Centre,D09,Loisirs et culture,21,98.71,0.4784201954397327,4.776562997558642,98.27
2023-04-01,Diourbel,Centre,D09,Loisirs et culture,21,99.63,0.9320230979637412,4.40660204348966,98.86
2023-05-01,Diourbel,Centre,D09,Loisirs et culture,21,100.2,0.5721168322794457,3.6837748344370924,99.51333333333332
2023-06-01,Diourbel,Centre,D09,Loisirs et culture,21,100.59,0.3892215568862323,3.477008538216242,100.14
2023-07-01,Diourbel,Centre,D09,Loisirs et culture,21,100.9,0.3081817278059562,2.927675201468949,100.56333333333333
2023-08-01,Diourbel,Centre,D09,Loisirs et culture,21,100.94,0.039643211100082176,2.633451957295385,100.81
2023-09-01,Diourbel,Centre,D09,Loisirs et culture,21,100.93,-0.009906875371501478,2.280097284150795,100.92333333333333
2023-10-01,Diourbel,Centre,D09,Loisirs et culture,21,101.13,0.19815713861091044,2.347940491853051,101.0
2023-11-01,Diourbel,Centre,D09,Loisirs et culture,21,101.04,-0.08899436369028679,1.947331248108175,101.03333333333335
2023-12-01,Diourbel,Centre,D09,Loisirs et culture,21,99.61,-1.415281076801278,1.8194827762445076,100.59333333333335
2024-01-01,Diourbel,Centre,D09,Loisirs et culture,21,98.97,-0.6425057725128025,1.134273451870027,99.87333333333333
2024-02-01,Diourbel,Centre,D09,Loisirs et culture,21,99.38,0.4142669495806883,1.1604234527687218,99.32
2024-03-01,Diourbel,Centre,D09,Loisirs et culture,21,99.86,0.4829945663111346,1.1650288724546654,99.40333333333332
2024-04-01,Diourbel,Centre,D09,Loisirs et culture,21,100.09,0.23032245143201902,0.46170832078691326,99.77666666666669
2024-05-01,Diourbel,Centre,D09,Loisirs et culture,21,101.01,0.919172744529928,0.8083832335329388,100.32000000000001
2024-06-01,Diourbel,Centre,D09,Loisirs et culture,21,101.09,0.07920007920008132,0.49706730291281254,100.73
2024-07-01,Diourbel,Centre,D09,Loisirs et culture,21,101.34,0.24730438223365958,0.4360753221010816,101.14666666666666
2024-08-01,Diourbel,Centre,D09,Loisirs et culture,21,101.3,-0.0394710874284665,0.35664751337427525,101.24333333333334
2024-09-01,Diourbel,Centre,D09,Loisirs et culture,21,101.54,0.23692003948667661,0.6043792727633113,101.39333333333333
2024-10-01,Diourbel,Centre,D09,Loisirs et culture,21,101.23,-0.30529840456963164,0.09888262632256062,101.35666666666668
2024-11-01,Diourbel,Centre,D09,Loisirs et culture,21,101.03,-0.19756989034871442,-0.009897070467146385,101.26666666666667
2024-12-01,Diourbel,Centre,D09,Loisirs et culture,21,100.02,-0.9997030584974809,0.41160526051600144,100.75999999999999
2025-01-01,Diourbel,Centre,D09,Loisirs et culture,21,99.9,-0.11997600479902726,0.93967869051228,100.31666666666666
2025-02-01,Diourbel,Centre,D09,Loisirs et culture,21,100.18,0.2802802802802873,0.804990943851891,100.03333333333335
2025-03-01,Diourbel,Centre,D09,Loisirs et culture,21,100.68,0.49910161708923706,0.8211496094532311,100.25333333333334
2025-04-01,Diourbel,Centre,D09,Loisirs et culture,21,101.38,0.6952721493841851,1.2888400439604375,100.74666666666667
2025-05-01,Diourbel,Centre,D09,Loisirs et culture,21,101.81,0.42414677451174665,0.792000792000791,101.29
2025-06-01,Diourbel,Centre,D09,Loisirs et culture,21,102.33,0.5107553285531807,1.2266297358789258,101.83999999999999
2025-07-01,Diourbel,Centre,D09,Loisirs et culture,21,102.35,0.01954461057362966,0.996644957568571,102.16333333333334
2025-08-01,Diourbel,Centre,D09,Loisirs et culture,21,102.47,0.11724474841232624,1.1549851924975263,102.38333333333333
2025-09-01,Diourbel,Centre,D09,Loisirs et culture,21,103.07,0.5855372304089057,1.506795351585577,102.63
2025-10-01,Diourbel,Centre,D09,Loisirs et culture,21,102.99,-0.07761715339089648,1.738615035068647,102.84333333333332
2025-11-01,Diourbel,Centre,D09,Loisirs et culture,21,102.99,0.0,1.940017816490136,103.01666666666665
2025-12-01,Diourbel,Centre,D09,Loisirs et culture,21,101.68,-1.2719681522477821,1.6596680663867325,102.55333333333333
2026-01-01,Diourbel,Centre,D09,Loisirs et culture,21,99.96,-1.6915814319433675,0.060060060060052045,101.54333333333334
2026-02-01,Diourbel,Centre,D09,Loisirs et culture,21,100.56,0.6002400960384291,0.37931722898780773,100.73333333333333
2026-03-01,Diourbel,Centre,D09,Loisirs et culture,21,101.29,0.7259347653142401,0.6058800158919242,100.60333333333334
2026-04-01,Diourbel,Centre,D09,Loisirs et culture,21,101.68,0.3850330733537355,0.29591635431052143,101.17666666666668
2026-05-01,Diourbel,Centre,D09,Loisirs et culture,21,102.34,0.6490952006294126,0.5205775464099727,101.77000000000002
2018-01-01,Kaolack,Centre-Sud,D09,Loisirs et culture,21,87.57,,,87.57
2018-02-01,Kaolack,Centre-Sud,D09,Loisirs et culture,21,87.51,-0.06851661527919051,,87.53999999999999
2018-03-01,Kaolack,Centre-Sud,D09,Loisirs et culture,21,87.97,0.5256542109473239,,87.68333333333334
2018-04-01,Kaolack,Centre-Sud,D09,Loisirs et culture,21,88.27,0.34102534955098296,,87.91666666666667
2018-05-01,Kaolack,Centre-Sud,D09,Loisirs et culture,21,88.32,0.05664438654129356,,88.18666666666667
2018-06-01,Kaolack,Centre-Sud,D09,Loisirs et culture,21,88.47,0.16983695652175168,,88.35333333333331
2018-07-01,Kaolack,Centre-Sud,D09,Loisirs et culture,21,88.42,-0.05651633322030225,,88.40333333333332
2018-08-01,Kaolack,Centre-Sud,D09,Loisirs et culture,21,88.47,0.05654829224157609,,88.45333333333333
2018-09-01,Kaolack,Centre-Sud,D09,Loisirs et culture,21,88.23,-0.2712783994574419,,88.37333333333333
2018-10-01,Kaolack,Centre-Sud,D09,Loisirs et culture,21,87.93,-0.3400204012240726,,88.21
2018-11-01,Kaolack,Centre-Sud,D09,Loisirs et culture,21,88.08,0.17059024223813335,,88.08
2018-12-01,Kaolack,Centre-Sud,D09,Loisirs et culture,21,87.74,-0.3860127157129911,,87.91666666666667
2019-01-01,Kaolack,Centre-Sud,D09,Loisirs et culture,21,88.13,0.44449509915660546,0.6394884092725928,87.98333333333333
2019-02-01,Kaolack,Centre-Sud,D09,Loisirs et culture,21,88.26,0.14750936117100544,0.8570449091532373,88.04333333333334
2019-03-01,Kaolack,Centre-Sud,D09,Loisirs et culture,21,88.41499999999999,0.17561749376839852,0.5058542685006273,88.26833333333333
2019-04-01,Kaolack,Centre-Sud,D09,Loisirs et culture,21,88.57,0.17530961940848133,0.33986631924776134,88.415
2019-05-01,Kaolack,Centre-Sud,D09,Loisirs et culture,21,88.93,0.40645816868014606,0.6906702898550776,88.63833333333334
2019-06-01,Kaolack,Centre-Sud,D09,Loisirs et culture,21,89.04,0.1236927920836628,0.6442861987114412,88.84666666666665
2019-07-01,Kaolack,Centre-Sud,D09,Loisirs et culture,21,89.2,0.17969451931716396,0.8821533589685515,89.05666666666667
2019-08-01,Kaolack,Centre-Sud,D09,Loisirs et culture,21,89.11,-0.10089686098655459,0.7234090652198599,89.11666666666667
2019-09-01,Kaolack,Centre-Sud,D09,Loisirs et culture,21,88.82,-0.3254404668387445,0.6687067890740028,89.04333333333334
2019-10-01,Kaolack,Centre-Sud,D09,Loisirs et culture,21,88.45,-0.416572843954055,0.59137950642556,88.79333333333334
2019-11-01,Kaolack,Centre-Sud,D09,Loisirs et culture,21,88.4,-0.056529112492931244,0.36330608537693543,88.55666666666667
2019-12-01,Kaolack,Centre-Sud,D09,Loisirs et culture,21,88.18,-0.2488687782805421,0.5014816503305264,88.34333333333335
2020-01-01,Kaolack,Centre-Sud,D09,Loisirs et culture,21,88.66,0.5443411204354653,0.6013843186202239,88.41333333333334
2020-02-01,Kaolack,Centre-Sud,D09,Loisirs et culture,21,89.22,0.631626438078059,1.0876954452753163,88.68666666666667
2020-03-01,Kaolack,Centre-Sud,D09,Loisirs et culture,21,89.64,0.470746469401484,1.3855115082282543,89.17333333333333
2020-04-01,Kaolack,Centre-Sud,D09,Loisirs et culture,21,90.28,0.7139669790272141,1.9306763012306716,89.71333333333332
2020-05-01,Kaolack,Centre-Sud,D09,Loisirs et culture,21,90.3,0.022153300841831758,1.5405375014055922,90.07333333333332
2020-06-01,Kaolack,Centre-Sud,D09,Loisirs et culture,21,90.62,0.35437430786269264,1.7744833782569636,90.39999999999999
2020-07-01,Kaolack,Centre-Sud,D09,Loisirs et culture,21,90.64,0.022070183182520964,1.6143497757847403,90.52
2020-08-01,Kaolack,Centre-Sud,D09,Loisirs et culture,21,90.69,0.05516328331862663,1.7730894400179498,90.64999999999999
2020-09-01,Kaolack,Centre-Sud,D09,Loisirs et culture,21,90.45,-0.26463777704266445,1.8351722585003394,90.59333333333332
2020-10-01,Kaolack,Centre-Sud,D09,Loisirs et culture,21,90.02,-0.4754007739082411,1.7750141322781188,90.38666666666666
2020-11-01,Kaolack,Centre-Sud,D09,Loisirs et culture,21,89.81,-0.233281493001547,1.5950226244343835,90.09333333333332
2020-12-01,Kaolack,Centre-Sud,D09,Loisirs et culture,21,89.35,-0.5121924061908589,1.3268314810614523,89.72666666666667
2021-01-01,Kaolack,Centre-Sud,D09,Loisirs et culture,21,90.11,0.8505875769446058,1.6354613128806816,89.75666666666666
2021-02-01,Kaolack,Centre-Sud,D09,Loisirs et culture,21,90.13,0.022195094884036592,1.0199506837031969,89.86333333333333
2021-03-01,Kaolack,Centre-Sud,D09,Loisirs et culture,21,90.61,0.5325640741151716,1.082106202588129,90.28333333333335
2021-04-01,Kaolack,Centre-Sud,D09,Loisirs et culture,21,90.86,0.27590773645294053,0.6424457244129433,90.53333333333332
2021-05-01,Kaolack,Centre-Sud,D09,Loisirs et culture,21,91.4,0.5943209333039823,1.218161683277974,90.95666666666666
2021-06-01,Kaolack,Centre-Sud,D09,Loisirs et culture,21,91.8,0.4376367614879584,1.3021408077686925,91.35333333333334
2021-07-01,Kaolack,Centre-Sud,D09,Loisirs et culture,21,91.94,0.15250544662308574,1.4342453662842036,91.71333333333332
2021-08-01,Kaolack,Centre-Sud,D09,Loisirs et culture,21,91.99,0.054383293452242576,1.433454625647812,91.91000000000001
2021-09-01,Kaolack,Centre-Sud,D09,Loisirs et culture,21,91.98,-0.010870746820301758,1.691542288557213,91.96999999999998
2021-10-01,Kaolack,Centre-Sud,D09,Loisirs et culture,21,91.67,-0.33702978908458636,1.8329260164408057,91.88
2021-11-01,Kaolack,Centre-Sud,D09,Loisirs et culture,21,91.51,-0.17453910766880298,1.8928849794009661,91.71999999999998
2021-12-01,Kaolack,Centre-Sud,D09,Loisirs et culture,21,91.46,-0.05463883728555885,2.3614997202014543,91.54666666666667
2022-01-01,Kaolack,Centre-Sud,D09,Loisirs et culture,21,92.57,1.2136453094248933,2.729996670735768,91.84666666666665
2022-02-01,Kaolack,Centre-Sud,D09,Loisirs et culture,21,93.34,0.8318029599222232,3.561522245645188,92.45666666666666
2022-03-01,Kaolack,Centre-Sud,D09,Loisirs et culture,21,94.48,1.2213413327619493,4.271051760291367,93.46333333333332
2022-04-01,Kaolack,Centre-Sud,D09,Loisirs et culture,21,95.55,1.1325148179508915,5.161787365177184,94.45666666666666
2022-05-01,Kaolack,Centre-Sud,D09,Loisirs et culture,21,96.54,1.0361067503924737,5.6236323851203585,95.52333333333333
2022-06-01,Kaolack,Centre-Sud,D09,Loisirs et culture,21,97.11,0.5904288377874378,5.784313725490198,96.39999999999999
2022-07-01,Kaolack,Centre-Sud,D09,Loisirs et culture,21,97.79,0.7002368448151719,6.362845333913425,97.14666666666666
2022-08-01,Kaolack,Centre-Sud,D09,Loisirs et culture,21,98.33,0.5522037018099946,6.892053484074356,97.74333333333334
2022-09-01,Kaolack,Centre-Sud,D09,Loisirs et culture,21,98.81,0.4881521407505307,7.425527288540978,98.31
2022-10-01,Kaolack,Centre-Sud,D09,Loisirs et culture,21,98.94,0.13156563100900076,7.930620704701652,98.69333333333333
2022-11-01,Kaolack,Centre-Sud,D09,Loisirs et culture,21,99.3,0.363856882959368,8.512730849087525,99.01666666666667
2022-12-01,Kaolack,Centre-Sud,D09,Loisirs et culture,21,98.16,-1.148036253776441,7.325606822654707,98.8
2023-01-01,Kaolack,Centre-Sud,D09,Loisirs et culture,21,98.03,-0.13243683781580806,5.8982391703575665,98.49666666666667
2023-02-01,Kaolack,Centre-Sud,D09,Loisirs et culture,21,98.47,0.4488421911659657,5.496035997428761,98.21999999999998
2023-03-01,Kaolack,Centre-Sud,D09,Loisirs et culture,21,98.7,0.2335736772621111,4.466553767993231,98.39999999999999
2023-04-01,Kaolack,Centre-Sud,D09,Loisirs et culture,21,99.56,0.8713272543059869,4.196755625327064,98.91000000000001
2023-05-01,Kaolack,Centre-Sud,D09,Loisirs et culture,21,100.05,0.49216552832462845,3.6357986326911007,99.43666666666667
2023-06-01,Kaolack,Centre-Sud,D09,Loisirs et culture,21,100.4,0.34982508745629026,3.387910616826284,100.00333333333333
2023-07-01,Kaolack,Centre-Sud,D09,Loisirs et culture,21,100.83,0.4282868525896433,3.108702321300738,100.42666666666668
2023-08-01,Kaolack,Centre-Sud,D09,Loisirs et culture,21,101.14,0.30744818010512986,2.8577239906437457,100.79
2023-09-01,Kaolack,Centre-Sud,D09,Loisirs et culture,21,101.28,0.13842198932172423,2.4997469891711255,101.08333333333333
2023-10-01,Kaolack,Centre-Sud,D09,Loisirs et culture,21,101.42,0.13823064770932536,2.5065696381645575,101.28000000000002
2023-11-01,Kaolack,Centre-Sud,D09,Loisirs et culture,21,101.15,-0.2662196805363837,1.8630412890231707,101.28333333333335
2023-12-01,Kaolack,Centre-Sud,D09,Loisirs et culture,21,100.12,-1.0182896688087029,1.996740016299925,100.89666666666666
2024-01-01,Kaolack,Centre-Sud,D09,Loisirs et culture,21,99.24,-0.8789452656811969,1.2343160257064056,100.17
2024-02-01,Kaolack,Centre-Sud,D09,Loisirs et culture,21,99.44,0.2015316404675671,0.98507159540977,99.60000000000001
2024-03-01,Kaolack,Centre-Sud,D09,Loisirs et culture,21,99.59,0.1508447304907623,0.9017223910841032,99.42333333333333
2024-04-01,Kaolack,Centre-Sud,D09,Loisirs et culture,21,100.36,0.7731699969876438,0.8035355564483648,99.79666666666667
2024-05-01,Kaolack,Centre-Sud,D09,Loisirs et culture,21,100.54,0.17935432443205723,0.48975512243878416,100.16333333333334
2024-06-01,Kaolack,Centre-Sud,D09,Loisirs et culture,21,100.85,0.3083349910483202,0.44820717131472954,100.58333333333333
2024-07-01,Kaolack,Centre-Sud,D09,Loisirs et culture,21,101.33,0.4759543877045136,0.4958841614598919,100.90666666666665
2024-08-01,Kaolack,Centre-Sud,D09,Loisirs et culture,21,101.35,0.019737491364835158,0.20763298398258634,101.17666666666666
2024-09-01,Kaolack,Centre-Sud,D09,Loisirs et culture,21,101.42,0.06906758756783926,0.13823064770932536,101.36666666666667
2024-10-01,Kaolack,Centre-Sud,D09,Loisirs et culture,21,101.28,-0.13803983435219935,-0.13803983435219935,101.35000000000001
2024-11-01,Kaolack,Centre-Sud,D09,Loisirs et culture,21,101.39,0.10860979462874454,0.2372713791398917,101.36333333333333
2024-12-01,Kaolack,Centre-Sud,D09,Loisirs et culture,21,100.08,-1.292040635171121,-0.03995205753096753,100.91666666666667
2025-01-01,Kaolack,Centre-Sud,D09,Loisirs et culture,21,99.93,-0.14988009592324936,0.6952841596130632,100.46666666666665
2025-02-01,Kaolack,Centre-Sud,D09,Loisirs et culture,21,100.39,0.4603222255578743,0.9553499597747317,100.13333333333334
2025-03-01,Kaolack,Centre-Sud,D09,Loisirs et culture,21,100.69,0.2988345452734409,1.104528567125218,100.33666666666666
2025-04-01,Kaolack,Centre-Sud,D09,Loisirs et culture,21,101.47,0.7746548813188925,1.106018333997616,100.85000000000001
2025-05-01,Kaolack,Centre-Sud,D09,Loisirs et culture,21,101.87,0.3942051837981797,1.3228565744977105,101.34333333333335
2025-06-01,Kaolack,Centre-Sud,D09,Loisirs et culture,21,102.15,0.2748601158339081,1.2890431333663965,101.83
2025-07-01,Kaolack,Centre-Sud,D09,Loisirs et culture,21,102.6,0.4405286343612147,1.2533307016678208,102.20666666666666
2025-08-01,Kaolack,Centre-Sud,D09,Loisirs et culture,21,102.88,0.27290448343080254,1.5096201282683852,102.54333333333334
2025-09-01,Kaolack,Centre-Sud,D09,Loisirs et culture,21,103.1,0.2138413685847551,1.65647801222637,102.86
2025-10-01,Kaolack,Centre-Sud,D09,Loisirs et culture,21,103.13,0.029097963142588057,1.8266192733017217,103.03666666666665
2025-11-01,Kaolack,Centre-Sud,D09,Loisirs et culture,21,103.06,-0.06787549694559081,1.6471052372028838,103.09666666666665
2025-12-01,Kaolack,Centre-Sud,D09,Loisirs et culture,21,101.73,-1.2905103823015684,1.6486810551558762,102.64
2026-01-01,Kaolack,Centre-Sud,D09,Loisirs et culture,21,100.14,-1.5629607785314081,0.21014710297206918,101.64333333333333
2026-02-01,Kaolack,Centre-Sud,D09,Loisirs et culture,21,100.91,0.7689235070900802,0.5179798784739509,100.92666666666668
2026-03-01,Kaolack,Centre-Sud,D09,Loisirs et culture,21,101.54,0.6243186998315498,0.8441751911808515,100.86333333333334
2026-04-01,Kaolack,Centre-Sud,D09,Loisirs et culture,21,101.96,0.413630096513673,0.4829013501527424,101.47000000000001
2026-05-01,Kaolack,Centre-Sud,D09,Loisirs et culture,21,102.35,0.38250294233033166,0.47118877000096315,101.94999999999999
2018-01-01,Kolda,Sud,D09,Loisirs et culture,21,86.63,,,86.63
2018-02-01,Kolda,Sud,D09,Loisirs et culture,21,86.7,0.08080341683021075,,86.66499999999999
2018-03-01,Kolda,Sud,D09,Loisirs et culture,21,86.97,0.31141868512110094,,86.76666666666667
2018-04-01,Kolda,Sud,D09,Loisirs et culture,21,87.12,0.17247326664366902,,86.93
2018-05-01,Kolda,Sud,D09,Loisirs et culture,21,87.65,0.6083562901744832,,87.24666666666667
2018-06-01,Kolda,Sud,D09,Loisirs et culture,21,87.7,0.057045065601823985,,87.49000000000001
2018-07-01,Kolda,Sud,D09,Loisirs et culture,21,87.56,-0.15963511972634237,,87.63666666666666
2018-08-01,Kolda,Sud,D09,Loisirs et culture,21,87.61,0.05710370031977163,,87.62333333333333
2018-09-01,Kolda,Sud,D09,Loisirs et culture,21,87.42,-0.216870220294485,,87.53000000000002
2018-10-01,Kolda,Sud,D09,Loisirs et culture,21,87.31,-0.1258293296728441,,87.44666666666667
2018-11-01,Kolda,Sud,D09,Loisirs et culture,21,86.82,-0.5612186462031987,,87.18333333333332
2018-12-01,Kolda,Sud,D09,Loisirs et culture,21,86.97999999999999,0.18428933425478355,,87.03666666666668
2019-01-01,Kolda,Sud,D09,Loisirs et culture,21,87.14,0.1839503334099879,0.5887106083342974,86.98
2019-02-01,Kolda,Sud,D09,Loisirs et culture,21,87.43,0.3327977966490758,0.8419838523644696,87.18333333333334
2019-03-01,Kolda,Sud,D09,Loisirs et culture,21,87.63,0.22875443211711755,0.7588823732321393,87.39999999999999
2019-04-01,Kolda,Sud,D09,Loisirs et culture,21,87.78,0.1711742553919926,0.7575757575757569,87.61333333333334
2019-05-01,Kolda,Sud,D09,Loisirs et culture,21,88.0,0.25062656641603454,0.3993154592127679,87.80333333333334
2019-06-01,Kolda,Sud,D09,Loisirs et culture,21,88.31,0.35227272727273995,0.6955530216647743,88.03000000000002
2019-07-01,Kolda,Sud,D09,Loisirs et culture,21,88.28,-0.0339712376854262,0.8222932846048359,88.19666666666666
2019-08-01,Kolda,Sud,D09,Loisirs et culture,21,88.45,0.1925690983235251,0.9587946581440576,88.34666666666665
2019-09-01,Kolda,Sud,D09,Loisirs et culture,21,88.03,-0.47484454494064465,0.6977808281857678,88.25333333333333
2019-10-01,Kolda,Sud,D09,Loisirs et culture,21,87.69,-0.3862319663751057,0.4352307868514371,88.05666666666667
2019-11-01,Kolda,Sud,D09,Loisirs et culture,21,87.42,-0.3079028395484018,0.6910850034554272,87.71333333333332
2019-12-01,Kolda,Sud,D09,Loisirs et culture,21,87.14,-0.3202928391672355,0.1839503334099879,87.41666666666667
2020-01-01,Kolda,Sud,D09,Loisirs et culture,21,88.13,1.1361028230433723,1.1361028230433723,87.56333333333333
2020-02-01,Kolda,Sud,D09,Loisirs et culture,21,88.21,0.09077499148983925,0.8921422852567584,87.82666666666665
2020-03-01,Kolda,Sud,D09,Loisirs et culture,21,88.85,0.7255413218455908,1.392217277188168,88.39666666666666
2020-04-01,Kolda,Sud,D09,Loisirs et culture,21,88.99,0.15756893640967995,1.3784461152882121,88.68333333333332
2020-05-01,Kolda,Sud,D09,Loisirs et culture,21,89.63,0.7191819305540026,1.8522727272727302,89.15666666666668
2020-06-01,Kolda,Sud,D09,Loisirs et culture,21,90.13,0.5578489345085424,2.0609217529158563,89.58333333333333
2020-07-01,Kolda,Sud,D09,Loisirs et culture,21,89.79,-0.3772328858315688,1.7104666968735804,89.85000000000001
2020-08-01,Kolda,Sud,D09,Loisirs et culture,21,90.22,0.47889519991088925,2.0011305822498437,90.04666666666667
2020-09-01,Kolda,Sud,D09,Loisirs et culture,21,89.63,-0.6539569940146372,1.8175621947063458,89.88
2020-10-01,Kolda,Sud,D09,Loisirs et culture,21,89.39,-0.2677674885640857,1.9386475082677546,89.74666666666667
2020-11-01,Kolda,Sud,D09,Loisirs et culture,21,89.13,-0.29086027519857893,1.9560741249142088,89.38333333333333
2020-12-01,Kolda,Sud,D09,Loisirs et culture,21,88.92,-0.23561090541904806,2.0426899242598218,89.14666666666666
2021-01-01,Kolda,Sud,D09,Loisirs et culture,21,89.25,0.3711201079622084,1.2708498808578383,89.10000000000001
2021-02-01,Kolda,Sud,D09,Loisirs et culture,21,89.62,0.4145658263305263,1.5984582246910906,89.26333333333334
2021-03-01,Kolda,Sud,D09,Loisirs et culture,21,89.96,0.37937960276723803,1.2492965672481704,89.61
2021-04-01,Kolda,Sud,D09,Loisirs et culture,21,90.6,0.7114273010226713,1.809192044049901,90.05999999999999
2021-05-01,Kolda,Sud,D09,Loisirs et culture,21,90.9,0.33112582781458233,1.4169362936516938,90.48666666666666
2021-06-01,Kolda,Sud,D09,Loisirs et culture,21,91.47,0.6270627062706202,1.4867413735715207,90.99000000000001
2021-07-01,Kolda,Sud,D09,Loisirs et culture,21,91.44,-0.03279763857002571,1.8376211159371714,91.27
2021-08-01,Kolda,Sud,D09,Loisirs et culture,21,91.05,-0.426509186351709,0.9199733983595637,91.32
2021-09-01,Kolda,Sud,D09,Loisirs et culture,21,91.5,0.49423393739704835,2.086355015061936,91.33
2021-10-01,Kolda,Sud,D09,Loisirs et culture,21,90.85,-0.7103825136612119,1.633292314576562,91.13333333333333
2021-11-01,Kolda,Sud,D09,Loisirs et culture,21,90.92,0.07705008255367574,2.0083024795243043,91.08999999999999
2021-12-01,Kolda,Sud,D09,Loisirs et culture,21,90.59,-0.3629564452265699,1.8780926675663556,90.78666666666668
2022-01-01,Kolda,Sud,D09,Loisirs et culture,21,92.06,1.6226956617728217,3.148459383753499,91.19000000000001
2022-02-01,Kolda,Sud,D09,Loisirs et culture,21,92.74,0.738648707364753,3.481365766569944,91.79666666666667
2022-03-01,Kolda,Sud,D09,Loisirs et culture,21,93.99,1.3478542160879847,4.4797687861271696,92.92999999999999
2022-04-01,Kolda,Sud,D09,Loisirs et culture,21,95.0,1.0745824023832284,4.856512141280356,93.91000000000001
2022-05-01,Kolda,Sud,D09,Loisirs et culture,21,96.4,1.473684210526316,6.0506050605060535,95.13
2022-06-01,Kolda,Sud,D09,Loisirs et culture,21,97.18,0.8091286307053913,6.242483874494376,96.19333333333334
2022-07-01,Kolda,Sud,D09,Loisirs et culture,21,97.89,0.7306030047334877,7.05380577427821,97.15666666666668
2022-08-01,Kolda,Sud,D09,Loisirs et culture,21,97.93,0.0408621922566299,7.556287753981339,97.66666666666667
2022-09-01,Kolda,Sud,D09,Loisirs et culture,21,98.59,0.6739507811702294,7.748633879781419,98.13666666666667
2022-10-01,Kolda,Sud,D09,Loisirs et culture,21,98.92,0.3347195455928542,8.882773802971933,98.48000000000002
2022-11-01,Kolda,Sud,D09,Loisirs et culture,21,99.1,0.1819652244237746,8.996920369555639,98.87
2022-12-01,Kolda,Sud,D09,Loisirs et culture,21,97.95,-1.160443995963667,8.124517054862569,98.65666666666665
2023-01-01,Kolda,Sud,D09,Loisirs et culture,21,97.64,-0.3164880040837148,6.061264392787313,98.23
2023-02-01,Kolda,Sud,D09,Loisirs et culture,21,98.17,0.5428103236378545,5.855078714686224,97.92
2023-03-01,Kolda,Sud,D09,Loisirs et culture,21,98.94,0.7843536722012878,5.266517714650498,98.25
2023-04-01,Kolda,Sud,D09,Loisirs et culture,21,99.1,0.16171417020416357,4.315789473684206,98.73666666666666
2023-05-01,Kolda,Sud,D09,Loisirs et culture,21,100.24,1.1503531786074772,3.983402489626542,99.42666666666666
2023-06-01,Kolda,Sud,D09,Loisirs et culture,21,100.65,0.4090183559457339,3.570693558345339,99.99666666666667
2023-07-01,Kolda,Sud,D09,Loisirs et culture,21,100.8,0.14903129657226621,2.9727244866686986,100.56333333333333
2023-08-01,Kolda,Sud,D09,Loisirs et culture,21,101.07,0.2678571428571308,3.206371898294691,100.83999999999999
2023-09-01,Kolda,Sud,D09,Loisirs et culture,21,101.32,0.24735331948155803,2.7690435135409253,101.06333333333333
2023-10-01,Kolda,Sud,D09,Loisirs et culture,21,101.36,0.039478878799847905,2.4666397088556336,101.25
2023-11-01,Kolda,Sud,D09,Loisirs et culture,21,101.19,-0.16771902131018646,2.108980827447038,101.29
2023-12-01,Kolda,Sud,D09,Loisirs et culture,21,99.86,-1.314359126395892,1.9499744767738525,100.80333333333333
2024-01-01,Kolda,Sud,D09,Loisirs et culture,21,99.28,-0.5808131383937543,1.6796394920114643,100.11
2024-02-01,Kolda,Sud,D09,Loisirs et culture,21,99.38,0.10072522159547681,1.2325557706020174,99.50666666666666
2024-03-01,Kolda,Sud,D09,Loisirs et culture,21,99.66,0.28174683034816184,0.727713765918736,99.44
2024-04-01,Kolda,Sud,D09,Loisirs et culture,21,100.11,0.4515352197471456,1.019172552976788,99.71666666666665
2024-05-01,Kolda,Sud,D09,Loisirs et culture,21,100.79,0.6792528218959148,0.5486831604150089,100.18666666666667
2024-06-01,Kolda,Sud,D09,Loisirs et culture,21,101.02,0.22819724178984035,0.3676105315449485,100.63999999999999
2024-07-01,Kolda,Sud,D09,Loisirs et culture,21,101.06,0.039596119580287414,0.257936507936507,100.95666666666666
2024-08-01,Kolda,Sud,D09,Loisirs et culture,21,101.01,-0.0494755590738194,-0.059364796675565046,101.02999999999999
2024-09-01,Kolda,Sud,D09,Loisirs et culture,21,101.47,0.4554004554004454,0.14804579549940744,101.18
2024-10-01,Kolda,Sud,D09,Loisirs et culture,21,101.35,-0.11826155513945391,-0.00986582478296194,101.27666666666666
2024-11-01,Kolda,Sud,D09,Loisirs et culture,21,101.56,0.20720276270351778,0.36564877952367514,101.46
2024-12-01,Kolda,Sud,D09,Loisirs et culture,21,100.28,-1.2603387160299295,0.4205888243540956,101.06333333333333
2025-01-01,Kolda,Sud,D09,Loisirs et culture,21,99.6,-0.6781013163143279,0.3223207091055613,100.48
2025-02-01,Kolda,Sud,D09,Loisirs et culture,21,100.17,0.5722891566265043,0.7949285570537423,100.01666666666667
2025-03-01,Kolda,Sud,D09,Loisirs et culture,21,100.66,0.4891684136967056,1.0034115994380866,100.14333333333332
2025-04-01,Kolda,Sud,D09,Loisirs et culture,21,101.32,0.655672561096754,1.2086704624912459,100.71666666666665
2025-05-01,Kolda,Sud,D09,Loisirs et culture,21,102.05,0.7204895380971132,1.2501240202400954,101.34333333333332
2025-06-01,Kolda,Sud,D09,Loisirs et culture,21,102.15,0.09799118079374391,1.1185903781429474,101.83999999999999
2025-07-01,Kolda,Sud,D09,Loisirs et culture,21,102.75,0.5873715124816492,1.6722738966950201,102.31666666666666
2025-08-01,Kolda,Sud,D09,Loisirs et culture,21,102.98,0.2238442822384501,1.950301950301947,102.62666666666667
2025-09-01,Kolda,Sud,D09,Loisirs et culture,21,102.98,0.0,1.4881245688380895,102.90333333333335
2025-10-01,Kolda,Sud,D09,Loisirs et culture,21,103.15,0.16508059817439413,1.7760236803157525,103.03666666666668
2025-11-01,Kolda,Sud,D09,Loisirs et culture,21,103.35,0.19389238972369327,1.7625049231980938,103.16000000000001
2025-12-01,Kolda,Sud,D09,Loisirs et culture,21,101.95,-1.3546202225447446,1.6653370562425218,102.81666666666666
2026-01-01,Kolda,Sud,D09,Loisirs et culture,21,100.15,-1.765571358509066,0.5522088353413723,101.81666666666668
2026-02-01,Kolda,Sud,D09,Loisirs et culture,21,100.79,0.6390414378432352,0.6189477887591055,100.96333333333332
2026-03-01,Kolda,Sud,D09,Loisirs et culture,21,101.44,0.6449052485365536,0.7748857540234466,100.79333333333334
2026-04-01,Kolda,Sud,D09,Loisirs et culture,21,102.19,0.7393533123028373,0.8586656138965809,101.47333333333334
2026-05-01,Kolda,Sud,D09,Loisirs et culture,21,102.7,0.49907035913494546,0.6369426751592355,102.11
2018-01-01,Saint-Louis,Nord,D09,Loisirs et culture,21,87.83,,,87.83
2018-02-01,Saint-Louis,Nord,D09,Loisirs et culture,21,87.78,-0.05692815666628048,,87.805
2018-03-01,Saint-Louis,Nord,D09,Loisirs et culture,21,87.87,0.10252904989747069,,87.82666666666667
2018-04-01,Saint-Louis,Nord,D09,Loisirs et culture,21,88.2,0.37555479685900117,,87.95
2018-05-01,Saint-Louis,Nord,D09,Loisirs et culture,21,88.5,0.340136054421758,,88.19
2018-06-01,Saint-Louis,Nord,D09,Loisirs et culture,21,88.67,0.19209039548022666,,88.45666666666666
2018-07-01,Saint-Louis,Nord,D09,Loisirs et culture,21,88.91,0.2706665162963695,,88.69333333333333
2018-08-01,Saint-Louis,Nord,D09,Loisirs et culture,21,88.51,-0.4498931503767789,,88.69666666666667
2018-09-01,Saint-Louis,Nord,D09,Loisirs et culture,21,88.41,-0.11298158400181446,,88.61
2018-10-01,Saint-Louis,Nord,D09,Loisirs et culture,21,88.24,-0.19228594050446635,,88.38666666666667
2018-11-01,Saint-Louis,Nord,D09,Loisirs et culture,21,87.95,-0.32864913871258894,,88.2
2018-12-01,Saint-Louis,Nord,D09,Loisirs et culture,21,87.73,-0.25014212620807497,,87.97333333333334
2019-01-01,Saint-Louis,Nord,D09,Loisirs et culture,21,87.96,0.26216801550209556,0.14801320733233148,87.88
2019-02-01,Saint-Louis,Nord,D09,Loisirs et culture,21,88.19,0.26148249204183127,0.4670767828662603,87.96
2019-03-01,Saint-Louis,Nord,D09,Loisirs et culture,21,88.33,0.15874815738745607,0.5235006259246555,88.15999999999998
2019-04-01,Saint-Louis,Nord,D09,Loisirs et culture,21,88.51,0.20378127476510244,0.3514739229024899,88.34333333333332
2019-05-01,Saint-Louis,Nord,D09,Loisirs et culture,21,88.89,0.42933001920686387,0.44067796610169907,88.57666666666667
2019-06-01,Saint-Louis,Nord,D09,Loisirs et culture,21,89.04,0.1687478906513773,0.4172775459569289,88.81333333333335
2019-07-01,Saint-Louis,Nord,D09,Loisirs et culture,21,89.32,0.3144654088050203,0.4611404791361906,89.08333333333333
2019-08-01,Saint-Louis,Nord,D09,Loisirs et culture,21,89.25,-0.07836990595611049,0.8360637216133782,89.20333333333333
2019-09-01,Saint-Louis,Nord,D09,Loisirs et culture,21,88.86,-0.43697478991596705,0.5089921954529952,89.14333333333333
2019-10-01,Saint-Louis,Nord,D09,Loisirs et culture,21,88.7,-0.18005851901867764,0.5213055303717296,88.93666666666667
2019-11-01,Saint-Louis,Nord,D09,Loisirs et culture,21,88.24,-0.5186020293122984,0.32973280272881045,88.60000000000001
2019-12-01,Saint-Louis,Nord,D09,Loisirs et culture,21,88.26,0.022665457842263592,0.6041262965918115,88.39999999999999
2020-01-01,Saint-Louis,Nord,D09,Loisirs et culture,21,89.07,0.917743031951046,1.261937244201916,88.52333333333333
2020-02-01,Saint-Louis,Nord,D09,Loisirs et culture,21,89.37,0.3368137420006967,1.3380201836943106,88.89999999999999
2020-03-01,Saint-Louis,Nord,D09,Loisirs et culture,21,89.52,0.1678415575696368,1.3472206498358341,89.32
2020-04-01,Saint-Louis,Nord,D09,Loisirs et culture,21,90.17,0.7260947274352114,1.8754942944300135,89.68666666666667
2020-05-01,Saint-Louis,Nord,D09,Loisirs et culture,21,90.24,0.0776311411777586,1.5187310158622847,89.97666666666667
2020-06-01,Saint-Louis,Nord,D09,Loisirs et culture,21,90.61,0.4100177304964481,1.7632524707996255,90.33999999999999
2020-07-01,Saint-Louis,Nord,D09,Loisirs et culture,21,90.97,0.39730714049222016,1.8472906403941058,90.60666666666667
2020-08-01,Saint-Louis,Nord,D09,Loisirs et culture,21,90.98,0.010992634934603451,1.9383753501400536,90.85333333333334
2020-09-01,Saint-Louis,Nord,D09,Loisirs et culture,21,90.59,-0.42866564080017433,1.9468827368894992,90.84666666666668
2020-10-01,Saint-Louis,Nord,D09,Loisirs et culture,21,90.22,-0.40843360194282585,1.7136414881623319,90.59666666666668
2020-11-01,Saint-Louis,Nord,D09,Loisirs et culture,21,89.63,-0.6539569940146372,1.575249320036276,90.14666666666666
2020-12-01,Saint-Louis,Nord,D09,Loisirs et culture,21,89.45,-0.20082561642306151,1.348289145705861,89.76666666666667
2021-01-01,Saint-Louis,Nord,D09,Loisirs et culture,21,90.1,0.7266629401900371,1.1563938475356528,89.72666666666665
2021-02-01,Saint-Louis,Nord,D09,Loisirs et culture,21,90.28,0.19977802441732972,1.0182387825892425,89.94333333333333
2021-03-01,Saint-Louis,Nord,D09,Loisirs et culture,21,90.55,0.2990695613646288,1.150580875781948,90.31
2021-04-01,Saint-Louis,Nord,D09,Loisirs et culture,21,91.15,0.662617338487026,1.0868359764888647,90.66000000000001
2021-05-01,Saint-Louis,Nord,D09,Loisirs et culture,21,91.58,0.47174986286340204,1.4849290780141855,91.09333333333332
2021-06-01,Saint-Louis,Nord,D09,Loisirs et culture,21,92.04,0.5022930770910872,1.5781922525107683,91.58999999999999
2021-07-01,Saint-Louis,Nord,D09,Loisirs et culture,21,92.04,0.0,1.1762119380015479,91.88666666666667
2021-08-01,Saint-Louis,Nord,D09,Loisirs et culture,21,92.17,0.14124293785309217,1.3079797757749034,92.08333333333333
2021-09-01,Saint-Louis,Nord,D09,Loisirs et culture,21,91.86,-0.33633503309102863,1.4019207418037194,92.02333333333333
2021-10-01,Saint-Louis,Nord,D09,Loisirs et culture,21,91.64,-0.23949488351839854,1.5739303923741899,91.89
2021-11-01,Saint-Louis,Nord,D09,Loisirs et culture,21,91.61,-0.03273679615888314,2.209081780653799,91.70333333333333
2021-12-01,Saint-Louis,Nord,D09,Loisirs et culture,21,91.21,-0.4366335552887346,1.9675796534376566,91.48666666666666
2022-01-01,Saint-Louis,Nord,D09,Loisirs et culture,21,92.95,1.9076855607937926,3.163152053274154,91.92333333333333
2022-02-01,Saint-Louis,Nord,D09,Loisirs et culture,21,93.47,0.5594405594405494,3.533451484271155,92.54333333333334
2022-03-01,Saint-Louis,Nord,D09,Loisirs et culture,21,94.44,1.0377661281694595,4.295969077857542,93.62
2022-04-01,Saint-Louis,Nord,D09,Loisirs et culture,21,95.51,1.1329944938585523,4.783324190894134,94.47333333333334
2022-05-01,Saint-Louis,Nord,D09,Loisirs et culture,21,96.76,1.3087634802638526,5.656256824634198,95.57000000000001
2022-06-01,Saint-Louis,Nord,D09,Loisirs et culture,21,97.47,0.7337742868954056,5.899608865710548,96.58
2022-07-01,Saint-Louis,Nord,D09,Loisirs et culture,21,97.7,0.23597004206423744,6.149500217296833,97.31
2022-08-01,Saint-Louis,Nord,D09,Loisirs et culture,21,98.6,0.9211873080859689,6.976239557339681,97.92333333333333
2022-09-01,Saint-Louis,Nord,D09,Loisirs et culture,21,98.66,0.06085192697768971,7.40256912693229,98.32
2022-10-01,Saint-Louis,Nord,D09,Loisirs et culture,21,98.97,0.31421041962294005,7.998690528153651,98.74333333333334
2022-11-01,Saint-Louis,Nord,D09,Loisirs et culture,21,98.95,-0.020208143881983442,8.012225739548096,98.86
2022-12-01,Saint-Louis,Nord,D09,Loisirs et culture,21,98.06,-0.8994441637190542,7.510141431860551,98.66000000000001
2023-01-01,Saint-Louis,Nord,D09,Loisirs et culture,21,97.78,-0.2855394656332888,5.19634211941904,98.26333333333332
2023-02-01,Saint-Louis,Nord,D09,Loisirs et culture,21,98.33,0.5624872161996253,5.199529260725355,98.05666666666667
2023-03-01,Saint-Louis,Nord,D09,Loisirs et culture,21,98.83,0.5084918132818084,4.648454044896222,98.31333333333333
2023-04-01,Saint-Louis,Nord,D09,Loisirs et culture,21,99.78,0.9612465850450391,4.470736048581303,98.98
2023-05-01,Saint-Louis,Nord,D09,Loisirs et culture,21,100.43,0.6514331529364759,3.7928896238115017,99.68
2023-06-01,Saint-Louis,Nord,D09,Loisirs et culture,21,100.65,0.21905805038335835,3.262542320714079,100.28666666666668
2023-07-01,Saint-Louis,Nord,D09,Loisirs et culture,21,100.87,0.21857923497268228,3.244626407369511,100.65000000000002
2023-08-01,Saint-Louis,Nord,D09,Loisirs et culture,21,100.88,0.009913750371759456,2.31237322515212,100.8
2023-09-01,Saint-Louis,Nord,D09,Loisirs et culture,21,101.21,0.3271213322759703,2.5846340968984416,100.98666666666666
2023-10-01,Saint-Louis,Nord,D09,Loisirs et culture,21,101.05,-0.15808714553897651,2.101646963726389,101.04666666666667
2023-11-01,Saint-Louis,Nord,D09,Loisirs et culture,21,101.05,0.0,2.122283981808981,101.10333333333334
2023-12-01,Saint-Louis,Nord,D09,Loisirs et culture,21,99.9,-1.1380504700643113,1.8764022027330185,100.66666666666667
2024-01-01,Saint-Louis,Nord,D09,Loisirs et culture,21,99.14,-0.7607607607607703,1.390877480057262,100.03000000000002
2024-02-01,Saint-Louis,Nord,D09,Loisirs et culture,21,99.44,0.3026023804720612,1.1288518254856106,99.49333333333334
2024-03-01,Saint-Louis,Nord,D09,Loisirs et culture,21,99.55,0.11061946902655162,0.7285237276130729,99.37666666666667
2024-04-01,Saint-Louis,Nord,D09,Loisirs et culture,21,100.29,0.7433450527373209,0.5111244738424503,99.75999999999999
2024-05-01,Saint-Louis,Nord,D09,Loisirs et culture,21,100.91,0.6182071991225335,0.47794483720002834,100.25
2024-06-01,Saint-Louis,Nord,D09,Loisirs et culture,21,101.05,0.1387374888514481,0.3974167908594062,100.75
2024-07-01,Saint-Louis,Nord,D09,Loisirs et culture,21,101.34,0.2869866402770871,0.46594626747298307,101.10000000000001
2024-08-01,Saint-Louis,Nord,D09,Loisirs et culture,21,101.03,-0.3059009275705571,0.14869151467089559,101.14
2024-09-01,Saint-Louis,Nord,D09,Loisirs et culture,21,101.27,0.23755320201919172,0.05928267957711064,101.21333333333332
2024-10-01,Saint-Louis,Nord,D09,Loisirs et culture,21,101.18,-0.08887133405746095,0.12864918357249344,101.16000000000001
2024-11-01,Saint-Louis,Nord,D09,Loisirs et culture,21,101.35,0.16801739474203714,0.2968827313211353,101.26666666666665
2024-12-01,Saint-Louis,Nord,D09,Loisirs et culture,21,100.2,-1.1346817957572641,0.30030030030030463,100.91000000000001
2025-01-01,Saint-Louis,Nord,D09,Loisirs et culture,21,99.83,-0.3692614770459124,0.6959854750857364,100.46
2025-02-01,Saint-Louis,Nord,D09,Loisirs et culture,21,99.95,0.1202043473905734,0.5128720836685474,99.99333333333334
2025-03-01,Saint-Louis,Nord,D09,Loisirs et culture,21,100.43,0.48024012006002703,0.8839779005525017,100.07000000000001
2025-04-01,Saint-Louis,Nord,D09,Loisirs et culture,21,100.95,0.5177735736333622,0.6580915345498095,100.44333333333334
2025-05-01,Saint-Louis,Nord,D09,Loisirs et culture,21,101.79,0.8320950965824636,0.8720642156377023,101.05666666666667
2025-06-01,Saint-Louis,Nord,D09,Loisirs et culture,21,102.48,0.6778661951075682,1.4151410192973835,101.74000000000001
2025-07-01,Saint-Louis,Nord,D09,Loisirs et culture,21,102.66,0.17564402810303914,1.3025458851391392,102.31
2025-08-01,Saint-Louis,Nord,D09,Loisirs et culture,21,102.3,-0.3506721215663311,1.2570523606849404,102.48
2025-09-01,Saint-Louis,Nord,D09,Loisirs et culture,21,102.98,0.6647116324535851,1.6885553470919357,102.64666666666666
2025-10-01,Saint-Louis,Nord,D09,Loisirs et culture,21,103.06,0.077684987376192,1.8580747183237767,102.78000000000002
2025-11-01,Saint-Louis,Nord,D09,Loisirs et culture,21,102.79,-0.2619833106927927,1.420818944252611,102.94333333333333
2025-12-01,Saint-Louis,Nord,D09,Loisirs et culture,21,101.7,-1.0604144372020619,1.4970059880239583,102.51666666666667
2026-01-01,Saint-Louis,Nord,D09,Loisirs et culture,21,100.22,-1.4552605703048171,0.3906641290193358,101.57000000000001
2026-02-01,Saint-Louis,Nord,D09,Loisirs et culture,21,100.74,0.5188585112751998,0.7903951975987811,100.88666666666666
2026-03-01,Saint-Louis,Nord,D09,Loisirs et culture,21,101.26,0.5161802660313741,0.8264462809917328,100.74000000000001
2026-04-01,Saint-Louis,Nord,D09,Loisirs et culture,21,101.97,0.7011653170057253,1.0104011887072772,101.32333333333334
2026-05-01,Saint-Louis,Nord,D09,Loisirs et culture,21,101.99,0.01961361184661392,0.19648295510363845,101.74
2018-01-01,Thiès,Centre-Ouest,D09,Loisirs et culture,21,88.19,,,88.19
2018-02-01,Thiès,Centre-Ouest,D09,Loisirs et culture,21,88.33,0.15874815738745607,,88.25999999999999
2018-03-01,Thiès,Centre-Ouest,D09,Loisirs et culture,21,88.72,0.4415260953243516,,88.41333333333334
2018-04-01,Thiès,Centre-Ouest,D09,Loisirs et culture,21,88.35,-0.4170423805230028,,88.46666666666665
2018-05-01,Thiès,Centre-Ouest,D09,Loisirs et culture,21,88.71,0.4074702886247783,,88.59333333333332
2018-06-01,Thiès,Centre-Ouest,D09,Loisirs et culture,21,88.87,0.18036298049826094,,88.64333333333332
2018-07-01,Thiès,Centre-Ouest,D09,Loisirs et culture,21,88.88,0.011252391133109718,,88.82000000000001
2018-08-01,Thiès,Centre-Ouest,D09,Loisirs et culture,21,88.79,-0.10126012601259227,,88.84666666666668
2018-09-01,Thiès,Centre-Ouest,D09,Loisirs et culture,21,88.72,-0.07883770694898651,,88.79666666666667
2018-10-01,Thiès,Centre-Ouest,D09,Loisirs et culture,21,88.36,-0.4057709648331853,,88.62333333333333
2018-11-01,Thiès,Centre-Ouest,D09,Loisirs et culture,21,88.34,-0.022634676324129188,,88.47333333333331
2018-12-01,Thiès,Centre-Ouest,D09,Loisirs et culture,21,88.16,-0.20375820692778435,,88.28666666666668
2019-01-01,Thiès,Centre-Ouest,D09,Loisirs et culture,21,88.58,0.47640653357532425,0.44222700986507046,88.36
2019-02-01,Thiès,Centre-Ouest,D09,Loisirs et culture,21,88.67,0.10160307067057506,0.3849201856673812,88.46999999999998
2019-03-01,Thiès,Centre-Ouest,D09,Loisirs et culture,21,88.89,0.24811097327168685,0.19161406672678627,88.71333333333332
2019-04-01,Thiès,Centre-Ouest,D09,Loisirs et culture,21,89.02,0.14624817189785588,0.7583474816072355,88.86000000000001
2019-05-01,Thiès,Centre-Ouest,D09,Loisirs et culture,21,89.6,0.6515389800044957,1.0032690790215293,89.17
2019-06-01,Thiès,Centre-Ouest,D09,Loisirs et culture,21,89.53,-0.07812499999999556,0.7426578147856411,89.38333333333333
2019-07-01,Thiès,Centre-Ouest,D09,Loisirs et culture,21,89.31,-0.24572768904277398,0.48379837983798524,89.48
2019-08-01,Thiès,Centre-Ouest,D09,Loisirs et culture,21,89.35,0.04478781771357632,0.6307016555918254,89.39666666666666
2019-09-01,Thiès,Centre-Ouest,D09,Loisirs et culture,21,89.07,-0.31337437045327876,0.3944995491433678,89.24333333333334
2019-10-01,Thiès,Centre-Ouest,D09,Loisirs et culture,21,89.06,-0.011227124733348415,0.7922136713444994,89.16000000000001
2019-11-01,Thiès,Centre-Ouest,D09,Loisirs et culture,21,88.81,-0.28070963395463444,0.5320353180892079,88.98
2019-12-01,Thiès,Centre-Ouest,D09,Loisirs et culture,21,88.6,-0.23645985812409398,0.49909255898366034,88.82333333333334
2020-01-01,Thiès,Centre-Ouest,D09,Loisirs et culture,21,89.6,1.1286681715575675,1.1515014675999025,89.00333333333333
2020-02-01,Thiès,Centre-Ouest,D09,Loisirs et culture,21,89.64,0.04464285714287364,1.0939438366978749,89.27999999999999
2020-03-01,Thiès,Centre-Ouest,D09,Loisirs et culture,21,90.01,0.4127621597501241,1.2599842501968883,89.75
2020-04-01,Thiès,Centre-Ouest,D09,Loisirs et culture,21,90.2,0.21108765692701148,1.325544821388469,89.95
2020-05-01,Thiès,Centre-Ouest,D09,Loisirs et culture,21,90.59,0.4323725055432437,1.104910714285734,90.26666666666667
2020-06-01,Thiès,Centre-Ouest,D09,Loisirs et culture,21,91.05,0.5077823159288952,1.6977549424773697,90.61333333333334
2020-07-01,Thiès,Centre-Ouest,D09,Loisirs et culture,21,90.91,-0.1537616694124111,1.7915127085432747,90.85000000000001
2020-08-01,Thiès,Centre-Ouest,D09,Loisirs et culture,21,90.77,-0.15399846001540318,1.5892557358701653,90.90999999999998
2020-09-01,Thiès,Centre-Ouest,D09,Loisirs et culture,21,90.77,0.0,1.9086112046704962,90.81666666666666
2020-10-01,Thiès,Centre-Ouest,D09,Loisirs et culture,21,90.51,-0.28643825052329097,1.6281158769368975,90.68333333333334
2020-11-01,Thiès,Centre-Ouest,D09,Loisirs et culture,21,90.19,-0.3535520936913117,1.5538790676725478,90.49000000000001
2020-12-01,Thiès,Centre-Ouest,D09,Loisirs et culture,21,89.91,-0.310455704623569,1.4785553047404143,90.20333333333333
2021-01-01,Thiès,Centre-Ouest,D09,Loisirs et culture,21,90.3,0.4337671004337684,0.78125,90.13333333333333
2021-02-01,Thiès,Centre-Ouest,D09,Loisirs et culture,21,90.59,0.3211517165005562,1.0597947344935355,90.26666666666667
2021-03-01,Thiès,Centre-Ouest,D09,Loisirs et culture,21,90.99,0.4415498399381823,1.0887679146761364,90.62666666666667
2021-04-01,Thiès,Centre-Ouest,D09,Loisirs et culture,21,91.48,0.538520716562263,1.419068736141904,91.02
2021-05-01,Thiès,Centre-Ouest,D09,Loisirs et culture,21,91.96,0.5247048535198751,1.5123082017882705,91.47666666666667
2021-06-01,Thiès,Centre-Ouest,D09,Loisirs et culture,21,92.11,0.1631143975641569,1.1641954969796808,91.84999999999998
2021-07-01,Thiès,Centre-Ouest,D09,Loisirs et culture,21,92.19,0.08685267614807479,1.4079859201407974,92.08666666666666
2021-08-01,Thiès,Centre-Ouest,D09,Loisirs et culture,21,92.29,0.10847163466753962,1.674562079982378,92.19666666666667
2021-09-01,Thiès,Centre-Ouest,D09,Loisirs et culture,21,92.18,-0.11918951132300348,1.5533766662994442,92.22000000000001
2021-10-01,Thiès,Centre-Ouest,D09,Loisirs et culture,21,91.84,-0.3688435669342627,1.4694508894044889,92.10333333333334
2021-11-01,Thiès,Centre-Ouest,D09,Loisirs et culture,21,91.82,-0.021777003484335644,1.8072957090586428,91.94666666666666
2021-12-01,Thiès,Centre-Ouest,D09,Loisirs et culture,21,91.73,-0.09801786103244003,2.0242464686909267,91.79666666666667
2022-01-01,Thiès,Centre-Ouest,D09,Loisirs et culture,21,92.78999999999999,1.1555652458301369,2.757475083056482,92.11333333333334
2022-02-01,Thiès,Centre-Ouest,D09,Loisirs et culture,21,93.85,1.142364478930924,3.5986311954961714,92.79
2022-03-01,Thiès,Centre-Ouest,D09,Loisirs et culture,21,94.43,0.6180074587107232,3.780635234641183,93.69
2022-04-01,Thiès,Centre-Ouest,D09,Loisirs et culture,21,95.57,1.2072434607645732,4.4709226060341,94.61666666666667
2022-05-01,Thiès,Centre-Ouest,D09,Loisirs et culture,21,96.59,1.0672805273621577,5.034797738147034,95.53000000000002
2022-06-01,Thiès,Centre-Ouest,D09,Loisirs et culture,21,97.41,0.8489491665803817,5.753989794810543,96.52333333333333
2022-07-01,Thiès,Centre-Ouest,D09,Loisirs et culture,21,97.9,0.5030284365054927,6.1937303395162235,97.3
2022-08-01,Thiès,Centre-Ouest,D09,Loisirs et culture,21,98.22,0.3268641470888678,6.425398201321908,97.84333333333332
2022-09-01,Thiès,Centre-Ouest,D09,Loisirs et culture,21,98.76,0.5497861942577842,7.138207854198297,98.29333333333334
2022-10-01,Thiès,Centre-Ouest,D09,Loisirs et culture,21,98.87,0.11138112596191796,7.654616724738683,98.61666666666667
2022-11-01,Thiès,Centre-Ouest,D09,Loisirs et culture,21,99.18,0.3135430363103042,8.015682857765217,98.93666666666667
2022-12-01,Thiès,Centre-Ouest,D09,Loisirs et culture,21,97.93,-1.2603347449082425,6.758966532214106,98.66000000000001
2023-01-01,Thiès,Centre-Ouest,D09,Loisirs et culture,21,98.165,0.23996732359847783,5.792650070050676,98.42500000000001
2023-02-01,Thiès,Centre-Ouest,D09,Loisirs et culture,21,98.4,0.23939285896195095,4.848161960575403,98.165
2023-03-01,Thiès,Centre-Ouest,D09,Loisirs et culture,21,98.92,0.5284552845528312,4.754844858625429,98.495
2023-04-01,Thiès,Centre-Ouest,D09,Loisirs et culture,21,99.59,0.6773150020218388,4.206340901956684,98.97000000000001
2023-05-01,Thiès,Centre-Ouest,D09,Loisirs et culture,21,100.46,0.8735816849081202,4.00662594471477,99.65666666666668
2023-06-01,Thiès,Centre-Ouest,D09,Loisirs et culture,21,100.67,0.20903842325303845,3.3466789857304224,100.24
2023-07-01,Thiès,Centre-Ouest,D09,Loisirs et culture,21,100.91,0.23840270189727786,3.0745658835546363,100.68
2023-08-01,Thiès,Centre-Ouest,D09,Loisirs et culture,21,100.74,-0.16846695074819173,2.5656689065363336,100.77333333333333
2023-09-01,Thiès,Centre-Ouest,D09,Loisirs et culture,21,100.82,0.0794123486202114,2.085864722559738,100.82333333333332
2023-10-01,Thiès,Centre-Ouest,D09,Loisirs et culture,21,101.31,0.4860146796270781,2.467887124506918,100.95666666666666
2023-11-01,Thiès,Centre-Ouest,D09,Loisirs et culture,21,100.94,-0.36521567466193394,1.7745513208307973,101.02333333333333
2023-12-01,Thiès,Centre-Ouest,D09,Loisirs et culture,21,99.61,-1.3176144244105403,1.71551107934238,100.62
2024-01-01,Thiès,Centre-Ouest,D09,Loisirs et culture,21,99.24,-0.3714486497339631,1.095094993123813,99.92999999999999
2024-02-01,Thiès,Centre-Ouest,D09,Loisirs et culture,21,99.44,0.2015316404675671,1.0569105691056846,99.42999999999999
2024-03-01,Thiès,Centre-Ouest,D09,Loisirs et culture,21,99.65,0.21118262268704502,0.7379700768297637,99.44333333333333
2024-04-01,Thiès,Centre-Ouest,D09,Loisirs et culture,21,100.14,0.49172102358252534,0.552264283562609,99.74333333333334
2024-05-01,Thiès,Centre-Ouest,D09,Loisirs et culture,21,100.78,0.6391052526462992,0.31853474019511996,100.19
2024-06-01,Thiès,Centre-Ouest,D09,Loisirs et culture,21,100.79,0.009922603691214782,0.11920135094865003,100.57000000000001
2024-07-01,Thiès,Centre-Ouest,D09,Loisirs et culture,21,100.88,0.08929457287427667,-0.029729461896743636,100.81666666666668
2024-08-01,Thiès,Centre-Ouest,D09,Loisirs et culture,21,101.27,0.3865979381443285,0.526106809608895,100.98
2024-09-01,Thiès,Centre-Ouest,D09,Loisirs et culture,21,101.27,0.0,0.4463400119024019,101.13999999999999
2024-10-01,Thiès,Centre-Ouest,D09,Loisirs et culture,21,101.19,-0.07899674138441837,-0.11844832691738638,101.24333333333334
2024-11-01,Thiès,Centre-Ouest,D09,Loisirs et culture,21,101.11,-0.07905919557268382,0.16841688131563615,101.19
2024-12-01,Thiès,Centre-Ouest,D09,Loisirs et culture,21,99.97,-1.1274849174166768,0.36140949703844516,100.75666666666666
2025-01-01,Thiès,Centre-Ouest,D09,Loisirs et culture,21,99.81,-0.1600480144043126,0.5743651753325363,100.29666666666667
2025-02-01,Thiès,Centre-Ouest,D09,Loisirs et culture,21,100.33,0.5209898807734703,0.895012067578449,100.03666666666668
2025-03-01,Thiès,Centre-Ouest,D09,Loisirs et culture,21,100.45,0.11960530250174628,0.8028098344204704,100.19666666666667
2025-04-01,Thiès,Centre-Ouest,D09,Loisirs et culture,21,101.11,0.6570433051269253,0.968643898542032,100.63
2025-05-01,Thiès,Centre-Ouest,D09,Loisirs et culture,21,101.77,0.6527544258728035,0.9823377654296417,101.11
2025-06-01,Thiès,Centre-Ouest,D09,Loisirs et culture,21,101.74,-0.02947823523631321,0.9425538247841869,101.54
2025-07-01,Thiès,Centre-Ouest,D09,Loisirs et culture,21,102.54,0.7863180656575652,1.6455194290246,102.01666666666667
2025-08-01,Thiès,Centre-Ouest,D09,Loisirs et culture,21,102.33,-0.20479812755997973,1.046706823343535,102.20333333333333
2025-09-01,Thiès,Centre-Ouest,D09,Loisirs et culture,21,102.74,0.400664516759508,1.4515651229386695,102.53666666666668
2025-10-01,Thiès,Centre-Ouest,D09,Loisirs et culture,21,102.87,0.12653299591200984,1.6602431070263934,102.64666666666666
2025-11-01,Thiès,Centre-Ouest,D09,Loisirs et culture,21,103.1,0.22358316321569038,1.9681534961922598,102.90333333333332
2025-12-01,Thiès,Centre-Ouest,D09,Loisirs et culture,21,101.78,-1.2803103782735192,1.8105431629488855,102.58333333333333
2026-01-01,Thiès,Centre-Ouest,D09,Loisirs et culture,21,99.7,-2.0436235016702664,-0.11020939785592043,101.52666666666666
2026-02-01,Thiès,Centre-Ouest,D09,Loisirs et culture,21,100.51,0.8124373119358097,0.17940795375261942,100.66333333333334
2026-03-01,Thiès,Centre-Ouest,D09,Loisirs et culture,21,101.44,0.9252810665605349,0.9855649576903991,100.55
2026-04-01,Thiès,Centre-Ouest,D09,Loisirs et culture,21,101.79,0.34503154574132555,0.6725348630204797,101.24666666666667
2026-05-01,Thiès,Centre-Ouest,D09,Loisirs et culture,21,102.33,0.5305039787798282,0.550260391077928,101.85333333333334
2018-01-01,Dakar,Ouest,D10,Enseignement,43,87.48,,,87.48
2018-02-01,Dakar,Ouest,D10,Enseignement,43,87.02,-0.5258344764517697,,87.25
2018-03-01,Dakar,Ouest,D10,Enseignement,43,87.52,0.574580556193971,,87.33999999999999
2018-04-01,Dakar,Ouest,D10,Enseignement,43,87.51,-0.011425959780608785,,87.34999999999998
2018-05-01,Dakar,Ouest,D10,Enseignement,43,87.71,0.22854530910751958,,87.58
2018-06-01,Dakar,Ouest,D10,Enseignement,43,87.78,0.07980845969672856,,87.66666666666667
2018-07-01,Dakar,Ouest,D10,Enseignement,43,87.84,0.06835269993163973,,87.77666666666666
2018-08-01,Dakar,Ouest,D10,Enseignement,43,87.72,-0.1366120218579292,,87.78000000000002
2018-09-01,Dakar,Ouest,D10,Enseignement,43,87.81,0.10259917920656392,,87.79
2018-10-01,Dakar,Ouest,D10,Enseignement,43,87.39,-0.4783054321831237,,87.64
2018-11-01,Dakar,Ouest,D10,Enseignement,43,87.44,0.0572147843002524,,87.54666666666667
2018-12-01,Dakar,Ouest,D10,Enseignement,43,87.1,-0.3888380603842667,,87.30999999999999
2019-01-01,Dakar,Ouest,D10,Enseignement,43,87.59,0.5625717566016153,0.1257430269775872,87.37666666666667
2019-02-01,Dakar,Ouest,D10,Enseignement,43,87.53,-0.06850097043041847,0.5860721673178748,87.40666666666668
2019-03-01,Dakar,Ouest,D10,Enseignement,43,87.88,0.3998629041471524,0.41133455210238257,87.66666666666667
2019-04-01,Dakar,Ouest,D10,Enseignement,43,88.21,0.3755120619025831,0.7999085818763518,87.87333333333333
2019-05-01,Dakar,Ouest,D10,Enseignement,43,88.2,-0.011336583153831459,0.5586592178770999,88.09666666666665
2019-06-01,Dakar,Ouest,D10,Enseignement,43,88.32,0.1360544217686943,0.6151742993848242,88.24333333333334
2019-07-01,Dakar,Ouest,D10,Enseignement,43,88.25,-0.07925724637680709,0.4667577413479007,88.25666666666666
2019-08-01,Dakar,Ouest,D10,Enseignement,43,88.32,0.07932011331444055,0.6839945280437743,88.29666666666667
2019-09-01,Dakar,Ouest,D10,Enseignement,43,88.0,-0.36231884057970065,0.21637626693997714,88.19
2019-10-01,Dakar,Ouest,D10,Enseignement,43,87.91,-0.10227272727273418,0.5950337567227404,88.07666666666667
2019-11-01,Dakar,Ouest,D10,Enseignement,43,87.89,-0.022750540325333635,0.5146386093321187,87.93333333333334
2019-12-01,Dakar,Ouest,D10,Enseignement,43,87.92,0.034133576060990656,0.9414466130884147,87.90666666666668
2020-01-01,Dakar,Ouest,D10,Enseignement,43,88.87,1.0805277525022694,1.4613540358488386,88.22666666666667
2020-02-01,Dakar,Ouest,D10,Enseignement,43,88.64,-0.25880499606166785,1.2681366388666682,88.47666666666667
2020-03-01,Dakar,Ouest,D10,Enseignement,43,89.22,0.654332129963886,1.524806554392355,88.91000000000001
2020-04-01,Dakar,Ouest,D10,Enseignement,43,89.42,0.224164985429276,1.3717265616143282,89.09333333333332
2020-05-01,Dakar,Ouest,D10,Enseignement,43,89.72,0.3354954148959921,1.7233560090702982,89.45333333333333
2020-06-01,Dakar,Ouest,D10,Enseignement,43,90.09,0.41239411502451695,2.004076086956541,89.74333333333334
2020-07-01,Dakar,Ouest,D10,Enseignement,43,90.12,0.033300033300043275,2.1189801699716737,89.97666666666667
2020-08-01,Dakar,Ouest,D10,Enseignement,43,90.03,-0.09986684420772995,1.936141304347827,90.08
2020-09-01,Dakar,Ouest,D10,Enseignement,43,89.78,-0.277685216039103,2.022727272727276,89.97666666666667
2020-10-01,Dakar,Ouest,D10,Enseignement,43,89.42,-0.4009801737580698,1.7176657945626284,89.74333333333334
2020-11-01,Dakar,Ouest,D10,Enseignement,43,89.18,-0.268396331916787,1.4677437706223762,89.46
2020-12-01,Dakar,Ouest,D10,Enseignement,43,89.31,0.1457725947521915,1.580982711555956,89.30333333333334
2021-01-01,Dakar,Ouest,D10,Enseignement,43,89.59,0.3135147239950786,0.8101721615843438,89.36
2021-02-01,Dakar,Ouest,D10,Enseignement,43,89.78,0.21207724076348633,1.286101083032487,89.56
2021-03-01,Dakar,Ouest,D10,Enseignement,43,90.19,0.4566718645578005,1.087200179331993,89.85333333333334
2021-04-01,Dakar,Ouest,D10,Enseignement,43,90.66,0.5211220756181412,1.38671438157012,90.21
2021-05-01,Dakar,Ouest,D10,Enseignement,43,90.95,0.3198764615045313,1.3709317877842242,90.59999999999998
2021-06-01,Dakar,Ouest,D10,Enseignement,43,91.14,0.2089059923034542,1.1655011655011593,90.91666666666667
2021-07-01,Dakar,Ouest,D10,Enseignement,43,91.49,0.38402457757296116,1.5201952951619857,91.19333333333334
2021-08-01,Dakar,Ouest,D10,Enseignement,43,91.55,0.06558093780741903,1.688326113517702,91.39333333333333
2021-09-01,Dakar,Ouest,D10,Enseignement,43,91.32,-0.25122883670125606,1.7153040766317629,91.45333333333333
2021-10-01,Dakar,Ouest,D10,Enseignement,43,91.26,-0.06570302233901426,2.057705211362104,91.37666666666667
2021-11-01,Dakar,Ouest,D10,Enseignement,43,91.18,-0.08766162612315886,2.2426553038797925,91.25333333333333
2021-12-01,Dakar,Ouest,D10,Enseignement,43,91.1,-0.08773853915333696,2.0042548426827844,91.17999999999999
2022-01-01,Dakar,Ouest,D10,Enseignement,43,92.34,1.3611416026344747,3.0695390110503373,91.54
2022-02-01,Dakar,Ouest,D10,Enseignement,43,93.21,0.9421702404158516,3.8204499888616628,92.21666666666665
2022-03-01,Dakar,Ouest,D10,Enseignement,43,94.17,1.0299324106855634,4.412906087149349,93.24000000000001
2022-04-01,Dakar,Ouest,D10,Enseignement,43,94.96,0.8389083572262868,4.742995808515338,94.11333333333333
2022-05-01,Dakar,Ouest,D10,Enseignement,43,96.24,1.347935973041281,5.8163826278174735,95.12333333333333
2022-06-01,Dakar,Ouest,D10,Enseignement,43,96.8,0.5818786367414841,6.210226025894228,96.0
2022-07-01,Dakar,Ouest,D10,Enseignement,43,97.48,0.7024793388429762,6.5471636244398335,96.83999999999999
2022-08-01,Dakar,Ouest,D10,Enseignement,43,98.3,0.8411981945014357,7.373020207536873,97.52666666666666
2022-09-01,Dakar,Ouest,D10,Enseignement,43,98.65,0.3560528992879064,8.026719229084556,98.14333333333333
2022-10-01,Dakar,Ouest,D10,Enseignement,43,99.09,0.44602128737962765,8.579881656804723,98.68
2022-11-01,Dakar,Ouest,D10,Enseignement,43,99.12,0.03027550711474092,8.708050010967305,98.95333333333333
2022-12-01,Dakar,Ouest,D10,Enseignement,43,97.83,-1.3014527845036428,7.387486278814492,98.68
2023-01-01,Dakar,Ouest,D10,Enseignement,43,97.88,0.05110906674843374,5.999566818280266,98.27666666666666
2023-02-01,Dakar,Ouest,D10,Enseignement,43,98.37,0.5006129955047012,5.535886707434834,98.02666666666666
2023-03-01,Dakar,Ouest,D10,Enseignement,43,98.89,0.5286164481040911,5.012211957098867,98.38
2023-04-01,Dakar,Ouest,D10,Enseignement,43,99.61,0.7280817069471146,4.896798652064027,98.95666666666666
2023-05-01,Dakar,Ouest,D10,Enseignement,43,99.99,0.381487802429481,3.8965087281795485,99.49666666666667
2023-06-01,Dakar,Ouest,D10,Enseignement,43,100.57,0.5800580058005878,3.8946280991735582,100.05666666666667
2023-07-01,Dakar,Ouest,D10,Enseignement,43,100.58,0.00994332305856993,3.180139515798097,100.38
2023-08-01,Dakar,Ouest,D10,Enseignement,43,100.9,0.3181547027242049,2.64496439471007,100.68333333333332
2023-09-01,Dakar,Ouest,D10,Enseignement,43,101.02,0.11892963330029094,2.4024328433857045,100.83333333333333
2023-10-01,Dakar,Ouest,D10,Enseignement,43,101.07,0.049495149475342615,1.9981834695731004,100.99666666666667
2023-11-01,Dakar,Ouest,D10,Enseignement,43,101.25,0.17809439002671734,2.1489104116222624,101.11333333333333
2023-12-01,Dakar,Ouest,D10,Enseignement,43,99.87,-1.3629629629629547,2.0852499233364075,100.73
2024-01-01,Dakar,Ouest,D10,Enseignement,43,99.32,-0.550715930709933,1.4711892112791114,100.14666666666666
2024-02-01,Dakar,Ouest,D10,Enseignement,43,99.83,0.5134917438582409,1.484192335061496,99.67333333333333
2024-03-01,Dakar,Ouest,D10,Enseignement,43,99.84,0.010017028949227402,0.9606633633330031,99.66333333333334
2024-04-01,Dakar,Ouest,D10,Enseignement,43,100.16,0.3205128205128194,0.5521533982531857,99.94333333333334
2024-05-01,Dakar,Ouest,D10,Enseignement,43,100.24,0.07987220447285281,0.2500250025002426,100.08
2024-06-01,Dakar,Ouest,D10,Enseignement,43,100.7,0.45889864325618923,0.1292631997613647,100.36666666666667
2024-07-01,Dakar,Ouest,D10,Enseignement,43,100.97,0.268123138033749,0.38775104394512816,100.63666666666666
2024-08-01,Dakar,Ouest,D10,Enseignement,43,100.98,0.009903931860955062,0.07928642220018656,100.88333333333333
2024-09-01,Dakar,Ouest,D10,Enseignement,43,101.44,0.4555357496533796,0.41575925559296234,101.13
2024-10-01,Dakar,Ouest,D10,Enseignement,43,101.39,-0.04929022082018619,0.3166122489363987,101.27
2024-11-01,Dakar,Ouest,D10,Enseignement,43,101.78,0.3846533188677448,0.5234567901234666,101.53666666666668
2024-12-01,Dakar,Ouest,D10,Enseignement,43,100.27,-1.483592061308714,0.4005206768799452,101.14666666666666
2025-01-01,Dakar,Ouest,D10,Enseignement,43,100.01,-0.25929989029619405,0.6947241240434998,100.68666666666667
2025-02-01,Dakar,Ouest,D10,Enseignement,43,100.33,0.31996800319966656,0.5008514474606818,100.20333333333333
2025-03-01,Dakar,Ouest,D10,Enseignement,43,100.77,0.43855277583972896,0.9314903846153744,100.37
2025-04-01,Dakar,Ouest,D10,Enseignement,43,101.5,0.724421950977483,1.3378594249201292,100.86666666666667
2025-05-01,Dakar,Ouest,D10,Enseignement,43,101.39,-0.10837438423645374,1.147246608140473,101.22000000000001
2025-06-01,Dakar,Ouest,D10,Enseignement,43,101.85,0.45369365815168816,1.1420059582919473,101.58
2025-07-01,Dakar,Ouest,D10,Enseignement,43,102.35,0.4909180166912108,1.3667425968109326,101.86333333333333
2025-08-01,Dakar,Ouest,D10,Enseignement,43,102.62,0.2638006839277063,1.6240839770251592,102.27333333333333
2025-09-01,Dakar,Ouest,D10,Enseignement,43,102.98,0.35080880919897695,1.5181388012618369,102.64999999999999
2025-10-01,Dakar,Ouest,D10,Enseignement,43,103.21,0.2233443387065437,1.795048821382772,102.93666666666667
2025-11-01,Dakar,Ouest,D10,Enseignement,43,103.29,0.07751186900495366,1.4835920613087028,103.16000000000001
2025-12-01,Dakar,Ouest,D10,Enseignement,43,102.2,-1.0552812469745376,1.924803031814104,102.89999999999999
2026-01-01,Dakar,Ouest,D10,Enseignement,43,100.41,-1.7514677103718235,0.39996000399959986,101.96666666666668
2026-02-01,Dakar,Ouest,D10,Enseignement,43,100.9,0.48799920326660917,0.5681251868832948,101.17
2026-03-01,Dakar,Ouest,D10,Enseignement,43,101.81,0.9018830525272525,1.0320531904336683,101.04
2026-04-01,Dakar,Ouest,D10,Enseignement,43,102.05,0.2357332285630065,0.5418719211822687,101.58666666666666
2026-05-01,Dakar,Ouest,D10,Enseignement,43,102.31,0.2547770700636942,0.9073873163033763,102.05666666666667
2018-01-01,Diourbel,Centre,D10,Enseignement,43,85.73,,,85.73
2018-02-01,Diourbel,Centre,D10,Enseignement,43,85.99,0.30327773241571876,,85.86
2018-03-01,Diourbel,Centre,D10,Enseignement,43,86.03,0.046517036864757166,,85.91666666666667
2018-04-01,Diourbel,Centre,D10,Enseignement,43,86.21,0.20922933860281212,,86.07666666666665
2018-05-01,Diourbel,Centre,D10,Enseignement,43,86.26,0.05799791207516947,,86.16666666666667
2018-06-01,Diourbel,Centre,D10,Enseignement,43,86.46,0.23185717597957733,,86.31
2018-07-01,Diourbel,Centre,D10,Enseignement,43,86.54,0.09252833680315486,,86.42
2018-08-01,Diourbel,Centre,D10,Enseignement,43,86.54,0.0,,86.51333333333334
2018-09-01,Diourbel,Centre,D10,Enseignement,43,86.3,-0.2773284030506251,,86.46
2018-10-01,Diourbel,Centre,D10,Enseignement,43,86.27,-0.034762456546932885,,86.37
2018-11-01,Diourbel,Centre,D10,Enseignement,43,85.96,-0.3593369653413725,,86.17666666666666
2018-12-01,Diourbel,Centre,D10,Enseignement,43,85.94,-0.02326663564448106,,86.05666666666666
2019-01-01,Diourbel,Centre,D10,Enseignement,43,86.23,0.3374447288806204,0.5832264084917771,86.04333333333334
2019-02-01,Diourbel,Centre,D10,Enseignement,43,86.14,-0.10437202829641778,0.17443888824282272,86.10333333333334
2019-03-01,Diourbel,Centre,D10,Enseignement,43,86.58,0.5107963779893199,0.6393118679530296,86.31666666666666
2019-04-01,Diourbel,Centre,D10,Enseignement,43,86.85,0.31185031185030354,0.7423732745621248,86.52333333333333
2019-05-01,Diourbel,Centre,D10,Enseignement,43,87.05,0.23028209556708035,0.915835845119406,86.82666666666667
2019-06-01,Diourbel,Centre,D10,Enseignement,43,87.18,0.1493394600804221,0.8327550312283272,87.02666666666669
2019-07-01,Diourbel,Centre,D10,Enseignement,43,87.13,-0.057352603808225044,0.6817656574994002,87.12
2019-08-01,Diourbel,Centre,D10,Enseignement,43,87.01,-0.13772523814987725,0.5431014559741154,87.10666666666667
2019-09-01,Diourbel,Centre,D10,Enseignement,43,87.04,0.03447879554074884,0.8574739281576038,87.06
2019-10-01,Diourbel,Centre,D10,Enseignement,43,86.83,-0.2412683823529549,0.6491248406166772,86.96
2019-11-01,Diourbel,Centre,D10,Enseignement,43,86.51,-0.36853622020038834,0.6398324802233679,86.79333333333334
2019-12-01,Diourbel,Centre,D10,Enseignement,43,86.6,0.10403421569760152,0.7679776588317422,86.64666666666666
2020-01-01,Diourbel,Centre,D10,Enseignement,43,87.17,0.6581986143187057,1.0901078510959117,86.76
2020-02-01,Diourbel,Centre,D10,Enseignement,43,87.46,0.33268326259032754,1.5323891339679596,87.07666666666667
2020-03-01,Diourbel,Centre,D10,Enseignement,43,88.09,0.7203292933912753,1.7440517440517445,87.57333333333334
2020-04-01,Diourbel,Centre,D10,Enseignement,43,88.38,0.3292087637643215,1.7616580310880758,87.97666666666665
2020-05-01,Diourbel,Centre,D10,Enseignement,43,88.61,0.2602398732745037,1.7920735209649763,88.36
2020-06-01,Diourbel,Centre,D10,Enseignement,43,89.02,0.46270172666742493,2.1105758201422242,88.67
2020-07-01,Diourbel,Centre,D10,Enseignement,43,89.1,0.08986744551786607,2.2609893262940384,88.91000000000001
2020-08-01,Diourbel,Centre,D10,Enseignement,43,88.6,-0.561167227833892,1.8273761636593333,88.90666666666665
2020-09-01,Diourbel,Centre,D10,Enseignement,43,88.64,0.04514672686231069,1.8382352941176405,88.77999999999999
2020-10-01,Diourbel,Centre,D10,Enseignement,43,88.51,-0.14666064981948557,1.934815156052072,88.58333333333333
2020-11-01,Diourbel,Centre,D10,Enseignement,43,88.22,-0.3276465936052464,1.9766500982545399,88.45666666666666
2020-12-01,Diourbel,Centre,D10,Enseignement,43,88.12,-0.11335298118340109,1.7551963048499042,88.28333333333335
2021-01-01,Diourbel,Centre,D10,Enseignement,43,88.68,0.6354970494779844,1.732247332797976,88.33999999999999
2021-02-01,Diourbel,Centre,D10,Enseignement,43,88.75,0.07893549842128422,1.4749599817059256,88.51666666666667
2021-03-01,Diourbel,Centre,D10,Enseignement,43,89.01,0.2929577464788835,1.0443864229765065,88.81333333333333
2021-04-01,Diourbel,Centre,D10,Enseignement,43,89.61,0.674081563869211,1.3917175831636097,89.12333333333333
2021-05-01,Diourbel,Centre,D10,Enseignement,43,89.92,0.34594353308783354,1.47838844374224,89.51333333333334
2021-06-01,Diourbel,Centre,D10,Enseignement,43,90.29,0.4114768683274095,1.4266456975960518,89.94000000000001
2021-07-01,Diourbel,Centre,D10,Enseignement,43,90.37,0.08860338907963339,1.4253647586981,90.19333333333334
2021-08-01,Diourbel,Centre,D10,Enseignement,43,90.72,0.3872966692486379,2.392776523702045,90.46
2021-09-01,Diourbel,Centre,D10,Enseignement,43,90.03,-0.7605820105820116,1.5681407942238268,90.37333333333333
2021-10-01,Diourbel,Centre,D10,Enseignement,43,90.14,0.12218149505720532,1.841599819229467,90.29666666666667
2021-11-01,Diourbel,Centre,D10,Enseignement,43,90.06,-0.08875083203905287,2.0856948537746556,90.07666666666667
2021-12-01,Diourbel,Centre,D10,Enseignement,43,89.88,-0.19986675549634736,1.9972764412165223,90.02666666666666
2022-01-01,Diourbel,Centre,D10,Enseignement,43,91.56,1.869158878504673,3.247631935047357,90.5
2022-02-01,Diourbel,Centre,D10,Enseignement,43,92.52,1.0484927916120546,4.247887323943655,91.32000000000001
2022-03-01,Diourbel,Centre,D10,Enseignement,43,93.47,1.0268050151318597,5.010672958094586,92.51666666666667
2022-04-01,Diourbel,Centre,D10,Enseignement,43,94.56,1.1661495667059096,5.523937060595929,93.51666666666667
2022-05-01,Diourbel,Centre,D10,Enseignement,43,95.72,1.2267343485617532,6.450177935943047,94.58333333333333
2022-06-01,Diourbel,Centre,D10,Enseignement,43,96.66,0.9820309235269553,7.055044855465709,95.64666666666666
2022-07-01,Diourbel,Centre,D10,Enseignement,43,97.33,0.6931512518104643,7.701670908487324,96.57
2022-08-01,Diourbel,Centre,D10,Enseignement,43,97.88,0.5650878454741548,7.892416225749566,97.29
2022-09-01,Diourbel,Centre,D10,Enseignement,43,98.4,0.5312627707396933,9.296901032989012,97.87
2022-10-01,Diourbel,Centre,D10,Enseignement,43,98.86,0.4674796747967447,9.673840692256498,98.38
2022-11-01,Diourbel,Centre,D10,Enseignement,43,98.89,0.03034594375885824,9.804574727959125,98.71666666666668
2022-12-01,Diourbel,Centre,D10,Enseignement,43,97.64,-1.2640307412276286,8.633733867378734,98.46333333333332
2023-01-01,Diourbel,Centre,D10,Enseignement,43,97.44,-0.2048340843916474,6.422018348623859,97.99000000000001
2023-02-01,Diourbel,Centre,D10,Enseignement,43,98.31,0.8928571428571397,6.25810635538262,97.79666666666667
2023-03-01,Diourbel,Centre,D10,Enseignement,43,98.79,0.4882514494964907,5.691665775115018,98.18
2023-04-01,Diourbel,Centre,D10,Enseignement,43,99.46,0.6782062961838031,5.181895093062594,98.85333333333334
2023-05-01,Diourbel,Centre,D10,Enseignement,43,99.83,0.3720088477780159,4.2937735060593285,99.36
2023-06-01,Diourbel,Centre,D10,Enseignement,43,100.84,1.011719923870591,4.324436168011592,100.04333333333334
2023-07-01,Diourbel,Centre,D10,Enseignement,43,100.71,-0.12891709639033522,3.4727216685502826,100.46
2023-08-01,Diourbel,Centre,D10,Enseignement,43,100.95,0.23830801310695815,3.136493665713136,100.83333333333333
2023-09-01,Diourbel,Centre,D10,Enseignement,43,101.26,0.3070827142149568,2.9065040650406493,100.97333333333331
2023-10-01,Diourbel,Centre,D10,Enseignement,43,101.16,-0.09875567845152311,2.3265223548452285,101.12333333333333
2023-11-01,Diourbel,Centre,D10,Enseignement,43,101.33,0.16805061289046908,2.4673880068763143,101.25
2023-12-01,Diourbel,Centre,D10,Enseignement,43,99.92,-1.3914931412217446,2.335108562064736,100.80333333333333
2024-01-01,Diourbel,Centre,D10,Enseignement,43,99.72,-0.20016012810248895,2.339901477832518,100.32333333333334
2024-02-01,Diourbel,Centre,D10,Enseignement,43,99.57,-0.15042117930205157,1.2816600549282686,99.73666666666668
2024-03-01,Diourbel,Centre,D10,Enseignement,43,100.08,0.5122024706236905,1.305800182204675,99.79
2024-04-01,Diourbel,Centre,D10,Enseignement,43,100.39,0.30975219824140865,0.9350492660366028,100.01333333333332
2024-05-01,Diourbel,Centre,D10,Enseignement,43,100.67,0.2789122422552026,0.8414304317339472,100.38
2024-06-01,Diourbel,Centre,D10,Enseignement,43,100.77,0.09933445912386762,-0.06941689805632922,100.61000000000001
2024-07-01,Diourbel,Centre,D10,Enseignement,43,101.28,0.5061030068472805,0.5659815311289895,100.90666666666668
2024-08-01,Diourbel,Centre,D10,Enseignement,43,100.97,-0.30608214849920934,0.01981178801386818,101.00666666666666
2024-09-01,Diourbel,Centre,D10,Enseignement,43,101.6,0.6239477072397692,0.33576930673513417,101.28333333333335
2024-10-01,Diourbel,Centre,D10,Enseignement,43,101.6,0.0,0.43495452748121277,101.38999999999999
2024-11-01,Diourbel,Centre,D10,Enseignement,43,101.34,-0.2559055118110165,0.009868745682428681,101.51333333333332
2024-12-01,Diourbel,Centre,D10,Enseignement,43,100.24,-1.0854549042826234,0.32025620496396456,101.06
2025-01-01,Diourbel,Centre,D10,Enseignement,43,100.1,-0.13966480446927498,0.38106698756517066,100.56
2025-02-01,Diourbel,Centre,D10,Enseignement,43,100.34,0.23976023976024496,0.7733252987847772,100.22666666666667
2025-03-01,Diourbel,Centre,D10,Enseignement,43,100.96,0.6178991429140801,0.8792965627497873,100.46666666666665
2025-04-01,Diourbel,Centre,D10,Enseignement,43,101.24,0.27733755942946914,0.8466978782747159,100.84666666666668
2025-05-01,Diourbel,Centre,D10,Enseignement,43,101.72,0.474120900829722,1.0430118208006434,101.30666666666666
2025-06-01,Diourbel,Centre,D10,Enseignement,43,102.37,0.6390090444357011,1.587774139128717,101.77666666666666
2025-07-01,Diourbel,Centre,D10,Enseignement,43,102.7,0.3223600664257198,1.4020537124802557,102.26333333333332
2025-08-01,Diourbel,Centre,D10,Enseignement,43,102.84,0.13631937682569983,1.8520352579974197,102.63666666666667
2025-09-01,Diourbel,Centre,D10,Enseignement,43,103.37,0.5153636717230681,1.7421259842519854,102.97000000000001
2025-10-01,Diourbel,Centre,D10,Enseignement,43,103.34,-0.029021959949693255,1.7125984251968651,103.18333333333334
2025-11-01,Diourbel,Centre,D10,Enseignement,43,103.75,0.39674859686471553,2.378133017564621,103.48666666666668
2025-12-01,Diourbel,Centre,D10,Enseignement,43,102.27,-1.4265060240963856,2.025139664804465,103.12
2026-01-01,Diourbel,Centre,D10,Enseignement,43,100.05,-2.1707245526547347,-0.04995004995004271,102.02333333333333
2026-02-01,Diourbel,Centre,D10,Enseignement,43,100.76,0.7096451774113,0.41857683874826357,101.02666666666666
2026-03-01,Diourbel,Centre,D10,Enseignement,43,101.84,1.0718539102818614,0.8716323296355188,100.88333333333334
2026-04-01,Diourbel,Centre,D10,Enseignement,43,102.53,0.6775333857030663,1.2741999209798571,101.71
2026-05-01,Diourbel,Centre,D10,Enseignement,43,102.73,0.1950648590656412,0.9929217459693218,102.36666666666667
2018-01-01,Kaolack,Centre-Sud,D10,Enseignement,43,85.96,,,85.96
2018-02-01,Kaolack,Centre-Sud,D10,Enseignement,43,85.96,0.0,,85.96
2018-03-01,Kaolack,Centre-Sud,D10,Enseignement,43,86.14,0.20939972080038505,,86.02
2018-04-01,Kaolack,Centre-Sud,D10,Enseignement,43,86.53,0.45275133503599463,,86.21
2018-05-01,Kaolack,Centre-Sud,D10,Enseignement,43,86.45,-0.09245348434069323,,86.37333333333333
2018-06-01,Kaolack,Centre-Sud,D10,Enseignement,43,86.61,0.18507807981491542,,86.53000000000002
2018-07-01,Kaolack,Centre-Sud,D10,Enseignement,43,86.51,-0.11546010853249467,,86.52333333333333
2018-08-01,Kaolack,Centre-Sud,D10,Enseignement,43,86.67,0.1849497167957459,,86.59666666666668
2018-09-01,Kaolack,Centre-Sud,D10,Enseignement,43,86.62,-0.0576900888427323,,86.60000000000001
2018-10-01,Kaolack,Centre-Sud,D10,Enseignement,43,86.47,-0.17317016855230571,,86.58666666666666
2018-11-01,Kaolack,Centre-Sud,D10,Enseignement,43,86.11,-0.41632936278478416,,86.39999999999999
2018-12-01,Kaolack,Centre-Sud,D10,Enseignement,43,86.05,-0.06967831842992211,,86.21
2019-01-01,Kaolack,Centre-Sud,D10,Enseignement,43,86.41,0.4183614177803552,0.5234993020009293,86.19
2019-02-01,Kaolack,Centre-Sud,D10,Enseignement,43,86.57,0.18516375419510567,0.7096323871568222,86.34333333333332
2019-03-01,Kaolack,Centre-Sud,D10,Enseignement,43,86.71,0.16171884024489547,0.66171348966797,86.56333333333332
2019-04-01,Kaolack,Centre-Sud,D10,Enseignement,43,86.89,0.20758851343560814,0.41604067953311397,86.72333333333334
2019-05-01,Kaolack,Centre-Sud,D10,Enseignement,43,87.11,0.25319369317526874,0.7634470792365455,86.90333333333335
2019-06-01,Kaolack,Centre-Sud,D10,Enseignement,43,87.3,0.2181150269773724,0.7966747488742598,87.10000000000001
2019-07-01,Kaolack,Centre-Sud,D10,Enseignement,43,87.26,-0.045819014891168575,0.8669517974800645,87.22333333333334
2019-08-01,Kaolack,Centre-Sud,D10,Enseignement,43,87.21,-0.057300022920026006,0.6230529595015577,87.25666666666666
2019-09-01,Kaolack,Centre-Sud,D10,Enseignement,43,87.32,0.12613232427474141,0.8081274532440341,87.26333333333332
2019-10-01,Kaolack,Centre-Sud,D10,Enseignement,43,87.25,-0.08016491067337483,0.9020469527003527,87.25999999999999
2019-11-01,Kaolack,Centre-Sud,D10,Enseignement,43,86.56,-0.7908309455587403,0.5225873882243715,87.04333333333334
2019-12-01,Kaolack,Centre-Sud,D10,Enseignement,43,86.42,-0.16173752310536527,0.4299825682742675,86.74333333333334
2020-01-01,Kaolack,Centre-Sud,D10,Enseignement,43,87.28,0.9951400138856759,1.0068279134359592,86.75333333333333
2020-02-01,Kaolack,Centre-Sud,D10,Enseignement,43,87.64,0.4124656278643446,1.2359939933002329,87.11333333333334
2020-03-01,Kaolack,Centre-Sud,D10,Enseignement,43,88.11,0.5362848014605293,1.614577326721256,87.67666666666666
2020-04-01,Kaolack,Centre-Sud,D10,Enseignement,43,88.46,0.39723073430937283,1.8068822649326632,88.07
2020-05-01,Kaolack,Centre-Sud,D10,Enseignement,43,88.79,0.37304996608638064,1.9285960280105652,88.45333333333333
2020-06-01,Kaolack,Centre-Sud,D10,Enseignement,43,89.16,0.41671359387316365,2.130584192439855,88.80333333333333
2020-07-01,Kaolack,Centre-Sud,D10,Enseignement,43,89.1,-0.06729475100942794,2.108640843456322,89.01666666666667
2020-08-01,Kaolack,Centre-Sud,D10,Enseignement,43,89.04,-0.06734006734004927,2.0983832129343183,89.10000000000001
2020-09-01,Kaolack,Centre-Sud,D10,Enseignement,43,88.87,-0.19092542677447977,1.7750801649106807,89.00333333333333
2020-10-01,Kaolack,Centre-Sud,D10,Enseignement,43,88.41,-0.5176099921233357,1.3295128939827983,88.77333333333333
2020-11-01,Kaolack,Centre-Sud,D10,Enseignement,43,88.23,-0.2035968781811892,1.929297597042523,88.50333333333333
2020-12-01,Kaolack,Centre-Sud,D10,Enseignement,43,88.05,-0.20401224073445245,1.8861374681786502,88.23
2021-01-01,Kaolack,Centre-Sud,D10,Enseignement,43,88.74,0.7836456558773408,1.6727772685609432,88.33999999999999
2021-02-01,Kaolack,Centre-Sud,D10,Enseignement,43,88.93,0.2141086319585428,1.471930625285256,88.57333333333334
2021-03-01,Kaolack,Centre-Sud,D10,Enseignement,43,89.34,0.4610367704936502,1.3959822948587108,89.00333333333333
2021-04-01,Kaolack,Centre-Sud,D10,Enseignement,43,89.41,0.0783523617640336,1.0739317205516574,89.22666666666667
2021-05-01,Kaolack,Centre-Sud,D10,Enseignement,43,89.86,0.5032994072251551,1.2050906633629843,89.53666666666668
2021-06-01,Kaolack,Centre-Sud,D10,Enseignement,43,90.49,0.7010905853549909,1.491700314042177,89.92
2021-07-01,Kaolack,Centre-Sud,D10,Enseignement,43,90.13,-0.39783401480826264,1.156004489337814,90.16000000000001
2021-08-01,Kaolack,Centre-Sud,D10,Enseignement,43,90.155,0.027737712193509623,1.2522461814914676,90.25833333333333
2021-09-01,Kaolack,Centre-Sud,D10,Enseignement,43,90.18,0.02773002052021134,1.4740632384381724,90.15500000000002
2021-10-01,Kaolack,Centre-Sud,D10,Enseignement,43,90.4,0.24395653138167273,2.2508765976699596,90.245
2021-11-01,Kaolack,Centre-Sud,D10,Enseignement,43,90.03,-0.40929203539823433,2.0401224073444357,90.20333333333333
2021-12-01,Kaolack,Centre-Sud,D10,Enseignement,43,90.23,0.2221481728312824,2.475865985235659,90.22000000000001
2022-01-01,Kaolack,Centre-Sud,D10,Enseignement,43,91.96,1.917322398315413,3.628577867928784,90.74000000000001
2022-02-01,Kaolack,Centre-Sud,D10,Enseignement,43,92.16,0.21748586341887588,3.6320701675474965,91.45
2022-03-01,Kaolack,Centre-Sud,D10,Enseignement,43,93.63,1.595052083333326,4.801880456682328,92.58333333333333
2022-04-01,Kaolack,Centre-Sud,D10,Enseignement,43,94.4,0.8223859873972117,5.581031204563258,93.39666666666666
2022-05-01,Kaolack,Centre-Sud,D10,Enseignement,43,95.83,1.5148305084745628,6.64366792788782,94.62
2022-06-01,Kaolack,Centre-Sud,D10,Enseignement,43,96.68,0.8869873734738798,6.8405348657310405,95.63666666666667
2022-07-01,Kaolack,Centre-Sud,D10,Enseignement,43,97.39,0.7343814646255664,8.055031620991905,96.63333333333333
2022-08-01,Kaolack,Centre-Sud,D10,Enseignement,43,97.79,0.41071978642570617,8.468748266873716,97.28666666666668
2022-09-01,Kaolack,Centre-Sud,D10,Enseignement,43,98.5,0.7260456079353661,9.22599245952538,97.89333333333333
2022-10-01,Kaolack,Centre-Sud,D10,Enseignement,43,98.55,0.050761421319789335,9.015486725663703,98.28000000000002
2022-11-01,Kaolack,Centre-Sud,D10,Enseignement,43,99.27,0.7305936073059405,10.26324558480507,98.77333333333333
2022-12-01,Kaolack,Centre-Sud,D10,Enseignement,43,97.75,-1.531177596454114,8.334256899035797,98.52333333333333
2023-01-01,Kaolack,Centre-Sud,D10,Enseignement,43,97.51,-0.24552429667518139,6.035232709873872,98.17666666666666
2023-02-01,Kaolack,Centre-Sud,D10,Enseignement,43,98.43,0.943492975079474,6.803385416666674,97.89666666666669
2023-03-01,Kaolack,Centre-Sud,D10,Enseignement,43,98.76,0.3352636391344088,5.479013136815136,98.23333333333335
2023-04-01,Kaolack,Centre-Sud,D10,Enseignement,43,99.67,0.9214256784123132,5.582627118644057,98.95333333333333
2023-05-01,Kaolack,Centre-Sud,D10,Enseignement,43,100.23,0.5618541185913539,4.591464050923522,99.55333333333334
2023-06-01,Kaolack,Centre-Sud,D10,Enseignement,43,100.45,0.2194951611294016,3.8994621431526655,100.11666666666667
2023-07-01,Kaolack,Centre-Sud,D10,Enseignement,43,100.78,0.32852165256347376,3.480850189957896,100.48666666666668
2023-08-01,Kaolack,Centre-Sud,D10,Enseignement,43,100.93,0.1488390553681329,3.210962266080375,100.71999999999998
2023-09-01,Kaolack,Centre-Sud,D10,Enseignement,43,101.35,0.41612999108291415,2.893401015228414,101.02
2023-10-01,Kaolack,Centre-Sud,D10,Enseignement,43,101.36,0.009866798223989726,2.8513444951801192,101.21333333333332
2023-11-01,Kaolack,Centre-Sud,D10,Enseignement,43,101.43,0.06906077348067807,2.1758839528558616,101.38
2023-12-01,Kaolack,Centre-Sud,D10,Enseignement,43,99.86,-1.5478655230208083,2.15856777493606,100.88333333333333
2024-01-01,Kaolack,Centre-Sud,D10,Enseignement,43,99.29,-0.5707991187662631,1.8254537996102993,100.19333333333333
2024-02-01,Kaolack,Centre-Sud,D10,Enseignement,43,99.72,0.4330748313022381,1.3105760438890446,99.62333333333333
2024-03-01,Kaolack,Centre-Sud,D10,Enseignement,43,99.85,0.13036502206176248,1.1036857027136415,99.62
2024-04-01,Kaolack,Centre-Sud,D10,Enseignement,43,100.15,0.3004506760140302,0.4815892445068748,99.90666666666665
2024-05-01,Kaolack,Centre-Sud,D10,Enseignement,43,100.52,0.36944583125311237,0.28933453057966574,100.17333333333333
2024-06-01,Kaolack,Centre-Sud,D10,Enseignement,43,100.83,0.30839633903700925,0.3782976605276156,100.5
2024-07-01,Kaolack,Centre-Sud,D10,Enseignement,43,100.89,0.05950609937519502,0.10914864060329599,100.74666666666667
2024-08-01,Kaolack,Centre-Sud,D10,Enseignement,43,101.07,0.1784121320249632,0.13870999702763065,100.92999999999999
2024-09-01,Kaolack,Centre-Sud,D10,Enseignement,43,101.57,0.49470663896309386,0.2170695609274853,101.17666666666666
2024-10-01,Kaolack,Centre-Sud,D10,Enseignement,43,101.52,-0.04922713399625467,0.15785319652723562,101.38666666666666
2024-11-01,Kaolack,Centre-Sud,D10,Enseignement,43,101.84,0.3152088258471242,0.4042196588780467,101.64333333333333
2024-12-01,Kaolack,Centre-Sud,D10,Enseignement,43,99.91,-1.8951296150824914,0.050070098137400265,101.08999999999999
2025-01-01,Kaolack,Centre-Sud,D10,Enseignement,43,100.09,0.18016214593135071,0.8057206163762709,100.61333333333334
2025-02-01,Kaolack,Centre-Sud,D10,Enseignement,43,100.35,0.25976621041061687,0.6317689530685788,100.11666666666666
2025-03-01,Kaolack,Centre-Sud,D10,Enseignement,43,100.77,0.4185351270552973,0.9213820731096556,100.40333333333335
2025-04-01,Kaolack,Centre-Sud,D10,Enseignement,43,101.38,0.605338890542817,1.2281577633549645,100.83333333333333
2025-05-01,Kaolack,Centre-Sud,D10,Enseignement,43,101.83,0.44387453146577105,1.3032232391563925,101.32666666666667
2025-06-01,Kaolack,Centre-Sud,D10,Enseignement,43,102.03,0.19640577432977757,1.1901219875037228,101.74666666666667
2025-07-01,Kaolack,Centre-Sud,D10,Enseignement,43,102.81,0.7644810349897169,1.9030627415997703,102.22333333333334
2025-08-01,Kaolack,Centre-Sud,D10,Enseignement,43,102.955,0.14103686411828242,1.865044028890872,102.59833333333334
2025-09-01,Kaolack,Centre-Sud,D10,Enseignement,43,103.1,0.14083823029478193,1.5063503002855194,102.955
2025-10-01,Kaolack,Centre-Sud,D10,Enseignement,43,103.28,0.17458777885548393,1.733648542159183,103.11166666666666
2025-11-01,Kaolack,Centre-Sud,D10,Enseignement,43,103.44,0.15491866769945517,1.571091908876654,103.27333333333333
2025-12-01,Kaolack,Centre-Sud,D10,Enseignement,43,102.28,-1.1214230471771058,2.372134921429292,103.0
2026-01-01,Kaolack,Centre-Sud,D10,Enseignement,43,100.52,-1.720766523269457,0.4296133479868125,102.08
2026-02-01,Kaolack,Centre-Sud,D10,Enseignement,43,100.98,0.4576203740549234,0.6278026905829792,101.25999999999999
2026-03-01,Kaolack,Centre-Sud,D10,Enseignement,43,101.61,0.6238859180035528,0.8335814230425731,101.03666666666668
2026-04-01,Kaolack,Centre-Sud,D10,Enseignement,43,102.24,0.620017714791854,0.8482935490234711,101.61000000000001
2026-05-01,Kaolack,Centre-Sud,D10,Enseignement,43,102.61,0.3618935837245818,0.7659825198860881,102.15333333333332
2018-01-01,Kolda,Sud,D10,Enseignement,43,84.88,,,84.88
2018-02-01,Kolda,Sud,D10,Enseignement,43,84.72,-0.18850141376060003,,84.8
2018-03-01,Kolda,Sud,D10,Enseignement,43,85.04,0.37771482530690736,,84.88
2018-04-01,Kolda,Sud,D10,Enseignement,43,85.28,0.2822201317027151,,85.01333333333334
2018-05-01,Kolda,Sud,D10,Enseignement,43,85.3,0.023452157598491397,,85.20666666666666
2018-06-01,Kolda,Sud,D10,Enseignement,43,85.53,0.26963657678780173,,85.37
2018-07-01,Kolda,Sud,D10,Enseignement,43,85.41,-0.140301648544372,,85.41333333333334
2018-08-01,Kolda,Sud,D10,Enseignement,43,85.63,0.257581079498892,,85.52333333333333
2018-09-01,Kolda,Sud,D10,Enseignement,43,85.43,-0.23356300362021853,,85.49000000000001
2018-10-01,Kolda,Sud,D10,Enseignement,43,85.0,-0.5033360646143126,,85.35333333333334
2018-11-01,Kolda,Sud,D10,Enseignement,43,85.06,0.07058823529411118,,85.16333333333334
2018-12-01,Kolda,Sud,D10,Enseignement,43,84.89,-0.19985892311309428,,84.98333333333333
2019-01-01,Kolda,Sud,D10,Enseignement,43,85.45,0.6596772293556485,0.6715362865221675,85.13333333333334
2019-02-01,Kolda,Sud,D10,Enseignement,43,85.41,-0.0468110005851452,0.8144475920679906,85.25
2019-03-01,Kolda,Sud,D10,Enseignement,43,85.54,0.15220700152207556,0.587958607714012,85.46666666666668
2019-04-01,Kolda,Sud,D10,Enseignement,43,85.78,0.2805704933364517,0.5863039399624848,85.57666666666667
2019-05-01,Kolda,Sud,D10,Enseignement,43,86.03,0.2914432268594114,0.8558030480656509,85.78333333333335
2019-06-01,Kolda,Sud,D10,Enseignement,43,86.27,0.27897245147041616,0.8651934993569421,86.02666666666666
2019-07-01,Kolda,Sud,D10,Enseignement,43,86.34,0.0811406050770902,1.0888654724271252,86.21333333333332
2019-08-01,Kolda,Sud,D10,Enseignement,43,86.24,-0.11582117211027532,0.7123671610416826,86.28333333333332
2019-09-01,Kolda,Sud,D10,Enseignement,43,86.05,-0.22031539888682783,0.7257403722345623,86.21
2019-10-01,Kolda,Sud,D10,Enseignement,43,85.85,-0.23242300987798004,1.0000000000000009,86.04666666666667
2019-11-01,Kolda,Sud,D10,Enseignement,43,86.01,0.18637157833432116,1.1168586879849451,85.96999999999998
2019-12-01,Kolda,Sud,D10,Enseignement,43,85.45,-0.6510870828973392,0.6596772293556485,85.77
2020-01-01,Kolda,Sud,D10,Enseignement,43,86.36,1.0649502633118813,1.0649502633118813,85.94
2020-02-01,Kolda,Sud,D10,Enseignement,43,87.13,0.8916164891153322,2.0138157124458544,86.31333333333333
2020-03-01,Kolda,Sud,D10,Enseignement,43,87.12,-0.011477103179147186,1.8470890811316254,86.87
2020-04-01,Kolda,Sud,D10,Enseignement,43,87.31,0.21808999081727176,1.7836325483795878,87.18666666666667
2020-05-01,Kolda,Sud,D10,Enseignement,43,88.01,0.8017409231473982,2.3015227246309555,87.48
2020-06-01,Kolda,Sud,D10,Enseignement,43,88.13,0.13634814225655933,2.1560217920482128,87.81666666666666
2020-07-01,Kolda,Sud,D10,Enseignement,43,88.47,0.3857937138318501,2.466990965948579,88.20333333333333
2020-08-01,Kolda,Sud,D10,Enseignement,43,88.2,-0.3051881993896166,2.272727272727293,88.26666666666667
2020-09-01,Kolda,Sud,D10,Enseignement,43,87.96,-0.27210884353742193,2.2196397443346783,88.21
2020-10-01,Kolda,Sud,D10,Enseignement,43,87.96,0.0,2.4577751892836286,88.04
2020-11-01,Kolda,Sud,D10,Enseignement,43,87.56,-0.45475216007274666,1.8021160330194075,87.82666666666667
2020-12-01,Kolda,Sud,D10,Enseignement,43,87.42,-0.15989036089538722,2.305441778818018,87.64666666666666
2021-01-01,Kolda,Sud,D10,Enseignement,43,87.82,0.4575611988103301,1.6905974988420391,87.60000000000001
2021-02-01,Kolda,Sud,D10,Enseignement,43,87.99,0.193577772716913,0.9870308734075461,87.74333333333334
2021-03-01,Kolda,Sud,D10,Enseignement,43,88.51,0.5909762473008451,1.5955004591368338,88.10666666666667
2021-04-01,Kolda,Sud,D10,Enseignement,43,88.91,0.45192633600721344,1.8325506814797832,88.46999999999998
2021-05-01,Kolda,Sud,D10,Enseignement,43,89.31,0.4498931503768011,1.477104874446078,88.91000000000001
2021-06-01,Kolda,Sud,D10,Enseignement,43,89.9,0.6606203112753395,2.008396686712821,89.37333333333333
2021-07-01,Kolda,Sud,D10,Enseignement,43,89.89,-0.011123470522811374,1.605063863456535,89.7
2021-08-01,Kolda,Sud,D10,Enseignement,43,89.81,-0.0889976638113188,1.825396825396819,89.86666666666667
2021-09-01,Kolda,Sud,D10,Enseignement,43,89.72,-0.10021155773299872,2.0009095043201475,89.80666666666667
2021-10-01,Kolda,Sud,D10,Enseignement,43,89.56,-0.1783325902808719,1.8190086402910532,89.69666666666667
2021-11-01,Kolda,Sud,D10,Enseignement,43,89.23,-0.3684680661009354,1.9072635906806745,89.50333333333333
2021-12-01,Kolda,Sud,D10,Enseignement,43,89.31,0.08965594530987442,2.1619766643788507,89.36666666666667
2022-01-01,Kolda,Sud,D10,Enseignement,43,90.575,1.4164147351920287,3.1370986107948085,89.705
2022-02-01,Kolda,Sud,D10,Enseignement,43,91.84,1.3966326248964878,4.375497215592694,90.575
2022-03-01,Kolda,Sud,D10,Enseignement,43,93.09,1.361062717770034,5.174556547282783,91.835
2022-04-01,Kolda,Sud,D10,Enseignement,43,94.25,1.2461059190031154,6.006073557530089,93.06
2022-05-01,Kolda,Sud,D10,Enseignement,43,95.56,1.3899204244031793,6.9980965177471655,94.3
2022-06-01,Kolda,Sud,D10,Enseignement,43,96.55,1.0359983256592598,7.397107897664057,95.45333333333333
2022-07-01,Kolda,Sud,D10,Enseignement,43,97.19,0.6628689798032106,8.1210368227834,96.43333333333334
2022-08-01,Kolda,Sud,D10,Enseignement,43,97.57,0.39098672702952975,8.640463200089066,97.10333333333334
2022-09-01,Kolda,Sud,D10,Enseignement,43,98.52,0.973659936455884,9.808292465448055,97.75999999999999
2022-10-01,Kolda,Sud,D10,Enseignement,43,98.65,0.1319529029638833,10.149620366234924,98.24666666666667
2022-11-01,Kolda,Sud,D10,Enseignement,43,99.0,0.3547896604155998,10.949232320968271,98.72333333333334
2022-12-01,Kolda,Sud,D10,Enseignement,43,97.59,-1.4242424242424168,9.271078266711452,98.41333333333334
2023-01-01,Kolda,Sud,D10,Enseignement,43,97.47,-0.12296341838303748,7.612475848744138,98.02
2023-02-01,Kolda,Sud,D10,Enseignement,43,98.28,0.8310249307479145,7.012195121951215,97.77999999999999
2023-03-01,Kolda,Sud,D10,Enseignement,43,98.88,0.6105006105006083,6.219787302610369,98.21
2023-04-01,Kolda,Sud,D10,Enseignement,43,99.41,0.5360032362459632,5.47480106100795,98.85666666666667
2023-05-01,Kolda,Sud,D10,Enseignement,43,100.03,0.6236797102907143,4.677689409794894,99.44
2023-06-01,Kolda,Sud,D10,Enseignement,43,100.71,0.6797960611816478,4.308648368720869,100.05
2023-07-01,Kolda,Sud,D10,Enseignement,43,100.87,0.1588720087379647,3.786397777549144,100.53666666666668
2023-08-01,Kolda,Sud,D10,Enseignement,43,100.96,0.08922375334587951,3.4744286153530757,100.84666666666668
2023-09-01,Kolda,Sud,D10,Enseignement,43,101.25,0.2872424722662581,2.7710109622411716,101.02666666666666
2023-10-01,Kolda,Sud,D10,Enseignement,43,101.33,0.07901234567901927,2.716675114039524,101.17999999999999
2023-11-01,Kolda,Sud,D10,Enseignement,43,101.55,0.21711240501331996,2.5757575757575646,101.37666666666667
2023-12-01,Kolda,Sud,D10,Enseignement,43,99.92,-1.6051206302314047,2.3875397069371918,100.93333333333334
2024-01-01,Kolda,Sud,D10,Enseignement,43,99.34,-0.5804643714971913,1.9185390376526223,100.27
2024-02-01,Kolda,Sud,D10,Enseignement,43,99.4,0.060398630964364486,1.139601139601143,99.55333333333333
2024-03-01,Kolda,Sud,D10,Enseignement,43,99.94,0.5432595573440668,1.0720064724919043,99.56
2024-04-01,Kolda,Sud,D10,Enseignement,43,100.09,0.1500900540324146,0.6840358112865985,99.81
2024-05-01,Kolda,Sud,D10,Enseignement,43,100.57,0.47956838845037986,0.5398380485854171,100.2
2024-06-01,Kolda,Sud,D10,Enseignement,43,100.91,0.3380729839912444,0.19859001092246142,100.52333333333333
2024-07-01,Kolda,Sud,D10,Enseignement,43,101.03,0.11891784758695234,0.1586200059482401,100.83666666666666
2024-08-01,Kolda,Sud,D10,Enseignement,43,101.43,0.39592200336533434,0.4655309033280597,101.12333333333333
2024-09-01,Kolda,Sud,D10,Enseignement,43,101.3,-0.12816720891255518,0.049382716049373165,101.25333333333333
2024-10-01,Kolda,Sud,D10,Enseignement,43,101.56,0.25666337611056633,0.22698115069574865,101.43
2024-11-01,Kolda,Sud,D10,Enseignement,43,102.06,0.4923198109491933,0.5022156573116776,101.64
2024-12-01,Kolda,Sud,D10,Enseignement,43,100.22,-1.80286106212032,0.3002401921537112,101.27999999999999
2025-01-01,Kolda,Sud,D10,Enseignement,43,99.97,-0.24945120734384263,0.6341856251258271,100.75
2025-02-01,Kolda,Sud,D10,Enseignement,43,100.25,0.2800840252075609,0.8551307847082468,100.14666666666666
2025-03-01,Kolda,Sud,D10,Enseignement,43,101.03,0.7780548628429029,1.0906543926355816,100.41666666666667
2025-04-01,Kolda,Sud,D10,Enseignement,43,101.59,0.554290804711477,1.498651213907487,100.95666666666666
2025-05-01,Kolda,Sud,D10,Enseignement,43,102.16,0.5610788463431327,1.5809883663120194,101.59333333333332
2025-06-01,Kolda,Sud,D10,Enseignement,43,102.62,0.450274079874724,1.6945793281141652,102.12333333333333
2025-07-01,Kolda,Sud,D10,Enseignement,43,102.88,0.2533619177548241,1.8311392655646852,102.55333333333333
2025-08-01,Kolda,Sud,D10,Enseignement,43,103.0,0.1166407465007735,1.5478655230207972,102.83333333333333
2025-09-01,Kolda,Sud,D10,Enseignement,43,103.27,0.26213592233008676,1.944718657453115,103.05
2025-10-01,Kolda,Sud,D10,Enseignement,43,103.9,0.6100513217778714,2.304056715242231,103.39
2025-11-01,Kolda,Sud,D10,Enseignement,43,104.07,0.16361886429256955,1.9694297472075073,103.74666666666667
2025-12-01,Kolda,Sud,D10,Enseignement,43,102.31,-1.6911694052080262,2.0854120933945453,103.42666666666666
2026-01-01,Kolda,Sud,D10,Enseignement,43,100.31,-1.9548431238393116,0.34010203060919064,102.23
2026-02-01,Kolda,Sud,D10,Enseignement,43,100.98,0.667929418801716,0.7281795511221878,101.2
2026-03-01,Kolda,Sud,D10,Enseignement,43,101.79,0.8021390374331583,0.7522518063941552,101.02666666666669
2026-04-01,Kolda,Sud,D10,Enseignement,43,102.4,0.5992730130661261,0.7973225711191967,101.72333333333334
2026-05-01,Kolda,Sud,D10,Enseignement,43,102.76,0.3515624999999911,0.5873140172278912,102.31666666666666
2018-01-01,Saint-Louis,Nord,D10,Enseignement,43,86.05,,,86.05
2018-02-01,Saint-Louis,Nord,D10,Enseignement,43,86.27,0.2556653108657825,,86.16
2018-03-01,Saint-Louis,Nord,D10,Enseignement,43,86.26,-0.011591515011000197,,86.19333333333333
2018-04-01,Saint-Louis,Nord,D10,Enseignement,43,86.37,0.12752144678878086,,86.3
2018-05-01,Saint-Louis,Nord,D10,Enseignement,43,86.73,0.41681139284472923,,86.45333333333333
2018-06-01,Saint-Louis,Nord,D10,Enseignement,43,86.86,0.14989046466042932,,86.65333333333335
2018-07-01,Saint-Louis,Nord,D10,Enseignement,43,86.92,0.06907667510938076,,86.83666666666666
2018-08-01,Saint-Louis,Nord,D10,Enseignement,43,86.82,-0.11504832029453071,,86.86666666666667
2018-09-01,Saint-Louis,Nord,D10,Enseignement,43,86.72,-0.11518083390923417,,86.82
2018-10-01,Saint-Louis,Nord,D10,Enseignement,43,86.49,-0.265221402214022,,86.67666666666666
2018-11-01,Saint-Louis,Nord,D10,Enseignement,43,86.26,-0.2659266967279361,,86.49000000000001
2018-12-01,Saint-Louis,Nord,D10,Enseignement,43,86.12,-0.16230002318571302,,86.29
2019-01-01,Saint-Louis,Nord,D10,Enseignement,43,86.53,0.4760798885276252,0.5578152237071476,86.30333333333333
2019-02-01,Saint-Louis,Nord,D10,Enseignement,43,86.47,-0.0693401132555227,0.2318303002202482,86.37333333333333
2019-03-01,Saint-Louis,Nord,D10,Enseignement,43,86.67,0.23129409043598503,0.47530721075816906,86.55666666666667
2019-04-01,Saint-Louis,Nord,D10,Enseignement,43,86.98,0.35767855082498023,0.7062637489869239,86.70666666666666
2019-05-01,Saint-Louis,Nord,D10,Enseignement,43,87.25,0.31041618762932544,0.5995618586417617,86.96666666666665
2019-06-01,Saint-Louis,Nord,D10,Enseignement,43,87.56,0.3553008595988505,0.8058945429426645,87.26333333333332
2019-07-01,Saint-Louis,Nord,D10,Enseignement,43,87.41,-0.1713111009593482,0.5637367694431683,87.40666666666668
2019-08-01,Saint-Louis,Nord,D10,Enseignement,43,87.5,0.10296304770620601,0.783229670582819,87.49000000000001
2019-09-01,Saint-Louis,Nord,D10,Enseignement,43,87.36,-0.16000000000000458,0.7380073800737907,87.42333333333333
2019-10-01,Saint-Louis,Nord,D10,Enseignement,43,87.0,-0.4120879120879106,0.589663544918495,87.28666666666668
2019-11-01,Saint-Louis,Nord,D10,Enseignement,43,86.92,-0.09195402298850519,0.7651286807326629,87.09333333333332
2019-12-01,Saint-Louis,Nord,D10,Enseignement,43,86.68,-0.27611596870684707,0.6502554575011699,86.86666666666667
2020-01-01,Saint-Louis,Nord,D10,Enseignement,43,87.7,1.1767420396862072,1.3521322084826037,87.10000000000001
2020-02-01,Saint-Louis,Nord,D10,Enseignement,43,87.85,0.17103762827821445,1.59592922400833,87.41000000000001
2020-03-01,Saint-Louis,Nord,D10,Enseignement,43,87.95,0.11383039271486428,1.4768662743740668,87.83333333333333
2020-04-01,Saint-Louis,Nord,D10,Enseignement,43,88.51,0.6367254121659949,1.759025063232933,88.10333333333334
2020-05-01,Saint-Louis,Nord,D10,Enseignement,43,89.09,0.6552931872104928,2.1088825214899742,88.51666666666667
2020-06-01,Saint-Louis,Nord,D10,Enseignement,43,89.17,0.08979683466157073,1.8387391502969308,88.92333333333333
2020-07-01,Saint-Louis,Nord,D10,Enseignement,43,89.34,0.19064707861389252,2.2079853563665486,89.2
2020-08-01,Saint-Louis,Nord,D10,Enseignement,43,89.25,-0.1007387508394908,2.0000000000000018,89.25333333333333
2020-09-01,Saint-Louis,Nord,D10,Enseignement,43,88.84,-0.4593837535013967,1.6941391941391881,89.14333333333333
2020-10-01,Saint-Louis,Nord,D10,Enseignement,43,88.8,-0.04502476361999408,2.0689655172413834,88.96333333333332
2020-11-01,Saint-Louis,Nord,D10,Enseignement,43,88.31,-0.5518018018017989,1.5991716520938892,88.64999999999999
2020-12-01,Saint-Louis,Nord,D10,Enseignement,43,88.23,-0.09058996716113654,1.7881864328564756,88.44666666666667
2021-01-01,Saint-Louis,Nord,D10,Enseignement,43,88.89,0.7480448826929553,1.356898517673888,88.47666666666667
2021-02-01,Saint-Louis,Nord,D10,Enseignement,43,89.06,0.1912476094048765,1.3773477518497446,88.72666666666667
2021-03-01,Saint-Louis,Nord,D10,Enseignement,43,89.32,0.2919380193128207,1.557703240477526,89.08999999999999
2021-04-01,Saint-Louis,Nord,D10,Enseignement,43,89.82,0.559785042543659,1.480058750423674,89.39999999999999
2021-05-01,Saint-Louis,Nord,D10,Enseignement,43,90.15,0.36740146960589914,1.1898080592659177,89.76333333333334
2021-06-01,Saint-Louis,Nord,D10,Enseignement,43,90.49,0.37714919578479833,1.480318492766619,90.15333333333335
2021-07-01,Saint-Louis,Nord,D10,Enseignement,43,90.68,0.20996795225993736,1.4998880680546334,90.44000000000001
2021-08-01,Saint-Louis,Nord,D10,Enseignement,43,90.5,-0.1985002205558084,1.4005602240896309,90.55666666666666
2021-09-01,Saint-Louis,Nord,D10,Enseignement,43,90.52,0.022099447513812542,1.891040072039618,90.56666666666666
2021-10-01,Saint-Louis,Nord,D10,Enseignement,43,90.34,-0.19885108263366646,1.7342342342342443,90.45333333333333
2021-11-01,Saint-Louis,Nord,D10,Enseignement,43,90.03,-0.34314810715077027,1.9476842939644357,90.29666666666667
2021-12-01,Saint-Louis,Nord,D10,Enseignement,43,90.05,0.02221481728312824,2.0627904340926984,90.14
2022-01-01,Saint-Louis,Nord,D10,Enseignement,43,91.82,1.9655746807329288,3.2962087973900323,90.63333333333333
2022-02-01,Saint-Louis,Nord,D10,Enseignement,43,92.6,0.8494881289479395,3.9748484167976494,91.49000000000001
2022-03-01,Saint-Louis,Nord,D10,Enseignement,43,93.41,0.8747300215982801,4.579041648007176,92.61
2022-04-01,Saint-Louis,Nord,D10,Enseignement,43,94.49,1.1561931270741788,5.1992874638165265,93.5
2022-05-01,Saint-Louis,Nord,D10,Enseignement,43,95.8,1.38639009418986,6.267332224070987,94.56666666666666
2022-06-01,Saint-Louis,Nord,D10,Enseignement,43,96.97,1.2212943632567974,7.161012266548794,95.75333333333333
2022-07-01,Saint-Louis,Nord,D10,Enseignement,43,97.37,0.41249871094153345,7.377591530657246,96.71333333333332
2022-08-01,Saint-Louis,Nord,D10,Enseignement,43,98.14,0.7907979870596549,8.441988950276237,97.49333333333334
2022-09-01,Saint-Louis,Nord,D10,Enseignement,43,98.45,0.31587528021195244,8.760494918250128,97.98666666666668
2022-10-01,Saint-Louis,Nord,D10,Enseignement,43,98.84,0.3961401726764846,9.408899712198359,98.47666666666667
2022-11-01,Saint-Louis,Nord,D10,Enseignement,43,98.89,0.050586806960750685,9.841164056425633,98.72666666666667
2022-12-01,Saint-Louis,Nord,D10,Enseignement,43,97.97,-0.9303266255435316,8.795113825652411,98.56666666666666
2023-01-01,Saint-Louis,Nord,D10,Enseignement,43,97.69,-0.28580177605389556,6.392942714005678,98.18333333333334
2023-02-01,Saint-Louis,Nord,D10,Enseignement,43,98.34,0.66537004811138,6.198704103671715,98.0
2023-03-01,Saint-Louis,Nord,D10,Enseignement,43,98.66,0.3254016676835336,5.62038325661065,98.23
2023-04-01,Saint-Louis,Nord,D10,Enseignement,43,99.42,0.7703223190756114,5.2174833315694835,98.80666666666666
2023-05-01,Saint-Louis,Nord,D10,Enseignement,43,100.1,0.6839670086501659,4.4885177453027,99.39333333333333
2023-06-01,Saint-Louis,Nord,D10,Enseignement,43,100.54,0.4395604395604602,3.681550995153149,100.02
2023-07-01,Saint-Louis,Nord,D10,Enseignement,43,100.85,0.3083349910483202,3.5739960973605767,100.49666666666667
2023-08-01,Saint-Louis,Nord,D10,Enseignement,43,100.86,0.009915716410513475,2.771550845730597,100.75
2023-09-01,Saint-Louis,Nord,D10,Enseignement,43,101.01,0.1487209994051275,2.6003047232097565,100.90666666666665
2023-10-01,Saint-Louis,Nord,D10,Enseignement,43,101.53,0.5148005148005064,2.721570214488067,101.13333333333334
2023-11-01,Saint-Louis,Nord,D10,Enseignement,43,101.55,0.01969861124790917,2.6898574173323864,101.36333333333334
2023-12-01,Saint-Louis,Nord,D10,Enseignement,43,99.78,-1.742983751846372,1.8475043380626666,100.95333333333333
2024-01-01,Saint-Louis,Nord,D10,Enseignement,43,99.39,-0.3908598917618744,1.7401985873682024,100.24
2024-02-01,Saint-Louis,Nord,D10,Enseignement,43,99.42,0.030184123151233422,1.0982306284319732,99.53000000000002
2024-03-01,Saint-Louis,Nord,D10,Enseignement,43,99.67,0.25145845906255904,1.0237178187715523,99.49333333333334
2024-04-01,Saint-Louis,Nord,D10,Enseignement,43,100.36,0.692284538978627,0.9454838060752424,99.81666666666668
2024-05-01,Saint-Louis,Nord,D10,Enseignement,43,100.34,-0.019928258270218713,0.23976023976024496,100.12333333333333
2024-06-01,Saint-Louis,Nord,D10,Enseignement,43,101.05,0.7075941797887175,0.507260791724673,100.58333333333333
2024-07-01,Saint-Louis,Nord,D10,Enseignement,43,101.05,0.0,0.1983143282102251,100.81333333333333
2024-08-01,Saint-Louis,Nord,D10,Enseignement,43,101.14,0.08906481939634503,0.27761253222289284,101.08
2024-09-01,Saint-Louis,Nord,D10,Enseignement,43,101.4,0.25706940874037354,0.38610038610038533,101.19666666666666
2024-10-01,Saint-Louis,Nord,D10,Enseignement,43,101.62,0.21696252465484012,0.08864375061559127,101.38666666666667
2024-11-01,Saint-Louis,Nord,D10,Enseignement,43,101.59,-0.029521747687466515,0.03938946331856208,101.53666666666668
2024-12-01,Saint-Louis,Nord,D10,Enseignement,43,100.39,-1.181218623880309,0.6113449589095987,101.2
2025-01-01,Saint-Louis,Nord,D10,Enseignement,43,100.02,-0.36856260583724154,0.6338665861756576,100.66666666666667
2025-02-01,Saint-Louis,Nord,D10,Enseignement,43,100.18,0.15996800639872522,0.7644337155501946,100.19666666666667
2025-03-01,Saint-Louis,Nord,D10,Enseignement,43,100.81,0.6288680375324374,1.1437744557038165,100.33666666666666
2025-04-01,Saint-Louis,Nord,D10,Enseignement,43,101.55,0.734054161293507,1.185731367078513,100.84666666666668
2025-05-01,Saint-Louis,Nord,D10,Enseignement,43,102.14,0.5809945839488018,1.7939007374925264,101.5
2025-06-01,Saint-Louis,Nord,D10,Enseignement,43,102.44,0.29371450949675637,1.375556655121235,102.04333333333334
2025-07-01,Saint-Louis,Nord,D10,Enseignement,43,102.46,0.019523623584527527,1.3953488372093092,102.34666666666665
2025-08-01,Saint-Louis,Nord,D10,Enseignement,43,102.91,0.43919578372046963,1.750049436424761,102.60333333333334
2025-09-01,Saint-Louis,Nord,D10,Enseignement,43,103.25,0.33038577397725977,1.8244575936883667,102.87333333333333
2025-10-01,Saint-Louis,Nord,D10,Enseignement,43,103.51,0.251815980629555,1.8598701043101684,103.22333333333334
2025-11-01,Saint-Louis,Nord,D10,Enseignement,43,103.75,0.23186165587865126,2.126193522984532,103.50333333333333
2025-12-01,Saint-Louis,Nord,D10,Enseignement,43,102.28,-1.4168674698795125,1.8826576352226398,103.18
2026-01-01,Saint-Louis,Nord,D10,Enseignement,43,100.27,-1.965193586233871,0.2499500099979901,102.10000000000001
2026-02-01,Saint-Louis,Nord,D10,Enseignement,43,100.85,0.578438216814603,0.6687961668995657,101.13333333333333
2026-03-01,Saint-Louis,Nord,D10,Enseignement,43,101.51,0.6544372830937117,0.6943755579803534,100.87666666666667
2026-04-01,Saint-Louis,Nord,D10,Enseignement,43,102.23,0.7092897251502306,0.6696208764155553,101.53000000000002
2026-05-01,Saint-Louis,Nord,D10,Enseignement,43,102.62,0.38149271251100014,0.4699432151948235,102.12
2018-01-01,Thiès,Centre-Ouest,D10,Enseignement,43,86.58,,,86.58
2018-02-01,Thiès,Centre-Ouest,D10,Enseignement,43,86.60499999999999,0.02887502887500837,,86.5925
2018-03-01,Thiès,Centre-Ouest,D10,Enseignement,43,86.63,0.028866693608931016,,86.605
2018-04-01,Thiès,Centre-Ouest,D10,Enseignement,43,86.59,-0.046173381045822026,,86.60833333333333
2018-05-01,Thiès,Centre-Ouest,D10,Enseignement,43,86.94,0.4042037186742009,,86.71999999999998
2018-06-01,Thiès,Centre-Ouest,D10,Enseignement,43,87.17,0.2645502645502784,,86.89999999999999
2018-07-01,Thiès,Centre-Ouest,D10,Enseignement,43,87.0,-0.19502122289778434,,87.03666666666668
2018-08-01,Thiès,Centre-Ouest,D10,Enseignement,43,87.18,0.206896551724145,,87.11666666666667
2018-09-01,Thiès,Centre-Ouest,D10,Enseignement,43,87.09,-0.10323468685479176,,87.08999999999999
2018-10-01,Thiès,Centre-Ouest,D10,Enseignement,43,86.81,-0.3215064875416229,,87.02666666666669
2018-11-01,Thiès,Centre-Ouest,D10,Enseignement,43,86.23,-0.6681257919594508,,86.71
2018-12-01,Thiès,Centre-Ouest,D10,Enseignement,43,86.35,0.1391627043952015,,86.46333333333332
2019-01-01,Thiès,Centre-Ouest,D10,Enseignement,43,87.19,0.9727851766068385,0.7045507045507104,86.58999999999999
2019-02-01,Thiès,Centre-Ouest,D10,Enseignement,43,86.95,-0.2752609244179305,0.3983603718030304,86.83
2019-03-01,Thiès,Centre-Ouest,D10,Enseignement,43,86.92,-0.034502587694074105,0.3347570125822541,87.02
2019-04-01,Thiès,Centre-Ouest,D10,Enseignement,43,87.55,0.7248044178554958,1.1086730569349834,87.14
2019-05-01,Thiès,Centre-Ouest,D10,Enseignement,43,87.59,0.045688178183911354,0.7476420519898941,87.35333333333334
2019-06-01,Thiès,Centre-Ouest,D10,Enseignement,43,87.88,0.33108802374699486,0.8145004015142732,87.67333333333333
2019-07-01,Thiès,Centre-Ouest,D10,Enseignement,43,87.82,-0.0682749203459343,0.9425287356321865,87.76333333333332
2019-08-01,Thiès,Centre-Ouest,D10,Enseignement,43,87.79,-0.034160783420622565,0.6997017664601923,87.83
2019-09-01,Thiès,Centre-Ouest,D10,Enseignement,43,87.64,-0.1708622849982966,0.6315306005281851,87.75
2019-10-01,Thiès,Centre-Ouest,D10,Enseignement,43,87.5,-0.15974440894568342,0.7948393042276125,87.64333333333333
2019-11-01,Thiès,Centre-Ouest,D10,Enseignement,43,87.52,0.022857142857146684,1.4959990722486216,87.55333333333333
2019-12-01,Thiès,Centre-Ouest,D10,Enseignement,43,87.23,-0.33135283363802115,1.019108280254799,87.41666666666667
2020-01-01,Thiès,Centre-Ouest,D10,Enseignement,43,87.68,0.5158775650578873,0.5619910540199724,87.47666666666667
2020-02-01,Thiès,Centre-Ouest,D10,Enseignement,43,88.19,0.5816605839416011,1.4261069580218555,87.7
2020-03-01,Thiès,Centre-Ouest,D10,Enseignement,43,88.6,0.46490531806326896,1.932811780947996,88.15666666666668
2020-04-01,Thiès,Centre-Ouest,D10,Enseignement,43,88.99,0.440180586907446,1.6447744146202092,88.59333333333332
2020-05-01,Thiès,Centre-Ouest,D10,Enseignement,43,89.14,0.16855826497359505,1.769608402785705,88.91000000000001
2020-06-01,Thiès,Centre-Ouest,D10,Enseignement,43,89.67,0.5945703387929102,2.0368684569868067,89.26666666666667
2020-07-01,Thiès,Centre-Ouest,D10,Enseignement,43,89.72,0.05576000892160149,2.1635162833067767,89.50999999999999
2020-08-01,Thiès,Centre-Ouest,D10,Enseignement,43,89.84,0.13374944271065115,2.335117894976646,89.74333333333334
2020-09-01,Thiès,Centre-Ouest,D10,Enseignement,43,89.2,-0.7123775601068583,1.780009128251936,89.58666666666666
2020-10-01,Thiès,Centre-Ouest,D10,Enseignement,43,88.99,-0.23542600896861998,1.7028571428571393,89.34333333333335
2020-11-01,Thiès,Centre-Ouest,D10,Enseignement,43,88.79,-0.22474435329811193,1.4510968921389589,88.99333333333334
2020-12-01,Thiès,Centre-Ouest,D10,Enseignement,43,88.59,-0.22525059128281066,1.5590966410638618,88.79
2021-01-01,Thiès,Centre-Ouest,D10,Enseignement,43,88.96,0.41765436279488366,1.4598540145985162,88.77999999999999
2021-02-01,Thiès,Centre-Ouest,D10,Enseignement,43,88.96,0.0,0.8731148656310195,88.83666666666666
2021-03-01,Thiès,Centre-Ouest,D10,Enseignement,43,89.61,0.7306654676259017,1.1399548532731396,89.17666666666666
2021-04-01,Thiès,Centre-Ouest,D10,Enseignement,43,90.11,0.5579734404642434,1.2585683784694934,89.56
2021-05-01,Thiès,Centre-Ouest,D10,Enseignement,43,90.38,0.2996337809344052,1.3910702266098252,90.03333333333335
2021-06-01,Thiès,Centre-Ouest,D10,Enseignement,43,91.03,0.7191856605443636,1.5166722426675605,90.50666666666666
2021-07-01,Thiès,Centre-Ouest,D10,Enseignement,43,90.87,-0.17576623091287713,1.2817654926437827,90.75999999999999
2021-08-01,Thiès,Centre-Ouest,D10,Enseignement,43,91.05,0.1980851766259395,1.3468388245770235,90.98333333333333
2021-09-01,Thiès,Centre-Ouest,D10,Enseignement,43,90.83,-0.24162548050521426,1.8273542600896864,90.91666666666667
2021-10-01,Thiès,Centre-Ouest,D10,Enseignement,43,90.77,-0.0660574699989036,2.000224744353307,90.88333333333333
2021-11-01,Thiès,Centre-Ouest,D10,Enseignement,43,90.57,-0.22033711578716142,2.0047302624169205,90.72333333333331
2021-12-01,Thiès,Centre-Ouest,D10,Enseignement,43,90.65,0.08832946891907945,2.325318884749983,90.66333333333334
2022-01-01,Thiès,Centre-Ouest,D10,Enseignement,43,91.85,1.3237727523441656,3.2486510791366996,91.02333333333333
2022-02-01,Thiès,Centre-Ouest,D10,Enseignement,43,92.84,1.0778443113772518,4.361510791366907,91.78000000000002
2022-03-01,Thiès,Centre-Ouest,D10,Enseignement,43,93.84,1.077121930202507,4.720455306327431,92.84333333333332
2022-04-01,Thiès,Centre-Ouest,D10,Enseignement,43,94.82,1.04433077578856,5.226944845189196,93.83333333333333
2022-05-01,Thiès,Centre-Ouest,D10,Enseignement,43,95.99,1.2339168951698065,6.207125470236785,94.88333333333333
2022-06-01,Thiès,Centre-Ouest,D10,Enseignement,43,97.16,1.2188769663506571,6.734043721849936,95.99000000000001
2022-07-01,Thiès,Centre-Ouest,D10,Enseignement,43,97.43,0.2778921366817677,7.219104214812377,96.86000000000001
2022-08-01,Thiès,Centre-Ouest,D10,Enseignement,43,98.07,0.65688186390227,7.710049423393728,97.55333333333333
2022-09-01,Thiès,Centre-Ouest,D10,Enseignement,43,98.63,0.5710206995003686,8.58747109985687,98.04333333333334
2022-10-01,Thiès,Centre-Ouest,D10,Enseignement,43,98.98,0.35486160397446564,9.044838603062688,98.56
2022-11-01,Thiès,Centre-Ouest,D10,Enseignement,43,99.12,0.14144271570013522,9.440211990725423,98.91000000000001
2022-12-01,Thiès,Centre-Ouest,D10,Enseignement,43,97.55,-1.5839386602098493,7.611693325979041,98.55
2023-01-01,Thiès,Centre-Ouest,D10,Enseignement,43,97.88,0.33828805740645507,6.5650517147523235,98.18333333333332
2023-02-01,Thiès,Centre-Ouest,D10,Enseignement,43,97.94,0.06129955046996205,5.493321844032728,97.79
2023-03-01,Thiès,Centre-Ouest,D10,Enseignement,43,99.03,1.1129262813967866,5.530690537084393,98.28333333333335
2023-04-01,Thiès,Centre-Ouest,D10,Enseignement,43,99.44,0.41401595476118214,4.872389791183296,98.80333333333333
2023-05-01,Thiès,Centre-Ouest,D10,Enseignement,43,100.19,0.7542236524537449,4.3754557766434,99.55333333333333
2023-06-01,Thiès,Centre-Ouest,D10,Enseignement,43,100.41,0.21958279269387315,3.344997941539729,100.01333333333332
2023-07-01,Thiès,Centre-Ouest,D10,Enseignement,43,100.53,0.11951000896326391,3.1817715282767,100.37666666666667
2023-08-01,Thiès,Centre-Ouest,D10,Enseignement,43,100.8,0.26857654431513556,2.7837259100642386,100.58
2023-09-01,Thiès,Centre-Ouest,D10,Enseignement,43,101.07,0.2678571428571308,2.4738923248504463,100.8
2023-10-01,Thiès,Centre-Ouest,D10,Enseignement,43,101.17,0.09894132779262321,2.212568195595077,101.01333333333332
2023-11-01,Thiès,Centre-Ouest,D10,Enseignement,43,101.36,0.18780270831273427,2.259887005649719,101.19999999999999
2023-12-01,Thiès,Centre-Ouest,D10,Enseignement,43,100.31,-1.035911602209938,2.8293182983085696,100.94666666666666
2024-01-01,Thiès,Centre-Ouest,D10,Enseignement,43,99.45,-0.8573422390589114,1.6040049039640403,100.37333333333333
2024-02-01,Thiès,Centre-Ouest,D10,Enseignement,43,99.7,0.2513826043237799,1.7970185828058094,99.82
2024-03-01,Thiès,Centre-Ouest,D10,Enseignement,43,99.98,0.2808425275827586,0.9593052610320063,99.71
2024-04-01,Thiès,Centre-Ouest,D10,Enseignement,43,100.43,0.4500900180036016,0.9955752212389424,100.03666666666668
2024-05-01,Thiès,Centre-Ouest,D10,Enseignement,43,100.56,0.1294433934083461,0.3692983331669897,100.32333333333334
2024-06-01,Thiès,Centre-Ouest,D10,Enseignement,43,100.57,0.009944311853615773,0.1593466786176556,100.52
2024-07-01,Thiès,Centre-Ouest,D10,Enseignement,43,101.03,0.4573928606940614,0.4973639709539457,100.71999999999998
2024-08-01,Thiès,Centre-Ouest,D10,Enseignement,43,101.26,0.22765515193508,0.45634920634920473,100.95333333333333
2024-09-01,Thiès,Centre-Ouest,D10,Enseignement,43,101.15,-0.10863124629666432,0.07915306223411633,101.14666666666666
2024-10-01,Thiès,Centre-Ouest,D10,Enseignement,43,101.46,0.3064755313890055,0.2866462390036517,101.29
2024-11-01,Thiès,Centre-Ouest,D10,Enseignement,43,100.97999999999999,-0.47309284447073496,-0.37490134175217626,101.19666666666667
2024-12-01,Thiès,Centre-Ouest,D10,Enseignement,43,100.5,-0.4753416518122333,0.1894128202571954,100.97999999999998
2025-01-01,Thiès,Centre-Ouest,D10,Enseignement,43,100.11,-0.388059701492538,0.6636500754147789,100.52999999999999
2025-02-01,Thiès,Centre-Ouest,D10,Enseignement,43,100.46,0.349615423034666,0.762286860581729,100.35666666666667
2025-03-01,Thiès,Centre-Ouest,D10,Enseignement,43,100.9,0.4379852677682816,0.9201840368073588,100.49000000000001
2025-04-01,Thiès,Centre-Ouest,D10,Enseignement,43,101.3,0.3964321110009772,0.8662750174250666,100.88666666666666
2025-05-01,Thiès,Centre-Ouest,D10,Enseignement,43,101.86,0.5528134254689121,1.2927605409705611,101.35333333333334
2025-06-01,Thiès,Centre-Ouest,D10,Enseignement,43,102.08,0.21598272138227959,1.5014417818435044,101.74666666666667
2025-07-01,Thiès,Centre-Ouest,D10,Enseignement,43,102.23,0.1469435736677127,1.187766010096003,102.05666666666666
2025-08-01,Thiès,Centre-Ouest,D10,Enseignement,43,102.78,0.5380025432847546,1.5010863124629736,102.36333333333334
2025-09-01,Thiès,Centre-Ouest,D10,Enseignement,43,103.08,0.29188558085231353,1.9080573405832801,102.69666666666667
2025-10-01,Thiès,Centre-Ouest,D10,Enseignement,43,103.49,0.39774932091578563,2.0007884880741234,103.11666666666667
2025-11-01,Thiès,Centre-Ouest,D10,Enseignement,43,103.77,0.27055754179148295,2.7629233511586415,103.44666666666666
2025-12-01,Thiès,Centre-Ouest,D10,Enseignement,43,102.4,-1.320227426038345,1.8905472636816079,103.22000000000001
2026-01-01,Thiès,Centre-Ouest,D10,Enseignement,43,100.12,-2.2265624999999956,0.009989012086708549,102.09666666666668
2026-02-01,Thiès,Centre-Ouest,D10,Enseignement,43,100.86,0.7391130643228161,0.3981684252438944,101.12666666666667
2026-03-01,Thiès,Centre-Ouest,D10,Enseignement,43,101.82,0.9518143961927406,0.9117938553022675,100.93333333333332
2026-04-01,Thiès,Centre-Ouest,D10,Enseignement,43,102.51,0.6776664702416113,1.194471865745328,101.73
2026-05-01,Thiès,Centre-Ouest,D10,Enseignement,43,102.75,0.23412350014633265,0.873748281955633,102.36
2018-01-01,Dakar,Ouest,D11,Restaurants et hôtels,56,82.32,,,82.32
2018-02-01,Dakar,Ouest,D11,Restaurants et hôtels,56,82.33,0.012147716229349292,,82.32499999999999
2018-03-01,Dakar,Ouest,D11,Restaurants et hôtels,56,82.52,0.23077857403133173,,82.39
2018-04-01,Dakar,Ouest,D11,Restaurants et hôtels,56,82.99,0.5695588948133823,,82.61333333333333
2018-05-01,Dakar,Ouest,D11,Restaurants et hôtels,56,82.78,-0.25304253524520703,,82.76333333333334
2018-06-01,Dakar,Ouest,D11,Restaurants et hôtels,56,83.09,0.37448659096399606,,82.95333333333333
2018-07-01,Dakar,Ouest,D11,Restaurants et hôtels,56,83.16,0.08424599831506896,,83.00999999999999
2018-08-01,Dakar,Ouest,D11,Restaurants et hôtels,56,83.19,0.03607503607503393,,83.14666666666666
2018-09-01,Dakar,Ouest,D11,Restaurants et hôtels,56,82.99,-0.24041351123933463,,83.11333333333333
2018-10-01,Dakar,Ouest,D11,Restaurants et hôtels,56,82.56,-0.5181347150258975,,82.91333333333334
2018-11-01,Dakar,Ouest,D11,Restaurants et hôtels,56,82.37,-0.23013565891472076,,82.64
2018-12-01,Dakar,Ouest,D11,Restaurants et hôtels,56,82.18,-0.23066650479542927,,82.37
2019-01-01,Dakar,Ouest,D11,Restaurants et hôtels,56,83.14,1.168167437332679,0.9961127308066198,82.56333333333333
2019-02-01,Dakar,Ouest,D11,Restaurants et hôtels,56,83.17,0.03608371421699452,1.0202842220332853,82.83
2019-03-01,Dakar,Ouest,D11,Restaurants et hôtels,56,83.15,-0.02404713237945666,0.7634512845370978,83.15333333333334
2019-04-01,Dakar,Ouest,D11,Restaurants et hôtels,56,83.48,0.39687312086589266,0.5904325822388312,83.26666666666667
2019-05-01,Dakar,Ouest,D11,Restaurants et hôtels,56,83.69,0.2515572592237669,1.0992993476685253,83.44
2019-06-01,Dakar,Ouest,D11,Restaurants et hôtels,56,83.82,0.1553351654916879,0.8785654110001095,83.66333333333334
2019-07-01,Dakar,Ouest,D11,Restaurants et hôtels,56,84.12,0.35790980672871786,1.1544011544011745,83.87666666666667
2019-08-01,Dakar,Ouest,D11,Restaurants et hôtels,56,83.92,-0.2377555872563053,0.8775093160235725,83.95333333333333
2019-09-01,Dakar,Ouest,D11,Restaurants et hôtels,56,83.81,-0.131077216396569,0.9880708519098835,83.95
2019-10-01,Dakar,Ouest,D11,Restaurants et hôtels,56,83.33,-0.5727240186135352,0.9326550387596777,83.68666666666667
2019-11-01,Dakar,Ouest,D11,Restaurants et hôtels,56,83.14,-0.2280091203648138,0.9348063615393976,83.42666666666666
2019-12-01,Dakar,Ouest,D11,Restaurants et hôtels,56,83.06,-0.09622323791195209,1.0708201508882853,83.17666666666666
2020-01-01,Dakar,Ouest,D11,Restaurants et hôtels,56,84.08,1.228027931615694,1.130623045465473,83.42666666666666
2020-02-01,Dakar,Ouest,D11,Restaurants et hôtels,56,84.41,0.3924833491912416,1.490922207526757,83.85000000000001
2020-03-01,Dakar,Ouest,D11,Restaurants et hôtels,56,84.66,0.29617343916596983,1.8159951894167081,84.38333333333333
2020-04-01,Dakar,Ouest,D11,Restaurants et hôtels,56,85.48,0.9685802031656143,2.395783421178721,84.85000000000001
2020-05-01,Dakar,Ouest,D11,Restaurants et hôtels,56,85.8,0.3743565746373356,2.521209224519061,85.31333333333333
2020-06-01,Dakar,Ouest,D11,Restaurants et hôtels,56,86.42,0.7226107226107281,3.1018849916487845,85.90000000000002
2020-07-01,Dakar,Ouest,D11,Restaurants et hôtels,56,86.46,0.04628558204118338,2.781740370898711,86.22666666666667
2020-08-01,Dakar,Ouest,D11,Restaurants et hôtels,56,86.14,-0.37011334721257505,2.6453765490943804,86.33999999999999
2020-09-01,Dakar,Ouest,D11,Restaurants et hôtels,56,85.98,-0.18574413745066076,2.589189834148664,86.19333333333333
2020-10-01,Dakar,Ouest,D11,Restaurants et hôtels,56,85.7,-0.3256571295650157,2.844113764550582,85.94000000000001
2020-11-01,Dakar,Ouest,D11,Restaurants et hôtels,56,85.37,-0.38506417736289267,2.6822227567957713,85.68333333333334
2020-12-01,Dakar,Ouest,D11,Restaurants et hôtels,56,85.01,-0.42169380344383445,2.347700457500612,85.36
2021-01-01,Dakar,Ouest,D11,Restaurants et hôtels,56,85.76,0.8822491471591531,1.9980970504281714,85.38
2021-02-01,Dakar,Ouest,D11,Restaurants et hôtels,56,86.04,0.32649253731342753,1.9310508233621793,85.60333333333334
2021-03-01,Dakar,Ouest,D11,Restaurants et hôtels,56,86.36,0.3719200371919973,2.008032128514059,86.05333333333334
2021-04-01,Dakar,Ouest,D11,Restaurants et hôtels,56,87.06,0.8105604446503101,1.8483855872718724,86.48666666666668
2021-05-01,Dakar,Ouest,D11,Restaurants et hôtels,56,87.77,0.8155295198713386,2.29603729603729,87.06333333333333
2021-06-01,Dakar,Ouest,D11,Restaurants et hôtels,56,88.24,0.535490486498813,2.1059939828743213,87.69
2021-07-01,Dakar,Ouest,D11,Restaurants et hôtels,56,87.96,-0.31731640979147935,1.7349063150589927,87.99
2021-08-01,Dakar,Ouest,D11,Restaurants et hôtels,56,87.99,0.03410641200545239,2.1476665892732782,88.06333333333333
2021-09-01,Dakar,Ouest,D11,Restaurants et hôtels,56,88.15,0.1818388453233455,2.523842754128869,88.03333333333335
2021-10-01,Dakar,Ouest,D11,Restaurants et hôtels,56,87.58,-0.646625070901885,2.1936989498249737,87.90666666666668
2021-11-01,Dakar,Ouest,D11,Restaurants et hôtels,56,87.32,-0.2968714318337562,2.284174768654079,87.68333333333334
2021-12-01,Dakar,Ouest,D11,Restaurants et hôtels,56,87.3,-0.022904260192391224,2.693800729325946,87.39999999999999
2022-01-01,Dakar,Ouest,D11,Restaurants et hôtels,56,89.2,2.176403207331057,4.011194029850751,87.94
2022-02-01,Dakar,Ouest,D11,Restaurants et hôtels,56,90.34,1.278026905829588,4.997675499767551,88.94666666666667
2022-03-01,Dakar,Ouest,D11,Restaurants et hôtels,56,91.64,1.4390081912774022,6.1139416396479795,90.39333333333333
2022-04-01,Dakar,Ouest,D11,Restaurants et hôtels,56,93.11,1.6041030117852406,6.9492304158051965,91.69666666666667
2022-05-01,Dakar,Ouest,D11,Restaurants et hôtels,56,94.57,1.5680378047470578,7.747521932323109,93.10666666666667
2022-06-01,Dakar,Ouest,D11,Restaurants et hôtels,56,95.78,1.2794755207782726,8.544877606527667,94.48666666666666
2022-07-01,Dakar,Ouest,D11,Restaurants et hôtels,56,97.08,1.3572770933389045,10.368349249658948,95.80999999999999
2022-08-01,Dakar,Ouest,D11,Restaurants et hôtels,56,97.47,0.4017305315203945,10.773951585407438,96.77666666666666
2022-09-01,Dakar,Ouest,D11,Restaurants et hôtels,56,98.07,0.615574022776233,11.253545093590468,97.54
2022-10-01,Dakar,Ouest,D11,Restaurants et hôtels,56,98.27,0.20393596410728243,12.205983101164652,97.93666666666667
2022-11-01,Dakar,Ouest,D11,Restaurants et hôtels,56,97.6,-0.6817950544418472,11.772789738891444,97.98
2022-12-01,Dakar,Ouest,D11,Restaurants et hôtels,56,96.93,-0.6864754098360515,11.030927835051552,97.60000000000001
2023-01-01,Dakar,Ouest,D11,Restaurants et hôtels,56,96.56,-0.3817187661198873,8.251121076233181,97.03000000000002
2023-02-01,Dakar,Ouest,D11,Restaurants et hôtels,56,97.38,0.8492129246064462,7.792782820456057,96.95666666666666
2023-03-01,Dakar,Ouest,D11,Restaurants et hôtels,56,98.11,0.7496405832819963,7.060235704932349,97.34999999999998
2023-04-01,Dakar,Ouest,D11,Restaurants et hôtels,56,98.91,0.8154112730608398,6.229191279132196,98.13333333333333
2023-05-01,Dakar,Ouest,D11,Restaurants et hôtels,56,99.98,1.081791527651399,5.7206302210003335,99.0
2023-06-01,Dakar,Ouest,D11,Restaurants et hôtels,56,101.08,1.100220044008804,5.533514303612441,99.99000000000001
2023-07-01,Dakar,Ouest,D11,Restaurants et hôtels,56,101.17,0.08903838543727893,4.2130201895344,100.74333333333334
2023-08-01,Dakar,Ouest,D11,Restaurants et hôtels,56,101.49,0.3162992982109314,4.124345952600805,101.24666666666667
2023-09-01,Dakar,Ouest,D11,Restaurants et hôtels,56,101.55,0.059119125036954934,3.5484857754665144,101.40333333333332
2023-10-01,Dakar,Ouest,D11,Restaurants et hôtels,56,101.75,0.1969473165928104,3.5412638648621098,101.59666666666665
2023-11-01,Dakar,Ouest,D11,Restaurants et hôtels,56,101.55,-0.19656019656020263,4.047131147540983,101.61666666666667
2023-12-01,Dakar,Ouest,D11,Restaurants et hôtels,56,99.8,-1.723289020187102,2.960899618281232,101.03333333333332
2024-01-01,Dakar,Ouest,D11,Restaurants et hôtels,56,99.1,-0.7014028056112287,2.6304888152443917,100.14999999999999
2024-02-01,Dakar,Ouest,D11,Restaurants et hôtels,56,99.22,0.12108980827447713,1.889505031834049,99.37333333333333
2024-03-01,Dakar,Ouest,D11,Restaurants et hôtels,56,99.86,0.6450312437008776,1.7837121598206052,99.39333333333332
2024-04-01,Dakar,Ouest,D11,Restaurants et hôtels,56,100.4,0.540757059883834,1.506419977757556,99.82666666666667
2024-05-01,Dakar,Ouest,D11,Restaurants et hôtels,56,100.81,0.4083665338645348,0.8301660332066474,100.35666666666667
2024-06-01,Dakar,Ouest,D11,Restaurants et hôtels,56,101.16,0.3471877789901656,0.0791452314998109,100.79
2024-07-01,Dakar,Ouest,D11,Restaurants et hôtels,56,101.4,0.23724792408066353,0.22734012058911457,101.12333333333333
2024-08-01,Dakar,Ouest,D11,Restaurants et hôtels,56,101.66,0.2564102564102555,0.16750418760469454,101.40666666666668
2024-09-01,Dakar,Ouest,D11,Restaurants et hôtels,56,101.84,0.17706079087154158,0.2855736090595862,101.63333333333333
2024-10-01,Dakar,Ouest,D11,Restaurants et hôtels,56,101.84,0.0,0.08845208845209562,101.78000000000002
2024-11-01,Dakar,Ouest,D11,Restaurants et hôtels,56,102.12,0.274941084053415,0.5612998522895207,101.93333333333334
2024-12-01,Dakar,Ouest,D11,Restaurants et hôtels,56,100.32,-1.7626321974148151,0.5210420841683217,101.42666666666666
2025-01-01,Dakar,Ouest,D11,Restaurants et hôtels,56,99.99,-0.3289473684210509,0.898082744702311,100.81
2025-02-01,Dakar,Ouest,D11,Restaurants et hôtels,56,100.64,0.6500650065006663,1.4311630719612944,100.31666666666666
2025-03-01,Dakar,Ouest,D11,Restaurants et hôtels,56,101.26,0.6160572337043035,1.4019627478469854,100.63
2025-04-01,Dakar,Ouest,D11,Restaurants et hôtels,56,101.66,0.3950227138060258,1.254980079681256,101.18666666666667
2025-05-01,Dakar,Ouest,D11,Restaurants et hôtels,56,102.85,1.1705685618728978,2.023608768971319,101.92333333333333
2025-06-01,Dakar,Ouest,D11,Restaurants et hôtels,56,103.14,0.28196402527953524,1.9572953736654908,102.55
2025-07-01,Dakar,Ouest,D11,Restaurants et hôtels,56,103.505,0.3538879193329514,2.0759368836291703,103.165
2025-08-01,Dakar,Ouest,D11,Restaurants et hôtels,56,103.87,0.3526399690836346,2.1739130434782705,103.505
2025-09-01,Dakar,Ouest,D11,Restaurants et hôtels,56,104.09,0.21180321555791526,2.2093479968578134,103.82166666666667
2025-10-01,Dakar,Ouest,D11,Restaurants et hôtels,56,104.15,0.05764242482466653,2.268263943440685,104.03666666666668
2025-11-01,Dakar,Ouest,D11,Restaurants et hôtels,56,103.345,-0.7729236677868512,1.19956913435173,103.86166666666668
2025-12-01,Dakar,Ouest,D11,Restaurants et hôtels,56,102.54,-0.7789443127388718,2.2129186602871,103.34500000000001
2026-01-01,Dakar,Ouest,D11,Restaurants et hôtels,56,100.41,-2.077238150965488,0.42004200420042714,102.09833333333334
2026-02-01,Dakar,Ouest,D11,Restaurants et hôtels,56,101.4,0.9859575739468163,0.7551669316375298,101.45
2026-03-01,Dakar,Ouest,D11,Restaurants et hôtels,56,102.23,0.8185404339250413,0.9579300809796631,101.34666666666665
2026-04-01,Dakar,Ouest,D11,Restaurants et hôtels,56,102.97,0.7238579673285672,1.288609089120607,102.2
2026-05-01,Dakar,Ouest,D11,Restaurants et hôtels,56,103.42,0.43702049140526,0.5542051531356451,102.87333333333333
2018-01-01,Diourbel,Centre,D11,Restaurants et hôtels,56,80.16,,,80.16
2018-02-01,Diourbel,Centre,D11,Restaurants et hôtels,56,80.08,-0.09980039920159944,,80.12
2018-03-01,Diourbel,Centre,D11,Restaurants et hôtels,56,80.77,0.8616383616383505,,80.33666666666666
2018-04-01,Diourbel,Centre,D11,Restaurants et hôtels,56,81.10499999999999,0.4147579546861291,,80.65166666666666
2018-05-01,Diourbel,Centre,D11,Restaurants et hôtels,56,81.44,0.41304481844524066,,81.105
2018-06-01,Diourbel,Centre,D11,Restaurants et hôtels,56,81.4,-0.04911591355598599,,81.315
2018-07-01,Diourbel,Centre,D11,Restaurants et hôtels,56,81.59,0.23341523341522397,,81.47666666666667
2018-08-01,Diourbel,Centre,D11,Restaurants et hôtels,56,81.57,-0.02451280794216748,,81.52
2018-09-01,Diourbel,Centre,D11,Restaurants et hôtels,56,81.18,-0.47811695476276395,,81.44666666666667
2018-10-01,Diourbel,Centre,D11,Restaurants et hôtels,56,80.87,-0.3818674550381873,,81.20666666666666
2018-11-01,Diourbel,Centre,D11,Restaurants et hôtels,56,80.63,-0.2967725979967972,,80.89333333333333
2018-12-01,Diourbel,Centre,D11,Restaurants et hôtels,56,80.49,-0.17363264293687175,,80.66333333333334
2019-01-01,Diourbel,Centre,D11,Restaurants et hôtels,56,81.03,0.6708907938874464,1.085329341317376,80.71666666666665
2019-02-01,Diourbel,Centre,D11,Restaurants et hôtels,56,81.27,0.29618659755645815,1.4860139860139787,80.92999999999999
2019-03-01,Diourbel,Centre,D11,Restaurants et hôtels,56,81.37,0.12304663467455068,0.7428500680946026,81.22333333333334
2019-04-01,Diourbel,Centre,D11,Restaurants et hôtels,56,81.62,0.30723854000245243,0.6349793477590904,81.42
2019-05-01,Diourbel,Centre,D11,Restaurants et hôtels,56,82.38,0.9311443273707365,1.154223968565815,81.79
2019-06-01,Diourbel,Centre,D11,Restaurants et hôtels,56,82.31,-0.08497208060207484,1.1179361179361136,82.10333333333334
2019-07-01,Diourbel,Centre,D11,Restaurants et hôtels,56,82.39,0.09719353662980268,0.9805123176859887,82.36
2019-08-01,Diourbel,Centre,D11,Restaurants et hôtels,56,82.36,-0.0364121859449007,0.9684933186220546,82.35333333333334
2019-09-01,Diourbel,Centre,D11,Restaurants et hôtels,56,82.13,-0.2792617775619233,1.1702389751170106,82.29333333333334
2019-10-01,Diourbel,Centre,D11,Restaurants et hôtels,56,81.75,-0.462681115304997,1.0881661926548825,82.08
2019-11-01,Diourbel,Centre,D11,Restaurants et hôtels,56,81.47,-0.3425076452599374,1.0417958576212305,81.78333333333333
2019-12-01,Diourbel,Centre,D11,Restaurants et hôtels,56,81.25,-0.2700380508162459,0.9442166728786283,81.49
2020-01-01,Diourbel,Centre,D11,Restaurants et hôtels,56,81.83500000000001,0.7200000000000095,0.9934592126372932,81.51833333333333
2020-02-01,Diourbel,Centre,D11,Restaurants et hôtels,56,82.42,0.7148530579825119,1.415036298757233,81.835
2020-03-01,Diourbel,Centre,D11,Restaurants et hôtels,56,83.46,1.2618296529968376,2.5685141944205236,82.57166666666667
2020-04-01,Diourbel,Centre,D11,Restaurants et hôtels,56,83.81,0.41936256889529844,2.6831658907130684,83.23
2020-05-01,Diourbel,Centre,D11,Restaurants et hôtels,56,84.49,0.8113590263691517,2.5613012867200746,83.92
2020-06-01,Diourbel,Centre,D11,Restaurants et hôtels,56,84.73,0.28405728488578585,2.9401044830518863,84.34333333333333
2020-07-01,Diourbel,Centre,D11,Restaurants et hôtels,56,84.98,0.2950548802077124,3.143585386576042,84.73333333333333
2020-08-01,Diourbel,Centre,D11,Restaurants et hôtels,56,84.79,-0.2235820192986515,2.950461389023795,84.83333333333333
2020-09-01,Diourbel,Centre,D11,Restaurants et hôtels,56,84.73,-0.07076306168180002,3.165712894192141,84.83333333333333
2020-10-01,Diourbel,Centre,D11,Restaurants et hôtels,56,84.07,-0.7789448837483892,2.8379204892966303,84.52999999999999
2020-11-01,Diourbel,Centre,D11,Restaurants et hôtels,56,83.84,-0.2735815391935126,2.9090462747023427,84.21333333333332
2020-12-01,Diourbel,Centre,D11,Restaurants et hôtels,56,83.37,-0.5605916030534286,2.609230769230786,83.75999999999999
2021-01-01,Diourbel,Centre,D11,Restaurants et hôtels,56,83.99,0.7436727839750468,2.633347589662116,83.73333333333333
2021-02-01,Diourbel,Centre,D11,Restaurants et hôtels,56,84.39,0.4762471722824291,2.390196554234403,83.91666666666667
2021-03-01,Diourbel,Centre,D11,Restaurants et hôtels,56,85.12,0.8650314018248562,1.988976755331917,84.5
2021-04-01,Diourbel,Centre,D11,Restaurants et hôtels,56,85.34,0.25845864661653284,1.8255578093306246,84.95
2021-05-01,Diourbel,Centre,D11,Restaurants et hôtels,56,86.03,0.8085305835481504,1.822700911350461,85.49666666666667
2021-06-01,Diourbel,Centre,D11,Restaurants et hôtels,56,86.46,0.49982564221782155,2.041779771037411,85.94333333333334
2021-07-01,Diourbel,Centre,D11,Restaurants et hôtels,56,86.73,0.3122831367106338,2.0593080724876422,86.40666666666665
2021-08-01,Diourbel,Centre,D11,Restaurants et hôtels,56,86.75,0.02306007148622502,2.3115933482722006,86.64666666666666
2021-09-01,Diourbel,Centre,D11,Restaurants et hôtels,56,86.48,-0.31123919308356784,2.0653841614540314,86.65333333333335
2021-10-01,Diourbel,Centre,D11,Restaurants et hôtels,56,86.33,-0.17345050878816437,2.6882359938146916,86.52
2021-11-01,Diourbel,Centre,D11,Restaurants et hôtels,56,85.92,-0.4749218116529508,2.4809160305343525,86.24333333333334
2021-12-01,Diourbel,Centre,D11,Restaurants et hôtels,56,85.9,-0.02327746741154213,3.0346647475111066,86.05
2022-01-01,Diourbel,Centre,D11,Restaurants et hôtels,56,88.16,2.630966239813737,4.96487677104418,86.66000000000001
2022-02-01,Diourbel,Centre,D11,Restaurants et hôtels,56,89.4,1.4065335753176145,5.936722360469249,87.82000000000001
2022-03-01,Diourbel,Centre,D11,Restaurants et hôtels,56,90.89,1.6666666666666607,6.778665413533824,89.48333333333333
2022-04-01,Diourbel,Centre,D11,Restaurants et hôtels,56,92.35,1.6063373308394802,8.21420201546752,90.88
2022-05-01,Diourbel,Centre,D11,Restaurants et hôtels,56,93.89,1.6675690308608715,9.136347785656174,92.37666666666667
2022-06-01,Diourbel,Centre,D11,Restaurants et hôtels,56,95.31,1.5124081371818088,10.235947258848043,93.85000000000001
2022-07-01,Diourbel,Centre,D11,Restaurants et hôtels,56,96.4,1.1436365544014393,11.149544563588144,95.2
2022-08-01,Diourbel,Centre,D11,Restaurants et hôtels,56,97.28,0.9128630705394158,12.138328530259358,96.33
2022-09-01,Diourbel,Centre,D11,Restaurants et hôtels,56,97.86,0.5962171052631637,13.159111933395007,97.18
2022-10-01,Diourbel,Centre,D11,Restaurants et hôtels,56,98.26,0.408747189863079,13.819066373219059,97.8
2022-11-01,Diourbel,Centre,D11,Restaurants et hôtels,56,98.42,0.1628332994097148,14.548417132216018,98.18
2022-12-01,Diourbel,Centre,D11,Restaurants et hôtels,56,96.72,-1.7272912009754116,12.596041909196742,97.8
2023-01-01,Diourbel,Centre,D11,Restaurants et hôtels,56,96.58,-0.14474772539289082,9.55081669691471,97.24000000000001
2023-02-01,Diourbel,Centre,D11,Restaurants et hôtels,56,97.3,0.7454959618968804,8.83668903803132,96.86666666666666
2023-03-01,Diourbel,Centre,D11,Restaurants et hôtels,56,98.51,1.2435765673175725,8.383760589723854,97.46333333333332
2023-04-01,Diourbel,Centre,D11,Restaurants et hôtels,56,98.91,0.406050147193171,7.103410936654031,98.24000000000001
2023-05-01,Diourbel,Centre,D11,Restaurants et hôtels,56,100.14,1.2435547467394725,6.656725955905851,99.18666666666667
2023-06-01,Diourbel,Centre,D11,Restaurants et hôtels,56,101.15,1.0085879768324313,6.127373832756278,100.06666666666666
2023-07-01,Diourbel,Centre,D11,Restaurants et hôtels,56,101.08,-0.06920415224914711,4.854771784232348,100.79
2023-08-01,Diourbel,Centre,D11,Restaurants et hôtels,56,101.33,0.24732884843687852,4.163240131578938,101.18666666666667
2023-09-01,Diourbel,Centre,D11,Restaurants et hôtels,56,101.56,0.22698115069574865,3.7809115062334087,101.32333333333332
2023-10-01,Diourbel,Centre,D11,Restaurants et hôtels,56,101.77,0.2067743205986572,3.5721555058009224,101.55333333333333
2023-11-01,Diourbel,Centre,D11,Restaurants et hôtels,56,101.62,-0.14739117618157715,3.251371672424308,101.65000000000002
2023-12-01,Diourbel,Centre,D11,Restaurants et hôtels,56,99.78,-1.810667191497739,3.1637717121588027,101.05666666666667
2024-01-01,Diourbel,Centre,D11,Restaurants et hôtels,56,98.98,-0.8017638805371763,2.484986539656253,100.12666666666667
2024-02-01,Diourbel,Centre,D11,Restaurants et hôtels,56,99.31,0.33340068700746794,2.065775950668036,99.35666666666667
2024-03-01,Diourbel,Centre,D11,Restaurants et hôtels,56,99.62,0.31215386164535897,1.1267891584610723,99.30333333333334
2024-04-01,Diourbel,Centre,D11,Restaurants et hôtels,56,100.36,0.7428227263601705,1.4659791729855431,99.76333333333332
2024-05-01,Diourbel,Centre,D11,Restaurants et hôtels,56,100.85,0.4882423276205694,0.7090073896544702,100.27666666666666
2024-06-01,Diourbel,Centre,D11,Restaurants et hôtels,56,101.42,0.5651958353991127,0.2669303015323754,100.87666666666667
2024-07-01,Diourbel,Centre,D11,Restaurants et hôtels,56,102.08,0.6507592190889255,0.9893153937475363,101.45
2024-08-01,Diourbel,Centre,D11,Restaurants et hôtels,56,101.83,-0.24490595611285082,0.4934372841211898,101.77666666666666
2024-09-01,Diourbel,Centre,D11,Restaurants et hôtels,56,101.8,-0.029460866149466636,0.23631350925561456,101.90333333333332
2024-10-01,Diourbel,Centre,D11,Restaurants et hôtels,56,102.2,0.39292730844793233,0.42252137172056337,101.94333333333333
2024-11-01,Diourbel,Centre,D11,Restaurants et hôtels,56,102.13,-0.068493150684934,0.5018697106868641,102.04333333333334
2024-12-01,Diourbel,Centre,D11,Restaurants et hôtels,56,100.07,-2.0170371095662443,0.2906394066947149,101.46666666666665
2025-01-01,Diourbel,Centre,D11,Restaurants et hôtels,56,99.73,-0.33976216648344826,0.7577288341078958,100.64333333333333
2025-02-01,Diourbel,Centre,D11,Restaurants et hôtels,56,100.38,0.6517597513285844,1.077434296646862,100.06
2025-03-01,Diourbel,Centre,D11,Restaurants et hôtels,56,101.33,0.9464036660689512,1.7165227865890254,100.48
2025-04-01,Diourbel,Centre,D11,Restaurants et hôtels,56,102.09,0.7500246718642023,1.7237943403746625,101.26666666666667
2025-05-01,Diourbel,Centre,D11,Restaurants et hôtels,56,102.94,0.8325986874326619,2.072384729796739,102.12
2025-06-01,Diourbel,Centre,D11,Restaurants et hôtels,56,103.39,0.4371478531183248,1.9424176690987949,102.80666666666667
2025-07-01,Diourbel,Centre,D11,Restaurants et hôtels,56,103.93,0.5222942257471663,1.812304075235116,103.42
2025-08-01,Diourbel,Centre,D11,Restaurants et hôtels,56,104.3,0.35600885211199973,2.4256113129726087,103.87333333333333
2025-09-01,Diourbel,Centre,D11,Restaurants et hôtels,56,104.5,0.19175455417066445,2.6522593320235766,104.24333333333334
2025-10-01,Diourbel,Centre,D11,Restaurants et hôtels,56,104.86,0.34449760765549176,2.602739726027403,104.55333333333333
2025-11-01,Diourbel,Centre,D11,Restaurants et hôtels,56,105.21,0.33377837116155273,3.0157642220699055,104.85666666666667
2025-12-01,Diourbel,Centre,D11,Restaurants et hôtels,56,103.02,-2.0815511833475853,2.9479364444888523,104.36333333333333
2026-01-01,Diourbel,Centre,D11,Restaurants et hôtels,56,100.32,-2.6208503203261513,0.5915973127444074,102.84999999999998
2026-02-01,Diourbel,Centre,D11,Restaurants et hôtels,56,101.53,1.206140350877205,1.1456465431360918,101.62333333333333
2026-03-01,Diourbel,Centre,D11,Restaurants et hôtels,56,102.58,1.0341770905151204,1.2335932103029634,101.47666666666667
2026-04-01,Diourbel,Centre,D11,Restaurants et hôtels,56,103.42,0.8188730746734318,1.3027720638652207,102.50999999999999
2026-05-01,Diourbel,Centre,D11,Restaurants et hôtels,56,103.99,0.5511506478437456,1.0200116572760765,103.33
2018-01-01,Kaolack,Centre-Sud,D11,Restaurants et hôtels,56,80.66,,,80.66
2018-02-01,Kaolack,Centre-Sud,D11,Restaurants et hôtels,56,80.71,0.06198859409867197,,80.685
2018-03-01,Kaolack,Centre-Sud,D11,Restaurants et hôtels,56,80.97999999999999,0.3345310370462151,,80.78333333333332
2018-04-01,Kaolack,Centre-Sud,D11,Restaurants et hôtels,56,81.25,0.3334156581872083,,80.98
2018-05-01,Kaolack,Centre-Sud,D11,Restaurants et hôtels,56,81.36,0.1353846153846039,,81.19666666666667
2018-06-01,Kaolack,Centre-Sud,D11,Restaurants et hôtels,56,81.51,0.18436578171092677,,81.37333333333333
2018-07-01,Kaolack,Centre-Sud,D11,Restaurants et hôtels,56,81.7,0.2331002331002363,,81.52333333333334
2018-08-01,Kaolack,Centre-Sud,D11,Restaurants et hôtels,56,81.69,-0.012239902080790621,,81.63333333333334
2018-09-01,Kaolack,Centre-Sud,D11,Restaurants et hôtels,56,81.22,-0.5753458195617567,,81.53666666666666
2018-10-01,Kaolack,Centre-Sud,D11,Restaurants et hôtels,56,81.19,-0.03693671509480412,,81.36666666666666
2018-11-01,Kaolack,Centre-Sud,D11,Restaurants et hôtels,56,80.9,-0.35718684567064285,,81.10333333333334
2018-12-01,Kaolack,Centre-Sud,D11,Restaurants et hôtels,56,80.62,-0.3461063040791079,,80.90333333333334
2019-01-01,Kaolack,Centre-Sud,D11,Restaurants et hôtels,56,81.1,0.5953857603572255,0.5454996280684243,80.87333333333333
2019-02-01,Kaolack,Centre-Sud,D11,Restaurants et hôtels,56,81.21,0.13563501849569448,0.6195019204559449,80.97666666666667
2019-03-01,Kaolack,Centre-Sud,D11,Restaurants et hôtels,56,81.73,0.6403152321142747,0.926154606075591,81.34666666666666
2019-04-01,Kaolack,Centre-Sud,D11,Restaurants et hôtels,56,81.77,0.04894163709774357,0.6399999999999961,81.57
2019-05-01,Kaolack,Centre-Sud,D11,Restaurants et hôtels,56,82.44,0.819371407606706,1.327433628318575,81.98
2019-06-01,Kaolack,Centre-Sud,D11,Restaurants et hôtels,56,82.53,0.10917030567685337,1.2513801987486195,82.24666666666667
2019-07-01,Kaolack,Centre-Sud,D11,Restaurants et hôtels,56,82.62,0.10905125408942062,1.126070991432071,82.53000000000002
2019-08-01,Kaolack,Centre-Sud,D11,Restaurants et hôtels,56,82.33,-0.351004599370619,0.7834496266372781,82.49333333333334
2019-09-01,Kaolack,Centre-Sud,D11,Restaurants et hôtels,56,82.27,-0.07287744443095212,1.2927850283181552,82.40666666666665
2019-10-01,Kaolack,Centre-Sud,D11,Restaurants et hôtels,56,82.04,-0.27956727847330276,1.0469269614484578,82.21333333333332
2019-11-01,Kaolack,Centre-Sud,D11,Restaurants et hôtels,56,81.77000000000001,-0.32910775231593803,1.0754017305315333,82.02666666666667
2019-12-01,Kaolack,Centre-Sud,D11,Restaurants et hôtels,56,81.5,-0.3301944478415142,1.0915405606549244,81.77
2020-01-01,Kaolack,Centre-Sud,D11,Restaurants et hôtels,56,82.54,1.2760736196319122,1.7755856966708006,81.93666666666667
2020-02-01,Kaolack,Centre-Sud,D11,Restaurants et hôtels,56,82.8,0.314998788466192,1.9578869597340232,82.28
2020-03-01,Kaolack,Centre-Sud,D11,Restaurants et hôtels,56,83.49,0.8333333333333304,2.153432032301472,82.94333333333333
2020-04-01,Kaolack,Centre-Sud,D11,Restaurants et hôtels,56,83.7,0.2515271289974974,2.3602788308670686,83.33
2020-05-01,Kaolack,Centre-Sud,D11,Restaurants et hôtels,56,84.61,1.0872162485065617,2.632217370208645,83.93333333333334
2020-06-01,Kaolack,Centre-Sud,D11,Restaurants et hôtels,56,84.99000000000001,0.44911948942205626,2.980734278444208,84.43333333333334
2020-07-01,Kaolack,Centre-Sud,D11,Restaurants et hôtels,56,85.37,0.4471114248735031,3.328491890583396,84.99000000000001
2020-08-01,Kaolack,Centre-Sud,D11,Restaurants et hôtels,56,85.07,-0.35141150286986944,3.328069962346647,85.14333333333333
2020-09-01,Kaolack,Centre-Sud,D11,Restaurants et hôtels,56,84.66,-0.48195603620547756,2.9050686763097078,85.03333333333332
2020-10-01,Kaolack,Centre-Sud,D11,Restaurants et hôtels,56,84.21,-0.5315379163713718,2.6450511945392385,84.64666666666666
2020-11-01,Kaolack,Centre-Sud,D11,Restaurants et hôtels,56,83.86,-0.41562759767247437,2.555949614773123,84.24333333333334
2020-12-01,Kaolack,Centre-Sud,D11,Restaurants et hôtels,56,83.68,-0.21464345337466328,2.674846625766869,83.91666666666667
2021-01-01,Kaolack,Centre-Sud,D11,Restaurants et hôtels,56,84.09,0.4899617590822247,1.877877392779248,83.87666666666667
2021-02-01,Kaolack,Centre-Sud,D11,Restaurants et hôtels,56,84.67,0.6897371863479496,2.2584541062802055,84.14666666666666
2021-03-01,Kaolack,Centre-Sud,D11,Restaurants et hôtels,56,85.38,0.8385496633990686,2.2637441609773656,84.71333333333332
2021-04-01,Kaolack,Centre-Sud,D11,Restaurants et hôtels,56,85.71,0.3865073787772344,2.4014336917562717,85.25333333333333
2021-05-01,Kaolack,Centre-Sud,D11,Restaurants et hôtels,56,86.16,0.5250262513125659,1.831934759484688,85.75
2021-06-01,Kaolack,Centre-Sud,D11,Restaurants et hôtels,56,86.66,0.5803156917363106,1.9649370514178033,86.17666666666666
2021-07-01,Kaolack,Centre-Sud,D11,Restaurants et hôtels,56,87.09,0.4961920147703802,2.0147592831205374,86.63666666666667
2021-08-01,Kaolack,Centre-Sud,D11,Restaurants et hôtels,56,86.97,-0.13778849466069554,2.2334548019278255,86.90666666666665
2021-09-01,Kaolack,Centre-Sud,D11,Restaurants et hôtels,56,86.93,-0.045992871104971744,2.681313489251136,86.99666666666667
2021-10-01,Kaolack,Centre-Sud,D11,Restaurants et hôtels,56,86.49,-0.5061543770850219,2.707516921980768,86.79666666666667
2021-11-01,Kaolack,Centre-Sud,D11,Restaurants et hôtels,56,86.42,-0.08093421204762308,3.0527068924397938,86.61333333333334
2021-12-01,Kaolack,Centre-Sud,D11,Restaurants et hôtels,56,86.15,-0.31242767877806,2.9517208413001983,86.35333333333334
2022-01-01,Kaolack,Centre-Sud,D11,Restaurants et hôtels,56,88.02,2.170632617527546,4.6735640385301425,86.86333333333334
2022-02-01,Kaolack,Centre-Sud,D11,Restaurants et hôtels,56,89.39,1.5564644399000294,5.574583677807965,87.85333333333334
2022-03-01,Kaolack,Centre-Sud,D11,Restaurants et hôtels,56,90.78,1.554983778946184,6.32466619817289,89.39666666666666
2022-04-01,Kaolack,Centre-Sud,D11,Restaurants et hôtels,56,92.83,2.2582066534478917,8.307082020767709,91.0
2022-05-01,Kaolack,Centre-Sud,D11,Restaurants et hôtels,56,94.22,1.4973607669934275,9.354688950789235,92.61000000000001
2022-06-01,Kaolack,Centre-Sud,D11,Restaurants et hôtels,56,95.61,1.4752706431755414,10.327717516732049,94.21999999999998
2022-07-01,Kaolack,Centre-Sud,D11,Restaurants et hôtels,56,96.36,0.7844367743959912,10.64416121253875,95.39666666666666
2022-08-01,Kaolack,Centre-Sud,D11,Restaurants et hôtels,56,97.03,0.6953092569530916,11.567207082902154,96.33333333333333
2022-09-01,Kaolack,Centre-Sud,D11,Restaurants et hôtels,56,97.71,0.7008141811810642,12.400782238582742,97.03333333333332
2022-10-01,Kaolack,Centre-Sud,D11,Restaurants et hôtels,56,98.35,0.654999488281649,13.712567926927965,97.69666666666666
2022-11-01,Kaolack,Centre-Sud,D11,Restaurants et hôtels,56,98.47,0.12201321809863774,13.94353158990973,98.17666666666666
2022-12-01,Kaolack,Centre-Sud,D11,Restaurants et hôtels,56,97.575,-0.9089062658677705,13.26175275681949,98.13166666666666
2023-01-01,Kaolack,Centre-Sud,D11,Restaurants et hôtels,56,96.68,-0.9172431462977193,9.83867302885708,97.575
2023-02-01,Kaolack,Centre-Sud,D11,Restaurants et hôtels,56,97.43,0.7757550682664371,8.994294663832658,97.22833333333335
2023-03-01,Kaolack,Centre-Sud,D11,Restaurants et hôtels,56,98.46,1.0571692497177265,8.460013218770657,97.52333333333333
2023-04-01,Kaolack,Centre-Sud,D11,Restaurants et hôtels,56,99.23,0.7820434694292278,6.894322955940968,98.37333333333333
2023-05-01,Kaolack,Centre-Sud,D11,Restaurants et hôtels,56,100.27,1.0480701400785941,6.421142008066227,99.32
2023-06-01,Kaolack,Centre-Sud,D11,Restaurants et hôtels,56,101.07,0.7978458162960056,5.710699717602763,100.19
2023-07-01,Kaolack,Centre-Sud,D11,Restaurants et hôtels,56,101.11,0.03957653111705817,4.929431299294307,100.81666666666666
2023-08-01,Kaolack,Centre-Sud,D11,Restaurants et hôtels,56,101.27,0.15824349718127628,4.369782541482015,101.14999999999999
2023-09-01,Kaolack,Centre-Sud,D11,Restaurants et hôtels,56,101.46,0.18761726078799779,3.8378876266502937,101.28000000000002
2023-10-01,Kaolack,Centre-Sud,D11,Restaurants et hôtels,56,101.58,0.11827321111768097,3.284189120488068,101.43666666666667
2023-11-01,Kaolack,Centre-Sud,D11,Restaurants et hôtels,56,101.97,0.3839338452451324,3.554382045292992,101.67
2023-12-01,Kaolack,Centre-Sud,D11,Restaurants et hôtels,56,99.74,-2.186917720898307,2.2188060466307835,101.09666666666665
2024-01-01,Kaolack,Centre-Sud,D11,Restaurants et hôtels,56,98.9,-0.842189693202311,2.2962350020686806,100.20333333333333
2024-02-01,Kaolack,Centre-Sud,D11,Restaurants et hôtels,56,98.85,-0.050556117290201374,1.457456635533183,99.16333333333334
2024-03-01,Kaolack,Centre-Sud,D11,Restaurants et hôtels,56,100.06,1.2240768841679461,1.6250253910217394,99.27
2024-04-01,Kaolack,Centre-Sud,D11,Restaurants et hôtels,56,100.21,0.1499100539676057,0.9876045550740509,99.70666666666666
2024-05-01,Kaolack,Centre-Sud,D11,Restaurants et hôtels,56,101.29,1.0777367528191029,1.0172534157774082,100.52
2024-06-01,Kaolack,Centre-Sud,D11,Restaurants et hôtels,56,101.24,-0.049363214532538446,0.1682002572474639,100.91333333333334
2024-07-01,Kaolack,Centre-Sud,D11,Restaurants et hôtels,56,101.61,0.36546819438958433,0.49451092869152724,101.38
2024-08-01,Kaolack,Centre-Sud,D11,Restaurants et hôtels,56,101.47,-0.13778171439818854,0.19749185346105147,101.44
2024-09-01,Kaolack,Centre-Sud,D11,Restaurants et hôtels,56,102.01,0.5321769981275315,0.5420855509560507,101.69666666666666
2024-10-01,Kaolack,Centre-Sud,D11,Restaurants et hôtels,56,101.98,-0.029408881482206883,0.3937783028155284,101.82000000000001
2024-11-01,Kaolack,Centre-Sud,D11,Restaurants et hôtels,56,102.15,0.16669935281428128,0.1765225066195919,102.04666666666667
2024-12-01,Kaolack,Centre-Sud,D11,Restaurants et hôtels,56,100.05,-2.055800293685761,0.310808101062765,101.39333333333333
2025-01-01,Kaolack,Centre-Sud,D11,Restaurants et hôtels,56,100.0,-0.04997501249375258,1.1122345803842304,100.73333333333333
2025-02-01,Kaolack,Centre-Sud,D11,Restaurants et hôtels,56,100.55,0.550000000000006,1.7197774405665278,100.2
2025-03-01,Kaolack,Centre-Sud,D11,Restaurants et hôtels,56,101.45,0.895077076081563,1.3891665000999476,100.66666666666667
2025-04-01,Kaolack,Centre-Sud,D11,Restaurants et hôtels,56,101.88,0.42385411532774864,1.666500349266542,101.29333333333334
2025-05-01,Kaolack,Centre-Sud,D11,Restaurants et hôtels,56,102.87,0.9717314487632578,1.559877579227953,102.06666666666666
2025-06-01,Kaolack,Centre-Sud,D11,Restaurants et hôtels,56,103.33,0.44716632643140297,2.064401422362705,102.69333333333334
2025-07-01,Kaolack,Centre-Sud,D11,Restaurants et hôtels,56,103.92,0.5709861608439004,2.2733982875701164,103.37333333333333
2025-08-01,Kaolack,Centre-Sud,D11,Restaurants et hôtels,56,104.14,0.21170130869900827,2.6313196018527663,103.79666666666667
2025-09-01,Kaolack,Centre-Sud,D11,Restaurants et hôtels,56,104.62,0.4609179950067155,2.5585726889520544,104.22666666666667
2025-10-01,Kaolack,Centre-Sud,D11,Restaurants et hôtels,56,105.02,0.38233607340851794,2.9809766620906064,104.59333333333332
2025-11-01,Kaolack,Centre-Sud,D11,Restaurants et hôtels,56,105.25,0.2190059036374148,3.034752814488484,104.96333333333332
2025-12-01,Kaolack,Centre-Sud,D11,Restaurants et hôtels,56,102.91,-2.223277909738719,2.858570714642683,104.39333333333333
2026-01-01,Kaolack,Centre-Sud,D11,Restaurants et hôtels,56,100.44,-2.4001554756583388,0.43999999999999595,102.86666666666667
2026-02-01,Kaolack,Centre-Sud,D11,Restaurants et hôtels,56,101.27,0.8263639984070092,0.7160616608652415,101.54
2026-03-01,Kaolack,Centre-Sud,D11,Restaurants et hôtels,56,102.53,1.2441986768045865,1.064563824544118,101.41333333333334
2026-04-01,Kaolack,Centre-Sud,D11,Restaurants et hôtels,56,103.09,0.5461816053837998,1.187671770710641,102.29666666666667
2026-05-01,Kaolack,Centre-Sud,D11,Restaurants et hôtels,56,103.78,0.669318071587921,0.8846116457664976,103.13333333333333
2018-01-01,Kolda,Sud,D11,Restaurants et hôtels,56,78.95,,,78.95
2018-02-01,Kolda,Sud,D11,Restaurants et hôtels,56,78.97,0.025332488917029217,,78.96000000000001
2018-03-01,Kolda,Sud,D11,Restaurants et hôtels,56,79.21,0.3039128783082212,,79.04333333333334
2018-04-01,Kolda,Sud,D11,Restaurants et hôtels,56,79.69,0.6059840929175664,,79.29
2018-05-01,Kolda,Sud,D11,Restaurants et hôtels,56,80.04,0.4392019073911513,,79.64666666666666
2018-06-01,Kolda,Sud,D11,Restaurants et hôtels,56,80.17,0.16241879060470144,,79.96666666666667
2018-07-01,Kolda,Sud,D11,Restaurants et hôtels,56,80.39,0.2744168641636513,,80.2
2018-08-01,Kolda,Sud,D11,Restaurants et hôtels,56,80.22,-0.21146908819504873,,80.25999999999999
2018-09-01,Kolda,Sud,D11,Restaurants et hôtels,56,80.06,-0.19945150835203318,,80.22333333333334
2018-10-01,Kolda,Sud,D11,Restaurants et hôtels,56,79.63,-0.537097177117174,,79.97000000000001
2018-11-01,Kolda,Sud,D11,Restaurants et hôtels,56,79.24,-0.4897651638829603,,79.64333333333333
2018-12-01,Kolda,Sud,D11,Restaurants et hôtels,56,79.13,-0.13881877839474477,,79.33333333333333
2019-01-01,Kolda,Sud,D11,Restaurants et hôtels,56,79.61,0.6065967395425309,0.8359721342621862,79.32666666666667
2019-02-01,Kolda,Sud,D11,Restaurants et hôtels,56,79.96,0.43964326089687145,1.2536406230214014,79.56666666666666
2019-03-01,Kolda,Sud,D11,Restaurants et hôtels,56,80.08,0.15007503751875984,1.098346168413089,79.88333333333333
2019-04-01,Kolda,Sud,D11,Restaurants et hôtels,56,80.68,0.7492507492507627,1.2423139666206673,80.24
2019-05-01,Kolda,Sud,D11,Restaurants et hôtels,56,80.9,0.27268220128904286,1.0744627686156916,80.55333333333334
2019-06-01,Kolda,Sud,D11,Restaurants et hôtels,56,81.34,0.5438813349814664,1.459398777597598,80.97333333333334
2019-07-01,Kolda,Sud,D11,Restaurants et hôtels,56,81.16,-0.22129333661176087,0.9578305759422756,81.13333333333334
2019-08-01,Kolda,Sud,D11,Restaurants et hôtels,56,81.11,-0.061606702809258174,1.1094490152081748,81.20333333333333
2019-09-01,Kolda,Sud,D11,Restaurants et hôtels,56,80.98,-0.16027616816668422,1.1491381463902162,81.08333333333333
2019-10-01,Kolda,Sud,D11,Restaurants et hôtels,56,80.72,-0.32106693010620635,1.3688308426472506,80.93666666666667
2019-11-01,Kolda,Sud,D11,Restaurants et hôtels,56,80.44,-0.3468780971258689,1.5143866733972722,80.71333333333332
2019-12-01,Kolda,Sud,D11,Restaurants et hôtels,56,80.01,-0.5345599204375828,1.1120940224946363,80.39
2020-01-01,Kolda,Sud,D11,Restaurants et hôtels,56,81.4,1.737282839645049,2.248461248586864,80.61666666666666
2020-02-01,Kolda,Sud,D11,Restaurants et hôtels,56,81.53,0.15970515970515908,1.963481740870443,80.98
2020-03-01,Kolda,Sud,D11,Restaurants et hôtels,56,82.25,0.8831105114681659,2.7097902097902082,81.72666666666667
2020-04-01,Kolda,Sud,D11,Restaurants et hôtels,56,82.63,0.462006079027355,2.4169558750619657,82.13666666666667
2020-05-01,Kolda,Sud,D11,Restaurants et hôtels,56,83.43,0.9681713663318492,3.127317676143382,82.77
2020-06-01,Kolda,Sud,D11,Restaurants et hôtels,56,83.6,0.20376363418432852,2.7784607819031137,83.22
2020-07-01,Kolda,Sud,D11,Restaurants et hôtels,56,83.9,0.3588516746411585,3.376047313947761,83.64333333333333
2020-08-01,Kolda,Sud,D11,Restaurants et hôtels,56,83.92,0.023837902264589594,3.4644310196030093,83.80666666666667
2020-09-01,Kolda,Sud,D11,Restaurants et hôtels,56,83.35,-0.6792183031458565,2.9266485551987964,83.72333333333334
2020-10-01,Kolda,Sud,D11,Restaurants et hôtels,56,83.14,-0.2519496100779728,2.9980178394449997,83.47
2020-11-01,Kolda,Sud,D11,Restaurants et hôtels,56,82.77,-0.4450324753427992,2.8965688712083493,83.08666666666666
2020-12-01,Kolda,Sud,D11,Restaurants et hôtels,56,82.29,-0.5799202609641063,2.8496437945256803,82.73333333333333
2021-01-01,Kolda,Sud,D11,Restaurants et hôtels,56,82.86,0.6926722566532817,1.7936117936117935,82.64
2021-02-01,Kolda,Sud,D11,Restaurants et hôtels,56,83.33,0.567221819937247,2.2077762786704147,82.82666666666667
2021-03-01,Kolda,Sud,D11,Restaurants et hôtels,56,83.84,0.6120244809792563,1.9331306990881592,83.34333333333333
2021-04-01,Kolda,Sud,D11,Restaurants et hôtels,56,84.61,0.9184160305343525,2.3962241316713095,83.92666666666668
2021-05-01,Kolda,Sud,D11,Restaurants et hôtels,56,85.29,0.803687507386841,2.2294138798993224,84.58
2021-06-01,Kolda,Sud,D11,Restaurants et hôtels,56,85.79,0.586235197561269,2.6196172248803995,85.23
2021-07-01,Kolda,Sud,D11,Restaurants et hôtels,56,86.21,0.48956754866533725,2.753277711561375,85.76333333333332
2021-08-01,Kolda,Sud,D11,Restaurants et hôtels,56,85.89,-0.3711866372810513,2.3474737845567084,85.96333333333332
2021-09-01,Kolda,Sud,D11,Restaurants et hôtels,56,85.98,0.10478519035976852,3.1553689262147744,86.02666666666666
2021-10-01,Kolda,Sud,D11,Restaurants et hôtels,56,85.39,-0.6862060944405668,2.7062785662737454,85.75333333333333
2021-11-01,Kolda,Sud,D11,Restaurants et hôtels,56,85.27,-0.14053167818246504,3.0204180258547764,85.54666666666667
2021-12-01,Kolda,Sud,D11,Restaurants et hôtels,56,85.26,-0.011727453969734292,3.609187021509297,85.30666666666667
2022-01-01,Kolda,Sud,D11,Restaurants et hôtels,56,87.35,2.451325357729295,5.418778662804735,85.96
2022-02-01,Kolda,Sud,D11,Restaurants et hôtels,56,88.58,1.4081282198053824,6.300252010080398,87.06333333333333
2022-03-01,Kolda,Sud,D11,Restaurants et hôtels,56,90.33,1.9756152630390655,7.7409351145038,88.75333333333333
2022-04-01,Kolda,Sud,D11,Restaurants et hôtels,56,92.04,1.8930587844570024,8.781467911594376,90.31666666666666
2022-05-01,Kolda,Sud,D11,Restaurants et hôtels,56,93.64,1.7383746197305427,9.790127799273062,92.00333333333333
2022-06-01,Kolda,Sud,D11,Restaurants et hôtels,56,95.26,1.7300299017513954,11.038582585382905,93.64666666666669
2022-07-01,Kolda,Sud,D11,Restaurants et hôtels,56,96.43,1.2282175099727066,11.854773228163795,95.11000000000001
2022-08-01,Kolda,Sud,D11,Restaurants et hôtels,56,97.03,0.6222130042517815,12.970078006752829,96.24000000000001
2022-09-01,Kolda,Sud,D11,Restaurants et hôtels,56,97.66,0.6492837266824703,13.584554547569194,97.04
2022-10-01,Kolda,Sud,D11,Restaurants et hôtels,56,98.15,0.5017407331558532,14.943201780067938,97.61333333333334
2022-11-01,Kolda,Sud,D11,Restaurants et hôtels,56,98.22,0.07131940906774936,15.187052890817409,98.00999999999999
2022-12-01,Kolda,Sud,D11,Restaurants et hôtels,56,96.57,-1.6799022602321356,13.265306122448962,97.64666666666666
2023-01-01,Kolda,Sud,D11,Restaurants et hôtels,56,96.25,-0.3313658486072235,10.188895248998286,97.01333333333332
2023-02-01,Kolda,Sud,D11,Restaurants et hôtels,56,97.07,0.8519480519480371,9.584556333258076,96.63
2023-03-01,Kolda,Sud,D11,Restaurants et hôtels,56,98.4,1.370145256000832,8.933909000332129,97.24000000000001
2023-04-01,Kolda,Sud,D11,Restaurants et hôtels,56,99.08,0.6910569105690989,7.648848326814428,98.18333333333334
2023-05-01,Kolda,Sud,D11,Restaurants et hôtels,56,100.07,0.9991925716592576,6.866723622383586,99.18333333333334
2023-06-01,Kolda,Sud,D11,Restaurants et hôtels,56,101.21,1.1392025582092513,6.246063405416735,100.12
2023-07-01,Kolda,Sud,D11,Restaurants et hôtels,56,101.24,0.02964133978855532,4.988074250751828,100.83999999999999
2023-08-01,Kolda,Sud,D11,Restaurants et hôtels,56,101.46,0.21730541288027538,4.5655982685767205,101.30333333333333
2023-09-01,Kolda,Sud,D11,Restaurants et hôtels,56,101.95,0.4829489453971991,4.392791316813449,101.55
2023-10-01,Kolda,Sud,D11,Restaurants et hôtels,56,101.93,-0.019617459538989745,3.8512480896586876,101.77999999999999
2023-11-01,Kolda,Sud,D11,Restaurants et hôtels,56,100.84,-1.0693613264004753,2.6674811647322327,101.57333333333334
2023-12-01,Kolda,Sud,D11,Restaurants et hôtels,56,99.75,-1.0809202697342313,3.2929481205343336,100.84000000000002
2024-01-01,Kolda,Sud,D11,Restaurants et hôtels,56,98.75,-1.0025062656641603,2.5974025974025983,99.78000000000002
2024-02-01,Kolda,Sud,D11,Restaurants et hôtels,56,99.41,0.6683544303797362,2.41063150303904,99.30333333333333
2024-03-01,Kolda,Sud,D11,Restaurants et hôtels,56,99.64,0.2313650538175338,1.2601626016260026,99.26666666666665
2024-04-01,Kolda,Sud,D11,Restaurants et hôtels,56,100.53,0.8932155760738691,1.4634638675817602,99.86
2024-05-01,Kolda,Sud,D11,Restaurants et hôtels,56,101.32,0.7858350741072329,1.2491256120715555,100.49666666666667
2024-06-01,Kolda,Sud,D11,Restaurants et hôtels,56,101.44,0.11843663639952151,0.22725027171228707,101.09666666666665
2024-07-01,Kolda,Sud,D11,Restaurants et hôtels,56,101.83,0.38446372239748783,0.5827736072698597,101.52999999999999
2024-08-01,Kolda,Sud,D11,Restaurants et hôtels,56,102.0,0.16694490818029983,0.5322294500295754,101.75666666666666
2024-09-01,Kolda,Sud,D11,Restaurants et hôtels,56,101.98,-0.01960784313724817,0.029426189308479067,101.93666666666667
2024-10-01,Kolda,Sud,D11,Restaurants et hôtels,56,102.36,0.37262208276132025,0.4218581379378028,102.11333333333334
2024-11-01,Kolda,Sud,D11,Restaurants et hôtels,56,102.46,0.09769441187963412,1.606505355017851,102.26666666666667
2024-12-01,Kolda,Sud,D11,Restaurants et hôtels,56,100.24,-2.1666991996876828,0.49122807017543124,101.68666666666667
2025-01-01,Kolda,Sud,D11,Restaurants et hôtels,56,99.88,-0.35913806863527853,1.144303797468349,100.86
2025-02-01,Kolda,Sud,D11,Restaurants et hôtels,56,100.49,0.6107328794553446,1.0864098179257597,100.20333333333333
2025-03-01,Kolda,Sud,D11,Restaurants et hôtels,56,101.29,0.7960991143397544,1.6559614612605467,100.55333333333333
2025-04-01,Kolda,Sud,D11,Restaurants et hôtels,56,102.05,0.75032086089446,1.5119864716999887,101.27666666666666
2025-05-01,Kolda,Sud,D11,Restaurants et hôtels,56,102.97,0.9015188633022975,1.6285037504934818,102.10333333333334
2025-06-01,Kolda,Sud,D11,Restaurants et hôtels,56,103.78,0.786636884529468,2.3067823343848604,102.93333333333332
2025-07-01,Kolda,Sud,D11,Restaurants et hôtels,56,104.28,0.4817883985353655,2.405970735539631,103.67666666666666
2025-08-01,Kolda,Sud,D11,Restaurants et hôtels,56,104.48,0.1917913310318431,2.431372549019617,104.18
2025-09-01,Kolda,Sud,D11,Restaurants et hôtels,56,104.95,0.44984686064317714,2.9123357521082527,104.57000000000001
2025-10-01,Kolda,Sud,D11,Restaurants et hôtels,56,104.94,-0.009528346831833012,2.520515826494729,104.79
2025-11-01,Kolda,Sud,D11,Restaurants et hôtels,56,105.37,0.40975795692776984,2.8401327347257643,105.08666666666666
2025-12-01,Kolda,Sud,D11,Restaurants et hôtels,56,103.24,-2.0214482300465075,2.992817238627299,104.51666666666667
2026-01-01,Kolda,Sud,D11,Restaurants et hôtels,56,100.18,-2.9639674544750028,0.3003604325190423,102.93
2026-02-01,Kolda,Sud,D11,Restaurants et hôtels,56,101.62,1.4374126572169965,1.1244899990048962,101.68
2026-03-01,Kolda,Sud,D11,Restaurants et hôtels,56,102.78,1.1415075772485794,1.4710237930694037,101.52666666666666
2026-04-01,Kolda,Sud,D11,Restaurants et hôtels,56,103.48,0.6810663553220575,1.4012738853503182,102.62666666666667
2026-05-01,Kolda,Sud,D11,Restaurants et hôtels,56,104.09,0.5894858909934353,1.0876954452753163,103.45
2018-01-01,Saint-Louis,Nord,D11,Restaurants et hôtels,56,80.81,,,80.81
2018-02-01,Saint-Louis,Nord,D11,Restaurants et hôtels,56,80.66,-0.1856205915109599,,80.735
2018-03-01,Saint-Louis,Nord,D11,Restaurants et hôtels,56,81.13,0.5826927845276497,,80.86666666666666
2018-04-01,Saint-Louis,Nord,D11,Restaurants et hôtels,56,81.61,0.5916430420313201,,81.13333333333333
2018-05-01,Saint-Louis,Nord,D11,Restaurants et hôtels,56,81.67,0.07352040191153097,,81.47
2018-06-01,Saint-Louis,Nord,D11,Restaurants et hôtels,56,81.85,0.2203991673809247,,81.71
2018-07-01,Saint-Louis,Nord,D11,Restaurants et hôtels,56,81.94,0.10995723885156572,,81.82
2018-08-01,Saint-Louis,Nord,D11,Restaurants et hôtels,56,82.07,0.15865267268733163,,81.95333333333333
2018-09-01,Saint-Louis,Nord,D11,Restaurants et hôtels,56,81.47,-0.7310832216400609,,81.82666666666667
2018-10-01,Saint-Louis,Nord,D11,Restaurants et hôtels,56,81.31,-0.19639130968454044,,81.61666666666666
2018-11-01,Saint-Louis,Nord,D11,Restaurants et hôtels,56,80.9,-0.504243020538675,,81.22666666666667
2018-12-01,Saint-Louis,Nord,D11,Restaurants et hôtels,56,80.73,-0.21013597033374687,,80.98
2019-01-01,Saint-Louis,Nord,D11,Restaurants et hôtels,56,81.38,0.8051529790660039,0.7053582477416054,81.00333333333333
2019-02-01,Saint-Louis,Nord,D11,Restaurants et hôtels,56,81.64999999999999,0.33177684934873053,1.2273741631539714,81.25333333333333
2019-03-01,Saint-Louis,Nord,D11,Restaurants et hôtels,56,81.92,0.3306797305572706,0.9737458400098653,81.64999999999999
2019-04-01,Saint-Louis,Nord,D11,Restaurants et hôtels,56,82.19,0.32958984375,0.710697218478118,81.92
2019-05-01,Saint-Louis,Nord,D11,Restaurants et hôtels,56,82.43,0.29200632680375094,0.930574262275008,82.18
2019-06-01,Saint-Louis,Nord,D11,Restaurants et hôtels,56,83.03,0.7278903311900953,1.4416615760537654,82.55
2019-07-01,Saint-Louis,Nord,D11,Restaurants et hôtels,56,82.75,-0.33722750812958946,0.9885281913595279,82.73666666666666
2019-08-01,Saint-Louis,Nord,D11,Restaurants et hôtels,56,82.63,-0.14501510574018717,0.682344340197405,82.80333333333333
2019-09-01,Saint-Louis,Nord,D11,Restaurants et hôtels,56,82.24,-0.47198354108677343,0.9451331778568717,82.54
2019-10-01,Saint-Louis,Nord,D11,Restaurants et hôtels,56,82.31,0.08511673151752053,1.2298610257041043,82.39333333333333
2019-11-01,Saint-Louis,Nord,D11,Restaurants et hôtels,56,81.95,-0.43737091483416757,1.2978986402966575,82.16666666666667
2019-12-01,Saint-Louis,Nord,D11,Restaurants et hôtels,56,81.91,-0.048810250152542256,1.4616623312275312,82.05666666666667
2020-01-01,Saint-Louis,Nord,D11,Restaurants et hôtels,56,82.52,0.7447198144304723,1.4008355861391042,82.12666666666667
2020-02-01,Saint-Louis,Nord,D11,Restaurants et hôtels,56,83.23,0.8603974793989444,1.9350887936313788,82.55333333333334
2020-03-01,Saint-Louis,Nord,D11,Restaurants et hôtels,56,83.56,0.3964916496455695,2.001953125,83.10333333333334
2020-04-01,Saint-Louis,Nord,D11,Restaurants et hôtels,56,84.24,0.8137865007180389,2.4942207081153356,83.67666666666666
2020-05-01,Saint-Louis,Nord,D11,Restaurants et hôtels,56,84.5,0.30864197530864335,2.511221642605843,84.10000000000001
2020-06-01,Saint-Louis,Nord,D11,Restaurants et hôtels,56,85.38,1.0414201183431837,2.830302300373355,84.70666666666666
2020-07-01,Saint-Louis,Nord,D11,Restaurants et hôtels,56,85.43,0.05856172405716009,3.2386706948640542,85.10333333333334
2020-08-01,Saint-Louis,Nord,D11,Restaurants et hôtels,56,85.16,-0.3160482266182929,3.0618419460244573,85.32333333333334
2020-09-01,Saint-Louis,Nord,D11,Restaurants et hôtels,56,84.92,-0.28182245185532917,3.25875486381324,85.17
2020-10-01,Saint-Louis,Nord,D11,Restaurants et hôtels,56,84.35,-0.6712199717381129,2.478435184060257,84.81
2020-11-01,Saint-Louis,Nord,D11,Restaurants et hôtels,56,83.98,-0.4386484884410069,2.4771201952410005,84.41666666666667
2020-12-01,Saint-Louis,Nord,D11,Restaurants et hôtels,56,83.71,-0.3215051202667407,2.1975338786472953,84.01333333333332
2021-01-01,Saint-Louis,Nord,D11,Restaurants et hôtels,56,84.11,0.4778401624656592,1.9268056228793018,83.93333333333334
2021-02-01,Saint-Louis,Nord,D11,Restaurants et hôtels,56,84.83,0.856021876114621,1.9223837558572487,84.21666666666665
2021-03-01,Saint-Louis,Nord,D11,Restaurants et hôtels,56,85.4,0.6719320994931222,2.2020105313547145,84.78000000000002
2021-04-01,Saint-Louis,Nord,D11,Restaurants et hôtels,56,85.77,0.43325526932083136,1.8162393162393098,85.33333333333333
2021-05-01,Saint-Louis,Nord,D11,Restaurants et hôtels,56,86.51,0.8627725311880718,2.3786982248520827,85.89333333333333
2021-06-01,Saint-Louis,Nord,D11,Restaurants et hôtels,56,86.93,0.4854930065888441,1.8154134457718518,86.40333333333332
2021-07-01,Saint-Louis,Nord,D11,Restaurants et hôtels,56,87.16,0.2645806971126152,2.025049748331953,86.86666666666667
2021-08-01,Saint-Louis,Nord,D11,Restaurants et hôtels,56,87.02,-0.16062413951354326,2.1841240018788177,87.03666666666668
2021-09-01,Saint-Louis,Nord,D11,Restaurants et hôtels,56,86.82,-0.2298322224775995,2.23739990579368,87.0
2021-10-01,Saint-Louis,Nord,D11,Restaurants et hôtels,56,86.82,0.0,2.9282750444576067,86.88666666666666
2021-11-01,Saint-Louis,Nord,D11,Restaurants et hôtels,56,86.43,-0.44920525224600993,2.9173612764944012,86.69
2021-12-01,Saint-Louis,Nord,D11,Restaurants et hôtels,56,86.56,0.15041073701260732,3.404611157567805,86.60333333333334
2022-01-01,Saint-Louis,Nord,D11,Restaurants et hôtels,56,88.24,1.9408502772643166,4.910236594935191,87.07666666666667
2022-02-01,Saint-Louis,Nord,D11,Restaurants et hôtels,56,89.42,1.3372620126926638,5.4108216432865675,88.07333333333334
2022-03-01,Saint-Louis,Nord,D11,Restaurants et hôtels,56,91.2,1.9906061283829102,6.791569086651039,89.62
2022-04-01,Saint-Louis,Nord,D11,Restaurants et hôtels,56,92.72,1.6666666666666607,8.103066340212205,91.11333333333333
2022-05-01,Saint-Louis,Nord,D11,Restaurants et hôtels,56,94.33,1.7364106988783323,9.039417408392092,92.75
2022-06-01,Saint-Louis,Nord,D11,Restaurants et hôtels,56,95.73,1.4841513834411124,10.123087541700215,94.26
2022-07-01,Saint-Louis,Nord,D11,Restaurants et hôtels,56,96.38,0.6789930011490641,10.578246902248733,95.48
2022-08-01,Saint-Louis,Nord,D11,Restaurants et hôtels,56,97.19,0.8404233243411552,11.68696851298552,96.43333333333334
2022-09-01,Saint-Louis,Nord,D11,Restaurants et hôtels,56,97.74,0.5659018417532691,12.577747062888744,97.10333333333331
2022-10-01,Saint-Louis,Nord,D11,Restaurants et hôtels,56,98.02,0.28647431962349756,12.900253397834604,97.64999999999999
2022-11-01,Saint-Louis,Nord,D11,Restaurants et hôtels,56,98.52,0.5100999795959904,13.988198542172835,98.09333333333332
2022-12-01,Saint-Louis,Nord,D11,Restaurants et hôtels,56,96.97,-1.5732846122614719,12.026340110905732,97.83666666666666
2023-01-01,Saint-Louis,Nord,D11,Restaurants et hôtels,56,96.72,-0.2578116943384501,9.610154125113324,97.40333333333335
2023-02-01,Saint-Louis,Nord,D11,Restaurants et hôtels,56,97.18,0.4755996691480746,8.678148065309777,96.95666666666666
2023-03-01,Saint-Louis,Nord,D11,Restaurants et hôtels,56,98.01,0.8540852027166146,7.467105263157903,97.30333333333334
2023-04-01,Saint-Louis,Nord,D11,Restaurants et hôtels,56,99.43,1.4488317518620564,7.236842105263164,98.20666666666666
2023-05-01,Saint-Louis,Nord,D11,Restaurants et hôtels,56,100.16,0.7341848536658757,6.180430403901194,99.2
2023-06-01,Saint-Louis,Nord,D11,Restaurants et hôtels,56,100.85,0.6888977635782778,5.348375639820313,100.14666666666666
2023-07-01,Saint-Louis,Nord,D11,Restaurants et hôtels,56,101.24,0.3867129400099145,5.042539946046887,100.75
2023-08-01,Saint-Louis,Nord,D11,Restaurants et hôtels,56,101.18,-0.059265112603701375,4.105360633810062,101.08999999999999
2023-09-01,Saint-Louis,Nord,D11,Restaurants et hôtels,56,101.83,0.6424194504842662,4.184571311643137,101.41666666666667
2023-10-01,Saint-Louis,Nord,D11,Restaurants et hôtels,56,101.71,-0.11784346459786654,3.764537849418481,101.57333333333334
2023-11-01,Saint-Louis,Nord,D11,Restaurants et hôtels,56,102.04,0.3244518729721868,3.572878603329288,101.86
2023-12-01,Saint-Louis,Nord,D11,Restaurants et hôtels,56,99.7,-2.2932183457467725,2.815303702175931,101.15000000000002
2024-01-01,Saint-Louis,Nord,D11,Restaurants et hôtels,56,99.11,-0.591775325977939,2.4710504549214196,100.28333333333335
2024-02-01,Saint-Louis,Nord,D11,Restaurants et hôtels,56,99.29,0.18161638583393813,2.1712286478699383,99.36666666666667
2024-03-01,Saint-Louis,Nord,D11,Restaurants et hôtels,56,99.88,0.5942189545774967,1.9079685746352215,99.42666666666666
2024-04-01,Saint-Louis,Nord,D11,Restaurants et hôtels,56,100.45,0.5706848217861493,1.02584732977975,99.87333333333333
2024-05-01,Saint-Louis,Nord,D11,Restaurants et hôtels,56,101.06,0.6072672971627613,0.8985623003195053,100.46333333333332
2024-06-01,Saint-Louis,Nord,D11,Restaurants et hôtels,56,101.5,0.4353849198496018,0.6445215666831983,101.00333333333333
2024-07-01,Saint-Louis,Nord,D11,Restaurants et hôtels,56,101.68,0.1773399014778354,0.43461082576057297,101.41333333333334
2024-08-01,Saint-Louis,Nord,D11,Restaurants et hôtels,56,102.08,0.3933910306844979,0.8895038545166933,101.75333333333333
2024-09-01,Saint-Louis,Nord,D11,Restaurants et hôtels,56,101.8,-0.2742946708463978,-0.029460866149466636,101.85333333333334
2024-10-01,Saint-Louis,Nord,D11,Restaurants et hôtels,56,102.13,0.3241650294695475,0.4129387474191448,102.00333333333333
2024-11-01,Saint-Louis,Nord,D11,Restaurants et hôtels,56,102.29,0.15666307647117517,0.2450019600156894,102.07333333333334
2024-12-01,Saint-Louis,Nord,D11,Restaurants et hôtels,56,100.31,-1.9356730863231975,0.6118355065195535,101.57666666666667
2025-01-01,Saint-Louis,Nord,D11,Restaurants et hôtels,56,100.4,0.0897218622271101,1.3015840984764493,101.0
2025-02-01,Saint-Louis,Nord,D11,Restaurants et hôtels,56,100.49,0.08964143426293258,1.2085809245643953,100.39999999999999
2025-03-01,Saint-Louis,Nord,D11,Restaurants et hôtels,56,101.14,0.6468305304010435,1.2615138165799067,100.67666666666666
2025-04-01,Saint-Louis,Nord,D11,Restaurants et hôtels,56,101.72,0.5734625271900384,1.2643106022896866,101.11666666666667
2025-05-01,Saint-Louis,Nord,D11,Restaurants et hôtels,56,102.81,1.071569012976803,1.7316445675836123,101.88999999999999
2025-06-01,Saint-Louis,Nord,D11,Restaurants et hôtels,56,103.32,0.4960606944849566,1.7931034482758568,102.61666666666667
2025-07-01,Saint-Louis,Nord,D11,Restaurants et hôtels,56,103.67,0.3387533875338855,1.9571203776553858,103.26666666666667
2025-08-01,Saint-Louis,Nord,D11,Restaurants et hôtels,56,104.2,0.5112375807851954,2.0768025078369945,103.73
2025-09-01,Saint-Louis,Nord,D11,Restaurants et hôtels,56,104.545,0.3310940499040349,2.6964636542239795,104.13833333333334
2025-10-01,Saint-Louis,Nord,D11,Restaurants et hôtels,56,104.89,0.33000143478885136,2.7024380691275773,104.545
2025-11-01,Saint-Louis,Nord,D11,Restaurants et hôtels,56,105.13,0.22881113547525977,2.7764199824029667,104.855
2025-12-01,Saint-Louis,Nord,D11,Restaurants et hôtels,56,102.72,-2.2923998858556005,2.402552088525578,104.24666666666667
2026-01-01,Saint-Louis,Nord,D11,Restaurants et hôtels,56,100.08,-2.5700934579439227,-0.3187250996016022,102.64333333333333
2026-02-01,Saint-Louis,Nord,D11,Restaurants et hôtels,56,101.56,1.4788169464428513,1.0647825654294119,101.45333333333333
2026-03-01,Saint-Louis,Nord,D11,Restaurants et hôtels,56,102.39,0.8172508861756578,1.235910618944036,101.34333333333332
2026-04-01,Saint-Louis,Nord,D11,Restaurants et hôtels,56,103.27,0.8594589315362722,1.523790798269764,102.40666666666668
2026-05-01,Saint-Louis,Nord,D11,Restaurants et hôtels,56,103.72,0.4357509441270446,0.8851279058457395,103.12666666666667
2018-01-01,Thiès,Centre-Ouest,D11,Restaurants et hôtels,56,81.44,,,81.44
2018-02-01,Thiès,Centre-Ouest,D11,Restaurants et hôtels,56,81.33,-0.13506876227897813,,81.38499999999999
2018-03-01,Thiès,Centre-Ouest,D11,Restaurants et hôtels,56,81.5,0.20902496003933901,,81.42333333333333
2018-04-01,Thiès,Centre-Ouest,D11,Restaurants et hôtels,56,82.0,0.6134969325153339,,81.61
2018-05-01,Thiès,Centre-Ouest,D11,Restaurants et hôtels,56,82.06,0.07317073170731714,,81.85333333333334
2018-06-01,Thiès,Centre-Ouest,D11,Restaurants et hôtels,56,82.36,0.3655861564708651,,82.14
2018-07-01,Thiès,Centre-Ouest,D11,Restaurants et hôtels,56,82.41,0.06070908207866932,,82.27666666666667
2018-08-01,Thiès,Centre-Ouest,D11,Restaurants et hôtels,56,82.55,0.1698822958378754,,82.44
2018-09-01,Thiès,Centre-Ouest,D11,Restaurants et hôtels,56,82.09,-0.5572380375529873,,82.35000000000001
2018-10-01,Thiès,Centre-Ouest,D11,Restaurants et hôtels,56,81.54,-0.6699963454744773,,82.06
2018-11-01,Thiès,Centre-Ouest,D11,Restaurants et hôtels,56,81.61,0.08584743684081353,,81.74666666666667
2018-12-01,Thiès,Centre-Ouest,D11,Restaurants et hôtels,56,81.27,-0.41661561083200516,,81.47333333333334
2019-01-01,Thiès,Centre-Ouest,D11,Restaurants et hôtels,56,81.94,0.824412452319434,0.6139489194499026,81.60666666666667
2019-02-01,Thiès,Centre-Ouest,D11,Restaurants et hôtels,56,82.04,0.12204051745179356,0.8729865978113871,81.75
2019-03-01,Thiès,Centre-Ouest,D11,Restaurants et hôtels,56,82.28,0.29254022428082394,0.9570552147239342,82.08666666666666
2019-04-01,Thiès,Centre-Ouest,D11,Restaurants et hôtels,56,82.75,0.5712202236266339,0.9146341463414531,82.35666666666667
2019-05-01,Thiès,Centre-Ouest,D11,Restaurants et hôtels,56,82.79,0.04833836858006979,0.8895929807458014,82.60666666666667
2019-06-01,Thiès,Centre-Ouest,D11,Restaurants et hôtels,56,83.09,0.36236260417925603,0.8863525983487275,82.87666666666668
2019-07-01,Thiès,Centre-Ouest,D11,Restaurants et hôtels,56,83.39,0.36105427849320026,1.1891760708651944,83.08999999999999
2019-08-01,Thiès,Centre-Ouest,D11,Restaurants et hôtels,56,83.13,-0.3117879841707749,0.702604482132041,83.20333333333333
2019-09-01,Thiès,Centre-Ouest,D11,Restaurants et hôtels,56,82.77,-0.4330566582461226,0.8283591180411554,83.09666666666666
2019-10-01,Thiès,Centre-Ouest,D11,Restaurants et hôtels,56,82.74,-0.03624501631025456,1.471670345842524,82.88
2019-11-01,Thiès,Centre-Ouest,D11,Restaurants et hôtels,56,82.5,-0.29006526468454696,1.0905526283543798,82.67
2019-12-01,Thiès,Centre-Ouest,D11,Restaurants et hôtels,56,82.14,-0.43636363636363473,1.0705057216685132,82.46
2020-01-01,Thiès,Centre-Ouest,D11,Restaurants et hôtels,56,82.95,0.9861212563915256,1.232609226263115,82.52999999999999
2020-02-01,Thiès,Centre-Ouest,D11,Restaurants et hôtels,56,83.63,0.8197709463532155,1.9380789858605363,82.90666666666665
2020-03-01,Thiès,Centre-Ouest,D11,Restaurants et hôtels,56,83.82,0.2271911993303899,1.8716577540106805,83.46666666666665
2020-04-01,Thiès,Centre-Ouest,D11,Restaurants et hôtels,56,84.64,0.9782868050584703,2.283987915407848,84.03
2020-05-01,Thiès,Centre-Ouest,D11,Restaurants et hôtels,56,85.04,0.4725897920605071,2.7177195313443647,84.5
2020-06-01,Thiès,Centre-Ouest,D11,Restaurants et hôtels,56,85.47,0.5056444026340534,2.864363942712722,85.05
2020-07-01,Thiès,Centre-Ouest,D11,Restaurants et hôtels,56,85.7,0.2691002691002753,2.770116320901783,85.40333333333335
2020-08-01,Thiès,Centre-Ouest,D11,Restaurants et hôtels,56,85.57,-0.15169194865811697,2.935161794779262,85.58
2020-09-01,Thiès,Centre-Ouest,D11,Restaurants et hôtels,56,85.2,-0.43239453079348955,2.935846321130864,85.49000000000001
2020-10-01,Thiès,Centre-Ouest,D11,Restaurants et hôtels,56,84.97,-0.2699530516432014,2.695189751027316,85.24666666666667
2020-11-01,Thiès,Centre-Ouest,D11,Restaurants et hôtels,56,84.46,-0.600211839472764,2.3757575757575644,84.87666666666667
2020-12-01,Thiès,Centre-Ouest,D11,Restaurants et hôtels,56,84.36,-0.11839924224483767,2.7027027027026973,84.59666666666668
2021-01-01,Thiès,Centre-Ouest,D11,Restaurants et hôtels,56,84.84,0.5689900426742556,2.278481012658218,84.55333333333333
2021-02-01,Thiès,Centre-Ouest,D11,Restaurants et hôtels,56,85.08,0.28288543140027045,1.7338275738371323,84.76
2021-03-01,Thiès,Centre-Ouest,D11,Restaurants et hôtels,56,85.57,0.5759285378467371,2.0878072059174357,85.16333333333334
2021-04-01,Thiès,Centre-Ouest,D11,Restaurants et hôtels,56,86.06,0.5726305948346555,1.677693761814747,85.57
2021-05-01,Thiès,Centre-Ouest,D11,Restaurants et hôtels,56,86.9,0.9760632117127521,2.187206020696153,86.17666666666666
2021-06-01,Thiès,Centre-Ouest,D11,Restaurants et hôtels,56,87.3,0.4602991944764101,2.141102141102147,86.75333333333333
2021-07-01,Thiès,Centre-Ouest,D11,Restaurants et hôtels,56,87.18,-0.13745704467352793,1.7269544924154,87.12666666666667
2021-08-01,Thiès,Centre-Ouest,D11,Restaurants et hôtels,56,87.41,0.26382197751777525,2.1502863152974117,87.29666666666667
2021-09-01,Thiès,Centre-Ouest,D11,Restaurants et hôtels,56,87.2,-0.2402471113144844,2.3474178403755763,87.26333333333332
2021-10-01,Thiès,Centre-Ouest,D11,Restaurants et hôtels,56,87.28,0.09174311926605228,2.7186065670236514,87.29666666666667
2021-11-01,Thiès,Centre-Ouest,D11,Restaurants et hôtels,56,86.62,-0.7561869844179614,2.5574236324887645,87.03333333333335
2021-12-01,Thiès,Centre-Ouest,D11,Restaurants et hôtels,56,86.51,-0.12699145693835234,2.5486012328117758,86.80333333333334
2022-01-01,Thiès,Centre-Ouest,D11,Restaurants et hôtels,56,88.72,2.5546179632412347,4.573314474304557,87.28333333333335
2022-02-01,Thiès,Centre-Ouest,D11,Restaurants et hôtels,56,90.03,1.4765554553652027,5.818053596614958,88.42
2022-03-01,Thiès,Centre-Ouest,D11,Restaurants et hôtels,56,91.19,1.2884594024214158,6.5677223325931955,89.98
2022-04-01,Thiès,Centre-Ouest,D11,Restaurants et hôtels,56,92.75,1.7107138940673394,7.7736462932837425,91.32333333333332
2022-05-01,Thiès,Centre-Ouest,D11,Restaurants et hôtels,56,94.48,1.8652291105121233,8.722669735327958,92.80666666666667
2022-06-01,Thiès,Centre-Ouest,D11,Restaurants et hôtels,56,95.35,0.9208298052497677,9.221076746849931,94.19333333333334
2022-07-01,Thiès,Centre-Ouest,D11,Restaurants et hôtels,56,96.31,1.0068169900367074,10.472585455379658,95.38
2022-08-01,Thiès,Centre-Ouest,D11,Restaurants et hôtels,56,97.25,0.976014951718418,11.257293215879205,96.30333333333333
2022-09-01,Thiès,Centre-Ouest,D11,Restaurants et hôtels,56,98.06,0.8329048843187747,12.454128440366974,97.20666666666666
2022-10-01,Thiès,Centre-Ouest,D11,Restaurants et hôtels,56,98.19,0.13257189475830433,12.5,97.83333333333333
2022-11-01,Thiès,Centre-Ouest,D11,Restaurants et hôtels,56,98.61,0.4277421326000619,13.842068806280295,98.28666666666668
2022-12-01,Thiès,Centre-Ouest,D11,Restaurants et hôtels,56,97.04,-1.5921306155562198,12.172003236620043,97.94666666666667
2023-01-01,Thiès,Centre-Ouest,D11,Restaurants et hôtels,56,97.09,0.051525144270403445,9.434174932371509,97.58
2023-02-01,Thiès,Centre-Ouest,D11,Restaurants et hôtels,56,97.37,0.2883922134102379,8.152837942907931,97.16666666666667
2023-03-01,Thiès,Centre-Ouest,D11,Restaurants et hôtels,56,98.29,0.9448495429803749,7.785941440947486,97.58333333333333
2023-04-01,Thiès,Centre-Ouest,D11,Restaurants et hôtels,56,99.48,1.2107030216705672,7.256064690026953,98.38
2023-05-01,Thiès,Centre-Ouest,D11,Restaurants et hôtels,56,99.94,0.4624045034177682,5.7790008467400344,99.23666666666668
2023-06-01,Thiès,Centre-Ouest,D11,Restaurants et hôtels,56,101.08,1.1406844106463865,6.009438909281606,100.16666666666667
2023-07-01,Thiès,Centre-Ouest,D11,Restaurants et hôtels,56,101.08,0.0,4.952756723081708,100.7
2023-08-01,Thiès,Centre-Ouest,D11,Restaurants et hôtels,56,101.38,0.2967946181242631,4.246786632390731,101.17999999999999
2023-09-01,Thiès,Centre-Ouest,D11,Restaurants et hôtels,56,101.53,0.14795817715527182,3.5386498062410787,101.33
2023-10-01,Thiès,Centre-Ouest,D11,Restaurants et hôtels,56,101.57,0.039397222495796136,3.4423057337814367,101.49333333333334
2023-11-01,Thiès,Centre-Ouest,D11,Restaurants et hôtels,56,101.62,0.04922713399626577,3.0524287597606836,101.57333333333334
2023-12-01,Thiès,Centre-Ouest,D11,Restaurants et hôtels,56,99.75,-1.8401889391852055,2.7926628194558933,100.98
2024-01-01,Thiès,Centre-Ouest,D11,Restaurants et hôtels,56,99.08,-0.6716791979949899,2.0496446595941853,100.14999999999999
2024-02-01,Thiès,Centre-Ouest,D11,Restaurants et hôtels,56,99.25,0.17157852240614613,1.9307795008729478,99.36
2024-03-01,Thiès,Centre-Ouest,D11,Restaurants et hôtels,56,99.77,0.5239294710327469,1.5057482958591883,99.36666666666667
2024-04-01,Thiès,Centre-Ouest,D11,Restaurants et hôtels,56,100.42,0.6514984464267792,0.9449135504624007,99.81333333333333
2024-05-01,Thiès,Centre-Ouest,D11,Restaurants et hôtels,56,100.79,0.36845249950210324,0.8505103061837271,100.32666666666667
2024-06-01,Thiès,Centre-Ouest,D11,Restaurants et hôtels,56,101.51,0.7143565829943466,0.4254056193114364,100.90666666666668
2024-07-01,Thiès,Centre-Ouest,D11,Restaurants et hôtels,56,101.79,0.2758348931139798,0.7024139295607412,101.36333333333334
2024-08-01,Thiès,Centre-Ouest,D11,Restaurants et hôtels,56,102.13,0.3340210236761898,0.7397908857762925,101.81
2024-09-01,Thiès,Centre-Ouest,D11,Restaurants et hôtels,56,101.83,-0.29374326838342846,0.29547916871859314,101.91666666666667
2024-10-01,Thiès,Centre-Ouest,D11,Restaurants et hôtels,56,102.0,0.16694490818029983,0.4233533523678279,101.98666666666666
2024-11-01,Thiès,Centre-Ouest,D11,Restaurants et hôtels,56,102.34,0.33333333333334103,0.7085219444991075,102.05666666666667
2024-12-01,Thiès,Centre-Ouest,D11,Restaurants et hôtels,56,100.37,-1.924956028923197,0.6215538847117896,101.57000000000001
2025-01-01,Thiès,Centre-Ouest,D11,Restaurants et hôtels,56,99.81,-0.5579356381388845,0.7367783609204759,100.84000000000002
2025-02-01,Thiès,Centre-Ouest,D11,Restaurants et hôtels,56,100.37,0.5610660254483646,1.1284634760705403,100.18333333333334
2025-03-01,Thiès,Centre-Ouest,D11,Restaurants et hôtels,56,101.21,0.8369034572083267,1.4433196351608668,100.46333333333332
2025-04-01,Thiès,Centre-Ouest,D11,Restaurants et hôtels,56,101.78,0.5631854559826177,1.3543118900617435,101.12
2025-05-01,Thiès,Centre-Ouest,D11,Restaurants et hôtels,56,102.66,0.8646099430143384,1.8553427919436372,101.88333333333333
2025-06-01,Thiès,Centre-Ouest,D11,Restaurants et hôtels,56,103.41,0.7305669199298759,1.871736774701982,102.61666666666667
2025-07-01,Thiès,Centre-Ouest,D11,Restaurants et hôtels,56,103.98,0.5512039454598217,2.151488358384901,103.35000000000001
2025-08-01,Thiès,Centre-Ouest,D11,Restaurants et hôtels,56,103.96,-0.01923446816696206,1.7918339371389314,103.78333333333335
2025-09-01,Thiès,Centre-Ouest,D11,Restaurants et hôtels,56,104.09,0.12504809542133177,2.2193852499263533,104.00999999999999
2025-10-01,Thiès,Centre-Ouest,D11,Restaurants et hôtels,56,104.37,0.26899798251514007,2.323529411764702,104.13999999999999
2025-11-01,Thiès,Centre-Ouest,D11,Restaurants et hôtels,56,104.7,0.31618281115262103,2.3060386945475964,104.38666666666667
2025-12-01,Thiès,Centre-Ouest,D11,Restaurants et hôtels,56,102.73,-1.8815663801337146,2.3513001892995877,103.93333333333334
2026-01-01,Thiès,Centre-Ouest,D11,Restaurants et hôtels,56,100.25,-2.4140952010123673,0.44083759142370393,102.56
2026-02-01,Thiès,Centre-Ouest,D11,Restaurants et hôtels,56,101.05,0.7980049875311757,0.6774932748829343,101.34333333333335
2026-03-01,Thiès,Centre-Ouest,D11,Restaurants et hôtels,56,102.37,1.3062840178129642,1.146131805157613,101.22333333333334
2026-04-01,Thiès,Centre-Ouest,D11,Restaurants et hôtels,56,102.96,0.5763407248217112,1.1593633326783204,102.12666666666667
2026-05-01,Thiès,Centre-Ouest,D11,Restaurants et hôtels,56,103.65,0.6701631701631738,0.9643483343074299,102.99333333333334
2018-01-01,Dakar,Ouest,D12,Biens et services divers,63,85.39,,,85.39
2018-02-01,Dakar,Ouest,D12,Biens et services divers,63,85.63,0.28106335636490787,,85.50999999999999
2018-03-01,Dakar,Ouest,D12,Biens et services divers,63,85.68,0.058390750905079614,,85.56666666666666
2018-04-01,Dakar,Ouest,D12,Biens et services divers,63,86.11,0.5018674136321177,,85.80666666666667
2018-05-01,Dakar,Ouest,D12,Biens et services divers,63,86.03,-0.09290442457321468,,85.94000000000001
2018-06-01,Dakar,Ouest,D12,Biens et services divers,63,86.35,0.37196326862720674,,86.16333333333334
2018-07-01,Dakar,Ouest,D12,Biens et services divers,63,86.26,-0.10422698320786683,,86.21333333333332
2018-08-01,Dakar,Ouest,D12,Biens et services divers,63,86.3,0.046371435195902144,,86.30333333333333
2018-09-01,Dakar,Ouest,D12,Biens et services divers,63,85.99,-0.35921205098493614,,86.18333333333334
2018-10-01,Dakar,Ouest,D12,Biens et services divers,63,85.84,-0.17443888824281162,,86.04333333333334
2018-11-01,Dakar,Ouest,D12,Biens et services divers,63,85.63,-0.2446411929170611,,85.82
2018-12-01,Dakar,Ouest,D12,Biens et services divers,63,85.4,-0.2685974541632441,,85.62333333333333
2019-01-01,Dakar,Ouest,D12,Biens et services divers,63,86.06,0.7728337236533989,0.7846352031853909,85.69666666666667
2019-02-01,Dakar,Ouest,D12,Biens et services divers,63,86.14,0.09295840111549492,0.59558565923159,85.86666666666667
2019-03-01,Dakar,Ouest,D12,Biens et services divers,63,86.32,0.20896215463197532,0.7469654528477809,86.17333333333333
2019-04-01,Dakar,Ouest,D12,Biens et services divers,63,86.68,0.41705282669139976,0.6619440250841935,86.38
2019-05-01,Dakar,Ouest,D12,Biens et services divers,63,86.91,0.2653437932625735,1.0228989887248519,86.63666666666666
2019-06-01,Dakar,Ouest,D12,Biens et services divers,63,86.83,-0.09204924634679257,0.5558772437753268,86.80666666666667
2019-07-01,Dakar,Ouest,D12,Biens et services divers,63,86.99,0.18426811010019417,0.8462786923255194,86.91000000000001
2019-08-01,Dakar,Ouest,D12,Biens et services divers,63,86.8,-0.21841590987469184,0.5793742757821629,86.87333333333333
2019-09-01,Dakar,Ouest,D12,Biens et services divers,63,86.72,-0.09216589861751334,0.8489359227817239,86.83666666666666
2019-10-01,Dakar,Ouest,D12,Biens et services divers,63,86.42,-0.34594095940959635,0.6756756756756799,86.64666666666666
2019-11-01,Dakar,Ouest,D12,Biens et services divers,63,86.49,0.08099976857207647,1.0043209155669697,86.54333333333334
2019-12-01,Dakar,Ouest,D12,Biens et services divers,63,86.18,-0.35842293906808154,0.9133489461358391,86.36333333333334
2020-01-01,Dakar,Ouest,D12,Biens et services divers,63,86.94,0.8818751450452522,1.0225424122705107,86.53666666666668
2020-02-01,Dakar,Ouest,D12,Biens et services divers,63,87.39,0.5175983436852993,1.4511260738332865,86.83666666666666
2020-03-01,Dakar,Ouest,D12,Biens et services divers,63,87.31,-0.0915436548804216,1.146895273401305,87.21333333333332
2020-04-01,Dakar,Ouest,D12,Biens et services divers,63,87.75,0.5039514374069354,1.2344254730041415,87.48333333333333
2020-05-01,Dakar,Ouest,D12,Biens et services divers,63,88.53,0.8888888888888946,1.863997238522619,87.86333333333334
2020-06-01,Dakar,Ouest,D12,Biens et services divers,63,88.78,0.28239015023157066,2.2457675918461373,88.35333333333334
2020-07-01,Dakar,Ouest,D12,Biens et services divers,63,88.91,0.14642937598556838,2.2071502471548543,88.74000000000001
2020-08-01,Dakar,Ouest,D12,Biens et services divers,63,88.58,-0.3711618490608415,2.050691244239622,88.75666666666666
2020-09-01,Dakar,Ouest,D12,Biens et services divers,63,88.53,-0.05644615037254663,2.087177121771222,88.67333333333333
2020-10-01,Dakar,Ouest,D12,Biens et services divers,63,88.52,-0.011295606009265047,2.4299930571626938,88.54333333333334
2020-11-01,Dakar,Ouest,D12,Biens et services divers,63,88.1,-0.4744690465431578,1.8614868770956194,88.38333333333333
2020-12-01,Dakar,Ouest,D12,Biens et services divers,63,87.81,-0.3291713961407372,1.8913901137154632,88.14333333333332
2021-01-01,Dakar,Ouest,D12,Biens et services divers,63,88.18,0.4213643093041952,1.4262709914883986,88.03000000000002
2021-02-01,Dakar,Ouest,D12,Biens et services divers,63,88.46,0.31753232025402145,1.2243963840256278,88.14999999999999
2021-03-01,Dakar,Ouest,D12,Biens et services divers,63,88.61,0.1695681664029003,1.4889474287023141,88.41666666666667
2021-04-01,Dakar,Ouest,D12,Biens et services divers,63,89.24000000000001,0.7109807019523906,1.6980056980057112,88.77
2021-05-01,Dakar,Ouest,D12,Biens et services divers,63,89.87,0.7059614522635593,1.513611205241161,89.24000000000001
2021-06-01,Dakar,Ouest,D12,Biens et services divers,63,89.91,0.04450873483921036,1.2728091912592943,89.67333333333333
2021-07-01,Dakar,Ouest,D12,Biens et services divers,63,90.14,0.25581136692247597,1.3834214374086162,89.97333333333334
2021-08-01,Dakar,Ouest,D12,Biens et services divers,63,90.08,-0.0665631240292952,1.6933845111763324,90.04333333333334
2021-09-01,Dakar,Ouest,D12,Biens et services divers,63,90.0,-0.0888099467140302,1.6604540833615733,90.07333333333334
2021-10-01,Dakar,Ouest,D12,Biens et services divers,63,89.97,-0.03333333333332966,1.6380478987799485,90.01666666666667
2021-11-01,Dakar,Ouest,D12,Biens et services divers,63,89.53,-0.4890519061909515,1.6231555051078317,89.83333333333333
2021-12-01,Dakar,Ouest,D12,Biens et services divers,63,89.81,0.31274433150898506,2.277644915157717,89.77
2022-01-01,Dakar,Ouest,D12,Biens et services divers,63,91.3,1.6590580113573061,3.538217282830569,90.21333333333332
2022-02-01,Dakar,Ouest,D12,Biens et services divers,63,92.15,0.9309967141292619,4.171376893511214,91.08666666666666
2022-03-01,Dakar,Ouest,D12,Biens et services divers,63,92.95,0.8681497558328699,4.897867057894145,92.13333333333333
2022-04-01,Dakar,Ouest,D12,Biens et services divers,63,94.33,1.4846691769768716,5.703720304796045,93.14333333333333
2022-05-01,Dakar,Ouest,D12,Biens et services divers,63,95.82,1.5795611152337408,6.620674307332797,94.36666666666667
2022-06-01,Dakar,Ouest,D12,Biens et services divers,63,96.22,0.4174493842621585,7.018129240351456,95.45666666666666
2022-07-01,Dakar,Ouest,D12,Biens et services divers,63,97.26,1.080856370816874,7.898824051475484,96.43333333333334
2022-08-01,Dakar,Ouest,D12,Biens et services divers,63,97.71,0.4626773596545286,8.4702486678508,97.06333333333333
2022-09-01,Dakar,Ouest,D12,Biens et services divers,63,98.45,0.757343158325674,9.388888888888891,97.80666666666666
2022-10-01,Dakar,Ouest,D12,Biens et services divers,63,98.6,0.1523616048755727,9.592086250972542,98.25333333333333
2022-11-01,Dakar,Ouest,D12,Biens et services divers,63,99.06,0.46653144016228776,10.644476711716756,98.70333333333333
2022-12-01,Dakar,Ouest,D12,Biens et services divers,63,97.76,-1.3123359580052507,8.85202093308095,98.47333333333334
2023-01-01,Dakar,Ouest,D12,Biens et services divers,63,97.86,0.10229132569556931,7.185104052573932,98.22666666666667
2023-02-01,Dakar,Ouest,D12,Biens et services divers,63,98.06,0.2043735949315284,6.413456321215416,97.89333333333333
2023-03-01,Dakar,Ouest,D12,Biens et services divers,63,98.76,0.7138486640832165,6.2506724045185535,98.22666666666667
2023-04-01,Dakar,Ouest,D12,Biens et services divers,63,99.15,0.3948967193195596,5.109721191561545,98.65666666666668
2023-05-01,Dakar,Ouest,D12,Biens et services divers,63,100.26,1.1195158850226816,4.633688165309979,99.39
2023-06-01,Dakar,Ouest,D12,Biens et services divers,63,100.52,0.2593257530420834,4.468925379339006,99.97666666666667
2023-07-01,Dakar,Ouest,D12,Biens et services divers,63,100.79,0.268603263032241,3.6294468435122296,100.52333333333333
2023-08-01,Dakar,Ouest,D12,Biens et services divers,63,100.99,0.19843238416508147,3.356872377443465,100.76666666666667
2023-09-01,Dakar,Ouest,D12,Biens et services divers,63,100.94,-0.04950985246063855,2.5292026409344803,100.90666666666668
2023-10-01,Dakar,Ouest,D12,Biens et services divers,63,101.37,0.4259956409748522,2.809330628803264,101.10000000000001
2023-11-01,Dakar,Ouest,D12,Biens et services divers,63,101.57,0.1972970306796773,2.533817888148593,101.29333333333334
2023-12-01,Dakar,Ouest,D12,Biens et services divers,63,99.89,-1.6540317022742834,2.1788052373158617,100.94333333333333
2024-01-01,Dakar,Ouest,D12,Biens et services divers,63,99.0,-0.8909800780858901,1.1649294911097563,100.15333333333332
2024-02-01,Dakar,Ouest,D12,Biens et services divers,63,99.46,0.46464646464645654,1.4276973281664107,99.44999999999999
2024-03-01,Dakar,Ouest,D12,Biens et services divers,63,99.94,0.4826060727930903,1.1948157148643057,99.46666666666665
2024-04-01,Dakar,Ouest,D12,Biens et services divers,63,99.95,0.010006003602169855,0.8068582955118586,99.78333333333335
2024-05-01,Dakar,Ouest,D12,Biens et services divers,63,100.5,0.5502751375687787,0.2393776181927043,100.13
2024-06-01,Dakar,Ouest,D12,Biens et services divers,63,101.13,0.6268656716417853,0.6068444090728153,100.52666666666669
2024-07-01,Dakar,Ouest,D12,Biens et services divers,63,101.24,0.10877088895480114,0.44647286437144995,100.95666666666666
2024-08-01,Dakar,Ouest,D12,Biens et services divers,63,101.33,0.08889766890558537,0.3366669967323599,101.23333333333333
2024-09-01,Dakar,Ouest,D12,Biens et services divers,63,101.7,0.36514359024968357,0.7529225282346008,101.42333333333333
2024-10-01,Dakar,Ouest,D12,Biens et services divers,63,101.67,-0.02949852507374562,0.29594554601952705,101.56666666666666
2024-11-01,Dakar,Ouest,D12,Biens et services divers,63,101.86,0.18687911871742013,0.2855173771783015,101.74333333333334
2024-12-01,Dakar,Ouest,D12,Biens et services divers,63,100.66,-1.178087571176123,0.7708479327259932,101.39666666666666
2025-01-01,Dakar,Ouest,D12,Biens et services divers,63,99.93,-0.7252135903039858,0.939393939393951,100.81666666666666
2025-02-01,Dakar,Ouest,D12,Biens et services divers,63,100.24,0.3102171520063868,0.7842348682887579,100.27666666666666
2025-03-01,Dakar,Ouest,D12,Biens et services divers,63,100.93,0.6883479648842838,0.9905943566139719,100.36666666666667
2025-04-01,Dakar,Ouest,D12,Biens et services divers,63,101.5,0.5647478450411025,1.5507753876938368,100.89
2025-05-01,Dakar,Ouest,D12,Biens et services divers,63,101.94,0.43349753694581494,1.4328358208955283,101.45666666666666
2025-06-01,Dakar,Ouest,D12,Biens et services divers,63,102.35,0.40219737100255504,1.206368041135164,101.92999999999999
2025-07-01,Dakar,Ouest,D12,Biens et services divers,63,103.19,0.8207132388861726,1.9261161596207055,102.49333333333334
2025-08-01,Dakar,Ouest,D12,Biens et services divers,63,103.36333333333333,0.16797493297153743,2.0066449554261734,102.96777777777777
2025-09-01,Dakar,Ouest,D12,Biens et services divers,63,103.53666666666666,0.1676932503466677,1.8059652572926854,103.36333333333333
2025-10-01,Dakar,Ouest,D12,Biens et services divers,63,103.71,0.1674125108657165,2.0064915904396408,103.53666666666668
2025-11-01,Dakar,Ouest,D12,Biens et services divers,63,103.77,0.057853630315296556,1.8751227174553353,103.67222222222222
2025-12-01,Dakar,Ouest,D12,Biens et services divers,63,102.26,-1.4551411776043133,1.5895092390224574,103.24666666666667
2026-01-01,Dakar,Ouest,D12,Biens et services divers,63,100.34,-1.8775669861138322,0.4102872010407266,102.12333333333333
2026-02-01,Dakar,Ouest,D12,Biens et services divers,63,100.77,0.4285429539565344,0.5287310454908267,101.12333333333333
2026-03-01,Dakar,Ouest,D12,Biens et services divers,63,101.95,1.1709834276074194,1.01060140691569,101.02
2026-04-01,Dakar,Ouest,D12,Biens et services divers,63,102.61,0.6473761647866505,1.0935960591132998,101.77666666666666
2026-05-01,Dakar,Ouest,D12,Biens et services divers,63,102.84,0.22414969301238763,0.8828722778104758,102.46666666666668
2018-01-01,Diourbel,Centre,D12,Biens et services divers,63,83.76,,,83.76
2018-02-01,Diourbel,Centre,D12,Biens et services divers,63,83.86,0.11938872970391756,,83.81
2018-03-01,Diourbel,Centre,D12,Biens et services divers,63,84.07,0.25041736227044975,,83.89666666666666
2018-04-01,Diourbel,Centre,D12,Biens et services divers,63,84.3,0.2735815391935237,,84.07666666666667
2018-05-01,Diourbel,Centre,D12,Biens et services divers,63,84.61,0.36773428232503846,,84.32666666666667
2018-06-01,Diourbel,Centre,D12,Biens et services divers,63,84.85,0.2836544143718145,,84.58666666666666
2018-07-01,Diourbel,Centre,D12,Biens et services divers,63,84.96,0.12964054213318033,,84.80666666666666
2018-08-01,Diourbel,Centre,D12,Biens et services divers,63,84.79,-0.20009416195855279,,84.86666666666666
2018-09-01,Diourbel,Centre,D12,Biens et services divers,63,84.52,-0.31843377756811675,,84.75666666666666
2018-10-01,Diourbel,Centre,D12,Biens et services divers,63,84.09,-0.5087553241836185,,84.46666666666668
2018-11-01,Diourbel,Centre,D12,Biens et services divers,63,84.14,0.05946010227138032,,84.25
2018-12-01,Diourbel,Centre,D12,Biens et services divers,63,83.99,-0.17827430473021932,,84.07333333333334
2019-01-01,Diourbel,Centre,D12,Biens et services divers,63,84.52,0.6310275032741952,0.9073543457497557,84.21666666666665
2019-02-01,Diourbel,Centre,D12,Biens et services divers,63,84.85,0.3904401325130147,1.180538993560698,84.45333333333333
2019-03-01,Diourbel,Centre,D12,Biens et services divers,63,84.95,0.11785503830290534,1.046746758653505,84.77333333333333
2019-04-01,Diourbel,Centre,D12,Biens et services divers,63,85.16,0.24720423778692435,1.0201660735468465,84.98666666666666
2019-05-01,Diourbel,Centre,D12,Biens et services divers,63,85.2,0.046970408642565964,0.6973171019974078,85.10333333333334
2019-06-01,Diourbel,Centre,D12,Biens et services divers,63,85.44,0.28169014084507005,0.695344725987046,85.26666666666667
2019-07-01,Diourbel,Centre,D12,Biens et services divers,63,85.55,0.1287453183520526,0.694444444444442,85.39666666666666
2019-08-01,Diourbel,Centre,D12,Biens et services divers,63,85.4,-0.17533606078316,0.7194244604316502,85.46333333333332
2019-09-01,Diourbel,Centre,D12,Biens et services divers,63,85.38,-0.02341920374708817,1.0175106483672591,85.44333333333333
2019-10-01,Diourbel,Centre,D12,Biens et services divers,63,85.12,-0.30452096509719917,1.2248781067903503,85.3
2019-11-01,Diourbel,Centre,D12,Biens et services divers,63,84.7,-0.49342105263158187,0.6655574043261225,85.06666666666668
2019-12-01,Diourbel,Centre,D12,Biens et services divers,63,85.155,0.5371900826446341,1.3870698892725297,84.99166666666666
2020-01-01,Diourbel,Centre,D12,Biens et services divers,63,85.61,0.5343197698314928,1.2896355892096478,85.15500000000002
2020-02-01,Diourbel,Centre,D12,Biens et services divers,63,85.66,0.05840439201028058,0.9546258102533844,85.47500000000001
2020-03-01,Diourbel,Centre,D12,Biens et services divers,63,86.28,0.7237917347653555,1.5656268393172468,85.85000000000001
2020-04-01,Diourbel,Centre,D12,Biens et services divers,63,86.79,0.5910987482614871,1.9140441521841245,86.24333333333334
2020-05-01,Diourbel,Centre,D12,Biens et services divers,63,87.34,0.6337135614702172,2.511737089201871,86.80333333333334
2020-06-01,Diourbel,Centre,D12,Biens et services divers,63,87.55,0.24043966109457138,2.469569288389506,87.22666666666667
2020-07-01,Diourbel,Centre,D12,Biens et services divers,63,87.81,0.2969731581953239,2.64172998246639,87.56666666666666
2020-08-01,Diourbel,Centre,D12,Biens et services divers,63,87.6,-0.23915271609157296,2.5761124121779666,87.65333333333332
2020-09-01,Diourbel,Centre,D12,Biens et services divers,63,87.16,-0.5022831050228271,2.084797376434766,87.52333333333333
2020-10-01,Diourbel,Centre,D12,Biens et services divers,63,86.84,-0.36714089031665287,2.0206766917293173,87.19999999999999
2020-11-01,Diourbel,Centre,D12,Biens et services divers,63,86.87,0.03454629203132331,2.5619834710743916,86.95666666666666
2020-12-01,Diourbel,Centre,D12,Biens et services divers,63,86.66,-0.2417405318291821,1.7673653925195154,86.79
2021-01-01,Diourbel,Centre,D12,Biens et services divers,63,87.04,0.4384952688668564,1.6703656114939847,86.85666666666668
2021-02-01,Diourbel,Centre,D12,Biens et services divers,63,87.5,0.5284926470588092,2.148027083819759,87.06666666666668
2021-03-01,Diourbel,Centre,D12,Biens et services divers,63,87.86,0.4114285714285737,1.831247102457123,87.46666666666665
2021-04-01,Diourbel,Centre,D12,Biens et services divers,63,88.3,0.5007967220578058,1.7398317778545724,87.88666666666666
2021-05-01,Diourbel,Centre,D12,Biens et services divers,63,88.56,0.2944507361268389,1.3968399358827543,88.24000000000001
2021-06-01,Diourbel,Centre,D12,Biens et services divers,63,89.31,0.8468834688346805,2.010279840091389,88.72333333333331
2021-07-01,Diourbel,Centre,D12,Biens et services divers,63,89.28,-0.03359086328518224,1.674069012640933,89.05
2021-08-01,Diourbel,Centre,D12,Biens et services divers,63,89.15,-0.14560931899640916,1.7694063926940728,89.24666666666667
2021-09-01,Diourbel,Centre,D12,Biens et services divers,63,89.0,-0.16825574873808868,2.1110601193207845,89.14333333333333
2021-10-01,Diourbel,Centre,D12,Biens et services divers,63,88.94,-0.0674157303370837,2.4182404421925208,89.03000000000002
2021-11-01,Diourbel,Centre,D12,Biens et services divers,63,88.84,-0.11243534967393387,2.267756417635547,88.92666666666666
2021-12-01,Diourbel,Centre,D12,Biens et services divers,63,88.74,-0.11256190904999075,2.400184629586888,88.83999999999999
2022-01-01,Diourbel,Centre,D12,Biens et services divers,63,90.14,1.577642551273395,3.561580882352944,89.24000000000001
2022-02-01,Diourbel,Centre,D12,Biens et services divers,63,91.42,1.4200133126248016,4.479999999999995,90.10000000000001
2022-03-01,Diourbel,Centre,D12,Biens et services divers,63,92.52,1.2032378035440772,5.303892556339629,91.36
2022-04-01,Diourbel,Centre,D12,Biens et services divers,63,93.85,1.4375270211846036,6.2853907134767795,92.59666666666665
2022-05-01,Diourbel,Centre,D12,Biens et services divers,63,95.08,1.3106020245071903,7.362240289069555,93.81666666666666
2022-06-01,Diourbel,Centre,D12,Biens et services divers,63,96.25,1.2305427008834746,7.770686373306468,95.06
2022-07-01,Diourbel,Centre,D12,Biens et services divers,63,97.3,1.090909090909098,8.982974910394258,96.21
2022-08-01,Diourbel,Centre,D12,Biens et services divers,63,97.86,0.575539568345329,9.770050476724613,97.13666666666667
2022-09-01,Diourbel,Centre,D12,Biens et services divers,63,98.2,0.3474351113836205,10.337078651685406,97.78666666666668
2022-10-01,Diourbel,Centre,D12,Biens et services divers,63,98.56,0.36659877800406804,10.816280638632803,98.20666666666666
2022-11-01,Diourbel,Centre,D12,Biens et services divers,63,99.02,0.46672077922076394,11.458802341287711,98.59333333333332
2022-12-01,Diourbel,Centre,D12,Biens et services divers,63,97.6,-1.4340537265199016,9.984223574487272,98.39333333333333
2023-01-01,Diourbel,Centre,D12,Biens et services divers,63,97.22,-0.3893442622950771,7.854448635455946,97.94666666666666
2023-02-01,Diourbel,Centre,D12,Biens et services divers,63,97.88,0.6788726599465056,7.066287464449794,97.56666666666666
2023-03-01,Diourbel,Centre,D12,Biens et services divers,63,98.3,0.42909685328973435,6.247297881539127,97.8
2023-04-01,Diourbel,Centre,D12,Biens et services divers,63,99.48,1.200406917599195,5.998934469898787,98.55333333333334
2023-05-01,Diourbel,Centre,D12,Biens et services divers,63,100.4,0.9248090068355364,5.595288178376112,99.39333333333333
2023-06-01,Diourbel,Centre,D12,Biens et services divers,63,100.72,0.31872509960158,4.644155844155851,100.2
2023-07-01,Diourbel,Centre,D12,Biens et services divers,63,100.65,-0.06949960285940193,3.442959917780075,100.58999999999999
2023-08-01,Diourbel,Centre,D12,Biens et services divers,63,101.19,0.5365126676601939,3.402820355610059,100.85333333333334
2023-09-01,Diourbel,Centre,D12,Biens et services divers,63,101.17,-0.019764798893162627,3.0244399185336057,101.00333333333333
2023-10-01,Diourbel,Centre,D12,Biens et services divers,63,101.37,0.1976870613818349,2.8510551948051965,101.24333333333334
2023-11-01,Diourbel,Centre,D12,Biens et services divers,63,101.67,0.29594554601952705,2.6762270248434694,101.40333333333335
2023-12-01,Diourbel,Centre,D12,Biens et services divers,63,99.86,-1.780269499360676,2.315573770491808,100.96666666666665
2024-01-01,Diourbel,Centre,D12,Biens et services divers,63,99.08,-0.781093530943322,1.9131865871219844,100.20333333333333
2024-02-01,Diourbel,Centre,D12,Biens et services divers,63,99.33,0.2523213564796123,1.4814058030241162,99.42333333333333
2024-03-01,Diourbel,Centre,D12,Biens et services divers,63,99.83,0.5033725963958569,1.5564598168870791,99.41333333333334
2024-04-01,Diourbel,Centre,D12,Biens et services divers,63,100.2,0.3706300711209032,0.7237635705669376,99.78666666666668
2024-05-01,Diourbel,Centre,D12,Biens et services divers,63,100.57,0.3692614770459013,0.16932270916334424,100.2
2024-06-01,Diourbel,Centre,D12,Biens et services divers,63,101.05,0.47727950681117903,0.32764098490865035,100.60666666666667
2024-07-01,Diourbel,Centre,D12,Biens et services divers,63,101.38,0.3265710044532355,0.7252856433184185,101.0
2024-08-01,Diourbel,Centre,D12,Biens et services divers,63,101.38,0.0,0.18776558948512267,101.27
2024-09-01,Diourbel,Centre,D12,Biens et services divers,63,101.35,-0.029591635431047703,0.17791835524363364,101.36999999999999
2024-10-01,Diourbel,Centre,D12,Biens et services divers,63,101.92,0.5624074987666594,0.5425668343691292,101.55
2024-11-01,Diourbel,Centre,D12,Biens et services divers,63,101.53,-0.3826530612244916,-0.13770040326547273,101.59999999999998
2024-12-01,Diourbel,Centre,D12,Biens et services divers,63,100.21,-1.300108342361872,0.35049068696173524,101.22000000000001
2025-01-01,Diourbel,Centre,D12,Biens et services divers,63,99.87,-0.33928749625784516,0.7973354864755811,100.53666666666668
2025-02-01,Diourbel,Centre,D12,Biens et services divers,63,100.42,0.5507159307099219,1.0973522601429586,100.16666666666667
2025-03-01,Diourbel,Centre,D12,Biens et services divers,63,101.04,0.6174068910575592,1.2120605028548503,100.44333333333334
2025-04-01,Diourbel,Centre,D12,Biens et services divers,63,101.75,0.7026920031670603,1.5469061876247414,101.07000000000001
2025-05-01,Diourbel,Centre,D12,Biens et services divers,63,102.12,0.363636363636366,1.541215074077762,101.63666666666667
2025-06-01,Diourbel,Centre,D12,Biens et services divers,63,102.86,0.7246376811594235,1.7911924789708156,102.24333333333334
2025-07-01,Diourbel,Centre,D12,Biens et services divers,63,103.16,0.291658565039854,1.7557703689090598,102.71333333333332
2025-08-01,Diourbel,Centre,D12,Biens et services divers,63,103.08,-0.07754943776657752,1.6768593410929178,103.03333333333332
2025-09-01,Diourbel,Centre,D12,Biens et services divers,63,103.95,0.8440046565774129,2.5653675382338426,103.39666666666666
2025-10-01,Diourbel,Centre,D12,Biens et services divers,63,103.72,-0.22126022126022216,1.7660910518053408,103.58333333333333
2025-11-01,Diourbel,Centre,D12,Biens et services divers,63,104.25,0.5109911299652881,2.6790111297153585,103.97333333333334
2025-12-01,Diourbel,Centre,D12,Biens et services divers,63,102.6,-1.5827338129496438,2.3849915178125958,103.52333333333333
2026-01-01,Diourbel,Centre,D12,Biens et services divers,63,100.33,-2.212475633528266,0.46059877841193586,102.39333333333333
2026-02-01,Diourbel,Centre,D12,Biens et services divers,63,100.99,0.6578291637595823,0.5676160127464636,101.30666666666666
2026-03-01,Diourbel,Centre,D12,Biens et services divers,63,102.22,1.2179423705317438,1.1678543151227183,101.17999999999999
2026-04-01,Diourbel,Centre,D12,Biens et services divers,63,102.32,0.09782821365680316,0.5601965601965464,101.84333333333332
2026-05-01,Diourbel,Centre,D12,Biens et services divers,63,103.05,0.7134480062548798,0.9106933019976449,102.52999999999999
2018-01-01,Kaolack,Centre-Sud,D12,Biens et services divers,63,84.32,,,84.32
2018-02-01,Kaolack,Centre-Sud,D12,Biens et services divers,63,84.19,-0.15417457305502147,,84.255
2018-03-01,Kaolack,Centre-Sud,D12,Biens et services divers,63,84.35,0.19004632379142627,,84.28666666666666
2018-04-01,Kaolack,Centre-Sud,D12,Biens et services divers,63,84.52,0.20154119739181908,,84.35333333333334
2018-05-01,Kaolack,Centre-Sud,D12,Biens et services divers,63,85.08,0.6625650733554256,,84.64999999999999
2018-06-01,Kaolack,Centre-Sud,D12,Biens et services divers,63,85.09,0.011753643629530686,,84.89666666666666
2018-07-01,Kaolack,Centre-Sud,D12,Biens et services divers,63,84.86,-0.2703020331413897,,85.01
2018-08-01,Kaolack,Centre-Sud,D12,Biens et services divers,63,84.86,0.0,,84.93666666666667
2018-09-01,Kaolack,Centre-Sud,D12,Biens et services divers,63,84.7,-0.18854584020739917,,84.80666666666667
2018-10-01,Kaolack,Centre-Sud,D12,Biens et services divers,63,84.52,-0.21251475796930652,,84.69333333333333
2018-11-01,Kaolack,Centre-Sud,D12,Biens et services divers,63,84.19,-0.3904401325130147,,84.47
2018-12-01,Kaolack,Centre-Sud,D12,Biens et services divers,63,84.19,0.0,,84.3
2019-01-01,Kaolack,Centre-Sud,D12,Biens et services divers,63,84.83,0.7601852951657051,0.6048387096774244,84.40333333333332
2019-02-01,Kaolack,Centre-Sud,D12,Biens et services divers,63,84.57,-0.30649534362844344,0.45136001900463185,84.52999999999999
2019-03-01,Kaolack,Centre-Sud,D12,Biens et services divers,63,84.79,0.26013952938395146,0.5216360403082598,84.73
2019-04-01,Kaolack,Centre-Sud,D12,Biens et services divers,63,85.14,0.41278452647717234,0.7335541883577879,84.83333333333333
2019-05-01,Kaolack,Centre-Sud,D12,Biens et services divers,63,85.4,0.30537937514683033,0.3761165961448043,85.11000000000001
2019-06-01,Kaolack,Centre-Sud,D12,Biens et services divers,63,85.9,0.5854800936768045,0.951933247150083,85.48
2019-07-01,Kaolack,Centre-Sud,D12,Biens et services divers,63,85.83,-0.08149010477299656,1.1430591562573644,85.71
2019-08-01,Kaolack,Centre-Sud,D12,Biens et services divers,63,85.76,-0.08155656530349775,1.0605703511666231,85.83
2019-09-01,Kaolack,Centre-Sud,D12,Biens et services divers,63,85.42,-0.3964552238805985,0.8500590318772039,85.67
2019-10-01,Kaolack,Centre-Sud,D12,Biens et services divers,63,85.18,-0.2809646452821335,0.7808802650260516,85.45333333333333
2019-11-01,Kaolack,Centre-Sud,D12,Biens et services divers,63,84.8,-0.44611411129373835,0.7245516094547932,85.13333333333334
2019-12-01,Kaolack,Centre-Sud,D12,Biens et services divers,63,84.92,0.14150943396227245,0.867086352298374,84.96666666666667
2020-01-01,Kaolack,Centre-Sud,D12,Biens et services divers,63,85.8,1.0362694300518172,1.1434633973830044,85.17333333333333
2020-02-01,Kaolack,Centre-Sud,D12,Biens et services divers,63,86.19,0.454545454545463,1.9155728981908426,85.63666666666666
2020-03-01,Kaolack,Centre-Sud,D12,Biens et services divers,63,86.39,0.2320454809142669,1.8870149781813783,86.12666666666667
2020-04-01,Kaolack,Centre-Sud,D12,Biens et services divers,63,86.86,0.5440444495890651,2.020202020202011,86.48
2020-05-01,Kaolack,Centre-Sud,D12,Biens et services divers,63,87.35,0.564126180059854,2.2833723653395754,86.86666666666666
2020-06-01,Kaolack,Centre-Sud,D12,Biens et services divers,63,87.83,0.5495134516313671,2.2467986030267673,87.34666666666665
2020-07-01,Kaolack,Centre-Sud,D12,Biens et services divers,63,87.62,-0.23909825799839357,2.0855178841896915,87.59999999999998
2020-08-01,Kaolack,Centre-Sud,D12,Biens et services divers,63,87.79,0.19401963022140922,2.367070895522394,87.74666666666667
2020-09-01,Kaolack,Centre-Sud,D12,Biens et services divers,63,87.45,-0.38728784599613153,2.3764926246780727,87.62
2020-10-01,Kaolack,Centre-Sud,D12,Biens et services divers,63,87.01,-0.5031446540880502,2.1483916412303294,87.41666666666667
2020-11-01,Kaolack,Centre-Sud,D12,Biens et services divers,63,86.58,-0.49419606941731864,2.099056603773586,87.01333333333332
2020-12-01,Kaolack,Centre-Sud,D12,Biens et services divers,63,86.61,0.03465003465004113,1.9901083372585893,86.73333333333333
2021-01-01,Kaolack,Centre-Sud,D12,Biens et services divers,63,87.125,0.5946195589423775,1.544289044289049,86.77166666666666
2021-02-01,Kaolack,Centre-Sud,D12,Biens et services divers,63,87.64,0.5911047345767528,1.6823297366283851,87.125
2021-03-01,Kaolack,Centre-Sud,D12,Biens et services divers,63,87.89,0.2852578731173061,1.7363120731566095,87.55166666666666
2021-04-01,Kaolack,Centre-Sud,D12,Biens et services divers,63,88.58,0.7850722494026519,1.980198019801982,88.03666666666668
2021-05-01,Kaolack,Centre-Sud,D12,Biens et services divers,63,88.79,0.23707383156470474,1.6485403548941235,88.42
2021-06-01,Kaolack,Centre-Sud,D12,Biens et services divers,63,89.32,0.5969140668994122,1.6964590686553427,88.89666666666666
2021-07-01,Kaolack,Centre-Sud,D12,Biens et services divers,63,89.25,-0.07836990595611049,1.8603058662405747,89.12
2021-08-01,Kaolack,Centre-Sud,D12,Biens et services divers,63,89.24,-0.011204481792725929,1.6516687549834597,89.26999999999998
2021-09-01,Kaolack,Centre-Sud,D12,Biens et services divers,63,89.1,-0.1568803227252391,1.8867924528301883,89.19666666666666
2021-10-01,Kaolack,Centre-Sud,D12,Biens et services divers,63,88.74,-0.40404040404040664,1.9882772095161316,89.02666666666666
2021-11-01,Kaolack,Centre-Sud,D12,Biens et services divers,63,89.02,0.3155285102546701,2.8182028182028196,88.95333333333333
2021-12-01,Kaolack,Centre-Sud,D12,Biens et services divers,63,88.66,-0.4044035048303751,2.366932224916285,88.80666666666666
2022-01-01,Kaolack,Centre-Sud,D12,Biens et services divers,63,90.25,1.7933679224001908,3.5868005738880937,89.30999999999999
2022-02-01,Kaolack,Centre-Sud,D12,Biens et services divers,63,91.29,1.1523545706371152,4.164764947512567,90.06666666666666
2022-03-01,Kaolack,Centre-Sud,D12,Biens et services divers,63,92.63,1.4678497097162735,5.39310501763568,91.39
2022-04-01,Kaolack,Centre-Sud,D12,Biens et services divers,63,94.19,1.6841196156752725,6.333258071799497,92.70333333333333
2022-05-01,Kaolack,Centre-Sud,D12,Biens et services divers,63,95.53,1.42265633294405,7.590944926230425,94.11666666666666
2022-06-01,Kaolack,Centre-Sud,D12,Biens et services divers,63,96.07,0.5652674552496517,7.557098074339463,95.26333333333332
2022-07-01,Kaolack,Centre-Sud,D12,Biens et services divers,63,97.01,0.9784532112001809,8.69467787114846,96.20333333333333
2022-08-01,Kaolack,Centre-Sud,D12,Biens et services divers,63,97.53,0.5360272136893052,9.289556252801434,96.87
2022-09-01,Kaolack,Centre-Sud,D12,Biens et services divers,63,98.32,0.8100071772787709,10.34792368125701,97.62
2022-10-01,Kaolack,Centre-Sud,D12,Biens et services divers,63,98.62,0.30512611879578433,11.133648861843604,98.15666666666668
2022-11-01,Kaolack,Centre-Sud,D12,Biens et services divers,63,98.81,0.1926586899209104,10.997528645248256,98.58333333333333
2022-12-01,Kaolack,Centre-Sud,D12,Biens et services divers,63,97.47,-1.3561380427082326,9.936837356192196,98.3
2023-01-01,Kaolack,Centre-Sud,D12,Biens et services divers,63,97.29,-0.1846722068328588,7.800554016620498,97.85666666666667
2023-02-01,Kaolack,Centre-Sud,D12,Biens et services divers,63,98.15,0.8839551855277961,7.514514185562482,97.63666666666667
2023-03-01,Kaolack,Centre-Sud,D12,Biens et services divers,63,98.66,0.5196128374936215,6.5097700528986335,98.03333333333335
2023-04-01,Kaolack,Centre-Sud,D12,Biens et services divers,63,99.42,0.7703223190756114,5.552606433804019,98.74333333333334
2023-05-01,Kaolack,Centre-Sud,D12,Biens et services divers,63,99.69,0.27157513578757175,4.354652988589969,99.25666666666666
2023-06-01,Kaolack,Centre-Sud,D12,Biens et services divers,63,100.69,1.003109639883637,4.808993442281673,99.93333333333332
2023-07-01,Kaolack,Centre-Sud,D12,Biens et services divers,63,101.28,0.5859568974078799,4.401608081641073,100.55333333333333
2023-08-01,Kaolack,Centre-Sud,D12,Biens et services divers,63,101.28,0.0,3.8449707782220788,101.08333333333333
2023-09-01,Kaolack,Centre-Sud,D12,Biens et services divers,63,101.01,-0.2665876777251164,2.735964198535412,101.19
2023-10-01,Kaolack,Centre-Sud,D12,Biens et services divers,63,101.41,0.3960003960003844,2.8290407625228164,101.23333333333333
2023-11-01,Kaolack,Centre-Sud,D12,Biens et services divers,63,101.37,-0.03944384183018901,2.590830887561979,101.26333333333334
2023-12-01,Kaolack,Centre-Sud,D12,Biens et services divers,63,100.08,-1.2725658478839996,2.6777469990766356,100.95333333333333
2024-01-01,Kaolack,Centre-Sud,D12,Biens et services divers,63,99.2,-0.8792965627497984,1.9632027957652287,100.21666666666665
2024-02-01,Kaolack,Centre-Sud,D12,Biens et services divers,63,99.31,0.11088709677420372,1.181864493122764,99.52999999999999
2024-03-01,Kaolack,Centre-Sud,D12,Biens et services divers,63,99.82,0.5135434498036329,1.1757551185890946,99.44333333333333
2024-04-01,Kaolack,Centre-Sud,D12,Biens et services divers,63,99.86,0.04007212983370145,0.44256688795010213,99.66333333333334
2024-05-01,Kaolack,Centre-Sud,D12,Biens et services divers,63,100.56,0.7009813739234927,0.8727053866987688,100.08
2024-06-01,Kaolack,Centre-Sud,D12,Biens et services divers,63,101.1,0.5369928400954516,0.4071903863342996,100.50666666666666
2024-07-01,Kaolack,Centre-Sud,D12,Biens et services divers,63,101.44,0.336300692383773,0.15797788309637184,101.03333333333335
2024-08-01,Kaolack,Centre-Sud,D12,Biens et services divers,63,101.09,-0.34503154574131445,-0.18759873617693046,101.21
2024-09-01,Kaolack,Centre-Sud,D12,Biens et services divers,63,101.49,0.395687011573842,0.4752004752004657,101.33999999999999
2024-10-01,Kaolack,Centre-Sud,D12,Biens et services divers,63,101.91,0.4138338752586401,0.4930480228774181,101.49666666666667
2024-11-01,Kaolack,Centre-Sud,D12,Biens et services divers,63,101.71,-0.1962515945442056,0.3354049521554492,101.70333333333333
2024-12-01,Kaolack,Centre-Sud,D12,Biens et services divers,63,100.31,-1.3764624913971013,0.229816147082329,101.30999999999999
2025-01-01,Kaolack,Centre-Sud,D12,Biens et services divers,63,99.97,-0.3389492573023678,0.7762096774193594,100.66333333333334
2025-02-01,Kaolack,Centre-Sud,D12,Biens et services divers,63,100.65,0.6802040612183813,1.3493102406605617,100.31
2025-03-01,Kaolack,Centre-Sud,D12,Biens et services divers,63,100.91,0.25832091405861846,1.0919655379683535,100.50999999999999
2025-04-01,Kaolack,Centre-Sud,D12,Biens et services divers,63,101.54,0.6243186998315498,1.6823552974163825,101.03333333333335
2025-05-01,Kaolack,Centre-Sud,D12,Biens et services divers,63,102.34,0.7878668505022723,1.770087509944318,101.59666666666668
2025-06-01,Kaolack,Centre-Sud,D12,Biens et services divers,63,102.54,0.19542700801251645,1.4243323442136635,102.14
2025-07-01,Kaolack,Centre-Sud,D12,Biens et services divers,63,103.07,0.5168714647942219,1.6068611987381631,102.64999999999999
2025-08-01,Kaolack,Centre-Sud,D12,Biens et services divers,63,103.25,0.17463859512953928,2.1367098624987646,102.95333333333333
2025-09-01,Kaolack,Centre-Sud,D12,Biens et services divers,63,103.6,0.3389830508474523,2.079022563799393,103.30666666666666
2025-10-01,Kaolack,Centre-Sud,D12,Biens et services divers,63,104.04,0.4247104247104394,2.09007948189579,103.63
2025-11-01,Kaolack,Centre-Sud,D12,Biens et services divers,63,104.23,0.1826220684352231,2.4776324845148023,103.95666666666666
2025-12-01,Kaolack,Centre-Sud,D12,Biens et services divers,63,102.265,-1.8852537657104484,1.9489582294885732,103.51166666666667
2026-01-01,Kaolack,Centre-Sud,D12,Biens et services divers,63,100.3,-1.9214785117097732,0.3300990297089079,102.26499999999999
2026-02-01,Kaolack,Centre-Sud,D12,Biens et services divers,63,101.29,0.9870388833499666,0.6358668653750676,101.28500000000001
2026-03-01,Kaolack,Centre-Sud,D12,Biens et services divers,63,101.94,0.6417217889228777,1.0207115251213983,101.17666666666668
2026-04-01,Kaolack,Centre-Sud,D12,Biens et services divers,63,102.56,0.6082009024916735,1.0045302343903773,101.93
2026-05-01,Kaolack,Centre-Sud,D12,Biens et services divers,63,103.0,0.42901716068641793,0.6449091264412621,102.5
2018-01-01,Kolda,Sud,D12,Biens et services divers,63,82.87,,,82.87
2018-02-01,Kolda,Sud,D12,Biens et services divers,63,82.79,-0.09653674429829229,,82.83000000000001
2018-03-01,Kolda,Sud,D12,Biens et services divers,63,83.1,0.3744413576518779,,82.92
2018-04-01,Kolda,Sud,D12,Biens et services divers,63,83.25,0.18050541516245744,,83.04666666666667
2018-05-01,Kolda,Sud,D12,Biens et services divers,63,83.57,0.38438438438437306,,83.30666666666666
2018-06-01,Kolda,Sud,D12,Biens et services divers,63,83.44,-0.15555821467032604,,83.42
2018-07-01,Kolda,Sud,D12,Biens et services divers,63,83.65,0.2516778523490082,,83.55333333333334
2018-08-01,Kolda,Sud,D12,Biens et services divers,63,83.91,0.3108188882247287,,83.66666666666667
2018-09-01,Kolda,Sud,D12,Biens et services divers,63,83.66,-0.29793826719103356,,83.74000000000001
2018-10-01,Kolda,Sud,D12,Biens et services divers,63,83.47,-0.22710972985895417,,83.67999999999999
2018-11-01,Kolda,Sud,D12,Biens et services divers,63,83.25,-0.2635677488918131,,83.46
2018-12-01,Kolda,Sud,D12,Biens et services divers,63,83.0,-0.30030030030030463,,83.24
2019-01-01,Kolda,Sud,D12,Biens et services divers,63,83.4,0.48192771084338837,0.6395559309762211,83.21666666666668
2019-02-01,Kolda,Sud,D12,Biens et services divers,63,83.43,0.03597122302159139,0.7730402222490662,83.27666666666669
2019-03-01,Kolda,Sud,D12,Biens et services divers,63,83.92,0.5873187102960475,0.9867629362214192,83.58333333333334
2019-04-01,Kolda,Sud,D12,Biens et services divers,63,84.07,0.17874165872258096,0.9849849849849823,83.80666666666667
2019-05-01,Kolda,Sud,D12,Biens et services divers,63,84.66,0.7017961222790525,1.3042957999282123,84.21666666666667
2019-06-01,Kolda,Sud,D12,Biens et services divers,63,84.49,-0.20080321285140812,1.2583892617449521,84.40666666666665
2019-07-01,Kolda,Sud,D12,Biens et services divers,63,84.85,0.4260859273286677,1.4345487148834213,84.66666666666667
2019-08-01,Kolda,Sud,D12,Biens et services divers,63,84.51,-0.40070713022980486,0.7150518412585072,84.61666666666666
2019-09-01,Kolda,Sud,D12,Biens et services divers,63,84.51,0.0,1.0160172125269096,84.62333333333333
2019-10-01,Kolda,Sud,D12,Biens et services divers,63,84.29,-0.26032422198556393,0.9823888822331428,84.43666666666667
2019-11-01,Kolda,Sud,D12,Biens et services divers,63,83.7,-0.699964408589393,0.540540540540535,84.16666666666667
2019-12-01,Kolda,Sud,D12,Biens et services divers,63,83.6,-0.11947431302270495,0.7228915662650603,83.86333333333334
2020-01-01,Kolda,Sud,D12,Biens et services divers,63,84.51,1.0885167464115053,1.3309352517985706,83.93666666666667
2020-02-01,Kolda,Sud,D12,Biens et services divers,63,84.79,0.3313217370725319,1.6301090734747614,84.30000000000001
2020-03-01,Kolda,Sud,D12,Biens et services divers,63,85.46,0.7901875221134391,1.8350810295519437,84.92
2020-04-01,Kolda,Sud,D12,Biens et services divers,63,85.84,0.4446524689913467,2.10538836683718,85.36333333333334
2020-05-01,Kolda,Sud,D12,Biens et services divers,63,86.36,0.6057781919850846,2.008032128514059,85.88666666666666
2020-06-01,Kolda,Sud,D12,Biens et services divers,63,86.84,0.5558128763316406,2.7813942478399856,86.34666666666668
2020-07-01,Kolda,Sud,D12,Biens et services divers,63,86.64,-0.2303086135421517,2.109605185621688,86.61333333333334
2020-08-01,Kolda,Sud,D12,Biens et services divers,63,86.91,0.31163434903047627,2.839900603478873,86.79666666666667
2020-09-01,Kolda,Sud,D12,Biens et services divers,63,86.44,-0.5407893222874272,2.2837534019642503,86.66333333333334
2020-10-01,Kolda,Sud,D12,Biens et services divers,63,86.22,-0.2545118000925495,2.2897140823347817,86.52333333333333
2020-11-01,Kolda,Sud,D12,Biens et services divers,63,85.92,-0.347947112038971,2.6523297491039433,86.19333333333333
2020-12-01,Kolda,Sud,D12,Biens et services divers,63,85.78,-0.1629422718808171,2.6076555023923476,85.97333333333334
2021-01-01,Kolda,Sud,D12,Biens et services divers,63,86.12,0.39636278852879236,1.9050999881670805,85.94
2021-02-01,Kolda,Sud,D12,Biens et services divers,63,86.18,0.06967022758941344,1.6393442622950838,86.02666666666666
2021-03-01,Kolda,Sud,D12,Biens et services divers,63,86.91,0.8470642840566089,1.6967002106248463,86.40333333333335
2021-04-01,Kolda,Sud,D12,Biens et services divers,63,87.45,0.6213324128408804,1.8755824790307463,86.84666666666668
2021-05-01,Kolda,Sud,D12,Biens et services divers,63,87.79,0.38879359634076405,1.6558591940713407,87.38333333333334
2021-06-01,Kolda,Sud,D12,Biens et services divers,63,88.38,0.6720583209932629,1.7733763242745226,87.87333333333333
2021-07-01,Kolda,Sud,D12,Biens et services divers,63,88.44,0.06788866259335169,2.0775623268697974,88.20333333333333
2021-08-01,Kolda,Sud,D12,Biens et services divers,63,88.31,-0.1469923111714122,1.610861811068931,88.37666666666667
2021-09-01,Kolda,Sud,D12,Biens et services divers,63,88.45,0.15853244253198895,2.325312355391018,88.39999999999999
2021-10-01,Kolda,Sud,D12,Biens et services divers,63,88.1,-0.395703787450552,2.1804685687775383,88.28666666666668
2021-11-01,Kolda,Sud,D12,Biens et services divers,63,87.93,-0.1929625425652559,2.339385474860345,88.16000000000001
2021-12-01,Kolda,Sud,D12,Biens et services divers,63,87.82,-0.12509951097465777,2.378176731172754,87.95
2022-01-01,Kolda,Sud,D12,Biens et services divers,63,89.79,2.243224777954933,4.261495587552244,88.51333333333334
2022-02-01,Kolda,Sud,D12,Biens et services divers,63,90.78,1.1025726695623073,5.337665351589682,89.46333333333332
2022-03-01,Kolda,Sud,D12,Biens et services divers,63,92.1,1.4540647719762045,5.971694856748355,90.89
2022-04-01,Kolda,Sud,D12,Biens et services divers,63,93.515,1.5363735070575535,6.93539165237278,92.13166666666666
2022-05-01,Kolda,Sud,D12,Biens et services divers,63,94.93,1.5131262364326714,8.133044765918672,93.515
2022-06-01,Kolda,Sud,D12,Biens et services divers,63,96.22,1.3588960286526897,8.870785245530666,94.88833333333332
2022-07-01,Kolda,Sud,D12,Biens et services divers,63,96.92,0.7274994803575074,9.588421528720037,96.02333333333333
2022-08-01,Kolda,Sud,D12,Biens et services divers,63,97.6,0.7016095749071249,10.519759936587004,96.91333333333334
2022-09-01,Kolda,Sud,D12,Biens et services divers,63,98.12,0.5327868852459172,10.932730356133401,97.54666666666667
2022-10-01,Kolda,Sud,D12,Biens et services divers,63,98.26,0.14268242967794276,11.532349602724201,97.99333333333334
2022-11-01,Kolda,Sud,D12,Biens et services divers,63,98.69,0.43761449216364046,12.23700670988286,98.35666666666668
2022-12-01,Kolda,Sud,D12,Biens et services divers,63,97.23,-1.479379876380582,10.715099066271927,98.06
2023-01-01,Kolda,Sud,D12,Biens et services divers,63,97.05,-0.1851280468991079,8.085532910123616,97.65666666666668
2023-02-01,Kolda,Sud,D12,Biens et services divers,63,97.6,0.5667181865018023,7.512667988543731,97.29333333333334
2023-03-01,Kolda,Sud,D12,Biens et services divers,63,98.2,0.6147540983606703,6.623235613463629,97.61666666666666
2023-04-01,Kolda,Sud,D12,Biens et services divers,63,99.06,0.8757637474541724,5.929530021921625,98.28666666666668
2023-05-01,Kolda,Sud,D12,Biens et services divers,63,100.05,0.9993943064809052,5.393447803644791,99.10333333333334
2023-06-01,Kolda,Sud,D12,Biens et services divers,63,100.74,0.6896551724137945,4.697568073165659,99.95
2023-07-01,Kolda,Sud,D12,Biens et services divers,63,100.91,0.16875124081794368,4.116797358646296,100.56666666666666
2023-08-01,Kolda,Sud,D12,Biens et services divers,63,101.18,0.2675651570706705,3.668032786885256,100.94333333333333
2023-09-01,Kolda,Sud,D12,Biens et services divers,63,101.32,0.13836726625813256,3.2613126783530344,101.13666666666666
2023-10-01,Kolda,Sud,D12,Biens et services divers,63,101.74,0.4145282273983364,3.5416242621616023,101.41333333333334
2023-11-01,Kolda,Sud,D12,Biens et services divers,63,101.65,-0.08846078238646804,2.999290708278446,101.57000000000001
2023-12-01,Kolda,Sud,D12,Biens et services divers,63,99.92,-1.7019183472700483,2.7666358119921908,101.10333333333334
2024-01-01,Kolda,Sud,D12,Biens et services divers,63,99.13,-0.790632506004807,2.14322514167955,100.23333333333333
2024-02-01,Kolda,Sud,D12,Biens et services divers,63,99.18,0.050438817714115736,1.6188524590164066,99.41000000000001
2024-03-01,Kolda,Sud,D12,Biens et services divers,63,99.78,0.6049606775559546,1.6089613034623307,99.36333333333333
2024-04-01,Kolda,Sud,D12,Biens et services divers,63,100.09,0.31068350370815345,1.0397738744195362,99.68333333333334
2024-05-01,Kolda,Sud,D12,Biens et services divers,63,100.77,0.6793885503047159,0.7196401799100416,100.21333333333332
2024-06-01,Kolda,Sud,D12,Biens et services divers,63,101.07,0.29770765108663166,0.3275759380583665,100.64333333333333
2024-07-01,Kolda,Sud,D12,Biens et services divers,63,101.47,0.39576531117047065,0.5549499554058146,101.10333333333331
2024-08-01,Kolda,Sud,D12,Biens et services divers,63,101.29,-0.17739233270916976,0.10871713777427239,101.27666666666666
2024-09-01,Kolda,Sud,D12,Biens et services divers,63,101.67,0.37516043044723,0.34544018949862476,101.47666666666667
2024-10-01,Kolda,Sud,D12,Biens et services divers,63,101.98,0.30490803580209835,0.2358954196972851,101.64666666666666
2024-11-01,Kolda,Sud,D12,Biens et services divers,63,102.22,0.2353402627966128,0.5607476635513864,101.95666666666666
2024-12-01,Kolda,Sud,D12,Biens et services divers,63,100.18,-1.9956955585990976,0.26020816653322676,101.46
2025-01-01,Kolda,Sud,D12,Biens et services divers,63,99.96,-0.2196047115192834,0.8372843740542812,100.78666666666668
2025-02-01,Kolda,Sud,D12,Biens et services divers,63,100.45,0.4901960784313708,1.2805001008267647,100.19666666666667
2025-03-01,Kolda,Sud,D12,Biens et services divers,63,101.26,0.8063713290194174,1.4832631789937878,100.55666666666667
2025-04-01,Kolda,Sud,D12,Biens et services divers,63,101.46,0.1975113569030018,1.3687681087021675,101.05666666666667
2025-05-01,Kolda,Sud,D12,Biens et services divers,63,102.24,0.7687758722649374,1.4587674903244974,101.65333333333335
2025-06-01,Kolda,Sud,D12,Biens et services divers,63,103.39,1.1248043818466336,2.295438804788774,102.36333333333333
2025-07-01,Kolda,Sud,D12,Biens et services divers,63,103.3,-0.08704903762453142,1.803488715876611,102.97666666666667
2025-08-01,Kolda,Sud,D12,Biens et services divers,63,103.28,-0.019361084220714808,1.9646559383946993,103.32333333333334
2025-09-01,Kolda,Sud,D12,Biens et services divers,63,103.53,0.2420604182804098,1.8294482148126345,103.37
2025-10-01,Kolda,Sud,D12,Biens et services divers,63,103.78,0.2414759007051126,1.765051970974696,103.53000000000002
2025-11-01,Kolda,Sud,D12,Biens et services divers,63,104.5,0.6937752938909192,2.230483271375472,103.93666666666667
2025-12-01,Kolda,Sud,D12,Biens et services divers,63,102.83,-1.5980861244019207,2.6452385705729498,103.70333333333333
2026-01-01,Kolda,Sud,D12,Biens et services divers,63,100.17,-2.586793737236215,0.21008403361344463,102.5
2026-02-01,Kolda,Sud,D12,Biens et services divers,63,101.07,0.8984725965857976,0.6172224987555985,101.35666666666667
2026-03-01,Kolda,Sud,D12,Biens et services divers,63,102.37,1.2862372613040574,1.0961880308117733,101.20333333333333
2026-04-01,Kolda,Sud,D12,Biens et services divers,63,102.46,0.08791638175245087,0.9856100926473488,101.96666666666665
2026-05-01,Kolda,Sud,D12,Biens et services divers,63,103.06,0.5855943782939743,0.8020344287950065,102.63
2018-01-01,Saint-Louis,Nord,D12,Biens et services divers,63,84.26,,,84.26
2018-02-01,Saint-Louis,Nord,D12,Biens et services divers,63,84.23,-0.0356040826014703,,84.245
2018-03-01,Saint-Louis,Nord,D12,Biens et services divers,63,84.55,0.3799121453163856,,84.34666666666668
2018-04-01,Saint-Louis,Nord,D12,Biens et services divers,63,84.72,0.20106445890006874,,84.5
2018-05-01,Saint-Louis,Nord,D12,Biens et services divers,63,84.86,0.1652502360717678,,84.71
2018-06-01,Saint-Louis,Nord,D12,Biens et services divers,63,84.93,0.0824888050907413,,84.83666666666666
2018-07-01,Saint-Louis,Nord,D12,Biens et services divers,63,85.13,0.23548804898150255,,84.97333333333334
2018-08-01,Saint-Louis,Nord,D12,Biens et services divers,63,84.88,-0.2936685069893086,,84.98
2018-09-01,Saint-Louis,Nord,D12,Biens et services divers,63,84.93,0.05890669180019792,,84.98
2018-10-01,Saint-Louis,Nord,D12,Biens et services divers,63,84.98,0.05887201224537009,,84.93
2018-11-01,Saint-Louis,Nord,D12,Biens et services divers,63,84.68,-0.353024240997879,,84.86333333333334
2018-12-01,Saint-Louis,Nord,D12,Biens et services divers,63,84.38,-0.3542749173358617,,84.68
2019-01-01,Saint-Louis,Nord,D12,Biens et services divers,63,84.78,0.4740459824603027,0.6171374317588407,84.61333333333333
2019-02-01,Saint-Louis,Nord,D12,Biens et services divers,63,84.63,-0.17692852087757283,0.474890181645482,84.59666666666665
2019-03-01,Saint-Louis,Nord,D12,Biens et services divers,63,84.91,0.3308519437551727,0.4257835600236515,84.77333333333333
2019-04-01,Saint-Louis,Nord,D12,Biens et services divers,63,85.51,0.7066305499941139,0.9324834749764088,85.01666666666667
2019-05-01,Saint-Louis,Nord,D12,Biens et services divers,63,85.5,-0.011694538650453001,0.7541833608295967,85.30666666666667
2019-06-01,Saint-Louis,Nord,D12,Biens et services divers,63,85.69,0.22222222222221255,0.8948545861297452,85.56666666666666
2019-07-01,Saint-Louis,Nord,D12,Biens et services divers,63,85.82,0.15170965106778844,0.8105250792904917,85.67
2019-08-01,Saint-Louis,Nord,D12,Biens et services divers,63,85.64,-0.20974131903984672,0.8953817153628751,85.71666666666665
2019-09-01,Saint-Louis,Nord,D12,Biens et services divers,63,85.44,-0.23353573096683844,0.6004945249028504,85.63333333333333
2019-10-01,Saint-Louis,Nord,D12,Biens et services divers,63,85.35,-0.10533707865169051,0.43539656389737225,85.47666666666667
2019-11-01,Saint-Louis,Nord,D12,Biens et services divers,63,85.01,-0.3983596953719859,0.38970240906943676,85.26666666666667
2019-12-01,Saint-Louis,Nord,D12,Biens et services divers,63,84.88,-0.15292318550760298,0.592557478075384,85.08
2020-01-01,Saint-Louis,Nord,D12,Biens et services divers,63,85.77,1.0485391140433453,1.1677282377919207,85.21999999999998
2020-02-01,Saint-Louis,Nord,D12,Biens et services divers,63,86.22,0.5246589716684236,1.878766394895437,85.62333333333333
2020-03-01,Saint-Louis,Nord,D12,Biens et services divers,63,86.52,0.3479471120389599,1.8961253091508645,86.17
2020-04-01,Saint-Louis,Nord,D12,Biens et services divers,63,86.98,0.5316689782709272,1.7190971816161804,86.57333333333334
2020-05-01,Saint-Louis,Nord,D12,Biens et services divers,63,87.53,0.6323292710967987,2.374269005847962,87.00999999999999
2020-06-01,Saint-Louis,Nord,D12,Biens et services divers,63,87.81,0.3198903233177175,2.474034309721085,87.44
2020-07-01,Saint-Louis,Nord,D12,Biens et services divers,63,87.9,0.10249402118209794,2.4236774644605052,87.74666666666667
2020-08-01,Saint-Louis,Nord,D12,Biens et services divers,63,87.78,-0.13651877133106227,2.498832321345157,87.83
2020-09-01,Saint-Louis,Nord,D12,Biens et services divers,63,87.66,-0.13670539986330166,2.5983146067415808,87.78000000000002
2020-10-01,Saint-Louis,Nord,D12,Biens et services divers,63,87.25,-0.4677161761350579,2.2261277094317578,87.56333333333333
2020-11-01,Saint-Louis,Nord,D12,Biens et services divers,63,86.99,-0.2979942693409843,2.329137748500165,87.3
2020-12-01,Saint-Louis,Nord,D12,Biens et services divers,63,86.66,-0.3793539487297326,2.097078228086713,86.96666666666665
2021-01-01,Saint-Louis,Nord,D12,Biens et services divers,63,87.13,0.5423494114931815,1.5856360032645345,86.92666666666666
2021-02-01,Saint-Louis,Nord,D12,Biens et services divers,63,87.65,0.5968093653162088,1.6585479007191095,87.14666666666666
2021-03-01,Saint-Louis,Nord,D12,Biens et services divers,63,88.02,0.42213348545350193,1.7337031900138689,87.60000000000001
2021-04-01,Saint-Louis,Nord,D12,Biens et services divers,63,88.49,0.5339695523744581,1.7360312715566595,88.05333333333333
2021-05-01,Saint-Louis,Nord,D12,Biens et services divers,63,88.94,0.5085320375183722,1.6108762709927893,88.48333333333333
2021-06-01,Saint-Louis,Nord,D12,Biens et services divers,63,89.3,0.4047672588261664,1.6968454617924955,88.91000000000001
2021-07-01,Saint-Louis,Nord,D12,Biens et services divers,63,89.5,0.22396416573349232,1.8202502844141044,89.24666666666667
2021-08-01,Saint-Louis,Nord,D12,Biens et services divers,63,89.54,0.04469273743017421,2.0050125313283207,89.44666666666667
2021-09-01,Saint-Louis,Nord,D12,Biens et services divers,63,89.42,-0.1340183158365038,2.0077572438968794,89.48666666666666
2021-10-01,Saint-Louis,Nord,D12,Biens et services divers,63,89.11,-0.34667859539253554,2.131805157593125,89.35666666666667
2021-11-01,Saint-Louis,Nord,D12,Biens et services divers,63,89.14,0.03366625519021227,2.4715484538452737,89.22333333333334
2021-12-01,Saint-Louis,Nord,D12,Biens et services divers,63,88.89,-0.28045770697778805,2.5732748672974814,89.04666666666667
2022-01-01,Saint-Louis,Nord,D12,Biens et services divers,63,90.54,1.8562267971650392,3.913692184092743,89.52333333333333
2022-02-01,Saint-Louis,Nord,D12,Biens et services divers,63,91.57,1.1376187320521147,4.472333143183094,90.33333333333333
2022-03-01,Saint-Louis,Nord,D12,Biens et services divers,63,92.76,1.2995522551054073,5.38513974096797,91.62333333333333
2022-04-01,Saint-Louis,Nord,D12,Biens et services divers,63,93.9,1.2289780077619605,6.113685162165239,92.74333333333334
2022-05-01,Saint-Louis,Nord,D12,Biens et services divers,63,95.38,1.5761448349307594,7.240836519001581,94.01333333333332
2022-06-01,Saint-Louis,Nord,D12,Biens et services divers,63,96.75,1.4363598238624542,8.342665173572229,95.34333333333332
2022-07-01,Saint-Louis,Nord,D12,Biens et services divers,63,97.03,0.289405684754529,8.413407821229058,96.38666666666666
2022-08-01,Saint-Louis,Nord,D12,Biens et services divers,63,97.71,0.7008141811810642,9.124413669868204,97.16333333333334
2022-09-01,Saint-Louis,Nord,D12,Biens et services divers,63,98.12,0.4196090471804359,9.729367031983905,97.62
2022-10-01,Saint-Louis,Nord,D12,Biens et services divers,63,98.52,0.40766408479411265,10.559982044663885,98.11666666666667
2022-11-01,Saint-Louis,Nord,D12,Biens et services divers,63,99.15,0.6394640682095165,11.229526587390627,98.59666666666668
2022-12-01,Saint-Louis,Nord,D12,Biens et services divers,63,97.38,-1.785173978819976,9.551130610867364,98.35000000000001
2023-01-01,Saint-Louis,Nord,D12,Biens et services divers,63,97.32,-0.06161429451633227,7.488402915838299,97.95
2023-02-01,Saint-Louis,Nord,D12,Biens et services divers,63,97.7,0.39046444718455753,6.694332204870612,97.46666666666665
2023-03-01,Saint-Louis,Nord,D12,Biens et services divers,63,98.49,0.8085977482087836,6.177231565329877,97.83666666666666
2023-04-01,Saint-Louis,Nord,D12,Biens et services divers,63,99.07,0.588892273327235,5.505857294994665,98.42
2023-05-01,Saint-Louis,Nord,D12,Biens et services divers,63,100.18,1.1204199051175978,5.032501572656756,99.24666666666667
2023-06-01,Saint-Louis,Nord,D12,Biens et services divers,63,101.12,0.9383110401277595,4.516795865633072,100.12333333333333
2023-07-01,Saint-Louis,Nord,D12,Biens et services divers,63,100.9,-0.21756329113924444,3.9884571781923173,100.73333333333335
2023-08-01,Saint-Louis,Nord,D12,Biens et services divers,63,100.82,-0.07928642220020876,3.1828881383686447,100.94666666666667
2023-09-01,Saint-Louis,Nord,D12,Biens et services divers,63,101.41,0.5852013489387131,3.3530370974317103,101.04333333333334
2023-10-01,Saint-Louis,Nord,D12,Biens et services divers,63,101.34,-0.06902672320283632,2.8623629719853882,101.19
2023-11-01,Saint-Louis,Nord,D12,Biens et services divers,63,101.74,0.3947108742845762,2.612203731719598,101.49666666666667
2023-12-01,Saint-Louis,Nord,D12,Biens et services divers,63,99.79,-1.916650285040289,2.4748408297391666,100.95666666666666
2024-01-01,Saint-Louis,Nord,D12,Biens et services divers,63,99.08,-0.7114941376891504,1.8084669132757858,100.20333333333333
2024-02-01,Saint-Louis,Nord,D12,Biens et services divers,63,99.41,0.33306419055307845,1.7502558853633499,99.42666666666666
2024-03-01,Saint-Louis,Nord,D12,Biens et services divers,63,99.93,0.5230862086309296,1.462077368260739,99.47333333333334
2024-04-01,Saint-Louis,Nord,D12,Biens et services divers,63,100.22,0.290203142199541,1.1607953971939144,99.85333333333334
2024-05-01,Saint-Louis,Nord,D12,Biens et services divers,63,100.65,0.42905607663141776,0.4691555200638797,100.26666666666667
2024-06-01,Saint-Louis,Nord,D12,Biens et services divers,63,101.05,0.3974167908594062,-0.0692246835443111,100.63999999999999
2024-07-01,Saint-Louis,Nord,D12,Biens et services divers,63,101.11,0.05937654626422262,0.2081268582755147,100.93666666666667
2024-08-01,Saint-Louis,Nord,D12,Biens et services divers,63,101.44,0.32637721293640176,0.6149573497322036,101.19999999999999
2024-09-01,Saint-Louis,Nord,D12,Biens et services divers,63,101.27,-0.16758675078863972,-0.13805344640568373,101.27333333333333
2024-10-01,Saint-Louis,Nord,D12,Biens et services divers,63,101.67,0.39498370692210294,0.3256364712847848,101.46
2024-11-01,Saint-Louis,Nord,D12,Biens et services divers,63,102.03,0.35408675125405686,0.285040298800876,101.65666666666665
2024-12-01,Saint-Louis,Nord,D12,Biens et services divers,63,100.32,-1.6759776536312887,0.5311153422186354,101.33999999999999
2025-01-01,Saint-Louis,Nord,D12,Biens et services divers,63,100.05,-0.2691387559808578,0.9790068631408966,100.8
2025-02-01,Saint-Louis,Nord,D12,Biens et services divers,63,100.38,0.3298350824587626,0.9757569660999943,100.25
2025-03-01,Saint-Louis,Nord,D12,Biens et services divers,63,101.12,0.7371986451484513,1.1908335835084438,100.51666666666667
2025-04-01,Saint-Louis,Nord,D12,Biens et services divers,63,101.69,0.5636867088607556,1.466773099181795,101.06333333333333
2025-05-01,Saint-Louis,Nord,D12,Biens et services divers,63,102.26,0.560527092142804,1.5996025832091476,101.69
2025-06-01,Saint-Louis,Nord,D12,Biens et services divers,63,102.86,0.5867396831605642,1.7911924789708156,102.27
2025-07-01,Saint-Louis,Nord,D12,Biens et services divers,63,103.19,0.3208244215438416,2.057165463356747,102.77
2025-08-01,Saint-Louis,Nord,D12,Biens et services divers,63,103.22,0.029072584552758407,1.754731861198744,103.08999999999999
2025-09-01,Saint-Louis,Nord,D12,Biens et services divers,63,103.37,0.14532067428794093,2.073664461340985,103.25999999999999
2025-10-01,Saint-Louis,Nord,D12,Biens et services divers,63,103.94,0.551417239044194,2.2327136815186277,103.50999999999999
2025-11-01,Saint-Louis,Nord,D12,Biens et services divers,63,104.19,0.24052337887243702,2.117024404586876,103.83333333333333
2025-12-01,Saint-Louis,Nord,D12,Biens et services divers,63,102.65,-1.4780689125635793,2.3225677830941205,103.59333333333332
2026-01-01,Saint-Louis,Nord,D12,Biens et services divers,63,100.14,-2.445202143205072,0.08995502248876353,102.32666666666667
2026-02-01,Saint-Louis,Nord,D12,Biens et services divers,63,100.91,0.7689235070900802,0.5279936242279293,101.23333333333333
2026-03-01,Saint-Louis,Nord,D12,Biens et services divers,63,102.12,1.199088296501838,0.9889240506329111,101.05666666666667
2026-04-01,Saint-Louis,Nord,D12,Biens et services divers,63,102.5,0.3721112416764649,0.7965384993608104,101.84333333333335
2026-05-01,Saint-Louis,Nord,D12,Biens et services divers,63,102.71,0.204878048780488,0.4400547623704121,102.44333333333333
2018-01-01,Thiès,Centre-Ouest,D12,Biens et services divers,63,84.88,,,84.88
2018-02-01,Thiès,Centre-Ouest,D12,Biens et services divers,63,84.85,-0.03534401508011875,,84.865
2018-03-01,Thiès,Centre-Ouest,D12,Biens et services divers,63,84.93,0.09428403064233315,,84.88666666666667
2018-04-01,Thiès,Centre-Ouest,D12,Biens et services divers,63,85.09,0.18839043918521536,,84.95666666666666
2018-05-01,Thiès,Centre-Ouest,D12,Biens et services divers,63,85.3,0.24679750852039106,,85.10666666666667
2018-06-01,Thiès,Centre-Ouest,D12,Biens et services divers,63,85.54,0.28135990621338536,,85.31
2018-07-01,Thiès,Centre-Ouest,D12,Biens et services divers,63,85.6,0.07014262333409071,,85.48
2018-08-01,Thiès,Centre-Ouest,D12,Biens et services divers,63,85.36,-0.2803738317756932,,85.5
2018-09-01,Thiès,Centre-Ouest,D12,Biens et services divers,63,85.32,-0.046860356138711534,,85.42666666666666
2018-10-01,Thiès,Centre-Ouest,D12,Biens et services divers,63,84.84,-0.5625879043600457,,85.17333333333333
2018-11-01,Thiès,Centre-Ouest,D12,Biens et services divers,63,84.91,0.08250825082507518,,85.02333333333333
2018-12-01,Thiès,Centre-Ouest,D12,Biens et services divers,63,84.84,-0.08244023083263663,,84.86333333333333
2019-01-01,Thiès,Centre-Ouest,D12,Biens et services divers,63,85.2,0.4243281471004279,0.3770028275212223,84.98333333333333
2019-02-01,Thiès,Centre-Ouest,D12,Biens et services divers,63,85.55,0.4107981220657253,0.8249852681202263,85.19666666666667
2019-03-01,Thiès,Centre-Ouest,D12,Biens et services divers,63,85.4,-0.17533606078316,0.5533969151065632,85.38333333333333
2019-04-01,Thiès,Centre-Ouest,D12,Biens et services divers,63,85.8,0.4683840749414525,0.8344106240451232,85.58333333333333
2019-05-01,Thiès,Centre-Ouest,D12,Biens et services divers,63,86.01,0.2447552447552459,0.8323563892145502,85.73666666666666
2019-06-01,Thiès,Centre-Ouest,D12,Biens et services divers,63,86.18,0.19765143587955336,0.7481879822305304,85.99666666666667
2019-07-01,Thiès,Centre-Ouest,D12,Biens et services divers,63,86.24,0.06962172197724215,0.7476635514018781,86.14333333333333
2019-08-01,Thiès,Centre-Ouest,D12,Biens et services divers,63,86.2,-0.04638218923932458,0.9840674789128423,86.20666666666666
2019-09-01,Thiès,Centre-Ouest,D12,Biens et services divers,63,86.12,-0.09280742459396585,0.9376465072667761,86.18666666666667
2019-10-01,Thiès,Centre-Ouest,D12,Biens et services divers,63,85.96,-0.18578727357176916,1.320132013201314,86.09333333333332
2019-11-01,Thiès,Centre-Ouest,D12,Biens et services divers,63,85.56,-0.46533271288971,0.7655164291602956,85.88
2019-12-01,Thiès,Centre-Ouest,D12,Biens et services divers,63,85.51,-0.0584385226741424,0.7897218293257957,85.67666666666668
2020-01-01,Thiès,Centre-Ouest,D12,Biens et services divers,63,86.19,0.7952286282306043,1.1619718309859195,85.75333333333333
2020-02-01,Thiès,Centre-Ouest,D12,Biens et services divers,63,86.66,0.5453068801485106,1.2974868497954484,86.12
2020-03-01,Thiès,Centre-Ouest,D12,Biens et services divers,63,86.84,0.20770828525271678,1.6861826697892157,86.56333333333333
2020-04-01,Thiès,Centre-Ouest,D12,Biens et services divers,63,87.53,0.7945647167203918,2.016317016317015,87.01
2020-05-01,Thiès,Centre-Ouest,D12,Biens et services divers,63,88.11,0.6626299554438386,2.441576560865011,87.49333333333334
2020-06-01,Thiès,Centre-Ouest,D12,Biens et services divers,63,88.17,0.06809669731018264,2.309120445579005,87.93666666666667
2020-07-01,Thiès,Centre-Ouest,D12,Biens et services divers,63,88.0,-0.19280934558240093,2.0408163265306145,88.09333333333332
2020-08-01,Thiès,Centre-Ouest,D12,Biens et services divers,63,88.09,0.10227272727272307,2.192575406032482,88.08666666666666
2020-09-01,Thiès,Centre-Ouest,D12,Biens et services divers,63,88.09,0.0,2.287505805852308,88.06
2020-10-01,Thiès,Centre-Ouest,D12,Biens et services divers,63,87.71,-0.4313770007946527,2.035830618892498,87.96333333333332
2020-11-01,Thiès,Centre-Ouest,D12,Biens et services divers,63,87.39,-0.3648386728993147,2.138849929873765,87.73
2020-12-01,Thiès,Centre-Ouest,D12,Biens et services divers,63,87.28,-0.1258725254605797,2.0699333411296816,87.46
2021-01-01,Thiès,Centre-Ouest,D12,Biens et services divers,63,87.68,0.45829514207149646,1.7287388328112385,87.45
2021-02-01,Thiès,Centre-Ouest,D12,Biens et services divers,63,88.07,0.4447992700729708,1.6270482344795667,87.67666666666668
2021-03-01,Thiès,Centre-Ouest,D12,Biens et services divers,63,88.43,0.40876575451347374,1.8309534776600689,88.06
2021-04-01,Thiès,Centre-Ouest,D12,Biens et services divers,63,88.97,0.6106524934976765,1.645150234205417,88.49
2021-05-01,Thiès,Centre-Ouest,D12,Biens et services divers,63,89.27,0.33719231201527755,1.3165361479968274,88.88999999999999
2021-06-01,Thiès,Centre-Ouest,D12,Biens et services divers,63,89.73,0.5152906911616517,1.7693092888737771,89.32333333333332
2021-07-01,Thiès,Centre-Ouest,D12,Biens et services divers,63,89.68,-0.05572272372673659,1.909090909090927,89.56
2021-08-01,Thiès,Centre-Ouest,D12,Biens et services divers,63,89.64,-0.0446030330062519,1.7595640821886693,89.68333333333334
2021-09-01,Thiès,Centre-Ouest,D12,Biens et services divers,63,89.84,0.22311468094600162,1.9866046089226819,89.71999999999998
2021-10-01,Thiès,Centre-Ouest,D12,Biens et services divers,63,89.47,-0.41184327693678524,2.0066127009463086,89.64999999999999
2021-11-01,Thiès,Centre-Ouest,D12,Biens et services divers,63,89.38,-0.10059237733318627,2.277148415150476,89.56333333333333
2021-12-01,Thiès,Centre-Ouest,D12,Biens et services divers,63,89.2,-0.20138733497425676,2.1998166819431786,89.35000000000001
2022-01-01,Thiès,Centre-Ouest,D12,Biens et services divers,63,90.65,1.6255605381165994,3.3873175182481674,89.74333333333334
2022-02-01,Thiès,Centre-Ouest,D12,Biens et services divers,63,91.78,1.2465526751241018,4.212558192347005,90.54333333333334
2022-03-01,Thiès,Centre-Ouest,D12,Biens et services divers,63,93.14,1.4818043146655135,5.326246748840879,91.85666666666668
2022-04-01,Thiès,Centre-Ouest,D12,Biens et services divers,63,94.26,1.202490873953188,5.945824435202884,93.06
2022-05-01,Thiès,Centre-Ouest,D12,Biens et services divers,63,95.17,0.9654148100997295,6.609163212725444,94.19000000000001
2022-06-01,Thiès,Centre-Ouest,D12,Biens et services divers,63,96.42,1.3134391089629105,7.455700434637236,95.28333333333335
2022-07-01,Thiès,Centre-Ouest,D12,Biens et services divers,63,97.43,1.0475005185646147,8.64183764495985,96.34000000000002
2022-08-01,Thiès,Centre-Ouest,D12,Biens et services divers,63,97.74,0.3181771528276478,9.036144578313255,97.19666666666667
2022-09-01,Thiès,Centre-Ouest,D12,Biens et services divers,63,97.98,0.24554941682013443,9.060552092609075,97.71666666666665
2022-10-01,Thiès,Centre-Ouest,D12,Biens et services divers,63,98.91,0.9491733006735892,10.551022689169542,98.21
2022-11-01,Thiès,Centre-Ouest,D12,Biens et services divers,63,99.05,0.14154281670204494,10.818975162228694,98.64666666666666
2022-12-01,Thiès,Centre-Ouest,D12,Biens et services divers,63,97.54,-1.524482584553244,9.349775784753355,98.5
2023-01-01,Thiès,Centre-Ouest,D12,Biens et services divers,63,97.41,-0.1332786549108178,7.457253171538869,98.0
2023-02-01,Thiès,Centre-Ouest,D12,Biens et services divers,63,98.15,0.7596755979878855,6.940509915014159,97.7
2023-03-01,Thiès,Centre-Ouest,D12,Biens et services divers,63,98.56,0.4177279673968304,5.819196907880619,98.04
2023-04-01,Thiès,Centre-Ouest,D12,Biens et services divers,63,99.51,0.963879870129869,5.569700827498414,98.74000000000001
2023-05-01,Thiès,Centre-Ouest,D12,Biens et services divers,63,100.16,0.6532006833483983,5.243248922979915,99.41000000000001
2023-06-01,Thiès,Centre-Ouest,D12,Biens et services divers,63,100.71,0.5491214057507854,4.449284380833851,100.12666666666667
2023-07-01,Thiès,Centre-Ouest,D12,Biens et services divers,63,100.95,0.23830801310695815,3.612850251462585,100.60666666666667
2023-08-01,Thiès,Centre-Ouest,D12,Biens et services divers,63,101.01,0.059435364041604544,3.345610804174348,100.89
2023-09-01,Thiès,Centre-Ouest,D12,Biens et services divers,63,101.4,0.38610038610038533,3.490508266993264,101.12
2023-10-01,Thiès,Centre-Ouest,D12,Biens et services divers,63,101.27,-0.12820512820513885,2.3860074815488908,101.22666666666667
2023-11-01,Thiès,Centre-Ouest,D12,Biens et services divers,63,101.25,-0.019749185346096265,2.221100454316005,101.30666666666667
2023-12-01,Thiès,Centre-Ouest,D12,Biens et services divers,63,99.93,-1.3037037037036958,2.4502768095140404,100.81666666666666
2024-01-01,Thiès,Centre-Ouest,D12,Biens et services divers,63,99.29,-0.6404483138196748,1.929986654347604,100.15666666666668
2024-02-01,Thiès,Centre-Ouest,D12,Biens et services divers,63,99.52,0.23164467720817594,1.395822720326012,99.58
2024-03-01,Thiès,Centre-Ouest,D12,Biens et services divers,63,99.88,0.3617363344051494,1.3392857142856984,99.56333333333333
2024-04-01,Thiès,Centre-Ouest,D12,Biens et services divers,63,100.2,0.32038446135362886,0.6933976484775339,99.86666666666666
2024-05-01,Thiès,Centre-Ouest,D12,Biens et services divers,63,100.625,0.4241516966067893,0.464257188498407,100.235
2024-06-01,Thiès,Centre-Ouest,D12,Biens et services divers,63,101.05,0.42236024844719555,0.33760301856817776,100.625
2024-07-01,Thiès,Centre-Ouest,D12,Biens et services divers,63,101.19,0.13854527461651944,0.23774145616641817,100.955
2024-08-01,Thiès,Centre-Ouest,D12,Biens et services divers,63,101.29,0.09882399446585755,0.2772002772002846,101.17666666666668
2024-09-01,Thiès,Centre-Ouest,D12,Biens et services divers,63,101.8,0.5035047882318011,0.39447731755424265,101.42666666666666
2024-10-01,Thiès,Centre-Ouest,D12,Biens et services divers,63,101.42,-0.3732809430255335,0.14811889009578305,101.50333333333333
2024-11-01,Thiès,Centre-Ouest,D12,Biens et services divers,63,101.93,0.5028593965687334,0.6716049382716083,101.71666666666665
2024-12-01,Thiès,Centre-Ouest,D12,Biens et services divers,63,100.01,-1.8836456391641332,0.08005603922744964,101.12
2025-01-01,Thiès,Centre-Ouest,D12,Biens et services divers,63,99.95,-0.05999400059993887,0.6647195085104141,100.63
2025-02-01,Thiès,Centre-Ouest,D12,Biens et services divers,63,100.31,0.3601800900450147,0.7938102893890742,100.08999999999999
2025-03-01,Thiès,Centre-Ouest,D12,Biens et services divers,63,100.6,0.28910377828730294,0.7208650380456483,100.28666666666668
2025-04-01,Thiès,Centre-Ouest,D12,Biens et services divers,63,101.56,0.9542743538767384,1.357285429141708,100.82333333333334
2025-05-01,Thiès,Centre-Ouest,D12,Biens et services divers,63,102.07,0.5021662071681643,1.436024844720496,101.41000000000001
2025-06-01,Thiès,Centre-Ouest,D12,Biens et services divers,63,102.32,0.2449299500342894,1.2568035625927676,101.98333333333333
2025-07-01,Thiès,Centre-Ouest,D12,Biens et services divers,63,103.11,0.772087568412827,1.8974206937444338,102.5
2025-08-01,Thiès,Centre-Ouest,D12,Biens et services divers,63,103.41,0.2909514111143485,2.0930002961792704,102.94666666666666
2025-09-01,Thiès,Centre-Ouest,D12,Biens et services divers,63,103.71,0.2901073397156839,1.8762278978389002,103.40999999999998
2025-10-01,Thiès,Centre-Ouest,D12,Biens et services divers,63,103.82,0.10606498891139182,2.366397160323408,103.64666666666666
2025-11-01,Thiès,Centre-Ouest,D12,Biens et services divers,63,103.99,0.16374494317088484,2.020994800353182,103.83999999999999
2025-12-01,Thiès,Centre-Ouest,D12,Biens et services divers,63,102.62,-1.3174343686892853,2.6097390260973796,103.47666666666667
2026-01-01,Thiès,Centre-Ouest,D12,Biens et services divers,63,100.52,-2.046384720327432,0.5702851425712696,102.37666666666667
2026-02-01,Thiès,Centre-Ouest,D12,Biens et services divers,63,101.19,0.6665340230799899,0.8772804306649284,101.44333333333333
2026-03-01,Thiès,Centre-Ouest,D12,Biens et services divers,63,101.85,0.6522383634746554,1.24254473161034,101.18666666666667
2026-04-01,Thiès,Centre-Ouest,D12,Biens et services divers,63,102.47,0.6087383406971014,0.8960220559275367,101.83666666666666
2026-05-01,Thiès,Centre-Ouest,D12,Biens et services divers,63,102.98,0.4977066458475621,0.8915450181248286,102.43333333333334
