date,region,zone,division_code,division,ponderation,indice
Janvier 2018,DAKAR,Ouest,D01,Produits alimentaires et boissons non alcoolisées,421,76.66
Février 2018,Dakar ,Ouest,D01,Produits alimentaires et boissons non alcoolisées,421,77.09
01/03/2018,DAKAR,Ouest,D01,Produits alimentaires et boissons non alcoolisées,421,78.0
2018-04-01,DAKAR,Ouest,D01,Produits alimentaires et boissons non alcoolisées,421,79.28
01/05/2018,dakar,Ouest,D01,Produits alimentaires et boissons non alcoolisées,421,80.62
01/06/2018,dakar,Ouest,D01,Produits alimentaires et boissons non alcoolisées,421,81.33
2018-07-01,DAKAR,Ouest,D01,Produits alimentaires et boissons non alcoolisées,421,81.52
2018-08-01,dakar,Ouest,D01,Produits alimentaires et boissons non alcoolisées,421,81.04
Septembre 2018,dakar,Ouest,D01,Produits alimentaires et boissons non alcoolisées,421,80.04
2018-10-01,dakar,Ouest,D01,Produits alimentaires et boissons non alcoolisées,421,78.95
2018-11-01,dakar,Ouest,D01,Produits alimentaires et boissons non alcoolisées,421,77.82
2018-12-01,dakar,Ouest,D01,Produits alimentaires et boissons non alcoolisées,421,77.2
2019-01-01,DAKAR,Ouest,D01,Produits alimentaires et boissons non alcoolisées,421,77.46
2019-02-01,Dakar ,Ouest,D01,Produits alimentaires et boissons non alcoolisées,421,77.99
2019-03-01,dakar,Ouest,D01,Produits alimentaires et boissons non alcoolisées,421,78.8
01/04/2019,DAKAR,Ouest,D01,Produits alimentaires et boissons non alcoolisées,421,
Mai 2019,DAKAR,Ouest,D01,Produits alimentaires et boissons non alcoolisées,421,81.29
Juin 2019,Dakar ,Ouest,D01,Produits alimentaires et boissons non alcoolisées,421,82.19
01/07/2019,dakar,Ouest,D01,Produits alimentaires et boissons non alcoolisées,421,82.82
Août 2019,Dakar ,Ouest,D01,Produits alimentaires et boissons non alcoolisées,421,82.06
01/09/2019,dakar,Ouest,D01,Produits alimentaires et boissons non alcoolisées,421,81.31
01/10/2019,DAKAR,Ouest,D01,Produits alimentaires et boissons non alcoolisées,421,79.84
2019-11-01,DAKAR,Ouest,D01,Produits alimentaires et boissons non alcoolisées,421,78.83
01/12/2019,DAKAR,Ouest,D01,Produits alimentaires et boissons non alcoolisées,421,77.92
2020-01-01,dakar,Ouest,D01,Produits alimentaires et boissons non alcoolisées,421,78.83
2020-02-01,Dakar ,Ouest,D01,Produits alimentaires et boissons non alcoolisées,421,79.52
2020-03-01,DAKAR,Ouest,D01,Produits alimentaires et boissons non alcoolisées,421,80.7
2020-04-01,DAKAR,Ouest,D01,Produits alimentaires et boissons non alcoolisées,421,82.42
Mai 2020,DAKAR,Ouest,D01,Produits alimentaires et boissons non alcoolisées,421,83.85
01/06/2020,dakar,Ouest,D01,Produits alimentaires et boissons non alcoolisées,421,84.91
Juillet 2020,dakar,Ouest,D01,Produits alimentaires et boissons non alcoolisées,421,85.25
01/08/2020,dakar,Ouest,D01,Produits alimentaires et boissons non alcoolisées,421,84.95
Septembre 2020,Dakar ,Ouest,D01,Produits alimentaires et boissons non alcoolisées,421,84.06
01/10/2020,Dakar ,Ouest,D01,Produits alimentaires et boissons non alcoolisées,421,82.5
Novembre 2020,Dakar ,Ouest,D01,Produits alimentaires et boissons non alcoolisées,421,81.13
Décembre 2020,DAKAR,Ouest,D01,Produits alimentaires et boissons non alcoolisées,421,80.23
2021-01-01,dakar,Ouest,D01,Produits alimentaires et boissons non alcoolisées,421,80.79
2021-02-01,Dakar ,Ouest,D01,Produits alimentaires et boissons non alcoolisées,421,81.37
01/03/2021,DAKAR,Ouest,D01,Produits alimentaires et boissons non alcoolisées,421,82.59
2021-04-01,Dakar ,Ouest,D01,Produits alimentaires et boissons non alcoolisées,421,84.41
Mai 2021,DAKAR,Ouest,D01,Produits alimentaires et boissons non alcoolisées,421,85.93
Juin 2021,dakar,Ouest,D01,Produits alimentaires et boissons non alcoolisées,421,87.29
2021-07-01,Dakar ,Ouest,D01,Produits alimentaires et boissons non alcoolisées,421,87.48
2021-08-01,DAKAR,Ouest,D01,Produits alimentaires et boissons non alcoolisées,421,86.97
2021-09-01,Dakar ,Ouest,D01,Produits alimentaires et boissons non alcoolisées,421,86.03
Octobre 2021,DAKAR,Ouest,D01,Produits alimentaires et boissons non alcoolisées,421,85.17
Novembre 2021,DAKAR,Ouest,D01,Produits alimentaires et boissons non alcoolisées,421,83.97
2021-12-01,dakar,Ouest,D01,Produits alimentaires et boissons non alcoolisées,421,82.92
Janvier 2022,dakar,Ouest,D01,Produits alimentaires et boissons non alcoolisées,421,84.78
2022-02-01,DAKAR,Ouest,D01,Produits alimentaires et boissons non alcoolisées,421,86.78
2022-03-01,dakar,Ouest,D01,Produits alimentaires et boissons non alcoolisées,421,88.86
01/04/2022,DAKAR,Ouest,D01,Produits alimentaires et boissons non alcoolisées,421,91.7
2022-05-01,dakar,Ouest,D01,Produits alimentaires et boissons non alcoolisées,421,94.73
2022-06-01,dakar,Ouest,D01,Produits alimentaires et boissons non alcoolisées,421,96.83
01/07/2022,DAKAR,Ouest,D01,Produits alimentaires et boissons non alcoolisées,421,98.15
Août 2022,dakar,Ouest,D01,Produits alimentaires et boissons non alcoolisées,421,98.62
01/09/2022,dakar,Ouest,D01,Produits alimentaires et boissons non alcoolisées,421,98.48
01/10/2022,DAKAR,Ouest,D01,Produits alimentaires et boissons non alcoolisées,421,98.01
2022-11-01,dakar,Ouest,D01,Produits alimentaires et boissons non alcoolisées,421,97.1
01/12/2022,dakar,Ouest,D01,Produits alimentaires et boissons non alcoolisées,421,
Janvier 2023,dakar,Ouest,D01,Produits alimentaires et boissons non alcoolisées,421,93.79
01/02/2023,dakar,Ouest,D01,Produits alimentaires et boissons non alcoolisées,421,95.22
Mars 2023,DAKAR,Ouest,D01,Produits alimentaires et boissons non alcoolisées,421,96.93
2023-04-01,dakar,Ouest,D01,Produits alimentaires et boissons non alcoolisées,421,
01/05/2023,dakar,Ouest,D01,Produits alimentaires et boissons non alcoolisées,421,101.36
01/06/2023,Dakar ,Ouest,D01,Produits alimentaires et boissons non alcoolisées,421,103.12
2023-07-01,dakar,Ouest,D01,Produits alimentaires et boissons non alcoolisées,421,103.92
2023-08-01,DAKAR,Ouest,D01,Produits alimentaires et boissons non alcoolisées,421,103.34
Septembre 2023,DAKAR,Ouest,D01,Produits alimentaires et boissons non alcoolisées,421,102.9
01/10/2023,dakar,Ouest,D01,Produits alimentaires et boissons non alcoolisées,421,101.81
01/11/2023,dakar,Ouest,D01,Produits alimentaires et boissons non alcoolisées,421,100.75
01/12/2023,dakar,Ouest,D01,Produits alimentaires et boissons non alcoolisées,421,97.78
Janvier 2024,DAKAR,Ouest,D01,Produits alimentaires et boissons non alcoolisées,421,96.63
Février 2024,Dakar ,Ouest,D01,Produits alimentaires et boissons non alcoolisées,421,97.52
01/03/2024,Dakar ,Ouest,D01,Produits alimentaires et boissons non alcoolisées,421,98.76
01/04/2024,dakar,Ouest,D01,Produits alimentaires et boissons non alcoolisées,421,100.5
01/05/2024,dakar,Ouest,D01,Produits alimentaires et boissons non alcoolisées,421,102.39
Juin 2024,DAKAR,Ouest,D01,Produits alimentaires et boissons non alcoolisées,421,103.79
01/07/2024,dakar,Ouest,D01,Produits alimentaires et boissons non alcoolisées,421,104.32
2024-08-01,DAKAR,Ouest,D01,Produits alimentaires et boissons non alcoolisées,421,103.82
2024-09-01,DAKAR,Ouest,D01,Produits alimentaires et boissons non alcoolisées,421,103.29
Octobre 2024,dakar,Ouest,D01,Produits alimentaires et boissons non alcoolisées,421,102.34
2024-11-01,DAKAR,Ouest,D01,Produits alimentaires et boissons non alcoolisées,421,101.71
01/12/2024,Dakar ,Ouest,D01,Produits alimentaires et boissons non alcoolisées,421,98.54
01/01/2025,Dakar ,Ouest,D01,Produits alimentaires et boissons non alcoolisées,421,97.54
2025-02-01,Dakar ,Ouest,D01,Produits alimentaires et boissons non alcoolisées,421,98.63
01/03/2025,Dakar ,Ouest,D01,Produits alimentaires et boissons non alcoolisées,421,100.16
2025-04-01,dakar,Ouest,D01,Produits alimentaires et boissons non alcoolisées,421,102.39
Mai 2025,Dakar ,Ouest,D01,Produits alimentaires et boissons non alcoolisées,421,104.63
Juin 2025,DAKAR,Ouest,D01,Produits alimentaires et boissons non alcoolisées,421,106.37
2025-07-01,Dakar ,Ouest,D01,Produits alimentaires et boissons non alcoolisées,421,106.81
01/08/2025,DAKAR,Ouest,D01,Produits alimentaires et boissons non alcoolisées,421,106.71
Septembre 2025,DAKAR,Ouest,D01,Produits alimentaires et boissons non alcoolisées,421,105.94
2025-10-01,Dakar ,Ouest,D01,Produits alimentaires et boissons non alcoolisées,421,105.38
2025-11-01,Dakar ,Ouest,D01,Produits alimentaires et boissons non alcoolisées,421,104.31
Décembre 2025,DAKAR,Ouest,D01,Produits alimentaires et boissons non alcoolisées,421,101.3
01/01/2026,DAKAR,Ouest,D01,Produits alimentaires et boissons non alcoolisées,421,97.98
2026-02-01,DAKAR,Ouest,D01,Produits alimentaires et boissons non alcoolisées,421,99.59
2026-03-01,dakar,Ouest,D01,Produits alimentaires et boissons non alcoolisées,421,101.71
2026-04-01,DAKAR,Ouest,D01,Produits alimentaires et boissons non alcoolisées,421,103.65
01/05/2026,Dakar ,Ouest,D01,Produits alimentaires et boissons non alcoolisées,421,106.12
2018-01-01,Dakar ,Ouest,D02,"Boissons alcoolisées, tabac et stupéfiants",9,82.25
01/02/2018,dakar,Ouest,D02,"Boissons alcoolisées, tabac et stupéfiants",9,82.32
01/03/2018,DAKAR,Ouest,D02,"Boissons alcoolisées, tabac et stupéfiants",9,82.83
2018-04-01,DAKAR,Ouest,D02,"Boissons alcoolisées, tabac et stupéfiants",9,83.16
Mai 2018,DAKAR,Ouest,D02,"Boissons alcoolisées, tabac et stupéfiants",9,82.84
Juin 2018,DAKAR,Ouest,D02,"Boissons alcoolisées, tabac et stupéfiants",9,83.06
Juillet 2018,dakar,Ouest,D02,"Boissons alcoolisées, tabac et stupéfiants",9,83.17
Août 2018,Dakar ,Ouest,D02,"Boissons alcoolisées, tabac et stupéfiants",9,
2018-09-01,Dakar ,Ouest,D02,"Boissons alcoolisées, tabac et stupéfiants",9,82.82
01/10/2018,DAKAR,Ouest,D02,"Boissons alcoolisées, tabac et stupéfiants",9,82.72
2018-11-01,dakar,Ouest,D02,"Boissons alcoolisées, tabac et stupéfiants",9,82.66
2018-12-01,DAKAR,Ouest,D02,"Boissons alcoolisées, tabac et stupéfiants",9,82.5
Janvier 2019,Dakar ,Ouest,D02,"Boissons alcoolisées, tabac et stupéfiants",9,82.96
01/02/2019,dakar,Ouest,D02,"Boissons alcoolisées, tabac et stupéfiants",9,83.07
Mars 2019,Dakar ,Ouest,D02,"Boissons alcoolisées, tabac et stupéfiants",9,83.1
Avril 2019,DAKAR,Ouest,D02,"Boissons alcoolisées, tabac et stupéfiants",9,83.48
2019-05-01,dakar,Ouest,D02,"Boissons alcoolisées, tabac et stupéfiants",9,83.7
2019-06-01,dakar,Ouest,D02,"Boissons alcoolisées, tabac et stupéfiants",9,83.93
Juillet 2019,Dakar ,Ouest,D02,"Boissons alcoolisées, tabac et stupéfiants",9,83.89
01/08/2019,Dakar ,Ouest,D02,"Boissons alcoolisées, tabac et stupéfiants",9,83.96
Septembre 2019,DAKAR,Ouest,D02,"Boissons alcoolisées, tabac et stupéfiants",9,83.87
01/10/2019,DAKAR,Ouest,D02,"Boissons alcoolisées, tabac et stupéfiants",9,83.55
01/11/2019,Dakar ,Ouest,D02,"Boissons alcoolisées, tabac et stupéfiants",9,83.38
01/12/2019,dakar,Ouest,D02,"Boissons alcoolisées, tabac et stupéfiants",9,83.2
Janvier 2020,dakar,Ouest,D02,"Boissons alcoolisées, tabac et stupéfiants",9,84.21
2020-02-01,dakar,Ouest,D02,"Boissons alcoolisées, tabac et stupéfiants",9,84.42
01/03/2020,DAKAR,Ouest,D02,"Boissons alcoolisées, tabac et stupéfiants",9,84.94
Avril 2020,DAKAR,Ouest,D02,"Boissons alcoolisées, tabac et stupéfiants",9,85.34
Mai 2020,dakar,Ouest,D02,"Boissons alcoolisées, tabac et stupéfiants",9,86.07
01/06/2020,Dakar ,Ouest,D02,"Boissons alcoolisées, tabac et stupéfiants",9,86.38
01/07/2020,dakar,Ouest,D02,"Boissons alcoolisées, tabac et stupéfiants",9,86.33
Août 2020,DAKAR,Ouest,D02,"Boissons alcoolisées, tabac et stupéfiants",9,86.06
01/09/2020,DAKAR,Ouest,D02,"Boissons alcoolisées, tabac et stupéfiants",9,85.79
01/10/2020,Dakar ,Ouest,D02,"Boissons alcoolisées, tabac et stupéfiants",9,85.81
01/11/2020,dakar,Ouest,D02,"Boissons alcoolisées, tabac et stupéfiants",9,85.42
01/12/2020,Dakar ,Ouest,D02,"Boissons alcoolisées, tabac et stupéfiants",9,85.25
2021-01-01,dakar,Ouest,D02,"Boissons alcoolisées, tabac et stupéfiants",9,85.52
01/02/2021,Dakar ,Ouest,D02,"Boissons alcoolisées, tabac et stupéfiants",9,86.18
01/03/2021,Dakar ,Ouest,D02,"Boissons alcoolisées, tabac et stupéfiants",9,86.53
2021-04-01,Dakar ,Ouest,D02,"Boissons alcoolisées, tabac et stupéfiants",9,
01/05/2021,DAKAR,Ouest,D02,"Boissons alcoolisées, tabac et stupéfiants",9,87.35
Juin 2021,dakar,Ouest,D02,"Boissons alcoolisées, tabac et stupéfiants",9,87.84
2021-07-01,dakar,Ouest,D02,"Boissons alcoolisées, tabac et stupéfiants",9,87.94
2021-08-01,DAKAR,Ouest,D02,"Boissons alcoolisées, tabac et stupéfiants",9,87.91
Septembre 2021,dakar,Ouest,D02,"Boissons alcoolisées, tabac et stupéfiants",9,87.85
Octobre 2021,DAKAR,Ouest,D02,"Boissons alcoolisées, tabac et stupéfiants",9,87.69
2021-11-01,Dakar ,Ouest,D02,"Boissons alcoolisées, tabac et stupéfiants",9,87.61
2021-12-01,DAKAR,Ouest,D02,"Boissons alcoolisées, tabac et stupéfiants",9,87.72
Janvier 2022,dakar,Ouest,D02,"Boissons alcoolisées, tabac et stupéfiants",9,88.99
Février 2022,DAKAR,Ouest,D02,"Boissons alcoolisées, tabac et stupéfiants",9,90.48
01/03/2022,DAKAR,Ouest,D02,"Boissons alcoolisées, tabac et stupéfiants",9,91.84
Avril 2022,dakar,Ouest,D02,"Boissons alcoolisées, tabac et stupéfiants",9,93.23
01/05/2022,Dakar ,Ouest,D02,"Boissons alcoolisées, tabac et stupéfiants",9,94.51
2022-06-01,DAKAR,Ouest,D02,"Boissons alcoolisées, tabac et stupéfiants",9,95.47
Juillet 2022,DAKAR,Ouest,D02,"Boissons alcoolisées, tabac et stupéfiants",9,96.59
01/08/2022,DAKAR,Ouest,D02,"Boissons alcoolisées, tabac et stupéfiants",9,97.5
01/09/2022,Dakar ,Ouest,D02,"Boissons alcoolisées, tabac et stupéfiants",9,97.62
01/10/2022,Dakar ,Ouest,D02,"Boissons alcoolisées, tabac et stupéfiants",9,98.48
2022-11-01,Dakar ,Ouest,D02,"Boissons alcoolisées, tabac et stupéfiants",9,98.73
2022-12-01,Dakar ,Ouest,D02,"Boissons alcoolisées, tabac et stupéfiants",9,97.2
2023-01-01,DAKAR,Ouest,D02,"Boissons alcoolisées, tabac et stupéfiants",9,96.99
2023-02-01,dakar,Ouest,D02,"Boissons alcoolisées, tabac et stupéfiants",9,97.71
Mars 2023,dakar,Ouest,D02,"Boissons alcoolisées, tabac et stupéfiants",9,98.66
01/04/2023,Dakar ,Ouest,D02,"Boissons alcoolisées, tabac et stupéfiants",9,99.32
Mai 2023,dakar,Ouest,D02,"Boissons alcoolisées, tabac et stupéfiants",9,100.3
01/06/2023,Dakar ,Ouest,D02,"Boissons alcoolisées, tabac et stupéfiants",9,100.86
01/07/2023,Dakar ,Ouest,D02,"Boissons alcoolisées, tabac et stupéfiants",9,101.03
Août 2023,Dakar ,Ouest,D02,"Boissons alcoolisées, tabac et stupéfiants",9,101.38
2023-09-01,Dakar ,Ouest,D02,"Boissons alcoolisées, tabac et stupéfiants",9,101.46
Octobre 2023,dakar,Ouest,D02,"Boissons alcoolisées, tabac et stupéfiants",9,101.76
Novembre 2023,dakar,Ouest,D02,"Boissons alcoolisées, tabac et stupéfiants",9,101.76
01/12/2023,DAKAR,Ouest,D02,"Boissons alcoolisées, tabac et stupéfiants",9,99.92
01/01/2024,dakar,Ouest,D02,"Boissons alcoolisées, tabac et stupéfiants",9,99.09
Février 2024,DAKAR,Ouest,D02,"Boissons alcoolisées, tabac et stupéfiants",9,99.63
01/03/2024,dakar,Ouest,D02,"Boissons alcoolisées, tabac et stupéfiants",9,99.69
01/04/2024,Dakar ,Ouest,D02,"Boissons alcoolisées, tabac et stupéfiants",9,100.42
Mai 2024,DAKAR,Ouest,D02,"Boissons alcoolisées, tabac et stupéfiants",9,100.74
Juin 2024,Dakar ,Ouest,D02,"Boissons alcoolisées, tabac et stupéfiants",9,101.31
01/07/2024,DAKAR,Ouest,D02,"Boissons alcoolisées, tabac et stupéfiants",9,101.48
01/08/2024,DAKAR,Ouest,D02,"Boissons alcoolisées, tabac et stupéfiants",9,101.74
Septembre 2024,Dakar ,Ouest,D02,"Boissons alcoolisées, tabac et stupéfiants",9,101.8
Octobre 2024,dakar,Ouest,D02,"Boissons alcoolisées, tabac et stupéfiants",9,101.73
01/11/2024,DAKAR,Ouest,D02,"Boissons alcoolisées, tabac et stupéfiants",9,102.22
Décembre 2024,DAKAR,Ouest,D02,"Boissons alcoolisées, tabac et stupéfiants",9,100.24
2025-01-01,DAKAR,Ouest,D02,"Boissons alcoolisées, tabac et stupéfiants",9,100.03
2025-02-01,DAKAR,Ouest,D02,"Boissons alcoolisées, tabac et stupéfiants",9,100.81
2025-03-01,DAKAR,Ouest,D02,"Boissons alcoolisées, tabac et stupéfiants",9,101.26
Avril 2025,Dakar ,Ouest,D02,"Boissons alcoolisées, tabac et stupéfiants",9,101.69
Mai 2025,Dakar ,Ouest,D02,"Boissons alcoolisées, tabac et stupéfiants",9,102.31
2025-06-01,DAKAR,Ouest,D02,"Boissons alcoolisées, tabac et stupéfiants",9,103.03
Juillet 2025,DAKAR,Ouest,D02,"Boissons alcoolisées, tabac et stupéfiants",9,103.22
01/08/2025,Dakar ,Ouest,D02,"Boissons alcoolisées, tabac et stupéfiants",9,103.56
2025-09-01,Dakar ,Ouest,D02,"Boissons alcoolisées, tabac et stupéfiants",9,104.1
2025-10-01,dakar,Ouest,D02,"Boissons alcoolisées, tabac et stupéfiants",9,104.63
2025-11-01,Dakar ,Ouest,D02,"Boissons alcoolisées, tabac et stupéfiants",9,104.87
2025-12-01,Dakar ,Ouest,D02,"Boissons alcoolisées, tabac et stupéfiants",9,102.62
2026-01-01,Dakar ,Ouest,D02,"Boissons alcoolisées, tabac et stupéfiants",9,100.52
2026-02-01,DAKAR,Ouest,D02,"Boissons alcoolisées, tabac et stupéfiants",9,101.35
2026-03-01,dakar,Ouest,D02,"Boissons alcoolisées, tabac et stupéfiants",9,102.51
Avril 2026,dakar,Ouest,D02,"Boissons alcoolisées, tabac et stupéfiants",9,103.16
01/05/2026,dakar,Ouest,D02,"Boissons alcoolisées, tabac et stupéfiants",9,103.09
2018-01-01,dakar,Ouest,D03,Habillement et chaussures,62,86.54
01/02/2018,DAKAR,Ouest,D03,Habillement et chaussures,62,86.82
Mars 2018,dakar,Ouest,D03,Habillement et chaussures,62,86.88
2018-04-01,dakar,Ouest,D03,Habillement et chaussures,62,87.73
2018-05-01,DAKAR,Ouest,D03,Habillement et chaussures,62,88.02
01/06/2018,Dakar ,Ouest,D03,Habillement et chaussures,62,88.38
2018-07-01,dakar,Ouest,D03,Habillement et chaussures,62,88.27
01/08/2018,dakar,Ouest,D03,Habillement et chaussures,62,88.32
01/09/2018,Dakar ,Ouest,D03,Habillement et chaussures,62,88.02
2018-10-01,dakar,Ouest,D03,Habillement et chaussures,62,87.46
2018-11-01,dakar,Ouest,D03,Habillement et chaussures,62,87.03
Décembre 2018,Dakar ,Ouest,D03,Habillement et chaussures,62,86.74
01/01/2019,dakar,Ouest,D03,Habillement et chaussures,62,86.94
01/02/2019,Dakar ,Ouest,D03,Habillement et chaussures,62,87.2
2019-03-01,DAKAR,Ouest,D03,Habillement et chaussures,62,87.56
Avril 2019,Dakar ,Ouest,D03,Habillement et chaussures,62,88.11
01/05/2019,dakar,Ouest,D03,Habillement et chaussures,62,88.66
Juin 2019,Dakar ,Ouest,D03,Habillement et chaussures,62,88.72
2019-07-01,DAKAR,Ouest,D03,Habillement et chaussures,62,88.95
Août 2019,dakar,Ouest,D03,Habillement et chaussures,62,89.02
2019-09-01,dakar,Ouest,D03,Habillement et chaussures,62,88.37
Octobre 2019,DAKAR,Ouest,D03,Habillement et chaussures,62,87.9
2019-11-01,Dakar ,Ouest,D03,Habillement et chaussures,62,87.59
Décembre 2019,dakar,Ouest,D03,Habillement et chaussures,62,87.37
Janvier 2020,Dakar ,Ouest,D03,Habillement et chaussures,62,87.94
01/02/2020,dakar,Ouest,D03,Habillement et chaussures,62,88.43
01/03/2020,dakar,Ouest,D03,Habillement et chaussures,62,88.9
2020-04-01,dakar,Ouest,D03,Habillement et chaussures,62,89.54
2020-05-01,dakar,Ouest,D03,Habillement et chaussures,62,90.13
2020-06-01,dakar,Ouest,D03,Habillement et chaussures,62,90.87
2020-07-01,Dakar ,Ouest,D03,Habillement et chaussures,62,90.67
01/08/2020,DAKAR,Ouest,D03,Habillement et chaussures,62,90.23
2020-09-01,Dakar ,Ouest,D03,Habillement et chaussures,62,90.32
Octobre 2020,Dakar ,Ouest,D03,Habillement et chaussures,62,89.52
Novembre 2020,Dakar ,Ouest,D03,Habillement et chaussures,62,
01/12/2020,dakar,Ouest,D03,Habillement et chaussures,62,88.9
01/01/2021,dakar,Ouest,D03,Habillement et chaussures,62,88.85
2021-02-01,Dakar ,Ouest,D03,Habillement et chaussures,62,89.23
2021-03-01,dakar,Ouest,D03,Habillement et chaussures,62,89.72
2021-04-01,DAKAR,Ouest,D03,Habillement et chaussures,62,90.49
2021-05-01,Dakar ,Ouest,D03,Habillement et chaussures,62,91.31
01/06/2021,Dakar ,Ouest,D03,Habillement et chaussures,62,91.83
01/07/2021,dakar,Ouest,D03,Habillement et chaussures,62,91.95
01/08/2021,dakar,Ouest,D03,Habillement et chaussures,62,91.63
Septembre 2021,dakar,Ouest,D03,Habillement et chaussures,62,91.2
Octobre 2021,dakar,Ouest,D03,Habillement et chaussures,62,91.11
2021-11-01,Dakar ,Ouest,D03,Habillement et chaussures,62,90.63
2021-12-01,DAKAR,Ouest,D03,Habillement et chaussures,62,90.5
01/01/2022,DAKAR,Ouest,D03,Habillement et chaussures,62,91.77
01/02/2022,Dakar ,Ouest,D03,Habillement et chaussures,62,92.66
2022-03-01,Dakar ,Ouest,D03,Habillement et chaussures,62,93.95
01/04/2022,DAKAR,Ouest,D03,Habillement et chaussures,62,95.2
01/05/2022,DAKAR,Ouest,D03,Habillement et chaussures,62,96.56
Juin 2022,DAKAR,Ouest,D03,Habillement et chaussures,62,97.45
2022-07-01,Dakar ,Ouest,D03,Habillement et chaussures,62,98.2
Août 2022,Dakar ,Ouest,D03,Habillement et chaussures,62,98.67
01/09/2022,dakar,Ouest,D03,Habillement et chaussures,62,98.93
01/10/2022,Dakar ,Ouest,D03,Habillement et chaussures,62,98.78
2022-11-01,dakar,Ouest,D03,Habillement et chaussures,62,98.9
01/12/2022,Dakar ,Ouest,D03,Habillement et chaussures,62,97.41
2023-01-01,Dakar ,Ouest,D03,Habillement et chaussures,62,97.29
Février 2023,Dakar ,Ouest,D03,Habillement et chaussures,62,97.96
01/03/2023,dakar,Ouest,D03,Habillement et chaussures,62,98.31
Avril 2023,dakar,Ouest,D03,Habillement et chaussures,62,99.3
Mai 2023,DAKAR,Ouest,D03,Habillement et chaussures,62,100.18
Juin 2023,Dakar ,Ouest,D03,Habillement et chaussures,62,100.75
01/07/2023,dakar,Ouest,D03,Habillement et chaussures,62,101.27
01/08/2023,DAKAR,Ouest,D03,Habillement et chaussures,62,101.49
01/09/2023,Dakar ,Ouest,D03,Habillement et chaussures,62,101.28
Octobre 2023,Dakar ,Ouest,D03,Habillement et chaussures,62,101.18
Novembre 2023,Dakar ,Ouest,D03,Habillement et chaussures,62,101.1
Décembre 2023,dakar,Ouest,D03,Habillement et chaussures,62,99.54
01/01/2024,Dakar ,Ouest,D03,Habillement et chaussures,62,98.73
Février 2024,Dakar ,Ouest,D03,Habillement et chaussures,62,99.25
2024-03-01,dakar,Ouest,D03,Habillement et chaussures,62,99.6
Avril 2024,dakar,Ouest,D03,Habillement et chaussures,62,100.12
Mai 2024,DAKAR,Ouest,D03,Habillement et chaussures,62,100.83
01/06/2024,dakar,Ouest,D03,Habillement et chaussures,62,101.19
01/07/2024,Dakar ,Ouest,D03,Habillement et chaussures,62,101.52
Août 2024,Dakar ,Ouest,D03,Habillement et chaussures,62,101.57
2024-09-01,Dakar ,Ouest,D03,Habillement et chaussures,62,101.65
Octobre 2024,DAKAR,Ouest,D03,Habillement et chaussures,62,101.65
2024-11-01,Dakar ,Ouest,D03,Habillement et chaussures,62,101.02
01/12/2024,dakar,Ouest,D03,Habillement et chaussures,62,99.76
2025-01-01,DAKAR,Ouest,D03,Habillement et chaussures,62,99.22
Février 2025,Dakar ,Ouest,D03,Habillement et chaussures,62,99.89
01/03/2025,DAKAR,Ouest,D03,Habillement et chaussures,62,100.47
01/04/2025,Dakar ,Ouest,D03,Habillement et chaussures,62,101.01
01/05/2025,dakar,Ouest,D03,Habillement et chaussures,62,102.25
2025-06-01,Dakar ,Ouest,D03,Habillement et chaussures,62,102.65
01/07/2025,dakar,Ouest,D03,Habillement et chaussures,62,103.01
2025-08-01,dakar,Ouest,D03,Habillement et chaussures,62,103.01
Septembre 2025,Dakar ,Ouest,D03,Habillement et chaussures,62,103.08
2025-10-01,DAKAR,Ouest,D03,Habillement et chaussures,62,103.17
01/11/2025,DAKAR,Ouest,D03,Habillement et chaussures,62,102.97
01/12/2025,dakar,Ouest,D03,Habillement et chaussures,62,101.52
2026-01-01,Dakar ,Ouest,D03,Habillement et chaussures,62,99.68
Février 2026,Dakar ,Ouest,D03,Habillement et chaussures,62,100.54
01/03/2026,Dakar ,Ouest,D03,Habillement et chaussures,62,101.33
2026-04-01,DAKAR,Ouest,D03,Habillement et chaussures,62,101.84
2026-05-01,DAKAR,Ouest,D03,Habillement et chaussures,62,102.93
Janvier 2018,DAKAR,Ouest,D04,"Logement, eau, électricité, gaz et autres combustibles",105,79.92
Février 2018,Dakar ,Ouest,D04,"Logement, eau, électricité, gaz et autres combustibles",105,80.18
2018-03-01,DAKAR,Ouest,D04,"Logement, eau, électricité, gaz et autres combustibles",105,80.33
2018-04-01,dakar,Ouest,D04,"Logement, eau, électricité, gaz et autres combustibles",105,80.58
2018-05-01,dakar,Ouest,D04,"Logement, eau, électricité, gaz et autres combustibles",105,80.94
Juin 2018,DAKAR,Ouest,D04,"Logement, eau, électricité, gaz et autres combustibles",105,81.34
2018-07-01,dakar,Ouest,D04,"Logement, eau, électricité, gaz et autres combustibles",105,81.4
01/08/2018,DAKAR,Ouest,D04,"Logement, eau, électricité, gaz et autres combustibles",105,81.07
01/09/2018,DAKAR,Ouest,D04,"Logement, eau, électricité, gaz et autres combustibles",105,80.85
Octobre 2018,dakar,Ouest,D04,"Logement, eau, électricité, gaz et autres combustibles",105,80.65
Novembre 2018,dakar,Ouest,D04,"Logement, eau, électricité, gaz et autres combustibles",105,80.12
01/12/2018,DAKAR,Ouest,D04,"Logement, eau, électricité, gaz et autres combustibles",105,80.06
2019-01-01,DAKAR,Ouest,D04,"Logement, eau, électricité, gaz et autres combustibles",105,80.63
01/02/2019,DAKAR,Ouest,D04,"Logement, eau, électricité, gaz et autres combustibles",105,80.79
01/03/2019,Dakar ,Ouest,D04,"Logement, eau, électricité, gaz et autres combustibles",105,80.93
01/04/2019,Dakar ,Ouest,D04,"Logement, eau, électricité, gaz et autres combustibles",105,81.2
Mai 2019,Dakar ,Ouest,D04,"Logement, eau, électricité, gaz et autres combustibles",105,81.49
01/06/2019,DAKAR,Ouest,D04,"Logement, eau, électricité, gaz et autres combustibles",105,
01/07/2019,dakar,Ouest,D04,"Logement, eau, électricité, gaz et autres combustibles",105,82.02
01/08/2019,Dakar ,Ouest,D04,"Logement, eau, électricité, gaz et autres combustibles",105,81.94
01/09/2019,Dakar ,Ouest,D04,"Logement, eau, électricité, gaz et autres combustibles",105,81.97
Octobre 2019,Dakar ,Ouest,D04,"Logement, eau, électricité, gaz et autres combustibles",105,
01/11/2019,DAKAR,Ouest,D04,"Logement, eau, électricité, gaz et autres combustibles",105,80.96
01/12/2019,dakar,Ouest,D04,"Logement, eau, électricité, gaz et autres combustibles",105,80.9
Janvier 2020,Dakar ,Ouest,D04,"Logement, eau, électricité, gaz et autres combustibles",105,81.92
Février 2020,Dakar ,Ouest,D04,"Logement, eau, électricité, gaz et autres combustibles",105,82.3
01/03/2020,DAKAR,Ouest,D04,"Logement, eau, électricité, gaz et autres combustibles",105,82.88
2020-04-01,Dakar ,Ouest,D04,"Logement, eau, électricité, gaz et autres combustibles",105,83.53
01/05/2020,dakar,Ouest,D04,"Logement, eau, électricité, gaz et autres combustibles",105,84.01
2020-06-01,DAKAR,Ouest,D04,"Logement, eau, électricité, gaz et autres combustibles",105,84.68
Juillet 2020,DAKAR,Ouest,D04,"Logement, eau, électricité, gaz et autres combustibles",105,84.54
Août 2020,dakar,Ouest,D04,"Logement, eau, électricité, gaz et autres combustibles",105,84.52
2020-09-01,Dakar ,Ouest,D04,"Logement, eau, électricité, gaz et autres combustibles",105,84.52
2020-10-01,dakar,Ouest,D04,"Logement, eau, électricité, gaz et autres combustibles",105,83.8
Novembre 2020,dakar,Ouest,D04,"Logement, eau, électricité, gaz et autres combustibles",105,83.55
Décembre 2020,dakar,Ouest,D04,"Logement, eau, électricité, gaz et autres combustibles",105,83.09
Janvier 2021,DAKAR,Ouest,D04,"Logement, eau, électricité, gaz et autres combustibles",105,83.75
2021-02-01,DAKAR,Ouest,D04,"Logement, eau, électricité, gaz et autres combustibles",105,84.06
2021-03-01,dakar,Ouest,D04,"Logement, eau, électricité, gaz et autres combustibles",105,84.59
01/04/2021,DAKAR,Ouest,D04,"Logement, eau, électricité, gaz et autres combustibles",105,85.14
2021-05-01,Dakar ,Ouest,D04,"Logement, eau, électricité, gaz et autres combustibles",105,85.92
Juin 2021,DAKAR,Ouest,D04,"Logement, eau, électricité, gaz et autres combustibles",105,86.28
01/07/2021,DAKAR,Ouest,D04,"Logement, eau, électricité, gaz et autres combustibles",105,86.63
Août 2021,dakar,Ouest,D04,"Logement, eau, électricité, gaz et autres combustibles",105,86.67
Septembre 2021,dakar,Ouest,D04,"Logement, eau, électricité, gaz et autres combustibles",105,86.41
01/10/2021,dakar,Ouest,D04,"Logement, eau, électricité, gaz et autres combustibles",105,86.06
01/11/2021,DAKAR,Ouest,D04,"Logement, eau, électricité, gaz et autres combustibles",105,85.91
2021-12-01,Dakar ,Ouest,D04,"Logement, eau, électricité, gaz et autres combustibles",105,
Janvier 2022,DAKAR,Ouest,D04,"Logement, eau, électricité, gaz et autres combustibles",105,87.83
01/02/2022,dakar,Ouest,D04,"Logement, eau, électricité, gaz et autres combustibles",105,88.82
2022-03-01,Dakar ,Ouest,D04,"Logement, eau, électricité, gaz et autres combustibles",105,90.57
2022-04-01,DAKAR,Ouest,D04,"Logement, eau, électricité, gaz et autres combustibles",105,92.0
2022-05-01,dakar,Ouest,D04,"Logement, eau, électricité, gaz et autres combustibles",105,93.72
Juin 2022,dakar,Ouest,D04,"Logement, eau, électricité, gaz et autres combustibles",105,95.52
2022-07-01,DAKAR,Ouest,D04,"Logement, eau, électricité, gaz et autres combustibles",105,96.41
Août 2022,dakar,Ouest,D04,"Logement, eau, électricité, gaz et autres combustibles",105,96.94
Septembre 2022,Dakar ,Ouest,D04,"Logement, eau, électricité, gaz et autres combustibles",105,97.41
2022-10-01,DAKAR,Ouest,D04,"Logement, eau, électricité, gaz et autres combustibles",105,97.64
2022-11-01,Dakar ,Ouest,D04,"Logement, eau, électricité, gaz et autres combustibles",105,98.36
Décembre 2022,dakar,Ouest,D04,"Logement, eau, électricité, gaz et autres combustibles",105,96.94
01/01/2023,Dakar ,Ouest,D04,"Logement, eau, électricité, gaz et autres combustibles",105,96.58
Février 2023,DAKAR,Ouest,D04,"Logement, eau, électricité, gaz et autres combustibles",105,97.17
Mars 2023,DAKAR,Ouest,D04,"Logement, eau, électricité, gaz et autres combustibles",105,98.23
2023-04-01,dakar,Ouest,D04,"Logement, eau, électricité, gaz et autres combustibles",105,98.92
2023-05-01,dakar,Ouest,D04,"Logement, eau, électricité, gaz et autres combustibles",105,100.14
Juin 2023,dakar,Ouest,D04,"Logement, eau, électricité, gaz et autres combustibles",105,101.02
2023-07-01,Dakar ,Ouest,D04,"Logement, eau, électricité, gaz et autres combustibles",105,101.34
Août 2023,Dakar ,Ouest,D04,"Logement, eau, électricité, gaz et autres combustibles",105,101.6
Septembre 2023,DAKAR,Ouest,D04,"Logement, eau, électricité, gaz et autres combustibles",105,101.74
01/10/2023,DAKAR,Ouest,D04,"Logement, eau, électricité, gaz et autres combustibles",105,101.95
2023-11-01,dakar,Ouest,D04,"Logement, eau, électricité, gaz et autres combustibles",105,101.8
Décembre 2023,DAKAR,Ouest,D04,"Logement, eau, électricité, gaz et autres combustibles",105,99.8
01/01/2024,Dakar ,Ouest,D04,"Logement, eau, électricité, gaz et autres combustibles",105,99.1
2024-02-01,dakar,Ouest,D04,"Logement, eau, électricité, gaz et autres combustibles",105,99.08
01/03/2024,DAKAR,Ouest,D04,"Logement, eau, électricité, gaz et autres combustibles",105,99.63
01/04/2024,dakar,Ouest,D04,"Logement, eau, électricité, gaz et autres combustibles",105,100.58
Mai 2024,Dakar ,Ouest,D04,"Logement, eau, électricité, gaz et autres combustibles",105,101.01
Juin 2024,Dakar ,Ouest,D04,"Logement, eau, électricité, gaz et autres combustibles",105,101.74
2024-07-01,Dakar ,Ouest,D04,"Logement, eau, électricité, gaz et autres combustibles",105,101.74
2024-08-01,dakar,Ouest,D04,"Logement, eau, électricité, gaz et autres combustibles",105,102.1
Septembre 2024,dakar,Ouest,D04,"Logement, eau, électricité, gaz et autres combustibles",105,
Octobre 2024,DAKAR,Ouest,D04,"Logement, eau, électricité, gaz et autres combustibles",105,102.27
Novembre 2024,Dakar ,Ouest,D04,"Logement, eau, électricité, gaz et autres combustibles",105,102.64
2024-12-01,Dakar ,Ouest,D04,"Logement, eau, électricité, gaz et autres combustibles",105,100.2
2025-01-01,Dakar ,Ouest,D04,"Logement, eau, électricité, gaz et autres combustibles",105,99.76
2025-02-01,Dakar ,Ouest,D04,"Logement, eau, électricité, gaz et autres combustibles",105,100.42
2025-03-01,Dakar ,Ouest,D04,"Logement, eau, électricité, gaz et autres combustibles",105,101.32
01/04/2025,dakar,Ouest,D04,"Logement, eau, électricité, gaz et autres combustibles",105,101.86
Mai 2025,dakar,Ouest,D04,"Logement, eau, électricité, gaz et autres combustibles",105,103.09
Juin 2025,Dakar ,Ouest,D04,"Logement, eau, électricité, gaz et autres combustibles",105,103.63
01/07/2025,DAKAR,Ouest,D04,"Logement, eau, électricité, gaz et autres combustibles",105,104.36
01/08/2025,DAKAR,Ouest,D04,"Logement, eau, électricité, gaz et autres combustibles",105,104.05
01/09/2025,dakar,Ouest,D04,"Logement, eau, électricité, gaz et autres combustibles",105,104.64
Octobre 2025,dakar,Ouest,D04,"Logement, eau, électricité, gaz et autres combustibles",105,104.82
2025-11-01,Dakar ,Ouest,D04,"Logement, eau, électricité, gaz et autres combustibles",105,105.19
2025-12-01,DAKAR,Ouest,D04,"Logement, eau, électricité, gaz et autres combustibles",105,103.23
Janvier 2026,DAKAR,Ouest,D04,"Logement, eau, électricité, gaz et autres combustibles",105,100.3
01/02/2026,DAKAR,Ouest,D04,"Logement, eau, électricité, gaz et autres combustibles",105,101.33
2026-03-01,DAKAR,Ouest,D04,"Logement, eau, électricité, gaz et autres combustibles",105,102.71
01/04/2026,DAKAR,Ouest,D04,"Logement, eau, électricité, gaz et autres combustibles",105,103.42
01/05/2026,dakar,Ouest,D04,"Logement, eau, électricité, gaz et autres combustibles",105,103.92
Janvier 2018,Dakar ,Ouest,D05,"Meubles, articles de ménage et entretien courant",51,85.47
Février 2018,dakar,Ouest,D05,"Meubles, articles de ménage et entretien courant",51,85.54
01/03/2018,dakar,Ouest,D05,"Meubles, articles de ménage et entretien courant",51,85.69
Avril 2018,Dakar ,Ouest,D05,"Meubles, articles de ménage et entretien courant",51,85.97
Mai 2018,DAKAR,Ouest,D05,"Meubles, articles de ménage et entretien courant",51,86.18
2018-06-01,Dakar ,Ouest,D05,"Meubles, articles de ménage et entretien courant",51,86.57
01/07/2018,DAKAR,Ouest,D05,"Meubles, articles de ménage et entretien courant",51,86.33
01/08/2018,DAKAR,Ouest,D05,"Meubles, articles de ménage et entretien courant",51,86.24
Septembre 2018,dakar,Ouest,D05,"Meubles, articles de ménage et entretien courant",51,85.99
2018-10-01,DAKAR,Ouest,D05,"Meubles, articles de ménage et entretien courant",51,85.71
Novembre 2018,dakar,Ouest,D05,"Meubles, articles de ménage et entretien courant",51,85.43
2018-12-01,Dakar ,Ouest,D05,"Meubles, articles de ménage et entretien courant",51,85.32
01/01/2019,Dakar ,Ouest,D05,"Meubles, articles de ménage et entretien courant",51,85.87
2019-02-01,DAKAR,Ouest,D05,"Meubles, articles de ménage et entretien courant",51,86.02
2019-03-01,Dakar ,Ouest,D05,"Meubles, articles de ménage et entretien courant",51,86.21
Avril 2019,DAKAR,Ouest,D05,"Meubles, articles de ménage et entretien courant",51,86.39
Mai 2019,DAKAR,Ouest,D05,"Meubles, articles de ménage et entretien courant",51,86.89
01/06/2019,dakar,Ouest,D05,"Meubles, articles de ménage et entretien courant",51,87.06
2019-07-01,dakar,Ouest,D05,"Meubles, articles de ménage et entretien courant",51,87.01
Août 2019,DAKAR,Ouest,D05,"Meubles, articles de ménage et entretien courant",51,86.87
2019-09-01,dakar,Ouest,D05,"Meubles, articles de ménage et entretien courant",51,86.83
2019-10-01,dakar,Ouest,D05,"Meubles, articles de ménage et entretien courant",51,86.51
2019-11-01,DAKAR,Ouest,D05,"Meubles, articles de ménage et entretien courant",51,86.05
Décembre 2019,DAKAR,Ouest,D05,"Meubles, articles de ménage et entretien courant",51,86.05
2020-01-01,DAKAR,Ouest,D05,"Meubles, articles de ménage et entretien courant",51,86.91
01/02/2020,dakar,Ouest,D05,"Meubles, articles de ménage et entretien courant",51,87.04
2020-03-01,DAKAR,Ouest,D05,"Meubles, articles de ménage et entretien courant",51,87.58
Avril 2020,Dakar ,Ouest,D05,"Meubles, articles de ménage et entretien courant",51,87.83
Mai 2020,Dakar ,Ouest,D05,"Meubles, articles de ménage et entretien courant",51,88.66
Juin 2020,DAKAR,Ouest,D05,"Meubles, articles de ménage et entretien courant",51,89.03
Juillet 2020,dakar,Ouest,D05,"Meubles, articles de ménage et entretien courant",51,88.93
Août 2020,dakar,Ouest,D05,"Meubles, articles de ménage et entretien courant",51,88.88
Septembre 2020,DAKAR,Ouest,D05,"Meubles, articles de ménage et entretien courant",51,88.26
Octobre 2020,DAKAR,Ouest,D05,"Meubles, articles de ménage et entretien courant",51,88.1
Novembre 2020,dakar,Ouest,D05,"Meubles, articles de ménage et entretien courant",51,87.9
2020-12-01,Dakar ,Ouest,D05,"Meubles, articles de ménage et entretien courant",51,87.57
2021-01-01,DAKAR,Ouest,D05,"Meubles, articles de ménage et entretien courant",51,88.24
Février 2021,DAKAR,Ouest,D05,"Meubles, articles de ménage et entretien courant",51,88.7
2021-03-01,DAKAR,Ouest,D05,"Meubles, articles de ménage et entretien courant",51,88.7
Avril 2021,Dakar ,Ouest,D05,"Meubles, articles de ménage et entretien courant",51,89.22
Mai 2021,DAKAR,Ouest,D05,"Meubles, articles de ménage et entretien courant",51,89.85
01/06/2021,Dakar ,Ouest,D05,"Meubles, articles de ménage et entretien courant",51,90.43
01/07/2021,DAKAR,Ouest,D05,"Meubles, articles de ménage et entretien courant",51,90.16
01/08/2021,dakar,Ouest,D05,"Meubles, articles de ménage et entretien courant",51,90.35
2021-09-01,dakar,Ouest,D05,"Meubles, articles de ménage et entretien courant",51,90.42
01/10/2021,Dakar ,Ouest,D05,"Meubles, articles de ménage et entretien courant",51,89.74
01/11/2021,DAKAR,Ouest,D05,"Meubles, articles de ménage et entretien courant",51,89.59
Décembre 2021,dakar,Ouest,D05,"Meubles, articles de ménage et entretien courant",51,89.58
01/01/2022,dakar,Ouest,D05,"Meubles, articles de ménage et entretien courant",51,91.03
2022-02-01,DAKAR,Ouest,D05,"Meubles, articles de ménage et entretien courant",51,92.22
2022-03-01,DAKAR,Ouest,D05,"Meubles, articles de ménage et entretien courant",51,93.29
2022-04-01,DAKAR,Ouest,D05,"Meubles, articles de ménage et entretien courant",51,94.22
01/05/2022,dakar,Ouest,D05,"Meubles, articles de ménage et entretien courant",51,95.77
2022-06-01,Dakar ,Ouest,D05,"Meubles, articles de ménage et entretien courant",51,96.64
01/07/2022,DAKAR,Ouest,D05,"Meubles, articles de ménage et entretien courant",51,97.6
01/08/2022,dakar,Ouest,D05,"Meubles, articles de ménage et entretien courant",51,97.87
Septembre 2022,Dakar ,Ouest,D05,"Meubles, articles de ménage et entretien courant",51,98.28
2022-10-01,Dakar ,Ouest,D05,"Meubles, articles de ménage et entretien courant",51,98.77
Novembre 2022,DAKAR,Ouest,D05,"Meubles, articles de ménage et entretien courant",51,99.06
Décembre 2022,Dakar ,Ouest,D05,"Meubles, articles de ménage et entretien courant",51,97.65
01/01/2023,dakar,Ouest,D05,"Meubles, articles de ménage et entretien courant",51,97.24
01/02/2023,dakar,Ouest,D05,"Meubles, articles de ménage et entretien courant",51,98.09
Mars 2023,DAKAR,Ouest,D05,"Meubles, articles de ménage et entretien courant",51,98.51
2023-04-01,dakar,Ouest,D05,"Meubles, articles de ménage et entretien courant",51,99.42
Mai 2023,DAKAR,Ouest,D05,"Meubles, articles de ménage et entretien courant",51,99.92
Juin 2023,DAKAR,Ouest,D05,"Meubles, articles de ménage et entretien courant",51,100.8
Juillet 2023,Dakar ,Ouest,D05,"Meubles, articles de ménage et entretien courant",51,100.86
2023-08-01,DAKAR,Ouest,D05,"Meubles, articles de ménage et entretien courant",51,100.89
Septembre 2023,DAKAR,Ouest,D05,"Meubles, articles de ménage et entretien courant",51,101.34
Octobre 2023,DAKAR,Ouest,D05,"Meubles, articles de ménage et entretien courant",51,101.37
Novembre 2023,Dakar ,Ouest,D05,"Meubles, articles de ménage et entretien courant",51,101.27
Décembre 2023,dakar,Ouest,D05,"Meubles, articles de ménage et entretien courant",51,99.97
Janvier 2024,dakar,Ouest,D05,"Meubles, articles de ménage et entretien courant",51,99.07
01/02/2024,DAKAR,Ouest,D05,"Meubles, articles de ménage et entretien courant",51,99.4
01/03/2024,dakar,Ouest,D05,"Meubles, articles de ménage et entretien courant",51,99.82
2024-04-01,Dakar ,Ouest,D05,"Meubles, articles de ménage et entretien courant",51,100.15
2024-05-01,dakar,Ouest,D05,"Meubles, articles de ménage et entretien courant",51,100.8
01/06/2024,Dakar ,Ouest,D05,"Meubles, articles de ménage et entretien courant",51,101.02
01/07/2024,DAKAR,Ouest,D05,"Meubles, articles de ménage et entretien courant",51,101.24
01/08/2024,DAKAR,Ouest,D05,"Meubles, articles de ménage et entretien courant",51,101.57
01/09/2024,DAKAR,Ouest,D05,"Meubles, articles de ménage et entretien courant",51,101.31
01/10/2024,dakar,Ouest,D05,"Meubles, articles de ménage et entretien courant",51,101.23
01/11/2024,DAKAR,Ouest,D05,"Meubles, articles de ménage et entretien courant",51,101.95
Décembre 2024,dakar,Ouest,D05,"Meubles, articles de ménage et entretien courant",51,100.54
Janvier 2025,DAKAR,Ouest,D05,"Meubles, articles de ménage et entretien courant",51,99.8
2025-02-01,dakar,Ouest,D05,"Meubles, articles de ménage et entretien courant",51,99.98
01/03/2025,DAKAR,Ouest,D05,"Meubles, articles de ménage et entretien courant",51,100.77
Avril 2025,Dakar ,Ouest,D05,"Meubles, articles de ménage et entretien courant",51,101.39
01/05/2025,dakar,Ouest,D05,"Meubles, articles de ménage et entretien courant",51,102.05
01/06/2025,dakar,Ouest,D05,"Meubles, articles de ménage et entretien courant",51,102.44
01/07/2025,DAKAR,Ouest,D05,"Meubles, articles de ménage et entretien courant",51,103.03
01/08/2025,dakar,Ouest,D05,"Meubles, articles de ménage et entretien courant",51,103.2
Septembre 2025,DAKAR,Ouest,D05,"Meubles, articles de ménage et entretien courant",51,103.12
2025-10-01,DAKAR,Ouest,D05,"Meubles, articles de ménage et entretien courant",51,103.68
Novembre 2025,Dakar ,Ouest,D05,"Meubles, articles de ménage et entretien courant",51,104.05
2025-12-01,DAKAR,Ouest,D05,"Meubles, articles de ménage et entretien courant",51,102.22
01/01/2026,Dakar ,Ouest,D05,"Meubles, articles de ménage et entretien courant",51,100.1
01/02/2026,Dakar ,Ouest,D05,"Meubles, articles de ménage et entretien courant",51,100.86
01/03/2026,DAKAR,Ouest,D05,"Meubles, articles de ménage et entretien courant",51,101.94
Avril 2026,Dakar ,Ouest,D05,"Meubles, articles de ménage et entretien courant",51,102.06
2026-05-01,Dakar ,Ouest,D05,"Meubles, articles de ménage et entretien courant",51,102.86
Janvier 2018,dakar,Ouest,D06,Santé,42,88.74
Février 2018,DAKAR,Ouest,D06,Santé,42,89.08
2018-03-01,DAKAR,Ouest,D06,Santé,42,88.94
01/04/2018,DAKAR,Ouest,D06,Santé,42,89.37
Mai 2018,dakar,Ouest,D06,Santé,42,89.16
2018-06-01,DAKAR,Ouest,D06,Santé,42,89.5
2018-07-01,dakar,Ouest,D06,Santé,42,89.49
01/08/2018,dakar,Ouest,D06,Santé,42,89.29
Septembre 2018,dakar,Ouest,D06,Santé,42,89.3
01/10/2018,DAKAR,Ouest,D06,Santé,42,89.26
2018-11-01,DAKAR,Ouest,D06,Santé,42,88.89
01/12/2018,DAKAR,Ouest,D06,Santé,42,88.6
01/01/2019,Dakar ,Ouest,D06,Santé,42,89.18
01/02/2019,Dakar ,Ouest,D06,Santé,42,89.13
Mars 2019,Dakar ,Ouest,D06,Santé,42,89.36
2019-04-01,Dakar ,Ouest,D06,Santé,42,89.59
01/05/2019,Dakar ,Ouest,D06,Santé,42,89.57
2019-06-01,DAKAR,Ouest,D06,Santé,42,89.72
Juillet 2019,Dakar ,Ouest,D06,Santé,42,90.05
Août 2019,DAKAR,Ouest,D06,Santé,42,89.86
Septembre 2019,DAKAR,Ouest,D06,Santé,42,89.45
2019-10-01,DAKAR,Ouest,D06,Santé,42,89.72
2019-11-01,DAKAR,Ouest,D06,Santé,42,89.47
01/12/2019,Dakar ,Ouest,D06,Santé,42,89.22
2020-01-01,Dakar ,Ouest,D06,Santé,42,89.78
Février 2020,DAKAR,Ouest,D06,Santé,42,90.28
2020-03-01,dakar,Ouest,D06,Santé,42,90.51
Avril 2020,DAKAR,Ouest,D06,Santé,42,91.12
2020-05-01,Dakar ,Ouest,D06,Santé,42,91.19
2020-06-01,Dakar ,Ouest,D06,Santé,42,91.46
Juillet 2020,DAKAR,Ouest,D06,Santé,42,91.46
2020-08-01,Dakar ,Ouest,D06,Santé,42,91.5
2020-09-01,DAKAR,Ouest,D06,Santé,42,91.3
2020-10-01,DAKAR,Ouest,D06,Santé,42,91.16
01/11/2020,dakar,Ouest,D06,Santé,42,90.69
2020-12-01,DAKAR,Ouest,D06,Santé,42,90.54
2021-01-01,dakar,Ouest,D06,Santé,42,90.88
2021-02-01,Dakar ,Ouest,D06,Santé,42,91.27
Mars 2021,dakar,Ouest,D06,Santé,42,91.67
Avril 2021,DAKAR,Ouest,D06,Santé,42,91.75
2021-05-01,dakar,Ouest,D06,Santé,42,92.1
01/06/2021,DAKAR,Ouest,D06,Santé,42,92.5
Juillet 2021,Dakar ,Ouest,D06,Santé,42,92.51
2021-08-01,Dakar ,Ouest,D06,Santé,42,92.67
01/09/2021,dakar,Ouest,D06,Santé,42,92.13
2021-10-01,dakar,Ouest,D06,Santé,42,92.19
01/11/2021,DAKAR,Ouest,D06,Santé,42,92.07
01/12/2021,dakar,Ouest,D06,Santé,42,91.78
Janvier 2022,Dakar ,Ouest,D06,Santé,42,93.1
01/02/2022,Dakar ,Ouest,D06,Santé,42,93.88
2022-03-01,Dakar ,Ouest,D06,Santé,42,94.84
Avril 2022,DAKAR,Ouest,D06,Santé,42,95.94
Mai 2022,dakar,Ouest,D06,Santé,42,96.66
2022-06-01,DAKAR,Ouest,D06,Santé,42,97.31
2022-07-01,dakar,Ouest,D06,Santé,42,97.98
2022-08-01,Dakar ,Ouest,D06,Santé,42,98.58
2022-09-01,dakar,Ouest,D06,Santé,42,98.62
Octobre 2022,Dakar ,Ouest,D06,Santé,42,98.9
Novembre 2022,DAKAR,Ouest,D06,Santé,42,99.34
Décembre 2022,Dakar ,Ouest,D06,Santé,42,98.2
2023-01-01,Dakar ,Ouest,D06,Santé,42,98.24
2023-02-01,Dakar ,Ouest,D06,Santé,42,98.53
2023-03-01,dakar,Ouest,D06,Santé,42,99.1
01/04/2023,Dakar ,Ouest,D06,Santé,42,99.37
2023-05-01,Dakar ,Ouest,D06,Santé,42,100.06
2023-06-01,DAKAR,Ouest,D06,Santé,42,100.47
Juillet 2023,Dakar ,Ouest,D06,Santé,42,100.5
01/08/2023,dakar,Ouest,D06,Santé,42,100.53
Septembre 2023,DAKAR,Ouest,D06,Santé,42,101.01
01/10/2023,DAKAR,Ouest,D06,Santé,42,100.97
2023-11-01,DAKAR,Ouest,D06,Santé,42,100.93
Décembre 2023,dakar,Ouest,D06,Santé,42,99.85
01/01/2024,Dakar ,Ouest,D06,Santé,42,99.56
Février 2024,Dakar ,Ouest,D06,Santé,42,99.23
Mars 2024,Dakar ,Ouest,D06,Santé,42,99.62
2024-04-01,Dakar ,Ouest,D06,Santé,42,100.03
Mai 2024,DAKAR,Ouest,D06,Santé,42,100.73
01/06/2024,dakar,Ouest,D06,Santé,42,
Juillet 2024,dakar,Ouest,D06,Santé,42,101.04
Août 2024,DAKAR,Ouest,D06,Santé,42,100.81
2024-09-01,DAKAR,Ouest,D06,Santé,42,100.92
2024-10-01,DAKAR,Ouest,D06,Santé,42,101.29
2024-11-01,DAKAR,Ouest,D06,Santé,42,101.35
2024-12-01,dakar,Ouest,D06,Santé,42,100.26
01/01/2025,dakar,Ouest,D06,Santé,42,99.91
Février 2025,dakar,Ouest,D06,Santé,42,100.28
01/03/2025,DAKAR,Ouest,D06,Santé,42,100.65
01/04/2025,Dakar ,Ouest,D06,Santé,42,101.18
Mai 2025,DAKAR,Ouest,D06,Santé,42,101.64
01/06/2025,dakar,Ouest,D06,Santé,42,101.65
Juillet 2025,dakar,Ouest,D06,Santé,42,101.8
01/08/2025,DAKAR,Ouest,D06,Santé,42,102.45
Septembre 2025,DAKAR,Ouest,D06,Santé,42,102.68
2025-10-01,Dakar ,Ouest,D06,Santé,42,102.54
01/11/2025,dakar,Ouest,D06,Santé,42,102.56
01/12/2025,DAKAR,Ouest,D06,Santé,42,101.72
01/01/2026,Dakar ,Ouest,D06,Santé,42,100.29
Février 2026,Dakar ,Ouest,D06,Santé,42,100.96
2026-03-01,Dakar ,Ouest,D06,Santé,42,101.47
2026-04-01,dakar,Ouest,D06,Santé,42,101.66
01/05/2026,dakar,Ouest,D06,Santé,42,101.94
01/01/2018,Dakar ,Ouest,D07,Transport,92,79.42
2018-02-01,dakar,Ouest,D07,Transport,92,79.43
Mars 2018,dakar,Ouest,D07,Transport,92,79.51
Avril 2018,DAKAR,Ouest,D07,Transport,92,80.11
01/05/2018,Dakar ,Ouest,D07,Transport,92,80.29
Juin 2018,Dakar ,Ouest,D07,Transport,92,80.36
01/07/2018,DAKAR,Ouest,D07,Transport,92,80.13
Août 2018,DAKAR,Ouest,D07,Transport,92,80.3
2018-09-01,Dakar ,Ouest,D07,Transport,92,80.11
01/10/2018,DAKAR,Ouest,D07,Transport,92,79.86
Novembre 2018,DAKAR,Ouest,D07,Transport,92,79.74
2018-12-01,DAKAR,Ouest,D07,Transport,92,79.53
Janvier 2019,Dakar ,Ouest,D07,Transport,92,80.19
2019-02-01,DAKAR,Ouest,D07,Transport,92,80.28
01/03/2019,DAKAR,Ouest,D07,Transport,92,80.45
Avril 2019,dakar,Ouest,D07,Transport,92,80.47
2019-05-01,DAKAR,Ouest,D07,Transport,92,80.96
2019-06-01,Dakar ,Ouest,D07,Transport,92,81.07
01/07/2019,Dakar ,Ouest,D07,Transport,92,81.05
01/08/2019,dakar,Ouest,D07,Transport,92,81.34
Septembre 2019,dakar,Ouest,D07,Transport,92,81.17
2019-10-01,DAKAR,Ouest,D07,Transport,92,80.88
Novembre 2019,dakar,Ouest,D07,Transport,92,80.51
Décembre 2019,Dakar ,Ouest,D07,Transport,92,80.49
Janvier 2020,dakar,Ouest,D07,Transport,92,81.5
2020-02-01,dakar,Ouest,D07,Transport,92,81.86
Mars 2020,DAKAR,Ouest,D07,Transport,92,82.16
01/04/2020,dakar,Ouest,D07,Transport,92,82.87
01/05/2020,Dakar ,Ouest,D07,Transport,92,83.34
Juin 2020,dakar,Ouest,D07,Transport,92,83.61
Juillet 2020,dakar,Ouest,D07,Transport,92,83.89
01/08/2020,dakar,Ouest,D07,Transport,92,83.74
Septembre 2020,dakar,Ouest,D07,Transport,92,83.72
01/10/2020,DAKAR,Ouest,D07,Transport,92,83.28
Novembre 2020,dakar,Ouest,D07,Transport,92,82.86
2020-12-01,Dakar ,Ouest,D07,Transport,92,82.65
2021-01-01,Dakar ,Ouest,D07,Transport,92,83.28
2021-02-01,DAKAR,Ouest,D07,Transport,92,83.61
2021-03-01,dakar,Ouest,D07,Transport,92,83.98
2021-04-01,dakar,Ouest,D07,Transport,92,84.65
Mai 2021,Dakar ,Ouest,D07,Transport,92,85.12
Juin 2021,DAKAR,Ouest,D07,Transport,92,85.52
2021-07-01,DAKAR,Ouest,D07,Transport,92,85.88
2021-08-01,dakar,Ouest,D07,Transport,92,85.89
Septembre 2021,dakar,Ouest,D07,Transport,92,85.51
01/10/2021,Dakar ,Ouest,D07,Transport,92,85.56
Novembre 2021,dakar,Ouest,D07,Transport,92,85.55
2021-12-01,dakar,Ouest,D07,Transport,92,85.48
Janvier 2022,Dakar ,Ouest,D07,Transport,92,87.58
01/02/2022,DAKAR,Ouest,D07,Transport,92,88.83
Mars 2022,dakar,Ouest,D07,Transport,92,90.23
2022-04-01,dakar,Ouest,D07,Transport,92,91.8
01/05/2022,Dakar ,Ouest,D07,Transport,92,93.61
Juin 2022,Dakar ,Ouest,D07,Transport,92,94.98
2022-07-01,dakar,Ouest,D07,Transport,92,96.07
Août 2022,DAKAR,Ouest,D07,Transport,92,96.88
Septembre 2022,DAKAR,Ouest,D07,Transport,92,97.39
01/10/2022,DAKAR,Ouest,D07,Transport,92,97.82
Novembre 2022,dakar,Ouest,D07,Transport,92,98.45
Décembre 2022,dakar,Ouest,D07,Transport,92,96.69
2023-01-01,DAKAR,Ouest,D07,Transport,92,96.59
2023-02-01,dakar,Ouest,D07,Transport,92,97.26
2023-03-01,Dakar ,Ouest,D07,Transport,92,98.23
01/04/2023,DAKAR,Ouest,D07,Transport,92,99.03
Mai 2023,DAKAR,Ouest,D07,Transport,92,99.97
2023-06-01,Dakar ,Ouest,D07,Transport,92,100.87
2023-07-01,DAKAR,Ouest,D07,Transport,92,101.09
01/08/2023,dakar,Ouest,D07,Transport,92,101.36
01/09/2023,Dakar ,Ouest,D07,Transport,92,101.68
01/10/2023,DAKAR,Ouest,D07,Transport,92,101.75
01/11/2023,DAKAR,Ouest,D07,Transport,92,102.03
Décembre 2023,DAKAR,Ouest,D07,Transport,92,100.09
Janvier 2024,dakar,Ouest,D07,Transport,92,98.89
Février 2024,DAKAR,Ouest,D07,Transport,92,99.09
Mars 2024,Dakar ,Ouest,D07,Transport,92,99.59
Avril 2024,DAKAR,Ouest,D07,Transport,92,100.39
Mai 2024,dakar,Ouest,D07,Transport,92,100.95
2024-06-01,Dakar ,Ouest,D07,Transport,92,101.35
Juillet 2024,Dakar ,Ouest,D07,Transport,92,101.82
Août 2024,DAKAR,Ouest,D07,Transport,92,101.34
Septembre 2024,DAKAR,Ouest,D07,Transport,92,102.06
Octobre 2024,DAKAR,Ouest,D07,Transport,92,102.57
Novembre 2024,Dakar ,Ouest,D07,Transport,92,102.45
01/12/2024,Dakar ,Ouest,D07,Transport,92,100.43
2025-01-01,DAKAR,Ouest,D07,Transport,92,100.04
01/02/2025,dakar,Ouest,D07,Transport,92,100.59
01/03/2025,dakar,Ouest,D07,Transport,92,101.37
Avril 2025,Dakar ,Ouest,D07,Transport,92,102.4
2025-05-01,DAKAR,Ouest,D07,Transport,92,103.26
2025-06-01,dakar,Ouest,D07,Transport,92,103.59
Juillet 2025,Dakar ,Ouest,D07,Transport,92,104.4
01/08/2025,Dakar ,Ouest,D07,Transport,92,104.4
Septembre 2025,dakar,Ouest,D07,Transport,92,105.13
01/10/2025,dakar,Ouest,D07,Transport,92,105.29
Novembre 2025,dakar,Ouest,D07,Transport,92,105.71
2025-12-01,dakar,Ouest,D07,Transport,92,103.61
01/01/2026,Dakar ,Ouest,D07,Transport,92,101.07
Février 2026,DAKAR,Ouest,D07,Transport,92,101.77
Mars 2026,dakar,Ouest,D07,Transport,92,102.86
2026-04-01,dakar,Ouest,D07,Transport,92,103.67
2026-05-01,dakar,Ouest,D07,Transport,92,104.06
Janvier 2018,DAKAR,Ouest,D08,Communication,35,94.0
01/02/2018,DAKAR,Ouest,D08,Communication,35,94.24
01/03/2018,dakar,Ouest,D08,Communication,35,94.22
2018-04-01,DAKAR,Ouest,D08,Communication,35,94.4
2018-05-01,dakar,Ouest,D08,Communication,35,94.5
Juin 2018,DAKAR,Ouest,D08,Communication,35,94.64
2018-07-01,DAKAR,Ouest,D08,Communication,35,94.67
Août 2018,dakar,Ouest,D08,Communication,35,94.3
Septembre 2018,DAKAR,Ouest,D08,Communication,35,94.56
Octobre 2018,dakar,Ouest,D08,Communication,35,94.19
2018-11-01,dakar,Ouest,D08,Communication,35,93.98
01/12/2018,DAKAR,Ouest,D08,Communication,35,
2019-01-01,Dakar ,Ouest,D08,Communication,35,94.29
01/02/2019,DAKAR,Ouest,D08,Communication,35,94.23
01/03/2019,dakar,Ouest,D08,Communication,35,94.57
2019-04-01,Dakar ,Ouest,D08,Communication,35,94.41
Mai 2019,Dakar ,Ouest,D08,Communication,35,94.7
01/06/2019,DAKAR,Ouest,D08,Communication,35,94.78
01/07/2019,dakar,Ouest,D08,Communication,35,94.89
Août 2019,DAKAR,Ouest,D08,Communication,35,94.9
01/09/2019,dakar,Ouest,D08,Communication,35,94.6
Octobre 2019,Dakar ,Ouest,D08,Communication,35,94.7
Novembre 2019,Dakar ,Ouest,D08,Communication,35,94.46
Décembre 2019,dakar,Ouest,D08,Communication,35,94.09
01/01/2020,DAKAR,Ouest,D08,Communication,35,94.41
2020-02-01,dakar,Ouest,D08,Communication,35,94.81
2020-03-01,dakar,Ouest,D08,Communication,35,94.98
Avril 2020,Dakar ,Ouest,D08,Communication,35,95.22
01/05/2020,DAKAR,Ouest,D08,Communication,35,95.46
01/06/2020,Dakar ,Ouest,D08,Communication,35,95.68
01/07/2020,dakar,Ouest,D08,Communication,35,95.83
01/08/2020,dakar,Ouest,D08,Communication,35,95.47
2020-09-01,Dakar ,Ouest,D08,Communication,35,95.33
01/10/2020,dakar,Ouest,D08,Communication,35,95.17
2020-11-01,DAKAR,Ouest,D08,Communication,35,95.2
01/12/2020,Dakar ,Ouest,D08,Communication,35,95.21
01/01/2021,Dakar ,Ouest,D08,Communication,35,95.15
Février 2021,Dakar ,Ouest,D08,Communication,35,94.98
2021-03-01,DAKAR,Ouest,D08,Communication,35,95.29
Avril 2021,Dakar ,Ouest,D08,Communication,35,95.65
Mai 2021,DAKAR,Ouest,D08,Communication,35,95.92
Juin 2021,dakar,Ouest,D08,Communication,35,96.13
01/07/2021,Dakar ,Ouest,D08,Communication,35,96.25
Août 2021,dakar,Ouest,D08,Communication,35,96.18
2021-09-01,Dakar ,Ouest,D08,Communication,35,96.29
01/10/2021,dakar,Ouest,D08,Communication,35,95.92
Novembre 2021,DAKAR,Ouest,D08,Communication,35,95.78
01/12/2021,DAKAR,Ouest,D08,Communication,35,95.9
Janvier 2022,DAKAR,Ouest,D08,Communication,35,96.19
01/02/2022,DAKAR,Ouest,D08,Communication,35,96.89
01/03/2022,dakar,Ouest,D08,Communication,35,97.33
Avril 2022,Dakar ,Ouest,D08,Communication,35,97.83
Mai 2022,dakar,Ouest,D08,Communication,35,98.61
01/06/2022,DAKAR,Ouest,D08,Communication,35,98.71
01/07/2022,dakar,Ouest,D08,Communication,35,99.39
01/08/2022,dakar,Ouest,D08,Communication,35,99.26
2022-09-01,Dakar ,Ouest,D08,Communication,35,99.24
2022-10-01,DAKAR,Ouest,D08,Communication,35,99.54
01/11/2022,DAKAR,Ouest,D08,Communication,35,99.43
01/12/2022,Dakar ,Ouest,D08,Communication,35,98.91
2023-01-01,DAKAR,Ouest,D08,Communication,35,99.01
01/02/2023,dakar,Ouest,D08,Communication,35,99.24
Mars 2023,Dakar ,Ouest,D08,Communication,35,99.35
Avril 2023,DAKAR,Ouest,D08,Communication,35,99.9
01/05/2023,dakar,Ouest,D08,Communication,35,100.26
01/06/2023,Dakar ,Ouest,D08,Communication,35,100.56
Juillet 2023,dakar,Ouest,D08,Communication,35,100.53
Août 2023,DAKAR,Ouest,D08,Communication,35,100.69
2023-09-01,Dakar ,Ouest,D08,Communication,35,100.23
2023-10-01,DAKAR,Ouest,D08,Communication,35,100.48
01/11/2023,Dakar ,Ouest,D08,Communication,35,100.38
Décembre 2023,Dakar ,Ouest,D08,Communication,35,99.87
2024-01-01,DAKAR,Ouest,D08,Communication,35,99.49
Février 2024,DAKAR,Ouest,D08,Communication,35,99.66
01/03/2024,Dakar ,Ouest,D08,Communication,35,100.15
01/04/2024,Dakar ,Ouest,D08,Communication,35,100.05
01/05/2024,dakar,Ouest,D08,Communication,35,100.37
2024-06-01,Dakar ,Ouest,D08,Communication,35,100.44
01/07/2024,Dakar ,Ouest,D08,Communication,35,100.58
01/08/2024,Dakar ,Ouest,D08,Communication,35,100.59
01/09/2024,dakar,Ouest,D08,Communication,35,100.67
2024-10-01,dakar,Ouest,D08,Communication,35,100.8
2024-11-01,Dakar ,Ouest,D08,Communication,35,100.88
2024-12-01,dakar,Ouest,D08,Communication,35,100.05
01/01/2025,Dakar ,Ouest,D08,Communication,35,99.94
01/02/2025,Dakar ,Ouest,D08,Communication,35,99.85
2025-03-01,DAKAR,Ouest,D08,Communication,35,100.24
Avril 2025,Dakar ,Ouest,D08,Communication,35,100.67
Mai 2025,dakar,Ouest,D08,Communication,35,100.94
Juin 2025,DAKAR,Ouest,D08,Communication,35,101.07
Juillet 2025,dakar,Ouest,D08,Communication,35,101.31
01/08/2025,Dakar ,Ouest,D08,Communication,35,101.32
Septembre 2025,dakar,Ouest,D08,Communication,35,101.49
Octobre 2025,Dakar ,Ouest,D08,Communication,35,101.4
Novembre 2025,DAKAR,Ouest,D08,Communication,35,101.33
2025-12-01,dakar,Ouest,D08,Communication,35,100.82
2026-01-01,DAKAR,Ouest,D08,Communication,35,99.52
2026-02-01,dakar,Ouest,D08,Communication,35,100.3
01/03/2026,dakar,Ouest,D08,Communication,35,100.09
01/04/2026,DAKAR,Ouest,D08,Communication,35,100.6
01/05/2026,dakar,Ouest,D08,Communication,35,101.16
01/01/2018,dakar,Ouest,D09,Loisirs et culture,21,88.76
01/02/2018,dakar,Ouest,D09,Loisirs et culture,21,88.61
2018-03-01,dakar,Ouest,D09,Loisirs et culture,21,88.83
01/04/2018,dakar,Ouest,D09,Loisirs et culture,21,89.33
2018-05-01,dakar,Ouest,D09,Loisirs et culture,21,89.3
Juin 2018,DAKAR,Ouest,D09,Loisirs et culture,21,89.81
2018-07-01,dakar,Ouest,D09,Loisirs et culture,21,89.54
01/08/2018,Dakar ,Ouest,D09,Loisirs et culture,21,89.54
01/09/2018,Dakar ,Ouest,D09,Loisirs et culture,21,89.54
Octobre 2018,Dakar ,Ouest,D09,Loisirs et culture,21,89.12
2018-11-01,DAKAR,Ouest,D09,Loisirs et culture,21,88.75
01/12/2018,Dakar ,Ouest,D09,Loisirs et culture,21,88.73
Janvier 2019,dakar,Ouest,D09,Loisirs et culture,21,89.08
Février 2019,Dakar ,Ouest,D09,Loisirs et culture,21,88.99
2019-03-01,DAKAR,Ouest,D09,Loisirs et culture,21,89.33
2019-04-01,Dakar ,Ouest,D09,Loisirs et culture,21,89.51
2019-05-01,DAKAR,Ouest,D09,Loisirs et culture,21,89.98
2019-06-01,dakar,Ouest,D09,Loisirs et culture,21,90.03
01/07/2019,DAKAR,Ouest,D09,Loisirs et culture,21,90.04
Août 2019,dakar,Ouest,D09,Loisirs et culture,21,90.0
Septembre 2019,Dakar ,Ouest,D09,Loisirs et culture,21,89.87
Octobre 2019,dakar,Ouest,D09,Loisirs et culture,21,89.69
01/11/2019,DAKAR,Ouest,D09,Loisirs et culture,21,89.25
01/12/2019,DAKAR,Ouest,D09,Loisirs et culture,21,89.09
01/01/2020,DAKAR,Ouest,D09,Loisirs et culture,21,90.02
01/02/2020,Dakar ,Ouest,D09,Loisirs et culture,21,90.03
2020-03-01,DAKAR,Ouest,D09,Loisirs et culture,21,90.23
2020-04-01,dakar,Ouest,D09,Loisirs et culture,21,90.87
01/05/2020,DAKAR,Ouest,D09,Loisirs et culture,21,91.25
2020-06-01,dakar,Ouest,D09,Loisirs et culture,21,91.29
2020-07-01,dakar,Ouest,D09,Loisirs et culture,21,91.62
2020-08-01,dakar,Ouest,D09,Loisirs et culture,21,91.57
Septembre 2020,Dakar ,Ouest,D09,Loisirs et culture,21,91.31
Octobre 2020,Dakar ,Ouest,D09,Loisirs et culture,21,91.07
2020-11-01,DAKAR,Ouest,D09,Loisirs et culture,21,90.52
2020-12-01,Dakar ,Ouest,D09,Loisirs et culture,21,90.56
Janvier 2021,DAKAR,Ouest,D09,Loisirs et culture,21,90.81
01/02/2021,DAKAR,Ouest,D09,Loisirs et culture,21,91.02
2021-03-01,Dakar ,Ouest,D09,Loisirs et culture,21,91.54
Avril 2021,dakar,Ouest,D09,Loisirs et culture,21,92.03
01/05/2021,dakar,Ouest,D09,Loisirs et culture,21,92.47
01/06/2021,Dakar ,Ouest,D09,Loisirs et culture,21,92.72
01/07/2021,dakar,Ouest,D09,Loisirs et culture,21,92.62
Août 2021,Dakar ,Ouest,D09,Loisirs et culture,21,92.67
2021-09-01,Dakar ,Ouest,D09,Loisirs et culture,21,92.6
01/10/2021,DAKAR,Ouest,D09,Loisirs et culture,21,92.32
Novembre 2021,DAKAR,Ouest,D09,Loisirs et culture,21,92.14
2021-12-01,dakar,Ouest,D09,Loisirs et culture,21,92.13
2022-01-01,DAKAR,Ouest,D09,Loisirs et culture,21,93.13
01/02/2022,dakar,Ouest,D09,Loisirs et culture,21,93.82
Mars 2022,dakar,Ouest,D09,Loisirs et culture,21,94.77
01/04/2022,Dakar ,Ouest,D09,Loisirs et culture,21,95.88
2022-05-01,DAKAR,Ouest,D09,Loisirs et culture,21,96.76
Juin 2022,Dakar ,Ouest,D09,Loisirs et culture,21,97.61
Juillet 2022,DAKAR,Ouest,D09,Loisirs et culture,21,98.2
01/08/2022,DAKAR,Ouest,D09,Loisirs et culture,21,98.46
Septembre 2022,Dakar ,Ouest,D09,Loisirs et culture,21,98.92
Octobre 2022,DAKAR,Ouest,D09,Loisirs et culture,21,99.09
01/11/2022,DAKAR,Ouest,D09,Loisirs et culture,21,99.02
Décembre 2022,DAKAR,Ouest,D09,Loisirs et culture,21,98.35
2023-01-01,dakar,Ouest,D09,Loisirs et culture,21,97.97
2023-02-01,DAKAR,Ouest,D09,Loisirs et culture,21,98.2
01/03/2023,dakar,Ouest,D09,Loisirs et culture,21,98.8
2023-04-01,dakar,Ouest,D09,Loisirs et culture,21,
Mai 2023,DAKAR,Ouest,D09,Loisirs et culture,21,100.13
2023-06-01,dakar,Ouest,D09,Loisirs et culture,21,100.55
Juillet 2023,DAKAR,Ouest,D09,Loisirs et culture,21,
Août 2023,Dakar ,Ouest,D09,Loisirs et culture,21,100.96
Septembre 2023,Dakar ,Ouest,D09,Loisirs et culture,21,101.01
01/10/2023,DAKAR,Ouest,D09,Loisirs et culture,21,101.06
Novembre 2023,Dakar ,Ouest,D09,Loisirs et culture,21,101.09
01/12/2023,DAKAR,Ouest,D09,Loisirs et culture,21,99.87
2024-01-01,Dakar ,Ouest,D09,Loisirs et culture,21,98.97
01/02/2024,dakar,Ouest,D09,Loisirs et culture,21,99.43
Mars 2024,Dakar ,Ouest,D09,Loisirs et culture,21,99.47
Avril 2024,dakar,Ouest,D09,Loisirs et culture,21,100.18
01/05/2024,Dakar ,Ouest,D09,Loisirs et culture,21,100.57
01/06/2024,DAKAR,Ouest,D09,Loisirs et culture,21,101.02
01/07/2024,Dakar ,Ouest,D09,Loisirs et culture,21,101.21
2024-08-01,DAKAR,Ouest,D09,Loisirs et culture,21,101.1
Septembre 2024,DAKAR,Ouest,D09,Loisirs et culture,21,101.06
01/10/2024,Dakar ,Ouest,D09,Loisirs et culture,21,101.29
01/11/2024,DAKAR,Ouest,D09,Loisirs et culture,21,101.2
01/12/2024,DAKAR,Ouest,D09,Loisirs et culture,21,100.08
01/01/2025,dakar,Ouest,D09,Loisirs et culture,21,99.98
01/02/2025,Dakar ,Ouest,D09,Loisirs et culture,21,100.06
Mars 2025,dakar,Ouest,D09,Loisirs et culture,21,100.7
2025-04-01,Dakar ,Ouest,D09,Loisirs et culture,21,101.17
Mai 2025,Dakar ,Ouest,D09,Loisirs et culture,21,101.44
2025-06-01,DAKAR,Ouest,D09,Loisirs et culture,21,102.15
01/07/2025,Dakar ,Ouest,D09,Loisirs et culture,21,102.37
2025-08-01,Dakar ,Ouest,D09,Loisirs et culture,21,102.4
01/09/2025,Dakar ,Ouest,D09,Loisirs et culture,21,102.43
Octobre 2025,Dakar ,Ouest,D09,Loisirs et culture,21,102.56
01/11/2025,dakar,Ouest,D09,Loisirs et culture,21,102.71
2025-12-01,dakar,Ouest,D09,Loisirs et culture,21,101.69
Janvier 2026,dakar,Ouest,D09,Loisirs et culture,21,99.91
01/02/2026,DAKAR,Ouest,D09,Loisirs et culture,21,100.67
2026-03-01,Dakar ,Ouest,D09,Loisirs et culture,21,101.16
2026-04-01,DAKAR,Ouest,D09,Loisirs et culture,21,101.7
01/05/2026,Dakar ,Ouest,D09,Loisirs et culture,21,102.16
2018-01-01,Dakar ,Ouest,D10,Enseignement,43,87.48
01/02/2018,dakar,Ouest,D10,Enseignement,43,87.02
01/03/2018,DAKAR,Ouest,D10,Enseignement,43,87.52
Avril 2018,Dakar ,Ouest,D10,Enseignement,43,87.51
Mai 2018,Dakar ,Ouest,D10,Enseignement,43,87.71
Juin 2018,dakar,Ouest,D10,Enseignement,43,87.78
01/07/2018,Dakar ,Ouest,D10,Enseignement,43,87.84
2018-08-01,dakar,Ouest,D10,Enseignement,43,87.72
Septembre 2018,Dakar ,Ouest,D10,Enseignement,43,87.81
01/10/2018,dakar,Ouest,D10,Enseignement,43,87.39
Novembre 2018,Dakar ,Ouest,D10,Enseignement,43,87.44
Décembre 2018,DAKAR,Ouest,D10,Enseignement,43,87.1
01/01/2019,Dakar ,Ouest,D10,Enseignement,43,87.59
01/02/2019,Dakar ,Ouest,D10,Enseignement,43,87.53
Mars 2019,Dakar ,Ouest,D10,Enseignement,43,87.88
01/04/2019,Dakar ,Ouest,D10,Enseignement,43,88.21
2019-05-01,dakar,Ouest,D10,Enseignement,43,88.2
2019-06-01,dakar,Ouest,D10,Enseignement,43,88.32
2019-07-01,DAKAR,Ouest,D10,Enseignement,43,88.25
2019-08-01,Dakar ,Ouest,D10,Enseignement,43,88.32
01/09/2019,DAKAR,Ouest,D10,Enseignement,43,88.0
01/10/2019,DAKAR,Ouest,D10,Enseignement,43,87.91
01/11/2019,dakar,Ouest,D10,Enseignement,43,87.89
01/12/2019,dakar,Ouest,D10,Enseignement,43,87.92
01/01/2020,DAKAR,Ouest,D10,Enseignement,43,88.87
01/02/2020,Dakar ,Ouest,D10,Enseignement,43,88.64
Mars 2020,Dakar ,Ouest,D10,Enseignement,43,89.22
Avril 2020,DAKAR,Ouest,D10,Enseignement,43,89.42
2020-05-01,Dakar ,Ouest,D10,Enseignement,43,89.72
2020-06-01,DAKAR,Ouest,D10,Enseignement,43,90.09
Juillet 2020,dakar,Ouest,D10,Enseignement,43,90.12
Août 2020,Dakar ,Ouest,D10,Enseignement,43,90.03
01/09/2020,Dakar ,Ouest,D10,Enseignement,43,89.78
2020-10-01,dakar,Ouest,D10,Enseignement,43,89.42
Novembre 2020,dakar,Ouest,D10,Enseignement,43,89.18
Décembre 2020,Dakar ,Ouest,D10,Enseignement,43,89.31
01/01/2021,dakar,Ouest,D10,Enseignement,43,89.59
2021-02-01,DAKAR,Ouest,D10,Enseignement,43,89.78
01/03/2021,Dakar ,Ouest,D10,Enseignement,43,90.19
01/04/2021,dakar,Ouest,D10,Enseignement,43,90.66
Mai 2021,Dakar ,Ouest,D10,Enseignement,43,90.95
Juin 2021,dakar,Ouest,D10,Enseignement,43,91.14
01/07/2021,Dakar ,Ouest,D10,Enseignement,43,91.49
Août 2021,Dakar ,Ouest,D10,Enseignement,43,91.55
Septembre 2021,dakar,Ouest,D10,Enseignement,43,91.32
2021-10-01,DAKAR,Ouest,D10,Enseignement,43,91.26
01/11/2021,DAKAR,Ouest,D10,Enseignement,43,91.18
2021-12-01,DAKAR,Ouest,D10,Enseignement,43,91.1
2022-01-01,dakar,Ouest,D10,Enseignement,43,92.34
2022-02-01,DAKAR,Ouest,D10,Enseignement,43,93.21
Mars 2022,Dakar ,Ouest,D10,Enseignement,43,94.17
Avril 2022,dakar,Ouest,D10,Enseignement,43,94.96
01/05/2022,Dakar ,Ouest,D10,Enseignement,43,96.24
Juin 2022,DAKAR,Ouest,D10,Enseignement,43,96.8
Juillet 2022,Dakar ,Ouest,D10,Enseignement,43,97.48
2022-08-01,DAKAR,Ouest,D10,Enseignement,43,98.3
2022-09-01,Dakar ,Ouest,D10,Enseignement,43,98.65
01/10/2022,Dakar ,Ouest,D10,Enseignement,43,99.09
Novembre 2022,DAKAR,Ouest,D10,Enseignement,43,99.12
Décembre 2022,Dakar ,Ouest,D10,Enseignement,43,97.83
Janvier 2023,dakar,Ouest,D10,Enseignement,43,97.88
01/02/2023,dakar,Ouest,D10,Enseignement,43,98.37
Mars 2023,Dakar ,Ouest,D10,Enseignement,43,98.89
01/04/2023,dakar,Ouest,D10,Enseignement,43,99.61
01/05/2023,Dakar ,Ouest,D10,Enseignement,43,99.99
2023-06-01,DAKAR,Ouest,D10,Enseignement,43,100.57
2023-07-01,dakar,Ouest,D10,Enseignement,43,100.58
01/08/2023,Dakar ,Ouest,D10,Enseignement,43,100.9
01/09/2023,DAKAR,Ouest,D10,Enseignement,43,101.02
2023-10-01,dakar,Ouest,D10,Enseignement,43,101.07
Novembre 2023,Dakar ,Ouest,D10,Enseignement,43,101.25
01/12/2023,DAKAR,Ouest,D10,Enseignement,43,99.87
01/01/2024,DAKAR,Ouest,D10,Enseignement,43,99.32
Février 2024,dakar,Ouest,D10,Enseignement,43,99.83
Mars 2024,dakar,Ouest,D10,Enseignement,43,99.84
01/04/2024,DAKAR,Ouest,D10,Enseignement,43,100.16
Mai 2024,dakar,Ouest,D10,Enseignement,43,100.24
Juin 2024,dakar,Ouest,D10,Enseignement,43,100.7
Juillet 2024,Dakar ,Ouest,D10,Enseignement,43,100.97
01/08/2024,Dakar ,Ouest,D10,Enseignement,43,100.98
2024-09-01,DAKAR,Ouest,D10,Enseignement,43,101.44
2024-10-01,Dakar ,Ouest,D10,Enseignement,43,101.39
2024-11-01,dakar,Ouest,D10,Enseignement,43,101.78
01/12/2024,Dakar ,Ouest,D10,Enseignement,43,100.27
2025-01-01,DAKAR,Ouest,D10,Enseignement,43,100.01
01/02/2025,DAKAR,Ouest,D10,Enseignement,43,100.33
Mars 2025,dakar,Ouest,D10,Enseignement,43,100.77
2025-04-01,dakar,Ouest,D10,Enseignement,43,101.5
Mai 2025,dakar,Ouest,D10,Enseignement,43,101.39
01/06/2025,Dakar ,Ouest,D10,Enseignement,43,101.85
2025-07-01,dakar,Ouest,D10,Enseignement,43,102.35
Août 2025,DAKAR,Ouest,D10,Enseignement,43,102.62
01/09/2025,Dakar ,Ouest,D10,Enseignement,43,102.98
01/10/2025,Dakar ,Ouest,D10,Enseignement,43,103.21
Novembre 2025,Dakar ,Ouest,D10,Enseignement,43,103.29
2025-12-01,DAKAR,Ouest,D10,Enseignement,43,102.2
2026-01-01,Dakar ,Ouest,D10,Enseignement,43,100.41
2026-02-01,DAKAR,Ouest,D10,Enseignement,43,100.9
01/03/2026,Dakar ,Ouest,D10,Enseignement,43,101.81
Avril 2026,Dakar ,Ouest,D10,Enseignement,43,102.05
Mai 2026,dakar,Ouest,D10,Enseignement,43,102.31
01/01/2018,DAKAR,Ouest,D11,Restaurants et hôtels,56,82.32
2018-02-01,DAKAR,Ouest,D11,Restaurants et hôtels,56,82.33
01/03/2018,DAKAR,Ouest,D11,Restaurants et hôtels,56,82.52
01/04/2018,DAKAR,Ouest,D11,Restaurants et hôtels,56,82.99
01/05/2018,dakar,Ouest,D11,Restaurants et hôtels,56,82.78
Juin 2018,dakar,Ouest,D11,Restaurants et hôtels,56,83.09
01/07/2018,dakar,Ouest,D11,Restaurants et hôtels,56,83.16
2018-08-01,DAKAR,Ouest,D11,Restaurants et hôtels,56,83.19
01/09/2018,Dakar ,Ouest,D11,Restaurants et hôtels,56,82.99
01/10/2018,DAKAR,Ouest,D11,Restaurants et hôtels,56,82.56
01/11/2018,dakar,Ouest,D11,Restaurants et hôtels,56,
Décembre 2018,DAKAR,Ouest,D11,Restaurants et hôtels,56,82.18
Janvier 2019,Dakar ,Ouest,D11,Restaurants et hôtels,56,83.14
01/02/2019,dakar,Ouest,D11,Restaurants et hôtels,56,83.17
Mars 2019,dakar,Ouest,D11,Restaurants et hôtels,56,83.15
2019-04-01,DAKAR,Ouest,D11,Restaurants et hôtels,56,83.48
Mai 2019,DAKAR,Ouest,D11,Restaurants et hôtels,56,83.69
Juin 2019,DAKAR,Ouest,D11,Restaurants et hôtels,56,83.82
2019-07-01,DAKAR,Ouest,D11,Restaurants et hôtels,56,84.12
01/08/2019,dakar,Ouest,D11,Restaurants et hôtels,56,83.92
01/09/2019,DAKAR,Ouest,D11,Restaurants et hôtels,56,83.81
01/10/2019,DAKAR,Ouest,D11,Restaurants et hôtels,56,83.33
Novembre 2019,DAKAR,Ouest,D11,Restaurants et hôtels,56,83.14
2019-12-01,DAKAR,Ouest,D11,Restaurants et hôtels,56,83.06
Janvier 2020,Dakar ,Ouest,D11,Restaurants et hôtels,56,84.08
Février 2020,Dakar ,Ouest,D11,Restaurants et hôtels,56,84.41
2020-03-01,Dakar ,Ouest,D11,Restaurants et hôtels,56,84.66
Avril 2020,Dakar ,Ouest,D11,Restaurants et hôtels,56,85.48
Mai 2020,dakar,Ouest,D11,Restaurants et hôtels,56,85.8
2020-06-01,dakar,Ouest,D11,Restaurants et hôtels,56,86.42
01/07/2020,dakar,Ouest,D11,Restaurants et hôtels,56,86.46
2020-08-01,dakar,Ouest,D11,Restaurants et hôtels,56,86.14
Septembre 2020,DAKAR,Ouest,D11,Restaurants et hôtels,56,85.98
Octobre 2020,DAKAR,Ouest,D11,Restaurants et hôtels,56,85.7
2020-11-01,dakar,Ouest,D11,Restaurants et hôtels,56,85.37
Décembre 2020,dakar,Ouest,D11,Restaurants et hôtels,56,85.01
Janvier 2021,dakar,Ouest,D11,Restaurants et hôtels,56,85.76
01/02/2021,DAKAR,Ouest,D11,Restaurants et hôtels,56,86.04
Mars 2021,DAKAR,Ouest,D11,Restaurants et hôtels,56,86.36
Avril 2021,dakar,Ouest,D11,Restaurants et hôtels,56,87.06
01/05/2021,DAKAR,Ouest,D11,Restaurants et hôtels,56,87.77
2021-06-01,dakar,Ouest,D11,Restaurants et hôtels,56,88.24
01/07/2021,DAKAR,Ouest,D11,Restaurants et hôtels,56,87.96
2021-08-01,DAKAR,Ouest,D11,Restaurants et hôtels,56,87.99
2021-09-01,Dakar ,Ouest,D11,Restaurants et hôtels,56,88.15
Octobre 2021,Dakar ,Ouest,D11,Restaurants et hôtels,56,87.58
2021-11-01,Dakar ,Ouest,D11,Restaurants et hôtels,56,87.32
01/12/2021,dakar,Ouest,D11,Restaurants et hôtels,56,87.3
Janvier 2022,Dakar ,Ouest,D11,Restaurants et hôtels,56,89.2
2022-02-01,DAKAR,Ouest,D11,Restaurants et hôtels,56,90.34
2022-03-01,DAKAR,Ouest,D11,Restaurants et hôtels,56,91.64
01/04/2022,Dakar ,Ouest,D11,Restaurants et hôtels,56,93.11
01/05/2022,Dakar ,Ouest,D11,Restaurants et hôtels,56,94.57
01/06/2022,DAKAR,Ouest,D11,Restaurants et hôtels,56,95.78
2022-07-01,dakar,Ouest,D11,Restaurants et hôtels,56,97.08
Août 2022,DAKAR,Ouest,D11,Restaurants et hôtels,56,97.47
2022-09-01,Dakar ,Ouest,D11,Restaurants et hôtels,56,98.07
2022-10-01,dakar,Ouest,D11,Restaurants et hôtels,56,98.27
2022-11-01,Dakar ,Ouest,D11,Restaurants et hôtels,56,
Décembre 2022,Dakar ,Ouest,D11,Restaurants et hôtels,56,96.93
2023-01-01,DAKAR,Ouest,D11,Restaurants et hôtels,56,96.56
Février 2023,Dakar ,Ouest,D11,Restaurants et hôtels,56,97.38
01/03/2023,Dakar ,Ouest,D11,Restaurants et hôtels,56,98.11
Avril 2023,dakar,Ouest,D11,Restaurants et hôtels,56,98.91
2023-05-01,Dakar ,Ouest,D11,Restaurants et hôtels,56,99.98
Juin 2023,Dakar ,Ouest,D11,Restaurants et hôtels,56,101.08
2023-07-01,dakar,Ouest,D11,Restaurants et hôtels,56,101.17
Août 2023,dakar,Ouest,D11,Restaurants et hôtels,56,101.49
2023-09-01,Dakar ,Ouest,D11,Restaurants et hôtels,56,101.55
01/10/2023,DAKAR,Ouest,D11,Restaurants et hôtels,56,101.75
Novembre 2023,dakar,Ouest,D11,Restaurants et hôtels,56,101.55
2023-12-01,dakar,Ouest,D11,Restaurants et hôtels,56,99.8
Janvier 2024,DAKAR,Ouest,D11,Restaurants et hôtels,56,99.1
Février 2024,Dakar ,Ouest,D11,Restaurants et hôtels,56,99.22
Mars 2024,dakar,Ouest,D11,Restaurants et hôtels,56,99.86
2024-04-01,DAKAR,Ouest,D11,Restaurants et hôtels,56,100.4
Mai 2024,Dakar ,Ouest,D11,Restaurants et hôtels,56,100.81
2024-06-01,dakar,Ouest,D11,Restaurants et hôtels,56,101.16
01/07/2024,DAKAR,Ouest,D11,Restaurants et hôtels,56,101.4
2024-08-01,DAKAR,Ouest,D11,Restaurants et hôtels,56,101.66
01/09/2024,DAKAR,Ouest,D11,Restaurants et hôtels,56,101.84
2024-10-01,dakar,Ouest,D11,Restaurants et hôtels,56,101.84
01/11/2024,dakar,Ouest,D11,Restaurants et hôtels,56,102.12
2024-12-01,dakar,Ouest,D11,Restaurants et hôtels,56,100.32
2025-01-01,dakar,Ouest,D11,Restaurants et hôtels,56,99.99
01/02/2025,Dakar ,Ouest,D11,Restaurants et hôtels,56,100.64
Mars 2025,dakar,Ouest,D11,Restaurants et hôtels,56,101.26
01/04/2025,dakar,Ouest,D11,Restaurants et hôtels,56,101.66
Mai 2025,Dakar ,Ouest,D11,Restaurants et hôtels,56,102.85
Juin 2025,DAKAR,Ouest,D11,Restaurants et hôtels,56,103.14
01/07/2025,Dakar ,Ouest,D11,Restaurants et hôtels,56,
Août 2025,dakar,Ouest,D11,Restaurants et hôtels,56,103.87
2025-09-01,dakar,Ouest,D11,Restaurants et hôtels,56,104.09
01/10/2025,DAKAR,Ouest,D11,Restaurants et hôtels,56,104.15
Novembre 2025,DAKAR,Ouest,D11,Restaurants et hôtels,56,
Décembre 2025,DAKAR,Ouest,D11,Restaurants et hôtels,56,102.54
01/01/2026,dakar,Ouest,D11,Restaurants et hôtels,56,100.41
2026-02-01,Dakar ,Ouest,D11,Restaurants et hôtels,56,101.4
01/03/2026,Dakar ,Ouest,D11,Restaurants et hôtels,56,102.23
01/04/2026,dakar,Ouest,D11,Restaurants et hôtels,56,102.97
01/05/2026,dakar,Ouest,D11,Restaurants et hôtels,56,103.42
2018-01-01,dakar,Ouest,D12,Biens et services divers,63,85.39
Février 2018,DAKAR,Ouest,D12,Biens et services divers,63,85.63
01/03/2018,DAKAR,Ouest,D12,Biens et services divers,63,85.68
01/04/2018,Dakar ,Ouest,D12,Biens et services divers,63,86.11
Mai 2018,Dakar ,Ouest,D12,Biens et services divers,63,86.03
Juin 2018,Dakar ,Ouest,D12,Biens et services divers,63,86.35
2018-07-01,Dakar ,Ouest,D12,Biens et services divers,63,86.26
2018-08-01,Dakar ,Ouest,D12,Biens et services divers,63,86.3
Septembre 2018,Dakar ,Ouest,D12,Biens et services divers,63,85.99
Octobre 2018,DAKAR,Ouest,D12,Biens et services divers,63,85.84
Novembre 2018,DAKAR,Ouest,D12,Biens et services divers,63,85.63
Décembre 2018,Dakar ,Ouest,D12,Biens et services divers,63,85.4
2019-01-01,DAKAR,Ouest,D12,Biens et services divers,63,86.06
2019-02-01,DAKAR,Ouest,D12,Biens et services divers,63,86.14
01/03/2019,dakar,Ouest,D12,Biens et services divers,63,86.32
01/04/2019,dakar,Ouest,D12,Biens et services divers,63,86.68
2019-05-01,DAKAR,Ouest,D12,Biens et services divers,63,86.91
2019-06-01,Dakar ,Ouest,D12,Biens et services divers,63,86.83
01/07/2019,dakar,Ouest,D12,Biens et services divers,63,86.99
Août 2019,Dakar ,Ouest,D12,Biens et services divers,63,86.8
Septembre 2019,Dakar ,Ouest,D12,Biens et services divers,63,86.72
Octobre 2019,DAKAR,Ouest,D12,Biens et services divers,63,86.42
2019-11-01,Dakar ,Ouest,D12,Biens et services divers,63,86.49
2019-12-01,DAKAR,Ouest,D12,Biens et services divers,63,86.18
Janvier 2020,dakar,Ouest,D12,Biens et services divers,63,86.94
2020-02-01,dakar,Ouest,D12,Biens et services divers,63,87.39
Mars 2020,DAKAR,Ouest,D12,Biens et services divers,63,87.31
2020-04-01,Dakar ,Ouest,D12,Biens et services divers,63,87.75
2020-05-01,DAKAR,Ouest,D12,Biens et services divers,63,88.53
2020-06-01,dakar,Ouest,D12,Biens et services divers,63,88.78
01/07/2020,DAKAR,Ouest,D12,Biens et services divers,63,88.91
2020-08-01,DAKAR,Ouest,D12,Biens et services divers,63,88.58
01/09/2020,DAKAR,Ouest,D12,Biens et services divers,63,88.53
01/10/2020,DAKAR,Ouest,D12,Biens et services divers,63,88.52
01/11/2020,DAKAR,Ouest,D12,Biens et services divers,63,88.1
Décembre 2020,Dakar ,Ouest,D12,Biens et services divers,63,87.81
01/01/2021,DAKAR,Ouest,D12,Biens et services divers,63,88.18
01/02/2021,dakar,Ouest,D12,Biens et services divers,63,88.46
01/03/2021,DAKAR,Ouest,D12,Biens et services divers,63,88.61
01/04/2021,DAKAR,Ouest,D12,Biens et services divers,63,
Mai 2021,DAKAR,Ouest,D12,Biens et services divers,63,89.87
2021-06-01,Dakar ,Ouest,D12,Biens et services divers,63,89.91
2021-07-01,Dakar ,Ouest,D12,Biens et services divers,63,90.14
Août 2021,dakar,Ouest,D12,Biens et services divers,63,90.08
01/09/2021,dakar,Ouest,D12,Biens et services divers,63,90.0
01/10/2021,DAKAR,Ouest,D12,Biens et services divers,63,89.97
2021-11-01,Dakar ,Ouest,D12,Biens et services divers,63,89.53
01/12/2021,dakar,Ouest,D12,Biens et services divers,63,89.81
01/01/2022,Dakar ,Ouest,D12,Biens et services divers,63,91.3
Février 2022,Dakar ,Ouest,D12,Biens et services divers,63,92.15
2022-03-01,dakar,Ouest,D12,Biens et services divers,63,92.95
01/04/2022,DAKAR,Ouest,D12,Biens et services divers,63,94.33
2022-05-01,dakar,Ouest,D12,Biens et services divers,63,95.82
Juin 2022,Dakar ,Ouest,D12,Biens et services divers,63,96.22
2022-07-01,Dakar ,Ouest,D12,Biens et services divers,63,97.26
01/08/2022,Dakar ,Ouest,D12,Biens et services divers,63,97.71
Septembre 2022,DAKAR,Ouest,D12,Biens et services divers,63,98.45
01/10/2022,DAKAR,Ouest,D12,Biens et services divers,63,98.6
2022-11-01,dakar,Ouest,D12,Biens et services divers,63,99.06
01/12/2022,DAKAR,Ouest,D12,Biens et services divers,63,97.76
01/01/2023,DAKAR,Ouest,D12,Biens et services divers,63,97.86
01/02/2023,dakar,Ouest,D12,Biens et services divers,63,98.06
01/03/2023,Dakar ,Ouest,D12,Biens et services divers,63,98.76
01/04/2023,dakar,Ouest,D12,Biens et services divers,63,99.15
2023-05-01,DAKAR,Ouest,D12,Biens et services divers,63,100.26
01/06/2023,Dakar ,Ouest,D12,Biens et services divers,63,100.52
Juillet 2023,DAKAR,Ouest,D12,Biens et services divers,63,100.79
Août 2023,DAKAR,Ouest,D12,Biens et services divers,63,100.99
2023-09-01,Dakar ,Ouest,D12,Biens et services divers,63,100.94
2023-10-01,dakar,Ouest,D12,Biens et services divers,63,101.37
Novembre 2023,DAKAR,Ouest,D12,Biens et services divers,63,101.57
Décembre 2023,dakar,Ouest,D12,Biens et services divers,63,99.89
2024-01-01,Dakar ,Ouest,D12,Biens et services divers,63,99.0
01/02/2024,dakar,Ouest,D12,Biens et services divers,63,99.46
01/03/2024,Dakar ,Ouest,D12,Biens et services divers,63,99.94
Avril 2024,Dakar ,Ouest,D12,Biens et services divers,63,99.95
Mai 2024,Dakar ,Ouest,D12,Biens et services divers,63,100.5
Juin 2024,dakar,Ouest,D12,Biens et services divers,63,101.13
2024-07-01,DAKAR,Ouest,D12,Biens et services divers,63,101.24
Août 2024,DAKAR,Ouest,D12,Biens et services divers,63,101.33
Septembre 2024,dakar,Ouest,D12,Biens et services divers,63,101.7
01/10/2024,dakar,Ouest,D12,Biens et services divers,63,101.67
01/11/2024,DAKAR,Ouest,D12,Biens et services divers,63,101.86
2024-12-01,DAKAR,Ouest,D12,Biens et services divers,63,100.66
01/01/2025,DAKAR,Ouest,D12,Biens et services divers,63,99.93
01/02/2025,Dakar ,Ouest,D12,Biens et services divers,63,100.24
2025-03-01,Dakar ,Ouest,D12,Biens et services divers,63,100.93
Avril 2025,Dakar ,Ouest,D12,Biens et services divers,63,101.5
2025-05-01,DAKAR,Ouest,D12,Biens et services divers,63,101.94
2025-06-01,Dakar ,Ouest,D12,Biens et services divers,63,102.35
Juillet 2025,Dakar ,Ouest,D12,Biens et services divers,63,103.19
2025-08-01,DAKAR,Ouest,D12,Biens et services divers,63,
2025-09-01,dakar,Ouest,D12,Biens et services divers,63,
01/10/2025,DAKAR,Ouest,D12,Biens et services divers,63,103.71
2025-11-01,Dakar ,Ouest,D12,Biens et services divers,63,103.77
Décembre 2025,dakar,Ouest,D12,Biens et services divers,63,102.26
2026-01-01,dakar,Ouest,D12,Biens et services divers,63,100.34
2026-02-01,Dakar ,Ouest,D12,Biens et services divers,63,100.77
2026-03-01,DAKAR,Ouest,D12,Biens et services divers,63,101.95
01/04/2026,dakar,Ouest,D12,Biens et services divers,63,102.61
2026-05-01,Dakar ,Ouest,D12,Biens et services divers,63,102.84
01/01/2018,thiès,Centre-Ouest,D01,Produits alimentaires et boissons non alcoolisées,421,75.49
2018-02-01,thiès,Centre-Ouest,D01,Produits alimentaires et boissons non alcoolisées,421,75.87
01/03/2018,THIÈS,Centre-Ouest,D01,Produits alimentaires et boissons non alcoolisées,421,76.87
2018-04-01,THIÈS,Centre-Ouest,D01,Produits alimentaires et boissons non alcoolisées,421,78.18
01/05/2018,Thiès ,Centre-Ouest,D01,Produits alimentaires et boissons non alcoolisées,421,79.42
01/06/2018,thiès,Centre-Ouest,D01,Produits alimentaires et boissons non alcoolisées,421,80.44
2018-07-01,THIÈS,Centre-Ouest,D01,Produits alimentaires et boissons non alcoolisées,421,80.36
01/08/2018,thiès,Centre-Ouest,D01,Produits alimentaires et boissons non alcoolisées,421,80.28
Septembre 2018,THIÈS,Centre-Ouest,D01,Produits alimentaires et boissons non alcoolisées,421,79.16
Octobre 2018,THIÈS,Centre-Ouest,D01,Produits alimentaires et boissons non alcoolisées,421,77.95
Novembre 2018,Thiès ,Centre-Ouest,D01,Produits alimentaires et boissons non alcoolisées,421,76.53
01/12/2018,Thiès ,Centre-Ouest,D01,Produits alimentaires et boissons non alcoolisées,421,75.94
Janvier 2019,Thiès ,Centre-Ouest,D01,Produits alimentaires et boissons non alcoolisées,421,76.4
01/02/2019,Thiès ,Centre-Ouest,D01,Produits alimentaires et boissons non alcoolisées,421,76.82
2019-03-01,THIÈS,Centre-Ouest,D01,Produits alimentaires et boissons non alcoolisées,421,77.57
2019-04-01,thiès,Centre-Ouest,D01,Produits alimentaires et boissons non alcoolisées,421,79.21
01/05/2019,THIÈS,Centre-Ouest,D01,Produits alimentaires et boissons non alcoolisées,421,80.47
Juin 2019,THIÈS,Centre-Ouest,D01,Produits alimentaires et boissons non alcoolisées,421,81.15
Juillet 2019,THIÈS,Centre-Ouest,D01,Produits alimentaires et boissons non alcoolisées,421,81.64
01/08/2019,THIÈS,Centre-Ouest,D01,Produits alimentaires et boissons non alcoolisées,421,81.27
Septembre 2019,Thiès ,Centre-Ouest,D01,Produits alimentaires et boissons non alcoolisées,421,80.28
Octobre 2019,thiès,Centre-Ouest,D01,Produits alimentaires et boissons non alcoolisées,421,78.91
2019-11-01,Thiès ,Centre-Ouest,D01,Produits alimentaires et boissons non alcoolisées,421,77.64
2019-12-01,THIÈS,Centre-Ouest,D01,Produits alimentaires et boissons non alcoolisées,421,76.88
01/01/2020,thiès,Centre-Ouest,D01,Produits alimentaires et boissons non alcoolisées,421,77.88
01/02/2020,THIÈS,Centre-Ouest,D01,Produits alimentaires et boissons non alcoolisées,421,78.11
2020-03-01,thiès,Centre-Ouest,D01,Produits alimentaires et boissons non alcoolisées,421,79.74
Avril 2020,thiès,Centre-Ouest,D01,Produits alimentaires et boissons non alcoolisées,421,81.41
01/05/2020,THIÈS,Centre-Ouest,D01,Produits alimentaires et boissons non alcoolisées,421,82.84
01/06/2020,thiès,Centre-Ouest,D01,Produits alimentaires et boissons non alcoolisées,421,84.3
01/07/2020,THIÈS,Centre-Ouest,D01,Produits alimentaires et boissons non alcoolisées,421,84.81
01/08/2020,THIÈS,Centre-Ouest,D01,Produits alimentaires et boissons non alcoolisées,421,84.0
Septembre 2020,Thiès ,Centre-Ouest,D01,Produits alimentaires et boissons non alcoolisées,421,83.05
2020-10-01,Thiès ,Centre-Ouest,D01,Produits alimentaires et boissons non alcoolisées,421,81.44
Novembre 2020,THIÈS,Centre-Ouest,D01,Produits alimentaires et boissons non alcoolisées,421,80.07
2020-12-01,THIÈS,Centre-Ouest,D01,Produits alimentaires et boissons non alcoolisées,421,79.33
Janvier 2021,THIÈS,Centre-Ouest,D01,Produits alimentaires et boissons non alcoolisées,421,79.55
2021-02-01,thiès,Centre-Ouest,D01,Produits alimentaires et boissons non alcoolisées,421,80.41
01/03/2021,Thiès ,Centre-Ouest,D01,Produits alimentaires et boissons non alcoolisées,421,81.5
01/04/2021,Thiès ,Centre-Ouest,D01,Produits alimentaires et boissons non alcoolisées,421,83.68
2021-05-01,THIÈS,Centre-Ouest,D01,Produits alimentaires et boissons non alcoolisées,421,85.21
2021-06-01,THIÈS,Centre-Ouest,D01,Produits alimentaires et boissons non alcoolisées,421,86.38
2021-07-01,THIÈS,Centre-Ouest,D01,Produits alimentaires et boissons non alcoolisées,421,86.87
Août 2021,Thiès ,Centre-Ouest,D01,Produits alimentaires et boissons non alcoolisées,421,86.27
2021-09-01,THIÈS,Centre-Ouest,D01,Produits alimentaires et boissons non alcoolisées,421,85.64
Octobre 2021,Thiès ,Centre-Ouest,D01,Produits alimentaires et boissons non alcoolisées,421,
2021-11-01,THIÈS,Centre-Ouest,D01,Produits alimentaires et boissons non alcoolisées,421,82.87
Décembre 2021,Thiès ,Centre-Ouest,D01,Produits alimentaires et boissons non alcoolisées,421,81.98
2022-01-01,THIÈS,Centre-Ouest,D01,Produits alimentaires et boissons non alcoolisées,421,83.96
Février 2022,thiès,Centre-Ouest,D01,Produits alimentaires et boissons non alcoolisées,421,85.97
01/03/2022,thiès,Centre-Ouest,D01,Produits alimentaires et boissons non alcoolisées,421,88.47
01/04/2022,Thiès ,Centre-Ouest,D01,Produits alimentaires et boissons non alcoolisées,421,91.48
01/05/2022,thiès,Centre-Ouest,D01,Produits alimentaires et boissons non alcoolisées,421,
Juin 2022,thiès,Centre-Ouest,D01,Produits alimentaires et boissons non alcoolisées,421,96.79
2022-07-01,thiès,Centre-Ouest,D01,Produits alimentaires et boissons non alcoolisées,421,97.99
01/08/2022,THIÈS,Centre-Ouest,D01,Produits alimentaires et boissons non alcoolisées,421,98.9
2022-09-01,Thiès ,Centre-Ouest,D01,Produits alimentaires et boissons non alcoolisées,421,98.12
Octobre 2022,thiès,Centre-Ouest,D01,Produits alimentaires et boissons non alcoolisées,421,97.87
Novembre 2022,Thiès ,Centre-Ouest,D01,Produits alimentaires et boissons non alcoolisées,421,97.13
01/12/2022,Thiès ,Centre-Ouest,D01,Produits alimentaires et boissons non alcoolisées,421,93.96
01/01/2023,thiès,Centre-Ouest,D01,Produits alimentaires et boissons non alcoolisées,421,94.08
Février 2023,Thiès ,Centre-Ouest,D01,Produits alimentaires et boissons non alcoolisées,421,95.11
01/03/2023,THIÈS,Centre-Ouest,D01,Produits alimentaires et boissons non alcoolisées,421,97.04
2023-04-01,THIÈS,Centre-Ouest,D01,Produits alimentaires et boissons non alcoolisées,421,99.23
Mai 2023,thiès,Centre-Ouest,D01,Produits alimentaires et boissons non alcoolisées,421,101.54
Juin 2023,THIÈS,Centre-Ouest,D01,Produits alimentaires et boissons non alcoolisées,421,103.3
2023-07-01,THIÈS,Centre-Ouest,D01,Produits alimentaires et boissons non alcoolisées,421,104.03
01/08/2023,thiès,Centre-Ouest,D01,Produits alimentaires et boissons non alcoolisées,421,103.95
01/09/2023,THIÈS,Centre-Ouest,D01,Produits alimentaires et boissons non alcoolisées,421,103.07
2023-10-01,Thiès ,Centre-Ouest,D01,Produits alimentaires et boissons non alcoolisées,421,101.84
Novembre 2023,thiès,Centre-Ouest,D01,Produits alimentaires et boissons non alcoolisées,421,100.96
Décembre 2023,Thiès ,Centre-Ouest,D01,Produits alimentaires et boissons non alcoolisées,421,97.64
01/01/2024,thiès,Centre-Ouest,D01,Produits alimentaires et boissons non alcoolisées,421,96.47
01/02/2024,THIÈS,Centre-Ouest,D01,Produits alimentaires et boissons non alcoolisées,421,97.29
2024-03-01,thiès,Centre-Ouest,D01,Produits alimentaires et boissons non alcoolisées,421,98.67
01/04/2024,THIÈS,Centre-Ouest,D01,Produits alimentaires et boissons non alcoolisées,421,100.49
Mai 2024,thiès,Centre-Ouest,D01,Produits alimentaires et boissons non alcoolisées,421,102.42
01/06/2024,Thiès ,Centre-Ouest,D01,Produits alimentaires et boissons non alcoolisées,421,103.69
2024-07-01,thiès,Centre-Ouest,D01,Produits alimentaires et boissons non alcoolisées,421,104.55
Août 2024,THIÈS,Centre-Ouest,D01,Produits alimentaires et boissons non alcoolisées,421,104.19
01/09/2024,Thiès ,Centre-Ouest,D01,Produits alimentaires et boissons non alcoolisées,421,103.38
Octobre 2024,THIÈS,Centre-Ouest,D01,Produits alimentaires et boissons non alcoolisées,421,101.97
01/11/2024,THIÈS,Centre-Ouest,D01,Produits alimentaires et boissons non alcoolisées,421,101.21
01/12/2024,Thiès ,Centre-Ouest,D01,Produits alimentaires et boissons non alcoolisées,421,
01/01/2025,THIÈS,Centre-Ouest,D01,Produits alimentaires et boissons non alcoolisées,421,97.44
01/02/2025,THIÈS,Centre-Ouest,D01,Produits alimentaires et boissons non alcoolisées,421,98.65
Mars 2025,THIÈS,Centre-Ouest,D01,Produits alimentaires et boissons non alcoolisées,421,100.19
Avril 2025,Thiès ,Centre-Ouest,D01,Produits alimentaires et boissons non alcoolisées,421,102.83
2025-05-01,THIÈS,Centre-Ouest,D01,Produits alimentaires et boissons non alcoolisées,421,104.8
2025-06-01,Thiès ,Centre-Ouest,D01,Produits alimentaires et boissons non alcoolisées,421,106.54
Juillet 2025,THIÈS,Centre-Ouest,D01,Produits alimentaires et boissons non alcoolisées,421,107.67
Août 2025,THIÈS,Centre-Ouest,D01,Produits alimentaires et boissons non alcoolisées,421,107.42
2025-09-01,Thiès ,Centre-Ouest,D01,Produits alimentaires et boissons non alcoolisées,421,106.56
2025-10-01,thiès,Centre-Ouest,D01,Produits alimentaires et boissons non alcoolisées,421,105.6
2025-11-01,Thiès ,Centre-Ouest,D01,Produits alimentaires et boissons non alcoolisées,421,104.66
01/12/2025,Thiès ,Centre-Ouest,D01,Produits alimentaires et boissons non alcoolisées,421,101.53
2026-01-01,THIÈS,Centre-Ouest,D01,Produits alimentaires et boissons non alcoolisées,421,97.99
2026-02-01,thiès,Centre-Ouest,D01,Produits alimentaires et boissons non alcoolisées,421,99.52
Mars 2026,thiès,Centre-Ouest,D01,Produits alimentaires et boissons non alcoolisées,421,102.31
Avril 2026,Thiès ,Centre-Ouest,D01,Produits alimentaires et boissons non alcoolisées,421,104.06
01/05/2026,Thiès ,Centre-Ouest,D01,Produits alimentaires et boissons non alcoolisées,421,106.46
2018-01-01,THIÈS,Centre-Ouest,D02,"Boissons alcoolisées, tabac et stupéfiants",9,81.49
2018-02-01,thiès,Centre-Ouest,D02,"Boissons alcoolisées, tabac et stupéfiants",9,81.75
Mars 2018,Thiès ,Centre-Ouest,D02,"Boissons alcoolisées, tabac et stupéfiants",9,81.73
01/04/2018,thiès,Centre-Ouest,D02,"Boissons alcoolisées, tabac et stupéfiants",9,82.01
01/05/2018,thiès,Centre-Ouest,D02,"Boissons alcoolisées, tabac et stupéfiants",9,82.0
Juin 2018,Thiès ,Centre-Ouest,D02,"Boissons alcoolisées, tabac et stupéfiants",9,
2018-07-01,THIÈS,Centre-Ouest,D02,"Boissons alcoolisées, tabac et stupéfiants",9,82.3
Août 2018,THIÈS,Centre-Ouest,D02,"Boissons alcoolisées, tabac et stupéfiants",9,
Septembre 2018,thiès,Centre-Ouest,D02,"Boissons alcoolisées, tabac et stupéfiants",9,82.05
01/10/2018,Thiès ,Centre-Ouest,D02,"Boissons alcoolisées, tabac et stupéfiants",9,81.68
2018-11-01,thiès,Centre-Ouest,D02,"Boissons alcoolisées, tabac et stupéfiants",9,81.48
Décembre 2018,Thiès ,Centre-Ouest,D02,"Boissons alcoolisées, tabac et stupéfiants",9,81.34
2019-01-01,THIÈS,Centre-Ouest,D02,"Boissons alcoolisées, tabac et stupéfiants",9,81.89
Février 2019,THIÈS,Centre-Ouest,D02,"Boissons alcoolisées, tabac et stupéfiants",9,82.21
01/03/2019,Thiès ,Centre-Ouest,D02,"Boissons alcoolisées, tabac et stupéfiants",9,82.53
Avril 2019,Thiès ,Centre-Ouest,D02,"Boissons alcoolisées, tabac et stupéfiants",9,82.64
2019-05-01,THIÈS,Centre-Ouest,D02,"Boissons alcoolisées, tabac et stupéfiants",9,82.6
Juin 2019,thiès,Centre-Ouest,D02,"Boissons alcoolisées, tabac et stupéfiants",9,83.03
Juillet 2019,THIÈS,Centre-Ouest,D02,"Boissons alcoolisées, tabac et stupéfiants",9,83.09
01/08/2019,thiès,Centre-Ouest,D02,"Boissons alcoolisées, tabac et stupéfiants",9,83.31
2019-09-01,thiès,Centre-Ouest,D02,"Boissons alcoolisées, tabac et stupéfiants",9,82.71
2019-10-01,THIÈS,Centre-Ouest,D02,"Boissons alcoolisées, tabac et stupéfiants",9,82.62
Novembre 2019,Thiès ,Centre-Ouest,D02,"Boissons alcoolisées, tabac et stupéfiants",9,82.67
Décembre 2019,THIÈS,Centre-Ouest,D02,"Boissons alcoolisées, tabac et stupéfiants",9,82.37
01/01/2020,thiès,Centre-Ouest,D02,"Boissons alcoolisées, tabac et stupéfiants",9,83.45
Février 2020,Thiès ,Centre-Ouest,D02,"Boissons alcoolisées, tabac et stupéfiants",9,83.71
Mars 2020,thiès,Centre-Ouest,D02,"Boissons alcoolisées, tabac et stupéfiants",9,84.15
2020-04-01,Thiès ,Centre-Ouest,D02,"Boissons alcoolisées, tabac et stupéfiants",9,84.68
01/05/2020,thiès,Centre-Ouest,D02,"Boissons alcoolisées, tabac et stupéfiants",9,
01/06/2020,THIÈS,Centre-Ouest,D02,"Boissons alcoolisées, tabac et stupéfiants",9,85.56
2020-07-01,thiès,Centre-Ouest,D02,"Boissons alcoolisées, tabac et stupéfiants",9,85.38
2020-08-01,Thiès ,Centre-Ouest,D02,"Boissons alcoolisées, tabac et stupéfiants",9,85.47
Septembre 2020,thiès,Centre-Ouest,D02,"Boissons alcoolisées, tabac et stupéfiants",9,85.22
Octobre 2020,THIÈS,Centre-Ouest,D02,"Boissons alcoolisées, tabac et stupéfiants",9,84.83
2020-11-01,THIÈS,Centre-Ouest,D02,"Boissons alcoolisées, tabac et stupéfiants",9,84.62
01/12/2020,thiès,Centre-Ouest,D02,"Boissons alcoolisées, tabac et stupéfiants",9,84.33
01/01/2021,thiès,Centre-Ouest,D02,"Boissons alcoolisées, tabac et stupéfiants",9,84.86
Février 2021,Thiès ,Centre-Ouest,D02,"Boissons alcoolisées, tabac et stupéfiants",9,85.28
Mars 2021,Thiès ,Centre-Ouest,D02,"Boissons alcoolisées, tabac et stupéfiants",9,
Avril 2021,thiès,Centre-Ouest,D02,"Boissons alcoolisées, tabac et stupéfiants",9,86.3
Mai 2021,thiès,Centre-Ouest,D02,"Boissons alcoolisées, tabac et stupéfiants",9,86.6
Juin 2021,THIÈS,Centre-Ouest,D02,"Boissons alcoolisées, tabac et stupéfiants",9,87.26
2021-07-01,Thiès ,Centre-Ouest,D02,"Boissons alcoolisées, tabac et stupéfiants",9,87.14
2021-08-01,Thiès ,Centre-Ouest,D02,"Boissons alcoolisées, tabac et stupéfiants",9,87.24
Septembre 2021,thiès,Centre-Ouest,D02,"Boissons alcoolisées, tabac et stupéfiants",9,87.15
Octobre 2021,THIÈS,Centre-Ouest,D02,"Boissons alcoolisées, tabac et stupéfiants",9,87.25
Novembre 2021,THIÈS,Centre-Ouest,D02,"Boissons alcoolisées, tabac et stupéfiants",9,86.98
2021-12-01,thiès,Centre-Ouest,D02,"Boissons alcoolisées, tabac et stupéfiants",9,86.84
Janvier 2022,THIÈS,Centre-Ouest,D02,"Boissons alcoolisées, tabac et stupéfiants",9,88.83
2022-02-01,thiès,Centre-Ouest,D02,"Boissons alcoolisées, tabac et stupéfiants",9,89.73
Mars 2022,THIÈS,Centre-Ouest,D02,"Boissons alcoolisées, tabac et stupéfiants",9,91.38
01/04/2022,thiès,Centre-Ouest,D02,"Boissons alcoolisées, tabac et stupéfiants",9,93.1
2022-05-01,thiès,Centre-Ouest,D02,"Boissons alcoolisées, tabac et stupéfiants",9,94.29
Juin 2022,thiès,Centre-Ouest,D02,"Boissons alcoolisées, tabac et stupéfiants",9,95.5
Juillet 2022,THIÈS,Centre-Ouest,D02,"Boissons alcoolisées, tabac et stupéfiants",9,96.44
Août 2022,thiès,Centre-Ouest,D02,"Boissons alcoolisées, tabac et stupéfiants",9,97.24
2022-09-01,THIÈS,Centre-Ouest,D02,"Boissons alcoolisées, tabac et stupéfiants",9,97.44
01/10/2022,thiès,Centre-Ouest,D02,"Boissons alcoolisées, tabac et stupéfiants",9,98.02
01/11/2022,Thiès ,Centre-Ouest,D02,"Boissons alcoolisées, tabac et stupéfiants",9,98.75
01/12/2022,THIÈS,Centre-Ouest,D02,"Boissons alcoolisées, tabac et stupéfiants",9,96.96
01/01/2023,thiès,Centre-Ouest,D02,"Boissons alcoolisées, tabac et stupéfiants",9,97.19
2023-02-01,Thiès ,Centre-Ouest,D02,"Boissons alcoolisées, tabac et stupéfiants",9,97.59
01/03/2023,THIÈS,Centre-Ouest,D02,"Boissons alcoolisées, tabac et stupéfiants",9,98.1
2023-04-01,thiès,Centre-Ouest,D02,"Boissons alcoolisées, tabac et stupéfiants",9,99.0
2023-05-01,THIÈS,Centre-Ouest,D02,"Boissons alcoolisées, tabac et stupéfiants",9,99.63
Juin 2023,THIÈS,Centre-Ouest,D02,"Boissons alcoolisées, tabac et stupéfiants",9,100.68
2023-07-01,thiès,Centre-Ouest,D02,"Boissons alcoolisées, tabac et stupéfiants",9,100.98
Août 2023,thiès,Centre-Ouest,D02,"Boissons alcoolisées, tabac et stupéfiants",9,101.11
Septembre 2023,THIÈS,Centre-Ouest,D02,"Boissons alcoolisées, tabac et stupéfiants",9,101.63
Octobre 2023,thiès,Centre-Ouest,D02,"Boissons alcoolisées, tabac et stupéfiants",9,101.91
01/11/2023,THIÈS,Centre-Ouest,D02,"Boissons alcoolisées, tabac et stupéfiants",9,101.87
Décembre 2023,thiès,Centre-Ouest,D02,"Boissons alcoolisées, tabac et stupéfiants",9,
01/01/2024,Thiès ,Centre-Ouest,D02,"Boissons alcoolisées, tabac et stupéfiants",9,99.24
Février 2024,Thiès ,Centre-Ouest,D02,"Boissons alcoolisées, tabac et stupéfiants",9,99.53
Mars 2024,thiès,Centre-Ouest,D02,"Boissons alcoolisées, tabac et stupéfiants",9,99.91
Avril 2024,Thiès ,Centre-Ouest,D02,"Boissons alcoolisées, tabac et stupéfiants",9,100.46
Mai 2024,Thiès ,Centre-Ouest,D02,"Boissons alcoolisées, tabac et stupéfiants",9,100.64
Juin 2024,THIÈS,Centre-Ouest,D02,"Boissons alcoolisées, tabac et stupéfiants",9,101.5
2024-07-01,Thiès ,Centre-Ouest,D02,"Boissons alcoolisées, tabac et stupéfiants",9,101.29
2024-08-01,Thiès ,Centre-Ouest,D02,"Boissons alcoolisées, tabac et stupéfiants",9,101.65
2024-09-01,THIÈS,Centre-Ouest,D02,"Boissons alcoolisées, tabac et stupéfiants",9,101.52
2024-10-01,thiès,Centre-Ouest,D02,"Boissons alcoolisées, tabac et stupéfiants",9,101.94
Novembre 2024,thiès,Centre-Ouest,D02,"Boissons alcoolisées, tabac et stupéfiants",9,102.58
2024-12-01,thiès,Centre-Ouest,D02,"Boissons alcoolisées, tabac et stupéfiants",9,100.4
01/01/2025,THIÈS,Centre-Ouest,D02,"Boissons alcoolisées, tabac et stupéfiants",9,100.24
Février 2025,THIÈS,Centre-Ouest,D02,"Boissons alcoolisées, tabac et stupéfiants",9,100.65
2025-03-01,THIÈS,Centre-Ouest,D02,"Boissons alcoolisées, tabac et stupéfiants",9,101.21
01/04/2025,thiès,Centre-Ouest,D02,"Boissons alcoolisées, tabac et stupéfiants",9,102.1
2025-05-01,THIÈS,Centre-Ouest,D02,"Boissons alcoolisées, tabac et stupéfiants",9,102.56
01/06/2025,thiès,Centre-Ouest,D02,"Boissons alcoolisées, tabac et stupéfiants",9,102.91
Juillet 2025,Thiès ,Centre-Ouest,D02,"Boissons alcoolisées, tabac et stupéfiants",9,103.46
Août 2025,Thiès ,Centre-Ouest,D02,"Boissons alcoolisées, tabac et stupéfiants",9,103.95
01/09/2025,thiès,Centre-Ouest,D02,"Boissons alcoolisées, tabac et stupéfiants",9,104.33
Octobre 2025,Thiès ,Centre-Ouest,D02,"Boissons alcoolisées, tabac et stupéfiants",9,104.43
Novembre 2025,Thiès ,Centre-Ouest,D02,"Boissons alcoolisées, tabac et stupéfiants",9,104.91
2025-12-01,Thiès ,Centre-Ouest,D02,"Boissons alcoolisées, tabac et stupéfiants",9,103.04
01/01/2026,thiès,Centre-Ouest,D02,"Boissons alcoolisées, tabac et stupéfiants",9,100.44
01/02/2026,Thiès ,Centre-Ouest,D02,"Boissons alcoolisées, tabac et stupéfiants",9,101.2
01/03/2026,THIÈS,Centre-Ouest,D02,"Boissons alcoolisées, tabac et stupéfiants",9,102.48
2026-04-01,thiès,Centre-Ouest,D02,"Boissons alcoolisées, tabac et stupéfiants",9,102.95
Mai 2026,thiès,Centre-Ouest,D02,"Boissons alcoolisées, tabac et stupéfiants",9,103.71
2018-01-01,Thiès ,Centre-Ouest,D03,Habillement et chaussures,62,86.01
01/02/2018,THIÈS,Centre-Ouest,D03,Habillement et chaussures,62,86.03
2018-03-01,THIÈS,Centre-Ouest,D03,Habillement et chaussures,62,86.35
Avril 2018,THIÈS,Centre-Ouest,D03,Habillement et chaussures,62,86.9
2018-05-01,THIÈS,Centre-Ouest,D03,Habillement et chaussures,62,87.23
01/06/2018,thiès,Centre-Ouest,D03,Habillement et chaussures,62,87.5
Juillet 2018,THIÈS,Centre-Ouest,D03,Habillement et chaussures,62,87.6
Août 2018,THIÈS,Centre-Ouest,D03,Habillement et chaussures,62,87.51
2018-09-01,thiès,Centre-Ouest,D03,Habillement et chaussures,62,87.09
01/10/2018,Thiès ,Centre-Ouest,D03,Habillement et chaussures,62,86.79
01/11/2018,THIÈS,Centre-Ouest,D03,Habillement et chaussures,62,86.41
2018-12-01,thiès,Centre-Ouest,D03,Habillement et chaussures,62,85.8
Janvier 2019,thiès,Centre-Ouest,D03,Habillement et chaussures,62,86.38
Février 2019,Thiès ,Centre-Ouest,D03,Habillement et chaussures,62,86.51
2019-03-01,thiès,Centre-Ouest,D03,Habillement et chaussures,62,86.97
Avril 2019,Thiès ,Centre-Ouest,D03,Habillement et chaussures,62,87.43
01/05/2019,Thiès ,Centre-Ouest,D03,Habillement et chaussures,62,87.73
Juin 2019,thiès,Centre-Ouest,D03,Habillement et chaussures,62,88.1
Juillet 2019,thiès,Centre-Ouest,D03,Habillement et chaussures,62,88.39
01/08/2019,thiès,Centre-Ouest,D03,Habillement et chaussures,62,88.37
Septembre 2019,THIÈS,Centre-Ouest,D03,Habillement et chaussures,62,87.57
01/10/2019,thiès,Centre-Ouest,D03,Habillement et chaussures,62,87.43
Novembre 2019,THIÈS,Centre-Ouest,D03,Habillement et chaussures,62,87.07
2019-12-01,THIÈS,Centre-Ouest,D03,Habillement et chaussures,62,86.57
01/01/2020,THIÈS,Centre-Ouest,D03,Habillement et chaussures,62,87.38
2020-02-01,Thiès ,Centre-Ouest,D03,Habillement et chaussures,62,87.55
Mars 2020,Thiès ,Centre-Ouest,D03,Habillement et chaussures,62,88.18
Avril 2020,thiès,Centre-Ouest,D03,Habillement et chaussures,62,88.66
Mai 2020,thiès,Centre-Ouest,D03,Habillement et chaussures,62,89.22
Juin 2020,thiès,Centre-Ouest,D03,Habillement et chaussures,62,90.18
Juillet 2020,Thiès ,Centre-Ouest,D03,Habillement et chaussures,62,90.07
01/08/2020,THIÈS,Centre-Ouest,D03,Habillement et chaussures,62,89.94
01/09/2020,thiès,Centre-Ouest,D03,Habillement et chaussures,62,89.39
01/10/2020,Thiès ,Centre-Ouest,D03,Habillement et chaussures,62,88.85
01/11/2020,THIÈS,Centre-Ouest,D03,Habillement et chaussures,62,88.48
2020-12-01,thiès,Centre-Ouest,D03,Habillement et chaussures,62,88.03
2021-01-01,THIÈS,Centre-Ouest,D03,Habillement et chaussures,62,88.54
01/02/2021,THIÈS,Centre-Ouest,D03,Habillement et chaussures,62,88.9
2021-03-01,thiès,Centre-Ouest,D03,Habillement et chaussures,62,89.45
Avril 2021,THIÈS,Centre-Ouest,D03,Habillement et chaussures,62,90.14
Mai 2021,thiès,Centre-Ouest,D03,Habillement et chaussures,62,91.0
01/06/2021,thiès,Centre-Ouest,D03,Habillement et chaussures,62,91.18
Juillet 2021,thiès,Centre-Ouest,D03,Habillement et chaussures,62,91.48
01/08/2021,thiès,Centre-Ouest,D03,Habillement et chaussures,62,91.55
2021-09-01,thiès,Centre-Ouest,D03,Habillement et chaussures,62,91.25
01/10/2021,THIÈS,Centre-Ouest,D03,Habillement et chaussures,62,90.44
01/11/2021,THIÈS,Centre-Ouest,D03,Habillement et chaussures,62,90.16
2021-12-01,THIÈS,Centre-Ouest,D03,Habillement et chaussures,62,90.11
2022-01-01,thiès,Centre-Ouest,D03,Habillement et chaussures,62,91.31
2022-02-01,THIÈS,Centre-Ouest,D03,Habillement et chaussures,62,92.28
Mars 2022,Thiès ,Centre-Ouest,D03,Habillement et chaussures,62,93.48
2022-04-01,THIÈS,Centre-Ouest,D03,Habillement et chaussures,62,94.85
01/05/2022,Thiès ,Centre-Ouest,D03,Habillement et chaussures,62,96.34
01/06/2022,thiès,Centre-Ouest,D03,Habillement et chaussures,62,97.39
01/07/2022,THIÈS,Centre-Ouest,D03,Habillement et chaussures,62,98.13
Août 2022,thiès,Centre-Ouest,D03,Habillement et chaussures,62,98.58
01/09/2022,THIÈS,Centre-Ouest,D03,Habillement et chaussures,62,98.65
01/10/2022,thiès,Centre-Ouest,D03,Habillement et chaussures,62,98.86
01/11/2022,Thiès ,Centre-Ouest,D03,Habillement et chaussures,62,99.19
Décembre 2022,Thiès ,Centre-Ouest,D03,Habillement et chaussures,62,97.06
01/01/2023,thiès,Centre-Ouest,D03,Habillement et chaussures,62,97.21
2023-02-01,THIÈS,Centre-Ouest,D03,Habillement et chaussures,62,97.61
01/03/2023,thiès,Centre-Ouest,D03,Habillement et chaussures,62,98.61
01/04/2023,thiès,Centre-Ouest,D03,Habillement et chaussures,62,99.47
Mai 2023,thiès,Centre-Ouest,D03,Habillement et chaussures,62,100.54
01/06/2023,thiès,Centre-Ouest,D03,Habillement et chaussures,62,
Juillet 2023,THIÈS,Centre-Ouest,D03,Habillement et chaussures,62,101.48
2023-08-01,thiès,Centre-Ouest,D03,Habillement et chaussures,62,101.62
Septembre 2023,thiès,Centre-Ouest,D03,Habillement et chaussures,62,101.03
2023-10-01,THIÈS,Centre-Ouest,D03,Habillement et chaussures,62,101.46
2023-11-01,Thiès ,Centre-Ouest,D03,Habillement et chaussures,62,101.04
2023-12-01,thiès,Centre-Ouest,D03,Habillement et chaussures,62,99.47
01/01/2024,thiès,Centre-Ouest,D03,Habillement et chaussures,62,98.49
2024-02-01,thiès,Centre-Ouest,D03,Habillement et chaussures,62,98.87
01/03/2024,thiès,Centre-Ouest,D03,Habillement et chaussures,62,99.58
Avril 2024,THIÈS,Centre-Ouest,D03,Habillement et chaussures,62,100.25
01/05/2024,Thiès ,Centre-Ouest,D03,Habillement et chaussures,62,
2024-06-01,THIÈS,Centre-Ouest,D03,Habillement et chaussures,62,101.66
2024-07-01,THIÈS,Centre-Ouest,D03,Habillement et chaussures,62,101.48
2024-08-01,thiès,Centre-Ouest,D03,Habillement et chaussures,62,101.86
01/09/2024,Thiès ,Centre-Ouest,D03,Habillement et chaussures,62,101.61
Octobre 2024,thiès,Centre-Ouest,D03,Habillement et chaussures,62,101.43
2024-11-01,thiès,Centre-Ouest,D03,Habillement et chaussures,62,101.08
2024-12-01,THIÈS,Centre-Ouest,D03,Habillement et chaussures,62,99.76
2025-01-01,thiès,Centre-Ouest,D03,Habillement et chaussures,62,98.98
01/02/2025,THIÈS,Centre-Ouest,D03,Habillement et chaussures,62,99.9
Mars 2025,THIÈS,Centre-Ouest,D03,Habillement et chaussures,62,
2025-04-01,thiès,Centre-Ouest,D03,Habillement et chaussures,62,101.36
01/05/2025,thiès,Centre-Ouest,D03,Habillement et chaussures,62,102.2
Juin 2025,Thiès ,Centre-Ouest,D03,Habillement et chaussures,62,103.07
Juillet 2025,Thiès ,Centre-Ouest,D03,Habillement et chaussures,62,103.23
Août 2025,Thiès ,Centre-Ouest,D03,Habillement et chaussures,62,103.23
01/09/2025,Thiès ,Centre-Ouest,D03,Habillement et chaussures,62,103.27
Octobre 2025,thiès,Centre-Ouest,D03,Habillement et chaussures,62,103.47
2025-11-01,Thiès ,Centre-Ouest,D03,Habillement et chaussures,62,103.24
2025-12-01,THIÈS,Centre-Ouest,D03,Habillement et chaussures,62,101.49
Janvier 2026,Thiès ,Centre-Ouest,D03,Habillement et chaussures,62,99.57
2026-02-01,THIÈS,Centre-Ouest,D03,Habillement et chaussures,62,100.13
Mars 2026,Thiès ,Centre-Ouest,D03,Habillement et chaussures,62,101.52
Avril 2026,Thiès ,Centre-Ouest,D03,Habillement et chaussures,62,101.9
Mai 2026,THIÈS,Centre-Ouest,D03,Habillement et chaussures,62,103.02
Janvier 2018,THIÈS,Centre-Ouest,D04,"Logement, eau, électricité, gaz et autres combustibles",105,78.92
Février 2018,THIÈS,Centre-Ouest,D04,"Logement, eau, électricité, gaz et autres combustibles",105,79.28
01/03/2018,Thiès ,Centre-Ouest,D04,"Logement, eau, électricité, gaz et autres combustibles",105,79.11
01/04/2018,THIÈS,Centre-Ouest,D04,"Logement, eau, électricité, gaz et autres combustibles",105,79.56
01/05/2018,thiès,Centre-Ouest,D04,"Logement, eau, électricité, gaz et autres combustibles",105,80.11
2018-06-01,THIÈS,Centre-Ouest,D04,"Logement, eau, électricité, gaz et autres combustibles",105,80.25
01/07/2018,thiès,Centre-Ouest,D04,"Logement, eau, électricité, gaz et autres combustibles",105,
Août 2018,THIÈS,Centre-Ouest,D04,"Logement, eau, électricité, gaz et autres combustibles",105,80.1
2018-09-01,THIÈS,Centre-Ouest,D04,"Logement, eau, électricité, gaz et autres combustibles",105,79.83
2018-10-01,thiès,Centre-Ouest,D04,"Logement, eau, électricité, gaz et autres combustibles",105,79.53
01/11/2018,THIÈS,Centre-Ouest,D04,"Logement, eau, électricité, gaz et autres combustibles",105,79.1
Décembre 2018,thiès,Centre-Ouest,D04,"Logement, eau, électricité, gaz et autres combustibles",105,78.96
Janvier 2019,Thiès ,Centre-Ouest,D04,"Logement, eau, électricité, gaz et autres combustibles",105,79.42
Février 2019,thiès,Centre-Ouest,D04,"Logement, eau, électricité, gaz et autres combustibles",105,79.76
Mars 2019,THIÈS,Centre-Ouest,D04,"Logement, eau, électricité, gaz et autres combustibles",105,80.09
2019-04-01,thiès,Centre-Ouest,D04,"Logement, eau, électricité, gaz et autres combustibles",105,80.39
2019-05-01,THIÈS,Centre-Ouest,D04,"Logement, eau, électricité, gaz et autres combustibles",105,80.58
01/06/2019,Thiès ,Centre-Ouest,D04,"Logement, eau, électricité, gaz et autres combustibles",105,81.16
2019-07-01,THIÈS,Centre-Ouest,D04,"Logement, eau, électricité, gaz et autres combustibles",105,81.18
Août 2019,thiès,Centre-Ouest,D04,"Logement, eau, électricité, gaz et autres combustibles",105,80.94
2019-09-01,Thiès ,Centre-Ouest,D04,"Logement, eau, électricité, gaz et autres combustibles",105,80.73
01/10/2019,thiès,Centre-Ouest,D04,"Logement, eau, électricité, gaz et autres combustibles",105,80.24
2019-11-01,Thiès ,Centre-Ouest,D04,"Logement, eau, électricité, gaz et autres combustibles",105,79.96
01/12/2019,Thiès ,Centre-Ouest,D04,"Logement, eau, électricité, gaz et autres combustibles",105,79.79
2020-01-01,thiès,Centre-Ouest,D04,"Logement, eau, électricité, gaz et autres combustibles",105,81.17
Février 2020,Thiès ,Centre-Ouest,D04,"Logement, eau, électricité, gaz et autres combustibles",105,81.33
2020-03-01,thiès,Centre-Ouest,D04,"Logement, eau, électricité, gaz et autres combustibles",105,82.03
2020-04-01,Thiès ,Centre-Ouest,D04,"Logement, eau, électricité, gaz et autres combustibles",105,82.52
Mai 2020,thiès,Centre-Ouest,D04,"Logement, eau, électricité, gaz et autres combustibles",105,83.24
01/06/2020,thiès,Centre-Ouest,D04,"Logement, eau, électricité, gaz et autres combustibles",105,83.71
Juillet 2020,thiès,Centre-Ouest,D04,"Logement, eau, électricité, gaz et autres combustibles",105,83.99
01/08/2020,thiès,Centre-Ouest,D04,"Logement, eau, électricité, gaz et autres combustibles",105,83.63
Septembre 2020,THIÈS,Centre-Ouest,D04,"Logement, eau, électricité, gaz et autres combustibles",105,83.16
01/10/2020,THIÈS,Centre-Ouest,D04,"Logement, eau, électricité, gaz et autres combustibles",105,82.75
Novembre 2020,Thiès ,Centre-Ouest,D04,"Logement, eau, électricité, gaz et autres combustibles",105,82.43
Décembre 2020,thiès,Centre-Ouest,D04,"Logement, eau, électricité, gaz et autres combustibles",105,82.03
Janvier 2021,Thiès ,Centre-Ouest,D04,"Logement, eau, électricité, gaz et autres combustibles",105,82.87
2021-02-01,THIÈS,Centre-Ouest,D04,"Logement, eau, électricité, gaz et autres combustibles",105,83.17
Mars 2021,thiès,Centre-Ouest,D04,"Logement, eau, électricité, gaz et autres combustibles",105,84.1
01/04/2021,Thiès ,Centre-Ouest,D04,"Logement, eau, électricité, gaz et autres combustibles",105,84.25
Mai 2021,THIÈS,Centre-Ouest,D04,"Logement, eau, électricité, gaz et autres combustibles",105,85.15
01/06/2021,THIÈS,Centre-Ouest,D04,"Logement, eau, électricité, gaz et autres combustibles",105,85.52
2021-07-01,thiès,Centre-Ouest,D04,"Logement, eau, électricité, gaz et autres combustibles",105,85.77
2021-08-01,THIÈS,Centre-Ouest,D04,"Logement, eau, électricité, gaz et autres combustibles",105,85.84
2021-09-01,THIÈS,Centre-Ouest,D04,"Logement, eau, électricité, gaz et autres combustibles",105,85.34
2021-10-01,thiès,Centre-Ouest,D04,"Logement, eau, électricité, gaz et autres combustibles",105,85.4
01/11/2021,thiès,Centre-Ouest,D04,"Logement, eau, électricité, gaz et autres combustibles",105,85.35
2021-12-01,Thiès ,Centre-Ouest,D04,"Logement, eau, électricité, gaz et autres combustibles",105,84.89
Janvier 2022,thiès,Centre-Ouest,D04,"Logement, eau, électricité, gaz et autres combustibles",105,87.09
2022-02-01,Thiès ,Centre-Ouest,D04,"Logement, eau, électricité, gaz et autres combustibles",105,88.63
2022-03-01,thiès,Centre-Ouest,D04,"Logement, eau, électricité, gaz et autres combustibles",105,90.1
2022-04-01,Thiès ,Centre-Ouest,D04,"Logement, eau, électricité, gaz et autres combustibles",105,91.78
01/05/2022,Thiès ,Centre-Ouest,D04,"Logement, eau, électricité, gaz et autres combustibles",105,93.29
2022-06-01,thiès,Centre-Ouest,D04,"Logement, eau, électricité, gaz et autres combustibles",105,95.17
Juillet 2022,Thiès ,Centre-Ouest,D04,"Logement, eau, électricité, gaz et autres combustibles",105,96.07
Août 2022,thiès,Centre-Ouest,D04,"Logement, eau, électricité, gaz et autres combustibles",105,96.74
2022-09-01,THIÈS,Centre-Ouest,D04,"Logement, eau, électricité, gaz et autres combustibles",105,97.52
Octobre 2022,Thiès ,Centre-Ouest,D04,"Logement, eau, électricité, gaz et autres combustibles",105,97.89
2022-11-01,thiès,Centre-Ouest,D04,"Logement, eau, électricité, gaz et autres combustibles",105,
Décembre 2022,thiès,Centre-Ouest,D04,"Logement, eau, électricité, gaz et autres combustibles",105,96.5
Janvier 2023,Thiès ,Centre-Ouest,D04,"Logement, eau, électricité, gaz et autres combustibles",105,96.14
2023-02-01,thiès,Centre-Ouest,D04,"Logement, eau, électricité, gaz et autres combustibles",105,97.26
2023-03-01,Thiès ,Centre-Ouest,D04,"Logement, eau, électricité, gaz et autres combustibles",105,97.86
2023-04-01,THIÈS,Centre-Ouest,D04,"Logement, eau, électricité, gaz et autres combustibles",105,99.01
2023-05-01,Thiès ,Centre-Ouest,D04,"Logement, eau, électricité, gaz et autres combustibles",105,100.49
01/06/2023,thiès,Centre-Ouest,D04,"Logement, eau, électricité, gaz et autres combustibles",105,101.23
Juillet 2023,THIÈS,Centre-Ouest,D04,"Logement, eau, électricité, gaz et autres combustibles",105,101.43
01/08/2023,thiès,Centre-Ouest,D04,"Logement, eau, électricité, gaz et autres combustibles",105,101.41
Septembre 2023,Thiès ,Centre-Ouest,D04,"Logement, eau, électricité, gaz et autres combustibles",105,101.7
2023-10-01,THIÈS,Centre-Ouest,D04,"Logement, eau, électricité, gaz et autres combustibles",105,101.95
2023-11-01,thiès,Centre-Ouest,D04,"Logement, eau, électricité, gaz et autres combustibles",105,102.01
Décembre 2023,Thiès ,Centre-Ouest,D04,"Logement, eau, électricité, gaz et autres combustibles",105,99.64
2024-01-01,THIÈS,Centre-Ouest,D04,"Logement, eau, électricité, gaz et autres combustibles",105,98.79
01/02/2024,Thiès ,Centre-Ouest,D04,"Logement, eau, électricité, gaz et autres combustibles",105,99.15
01/03/2024,Thiès ,Centre-Ouest,D04,"Logement, eau, électricité, gaz et autres combustibles",105,99.53
2024-04-01,thiès,Centre-Ouest,D04,"Logement, eau, électricité, gaz et autres combustibles",105,100.32
01/05/2024,thiès,Centre-Ouest,D04,"Logement, eau, électricité, gaz et autres combustibles",105,101.23
Juin 2024,THIÈS,Centre-Ouest,D04,"Logement, eau, électricité, gaz et autres combustibles",105,101.4
Juillet 2024,Thiès ,Centre-Ouest,D04,"Logement, eau, électricité, gaz et autres combustibles",105,101.88
01/08/2024,thiès,Centre-Ouest,D04,"Logement, eau, électricité, gaz et autres combustibles",105,101.85
Septembre 2024,THIÈS,Centre-Ouest,D04,"Logement, eau, électricité, gaz et autres combustibles",105,
2024-10-01,thiès,Centre-Ouest,D04,"Logement, eau, électricité, gaz et autres combustibles",105,102.29
Novembre 2024,Thiès ,Centre-Ouest,D04,"Logement, eau, électricité, gaz et autres combustibles",105,102.75
Décembre 2024,thiès,Centre-Ouest,D04,"Logement, eau, électricité, gaz et autres combustibles",105,100.35
2025-01-01,thiès,Centre-Ouest,D04,"Logement, eau, électricité, gaz et autres combustibles",105,99.7
2025-02-01,Thiès ,Centre-Ouest,D04,"Logement, eau, électricité, gaz et autres combustibles",105,100.62
Mars 2025,THIÈS,Centre-Ouest,D04,"Logement, eau, électricité, gaz et autres combustibles",105,101.2
2025-04-01,THIÈS,Centre-Ouest,D04,"Logement, eau, électricité, gaz et autres combustibles",105,102.13
01/05/2025,Thiès ,Centre-Ouest,D04,"Logement, eau, électricité, gaz et autres combustibles",105,103.2
01/06/2025,thiès,Centre-Ouest,D04,"Logement, eau, électricité, gaz et autres combustibles",105,103.83
01/07/2025,Thiès ,Centre-Ouest,D04,"Logement, eau, électricité, gaz et autres combustibles",105,104.54
Août 2025,thiès,Centre-Ouest,D04,"Logement, eau, électricité, gaz et autres combustibles",105,104.54
01/09/2025,thiès,Centre-Ouest,D04,"Logement, eau, électricité, gaz et autres combustibles",105,104.92
01/10/2025,thiès,Centre-Ouest,D04,"Logement, eau, électricité, gaz et autres combustibles",105,105.25
01/11/2025,Thiès ,Centre-Ouest,D04,"Logement, eau, électricité, gaz et autres combustibles",105,105.51
Décembre 2025,thiès,Centre-Ouest,D04,"Logement, eau, électricité, gaz et autres combustibles",105,103.53
01/01/2026,Thiès ,Centre-Ouest,D04,"Logement, eau, électricité, gaz et autres combustibles",105,100.43
01/02/2026,THIÈS,Centre-Ouest,D04,"Logement, eau, électricité, gaz et autres combustibles",105,101.7
Mars 2026,thiès,Centre-Ouest,D04,"Logement, eau, électricité, gaz et autres combustibles",105,103.23
2026-04-01,thiès,Centre-Ouest,D04,"Logement, eau, électricité, gaz et autres combustibles",105,103.4
2026-05-01,THIÈS,Centre-Ouest,D04,"Logement, eau, électricité, gaz et autres combustibles",105,104.3
2018-01-01,Thiès ,Centre-Ouest,D05,"Meubles, articles de ménage et entretien courant",51,
01/02/2018,thiès,Centre-Ouest,D05,"Meubles, articles de ménage et entretien courant",51,84.59
Mars 2018,THIÈS,Centre-Ouest,D05,"Meubles, articles de ménage et entretien courant",51,84.81
2018-04-01,thiès,Centre-Ouest,D05,"Meubles, articles de ménage et entretien courant",51,85.02
2018-05-01,Thiès ,Centre-Ouest,D05,"Meubles, articles de ménage et entretien courant",51,85.28
01/06/2018,thiès,Centre-Ouest,D05,"Meubles, articles de ménage et entretien courant",51,85.57
Juillet 2018,THIÈS,Centre-Ouest,D05,"Meubles, articles de ménage et entretien courant",51,85.47
01/08/2018,THIÈS,Centre-Ouest,D05,"Meubles, articles de ménage et entretien courant",51,85.66
Septembre 2018,thiès,Centre-Ouest,D05,"Meubles, articles de ménage et entretien courant",51,85.24
Octobre 2018,Thiès ,Centre-Ouest,D05,"Meubles, articles de ménage et entretien courant",51,85.45
01/11/2018,THIÈS,Centre-Ouest,D05,"Meubles, articles de ménage et entretien courant",51,84.78
2018-12-01,Thiès ,Centre-Ouest,D05,"Meubles, articles de ménage et entretien courant",51,84.67
2019-01-01,thiès,Centre-Ouest,D05,"Meubles, articles de ménage et entretien courant",51,84.97
Février 2019,Thiès ,Centre-Ouest,D05,"Meubles, articles de ménage et entretien courant",51,85.46
Mars 2019,Thiès ,Centre-Ouest,D05,"Meubles, articles de ménage et entretien courant",51,85.62
01/04/2019,Thiès ,Centre-Ouest,D05,"Meubles, articles de ménage et entretien courant",51,85.82
01/05/2019,Thiès ,Centre-Ouest,D05,"Meubles, articles de ménage et entretien courant",51,85.9
2019-06-01,THIÈS,Centre-Ouest,D05,"Meubles, articles de ménage et entretien courant",51,86.31
Juillet 2019,Thiès ,Centre-Ouest,D05,"Meubles, articles de ménage et entretien courant",51,
01/08/2019,thiès,Centre-Ouest,D05,"Meubles, articles de ménage et entretien courant",51,86.46
2019-09-01,THIÈS,Centre-Ouest,D05,"Meubles, articles de ménage et entretien courant",51,86.16
2019-10-01,Thiès ,Centre-Ouest,D05,"Meubles, articles de ménage et entretien courant",51,85.79
2019-11-01,Thiès ,Centre-Ouest,D05,"Meubles, articles de ménage et entretien courant",51,85.2
Décembre 2019,thiès,Centre-Ouest,D05,"Meubles, articles de ménage et entretien courant",51,85.2
2020-01-01,Thiès ,Centre-Ouest,D05,"Meubles, articles de ménage et entretien courant",51,86.28
01/02/2020,thiès,Centre-Ouest,D05,"Meubles, articles de ménage et entretien courant",51,86.64
2020-03-01,Thiès ,Centre-Ouest,D05,"Meubles, articles de ménage et entretien courant",51,87.04
Avril 2020,thiès,Centre-Ouest,D05,"Meubles, articles de ménage et entretien courant",51,87.18
01/05/2020,THIÈS,Centre-Ouest,D05,"Meubles, articles de ménage et entretien courant",51,87.92
Juin 2020,thiès,Centre-Ouest,D05,"Meubles, articles de ménage et entretien courant",51,88.41
2020-07-01,thiès,Centre-Ouest,D05,"Meubles, articles de ménage et entretien courant",51,88.17
01/08/2020,THIÈS,Centre-Ouest,D05,"Meubles, articles de ménage et entretien courant",51,88.25
01/09/2020,thiès,Centre-Ouest,D05,"Meubles, articles de ménage et entretien courant",51,88.01
01/10/2020,THIÈS,Centre-Ouest,D05,"Meubles, articles de ménage et entretien courant",51,87.6
2020-11-01,thiès,Centre-Ouest,D05,"Meubles, articles de ménage et entretien courant",51,87.06
2020-12-01,thiès,Centre-Ouest,D05,"Meubles, articles de ménage et entretien courant",51,87.02
Janvier 2021,THIÈS,Centre-Ouest,D05,"Meubles, articles de ménage et entretien courant",51,87.48
Février 2021,thiès,Centre-Ouest,D05,"Meubles, articles de ménage et entretien courant",51,87.81
01/03/2021,thiès,Centre-Ouest,D05,"Meubles, articles de ménage et entretien courant",51,88.19
Avril 2021,THIÈS,Centre-Ouest,D05,"Meubles, articles de ménage et entretien courant",51,88.72
2021-05-01,THIÈS,Centre-Ouest,D05,"Meubles, articles de ménage et entretien courant",51,89.27
01/06/2021,Thiès ,Centre-Ouest,D05,"Meubles, articles de ménage et entretien courant",51,89.75
Juillet 2021,THIÈS,Centre-Ouest,D05,"Meubles, articles de ménage et entretien courant",51,89.78
2021-08-01,Thiès ,Centre-Ouest,D05,"Meubles, articles de ménage et entretien courant",51,89.75
Septembre 2021,Thiès ,Centre-Ouest,D05,"Meubles, articles de ménage et entretien courant",51,89.67
Octobre 2021,THIÈS,Centre-Ouest,D05,"Meubles, articles de ménage et entretien courant",51,89.18
01/11/2021,thiès,Centre-Ouest,D05,"Meubles, articles de ménage et entretien courant",51,89.28
Décembre 2021,thiès,Centre-Ouest,D05,"Meubles, articles de ménage et entretien courant",51,89.09
Janvier 2022,thiès,Centre-Ouest,D05,"Meubles, articles de ménage et entretien courant",51,90.64
01/02/2022,Thiès ,Centre-Ouest,D05,"Meubles, articles de ménage et entretien courant",51,91.82
2022-03-01,THIÈS,Centre-Ouest,D05,"Meubles, articles de ménage et entretien courant",51,92.62
01/04/2022,Thiès ,Centre-Ouest,D05,"Meubles, articles de ménage et entretien courant",51,93.91
Mai 2022,thiès,Centre-Ouest,D05,"Meubles, articles de ménage et entretien courant",51,95.51
01/06/2022,thiès,Centre-Ouest,D05,"Meubles, articles de ménage et entretien courant",51,96.55
Juillet 2022,THIÈS,Centre-Ouest,D05,"Meubles, articles de ménage et entretien courant",51,97.3
Août 2022,Thiès ,Centre-Ouest,D05,"Meubles, articles de ménage et entretien courant",51,97.79
2022-09-01,THIÈS,Centre-Ouest,D05,"Meubles, articles de ménage et entretien courant",51,98.39
Octobre 2022,THIÈS,Centre-Ouest,D05,"Meubles, articles de ménage et entretien courant",51,98.76
Novembre 2022,Thiès ,Centre-Ouest,D05,"Meubles, articles de ménage et entretien courant",51,98.96
01/12/2022,Thiès ,Centre-Ouest,D05,"Meubles, articles de ménage et entretien courant",51,97.42
2023-01-01,thiès,Centre-Ouest,D05,"Meubles, articles de ménage et entretien courant",51,97.05
Février 2023,Thiès ,Centre-Ouest,D05,"Meubles, articles de ménage et entretien courant",51,98.02
2023-03-01,thiès,Centre-Ouest,D05,"Meubles, articles de ménage et entretien courant",51,98.77
Avril 2023,THIÈS,Centre-Ouest,D05,"Meubles, articles de ménage et entretien courant",51,99.45
2023-05-01,THIÈS,Centre-Ouest,D05,"Meubles, articles de ménage et entretien courant",51,100.01
2023-06-01,THIÈS,Centre-Ouest,D05,"Meubles, articles de ménage et entretien courant",51,100.88
01/07/2023,THIÈS,Centre-Ouest,D05,"Meubles, articles de ménage et entretien courant",51,101.17
2023-08-01,THIÈS,Centre-Ouest,D05,"Meubles, articles de ménage et entretien courant",51,101.37
Septembre 2023,Thiès ,Centre-Ouest,D05,"Meubles, articles de ménage et entretien courant",51,101.16
01/10/2023,thiès,Centre-Ouest,D05,"Meubles, articles de ménage et entretien courant",51,101.37
Novembre 2023,Thiès ,Centre-Ouest,D05,"Meubles, articles de ménage et entretien courant",51,101.55
Décembre 2023,THIÈS,Centre-Ouest,D05,"Meubles, articles de ménage et entretien courant",51,99.74
Janvier 2024,Thiès ,Centre-Ouest,D05,"Meubles, articles de ménage et entretien courant",51,98.92
2024-02-01,thiès,Centre-Ouest,D05,"Meubles, articles de ménage et entretien courant",51,99.42
Mars 2024,THIÈS,Centre-Ouest,D05,"Meubles, articles de ménage et entretien courant",51,99.86
Avril 2024,thiès,Centre-Ouest,D05,"Meubles, articles de ménage et entretien courant",51,100.27
01/05/2024,THIÈS,Centre-Ouest,D05,"Meubles, articles de ménage et entretien courant",51,100.8
2024-06-01,Thiès ,Centre-Ouest,D05,"Meubles, articles de ménage et entretien courant",51,101.12
Juillet 2024,THIÈS,Centre-Ouest,D05,"Meubles, articles de ménage et entretien courant",51,101.6
Août 2024,Thiès ,Centre-Ouest,D05,"Meubles, articles de ménage et entretien courant",51,101.29
2024-09-01,Thiès ,Centre-Ouest,D05,"Meubles, articles de ménage et entretien courant",51,101.46
Octobre 2024,thiès,Centre-Ouest,D05,"Meubles, articles de ménage et entretien courant",51,101.68
Novembre 2024,thiès,Centre-Ouest,D05,"Meubles, articles de ménage et entretien courant",51,101.93
2024-12-01,Thiès ,Centre-Ouest,D05,"Meubles, articles de ménage et entretien courant",51,99.94
01/01/2025,THIÈS,Centre-Ouest,D05,"Meubles, articles de ménage et entretien courant",51,99.65
Février 2025,thiès,Centre-Ouest,D05,"Meubles, articles de ménage et entretien courant",51,99.98
Mars 2025,Thiès ,Centre-Ouest,D05,"Meubles, articles de ménage et entretien courant",51,100.87
Avril 2025,Thiès ,Centre-Ouest,D05,"Meubles, articles de ménage et entretien courant",51,101.34
Mai 2025,Thiès ,Centre-Ouest,D05,"Meubles, articles de ménage et entretien courant",51,102.13
2025-06-01,Thiès ,Centre-Ouest,D05,"Meubles, articles de ménage et entretien courant",51,102.85
2025-07-01,thiès,Centre-Ouest,D05,"Meubles, articles de ménage et entretien courant",51,103.0
2025-08-01,Thiès ,Centre-Ouest,D05,"Meubles, articles de ménage et entretien courant",51,103.32
Septembre 2025,THIÈS,Centre-Ouest,D05,"Meubles, articles de ménage et entretien courant",51,103.49
Octobre 2025,THIÈS,Centre-Ouest,D05,"Meubles, articles de ménage et entretien courant",51,103.86
2025-11-01,THIÈS,Centre-Ouest,D05,"Meubles, articles de ménage et entretien courant",51,104.0
Décembre 2025,Thiès ,Centre-Ouest,D05,"Meubles, articles de ménage et entretien courant",51,102.21
2026-01-01,THIÈS,Centre-Ouest,D05,"Meubles, articles de ménage et entretien courant",51,100.13
01/02/2026,THIÈS,Centre-Ouest,D05,"Meubles, articles de ménage et entretien courant",51,101.08
01/03/2026,THIÈS,Centre-Ouest,D05,"Meubles, articles de ménage et entretien courant",51,102.0
2026-04-01,Thiès ,Centre-Ouest,D05,"Meubles, articles de ménage et entretien courant",51,102.23
01/05/2026,thiès,Centre-Ouest,D05,"Meubles, articles de ménage et entretien courant",51,103.08
2018-01-01,Thiès ,Centre-Ouest,D06,Santé,42,88.06
01/02/2018,Thiès ,Centre-Ouest,D06,Santé,42,88.44
01/03/2018,thiès,Centre-Ouest,D06,Santé,42,88.52
01/04/2018,THIÈS,Centre-Ouest,D06,Santé,42,88.61
01/05/2018,Thiès ,Centre-Ouest,D06,Santé,42,88.77
2018-06-01,THIÈS,Centre-Ouest,D06,Santé,42,88.84
Juillet 2018,Thiès ,Centre-Ouest,D06,Santé,42,88.98
2018-08-01,THIÈS,Centre-Ouest,D06,Santé,42,88.8
01/09/2018,Thiès ,Centre-Ouest,D06,Santé,42,88.74
2018-10-01,Thiès ,Centre-Ouest,D06,Santé,42,88.64
Novembre 2018,THIÈS,Centre-Ouest,D06,Santé,42,88.28
2018-12-01,Thiès ,Centre-Ouest,D06,Santé,42,88.15
2019-01-01,THIÈS,Centre-Ouest,D06,Santé,42,88.45
2019-02-01,thiès,Centre-Ouest,D06,Santé,42,88.54
01/03/2019,Thiès ,Centre-Ouest,D06,Santé,42,88.6
Avril 2019,thiès,Centre-Ouest,D06,Santé,42,89.16
2019-05-01,Thiès ,Centre-Ouest,D06,Santé,42,89.5
01/06/2019,THIÈS,Centre-Ouest,D06,Santé,42,89.6
Juillet 2019,thiès,Centre-Ouest,D06,Santé,42,89.24
2019-08-01,thiès,Centre-Ouest,D06,Santé,42,89.5
Septembre 2019,THIÈS,Centre-Ouest,D06,Santé,42,89.45
01/10/2019,Thiès ,Centre-Ouest,D06,Santé,42,89.0
Novembre 2019,THIÈS,Centre-Ouest,D06,Santé,42,88.89
Décembre 2019,THIÈS,Centre-Ouest,D06,Santé,42,88.48
2020-01-01,Thiès ,Centre-Ouest,D06,Santé,42,89.47
01/02/2020,Thiès ,Centre-Ouest,D06,Santé,42,89.51
Mars 2020,THIÈS,Centre-Ouest,D06,Santé,42,89.98
01/04/2020,Thiès ,Centre-Ouest,D06,Santé,42,90.1
01/05/2020,thiès,Centre-Ouest,D06,Santé,42,90.74
Juin 2020,Thiès ,Centre-Ouest,D06,Santé,42,91.1
2020-07-01,Thiès ,Centre-Ouest,D06,Santé,42,90.93
Août 2020,thiès,Centre-Ouest,D06,Santé,42,90.78
Septembre 2020,THIÈS,Centre-Ouest,D06,Santé,42,90.46
01/10/2020,thiès,Centre-Ouest,D06,Santé,42,90.47
2020-11-01,thiès,Centre-Ouest,D06,Santé,42,90.2
2020-12-01,THIÈS,Centre-Ouest,D06,Santé,42,89.9
Janvier 2021,THIÈS,Centre-Ouest,D06,Santé,42,90.53
01/02/2021,Thiès ,Centre-Ouest,D06,Santé,42,90.64
01/03/2021,thiès,Centre-Ouest,D06,Santé,42,
2021-04-01,thiès,Centre-Ouest,D06,Santé,42,91.31
01/05/2021,Thiès ,Centre-Ouest,D06,Santé,42,91.9
2021-06-01,thiès,Centre-Ouest,D06,Santé,42,92.14
01/07/2021,THIÈS,Centre-Ouest,D06,Santé,42,92.13
Août 2021,THIÈS,Centre-Ouest,D06,Santé,42,92.23
Septembre 2021,thiès,Centre-Ouest,D06,Santé,42,91.89
Octobre 2021,thiès,Centre-Ouest,D06,Santé,42,91.91
01/11/2021,thiès,Centre-Ouest,D06,Santé,42,91.78
Décembre 2021,THIÈS,Centre-Ouest,D06,Santé,42,91.62
2022-01-01,Thiès ,Centre-Ouest,D06,Santé,42,92.94
Février 2022,Thiès ,Centre-Ouest,D06,Santé,42,93.58
Mars 2022,thiès,Centre-Ouest,D06,Santé,42,94.67
2022-04-01,THIÈS,Centre-Ouest,D06,Santé,42,95.64
2022-05-01,Thiès ,Centre-Ouest,D06,Santé,42,96.1
Juin 2022,thiès,Centre-Ouest,D06,Santé,42,97.5
01/07/2022,thiès,Centre-Ouest,D06,Santé,42,97.44
Août 2022,THIÈS,Centre-Ouest,D06,Santé,42,98.25
Septembre 2022,THIÈS,Centre-Ouest,D06,Santé,42,98.85
Octobre 2022,THIÈS,Centre-Ouest,D06,Santé,42,98.94
2022-11-01,THIÈS,Centre-Ouest,D06,Santé,42,99.0
01/12/2022,THIÈS,Centre-Ouest,D06,Santé,42,97.98
2023-01-01,Thiès ,Centre-Ouest,D06,Santé,42,98.2
Février 2023,Thiès ,Centre-Ouest,D06,Santé,42,98.17
Mars 2023,THIÈS,Centre-Ouest,D06,Santé,42,99.12
Avril 2023,Thiès ,Centre-Ouest,D06,Santé,42,99.49
2023-05-01,Thiès ,Centre-Ouest,D06,Santé,42,99.89
Juin 2023,THIÈS,Centre-Ouest,D06,Santé,42,100.44
01/07/2023,Thiès ,Centre-Ouest,D06,Santé,42,100.57
Août 2023,THIÈS,Centre-Ouest,D06,Santé,42,100.94
2023-09-01,Thiès ,Centre-Ouest,D06,Santé,42,
2023-10-01,THIÈS,Centre-Ouest,D06,Santé,42,100.81
01/11/2023,thiès,Centre-Ouest,D06,Santé,42,101.08
01/12/2023,thiès,Centre-Ouest,D06,Santé,42,99.73
Janvier 2024,THIÈS,Centre-Ouest,D06,Santé,42,99.55
2024-02-01,Thiès ,Centre-Ouest,D06,Santé,42,99.35
Mars 2024,THIÈS,Centre-Ouest,D06,Santé,42,100.08
2024-04-01,thiès,Centre-Ouest,D06,Santé,42,100.17
01/05/2024,thiès,Centre-Ouest,D06,Santé,42,100.36
01/06/2024,Thiès ,Centre-Ouest,D06,Santé,42,100.71
01/07/2024,thiès,Centre-Ouest,D06,Santé,42,100.85
2024-08-01,Thiès ,Centre-Ouest,D06,Santé,42,100.84
2024-09-01,thiès,Centre-Ouest,D06,Santé,42,101.16
2024-10-01,Thiès ,Centre-Ouest,D06,Santé,42,101.1
01/11/2024,thiès,Centre-Ouest,D06,Santé,42,
2024-12-01,thiès,Centre-Ouest,D06,Santé,42,100.13
Janvier 2025,Thiès ,Centre-Ouest,D06,Santé,42,99.66
Février 2025,THIÈS,Centre-Ouest,D06,Santé,42,100.13
Mars 2025,THIÈS,Centre-Ouest,D06,Santé,42,100.52
Avril 2025,Thiès ,Centre-Ouest,D06,Santé,42,100.98
01/05/2025,THIÈS,Centre-Ouest,D06,Santé,42,101.91
Juin 2025,Thiès ,Centre-Ouest,D06,Santé,42,102.01
2025-07-01,Thiès ,Centre-Ouest,D06,Santé,42,
01/08/2025,Thiès ,Centre-Ouest,D06,Santé,42,102.14
01/09/2025,Thiès ,Centre-Ouest,D06,Santé,42,102.53
01/10/2025,Thiès ,Centre-Ouest,D06,Santé,42,102.87
Novembre 2025,Thiès ,Centre-Ouest,D06,Santé,42,102.84
01/12/2025,Thiès ,Centre-Ouest,D06,Santé,42,101.93
01/01/2026,Thiès ,Centre-Ouest,D06,Santé,42,99.98
01/02/2026,THIÈS,Centre-Ouest,D06,Santé,42,100.68
01/03/2026,Thiès ,Centre-Ouest,D06,Santé,42,101.37
01/04/2026,Thiès ,Centre-Ouest,D06,Santé,42,101.84
Mai 2026,Thiès ,Centre-Ouest,D06,Santé,42,102.09
01/01/2018,THIÈS,Centre-Ouest,D07,Transport,92,78.3
2018-02-01,Thiès ,Centre-Ouest,D07,Transport,92,78.36
01/03/2018,Thiès ,Centre-Ouest,D07,Transport,92,78.48
01/04/2018,thiès,Centre-Ouest,D07,Transport,92,78.86
2018-05-01,thiès,Centre-Ouest,D07,Transport,92,79.06
2018-06-01,Thiès ,Centre-Ouest,D07,Transport,92,79.17
01/07/2018,THIÈS,Centre-Ouest,D07,Transport,92,79.15
2018-08-01,THIÈS,Centre-Ouest,D07,Transport,92,79.25
01/09/2018,thiès,Centre-Ouest,D07,Transport,92,78.95
2018-10-01,Thiès ,Centre-Ouest,D07,Transport,92,78.71
Novembre 2018,thiès,Centre-Ouest,D07,Transport,92,78.53
01/12/2018,Thiès ,Centre-Ouest,D07,Transport,92,78.57
01/01/2019,thiès,Centre-Ouest,D07,Transport,92,78.9
Février 2019,Thiès ,Centre-Ouest,D07,Transport,92,79.25
01/03/2019,Thiès ,Centre-Ouest,D07,Transport,92,79.16
2019-04-01,THIÈS,Centre-Ouest,D07,Transport,92,79.69
Mai 2019,thiès,Centre-Ouest,D07,Transport,92,80.13
01/06/2019,thiès,Centre-Ouest,D07,Transport,92,80.2
Juillet 2019,thiès,Centre-Ouest,D07,Transport,92,80.24
Août 2019,THIÈS,Centre-Ouest,D07,Transport,92,80.08
01/09/2019,THIÈS,Centre-Ouest,D07,Transport,92,79.96
Octobre 2019,Thiès ,Centre-Ouest,D07,Transport,92,79.67
Novembre 2019,Thiès ,Centre-Ouest,D07,Transport,92,79.36
01/12/2019,Thiès ,Centre-Ouest,D07,Transport,92,79.25
2020-01-01,thiès,Centre-Ouest,D07,Transport,92,80.55
Février 2020,Thiès ,Centre-Ouest,D07,Transport,92,80.79
Mars 2020,thiès,Centre-Ouest,D07,Transport,92,81.27
2020-04-01,thiès,Centre-Ouest,D07,Transport,92,81.75
Mai 2020,thiès,Centre-Ouest,D07,Transport,92,82.51
Juin 2020,THIÈS,Centre-Ouest,D07,Transport,92,82.99
2020-07-01,THIÈS,Centre-Ouest,D07,Transport,92,83.08
Août 2020,Thiès ,Centre-Ouest,D07,Transport,92,83.02
Septembre 2020,Thiès ,Centre-Ouest,D07,Transport,92,82.64
01/10/2020,thiès,Centre-Ouest,D07,Transport,92,82.34
01/11/2020,THIÈS,Centre-Ouest,D07,Transport,92,81.99
2020-12-01,THIÈS,Centre-Ouest,D07,Transport,92,81.7
Janvier 2021,thiès,Centre-Ouest,D07,Transport,92,82.32
2021-02-01,Thiès ,Centre-Ouest,D07,Transport,92,83.05
2021-03-01,thiès,Centre-Ouest,D07,Transport,92,
2021-04-01,THIÈS,Centre-Ouest,D07,Transport,92,83.78
2021-05-01,thiès,Centre-Ouest,D07,Transport,92,84.49
2021-06-01,THIÈS,Centre-Ouest,D07,Transport,92,84.95
Juillet 2021,thiès,Centre-Ouest,D07,Transport,92,84.89
Août 2021,thiès,Centre-Ouest,D07,Transport,92,85.24
2021-09-01,THIÈS,Centre-Ouest,D07,Transport,92,84.98
2021-10-01,thiès,Centre-Ouest,D07,Transport,92,84.68
01/11/2021,thiès,Centre-Ouest,D07,Transport,92,84.81
2021-12-01,Thiès ,Centre-Ouest,D07,Transport,92,84.65
2022-01-01,Thiès ,Centre-Ouest,D07,Transport,92,86.62
Février 2022,Thiès ,Centre-Ouest,D07,Transport,92,88.47
Mars 2022,thiès,Centre-Ouest,D07,Transport,92,89.93
2022-04-01,THIÈS,Centre-Ouest,D07,Transport,92,91.52
01/05/2022,THIÈS,Centre-Ouest,D07,Transport,92,93.44
01/06/2022,THIÈS,Centre-Ouest,D07,Transport,92,94.68
01/07/2022,thiès,Centre-Ouest,D07,Transport,92,95.66
2022-08-01,thiès,Centre-Ouest,D07,Transport,92,96.45
Septembre 2022,thiès,Centre-Ouest,D07,Transport,92,97.36
Octobre 2022,thiès,Centre-Ouest,D07,Transport,92,97.96
Novembre 2022,THIÈS,Centre-Ouest,D07,Transport,92,98.42
Décembre 2022,Thiès ,Centre-Ouest,D07,Transport,92,96.37
Janvier 2023,thiès,Centre-Ouest,D07,Transport,92,96.46
01/02/2023,THIÈS,Centre-Ouest,D07,Transport,92,97.19
Mars 2023,thiès,Centre-Ouest,D07,Transport,92,97.9
2023-04-01,THIÈS,Centre-Ouest,D07,Transport,92,98.84
01/05/2023,Thiès ,Centre-Ouest,D07,Transport,92,100.15
Juin 2023,THIÈS,Centre-Ouest,D07,Transport,92,100.48
2023-07-01,thiès,Centre-Ouest,D07,Transport,92,101.24
Août 2023,THIÈS,Centre-Ouest,D07,Transport,92,101.32
2023-09-01,Thiès ,Centre-Ouest,D07,Transport,92,101.93
2023-10-01,THIÈS,Centre-Ouest,D07,Transport,92,101.95
Novembre 2023,thiès,Centre-Ouest,D07,Transport,92,102.32
01/12/2023,thiès,Centre-Ouest,D07,Transport,92,99.8
Janvier 2024,THIÈS,Centre-Ouest,D07,Transport,92,99.03
2024-02-01,Thiès ,Centre-Ouest,D07,Transport,92,99.48
Mars 2024,thiès,Centre-Ouest,D07,Transport,92,99.79
2024-04-01,Thiès ,Centre-Ouest,D07,Transport,92,100.56
01/05/2024,thiès,Centre-Ouest,D07,Transport,92,100.84
01/06/2024,THIÈS,Centre-Ouest,D07,Transport,92,101.49
Juillet 2024,THIÈS,Centre-Ouest,D07,Transport,92,101.86
01/08/2024,THIÈS,Centre-Ouest,D07,Transport,92,101.94
01/09/2024,thiès,Centre-Ouest,D07,Transport,92,102.4
01/10/2024,thiès,Centre-Ouest,D07,Transport,92,102.34
Novembre 2024,thiès,Centre-Ouest,D07,Transport,92,102.55
01/12/2024,THIÈS,Centre-Ouest,D07,Transport,92,100.36
01/01/2025,thiès,Centre-Ouest,D07,Transport,92,100.26
2025-02-01,thiès,Centre-Ouest,D07,Transport,92,100.84
01/03/2025,THIÈS,Centre-Ouest,D07,Transport,92,101.51
2025-04-01,Thiès ,Centre-Ouest,D07,Transport,92,102.12
2025-05-01,THIÈS,Centre-Ouest,D07,Transport,92,103.26
2025-06-01,Thiès ,Centre-Ouest,D07,Transport,92,103.64
2025-07-01,THIÈS,Centre-Ouest,D07,Transport,92,104.5
01/08/2025,THIÈS,Centre-Ouest,D07,Transport,92,105.08
2025-09-01,Thiès ,Centre-Ouest,D07,Transport,92,105.16
2025-10-01,THIÈS,Centre-Ouest,D07,Transport,92,105.68
Novembre 2025,THIÈS,Centre-Ouest,D07,Transport,92,105.91
01/12/2025,THIÈS,Centre-Ouest,D07,Transport,92,103.46
2026-01-01,THIÈS,Centre-Ouest,D07,Transport,92,100.53
Février 2026,thiès,Centre-Ouest,D07,Transport,92,101.56
Mars 2026,Thiès ,Centre-Ouest,D07,Transport,92,102.9
Avril 2026,THIÈS,Centre-Ouest,D07,Transport,92,103.97
01/05/2026,thiès,Centre-Ouest,D07,Transport,92,104.37
Janvier 2018,THIÈS,Centre-Ouest,D08,Communication,35,93.81
Février 2018,Thiès ,Centre-Ouest,D08,Communication,35,93.75
01/03/2018,THIÈS,Centre-Ouest,D08,Communication,35,93.89
2018-04-01,THIÈS,Centre-Ouest,D08,Communication,35,94.2
Mai 2018,THIÈS,Centre-Ouest,D08,Communication,35,94.2
01/06/2018,THIÈS,Centre-Ouest,D08,Communication,35,94.38
Juillet 2018,Thiès ,Centre-Ouest,D08,Communication,35,94.3
2018-08-01,thiès,Centre-Ouest,D08,Communication,35,94.24
2018-09-01,Thiès ,Centre-Ouest,D08,Communication,35,93.98
2018-10-01,Thiès ,Centre-Ouest,D08,Communication,35,93.75
01/11/2018,thiès,Centre-Ouest,D08,Communication,35,93.85
Décembre 2018,thiès,Centre-Ouest,D08,Communication,35,93.79
2019-01-01,Thiès ,Centre-Ouest,D08,Communication,35,93.79
01/02/2019,Thiès ,Centre-Ouest,D08,Communication,35,94.02
Mars 2019,THIÈS,Centre-Ouest,D08,Communication,35,94.16
2019-04-01,Thiès ,Centre-Ouest,D08,Communication,35,94.02
01/05/2019,Thiès ,Centre-Ouest,D08,Communication,35,94.35
01/06/2019,THIÈS,Centre-Ouest,D08,Communication,35,94.65
2019-07-01,Thiès ,Centre-Ouest,D08,Communication,35,94.69
Août 2019,THIÈS,Centre-Ouest,D08,Communication,35,94.42
Septembre 2019,THIÈS,Centre-Ouest,D08,Communication,35,94.49
01/10/2019,thiès,Centre-Ouest,D08,Communication,35,94.46
Novembre 2019,Thiès ,Centre-Ouest,D08,Communication,35,94.27
01/12/2019,THIÈS,Centre-Ouest,D08,Communication,35,94.04
01/01/2020,thiès,Centre-Ouest,D08,Communication,35,94.34
2020-02-01,THIÈS,Centre-Ouest,D08,Communication,35,94.45
01/03/2020,thiès,Centre-Ouest,D08,Communication,35,94.81
Avril 2020,THIÈS,Centre-Ouest,D08,Communication,35,95.01
2020-05-01,Thiès ,Centre-Ouest,D08,Communication,35,95.31
01/06/2020,Thiès ,Centre-Ouest,D08,Communication,35,95.43
Juillet 2020,thiès,Centre-Ouest,D08,Communication,35,95.59
2020-08-01,thiès,Centre-Ouest,D08,Communication,35,95.41
Septembre 2020,Thiès ,Centre-Ouest,D08,Communication,35,95.37
01/10/2020,Thiès ,Centre-Ouest,D08,Communication,35,95.2
01/11/2020,Thiès ,Centre-Ouest,D08,Communication,35,94.79
Décembre 2020,thiès,Centre-Ouest,D08,Communication,35,94.52
Janvier 2021,thiès,Centre-Ouest,D08,Communication,35,95.18
Février 2021,thiès,Centre-Ouest,D08,Communication,35,95.13
2021-03-01,Thiès ,Centre-Ouest,D08,Communication,35,95.06
Avril 2021,THIÈS,Centre-Ouest,D08,Communication,35,95.45
01/05/2021,THIÈS,Centre-Ouest,D08,Communication,35,95.9
Juin 2021,thiès,Centre-Ouest,D08,Communication,35,95.95
2021-07-01,thiès,Centre-Ouest,D08,Communication,35,95.98
Août 2021,THIÈS,Centre-Ouest,D08,Communication,35,96.23
Septembre 2021,THIÈS,Centre-Ouest,D08,Communication,35,95.79
01/10/2021,thiès,Centre-Ouest,D08,Communication,35,95.69
01/11/2021,THIÈS,Centre-Ouest,D08,Communication,35,95.71
01/12/2021,THIÈS,Centre-Ouest,D08,Communication,35,95.66
2022-01-01,thiès,Centre-Ouest,D08,Communication,35,96.29
01/02/2022,Thiès ,Centre-Ouest,D08,Communication,35,96.79
2022-03-01,THIÈS,Centre-Ouest,D08,Communication,35,97.21
Avril 2022,thiès,Centre-Ouest,D08,Communication,35,97.81
Mai 2022,Thiès ,Centre-Ouest,D08,Communication,35,98.25
Juin 2022,THIÈS,Centre-Ouest,D08,Communication,35,98.75
Juillet 2022,Thiès ,Centre-Ouest,D08,Communication,35,99.06
01/08/2022,Thiès ,Centre-Ouest,D08,Communication,35,99.29
Septembre 2022,THIÈS,Centre-Ouest,D08,Communication,35,99.52
01/10/2022,thiès,Centre-Ouest,D08,Communication,35,99.58
01/11/2022,THIÈS,Centre-Ouest,D08,Communication,35,99.58
01/12/2022,thiès,Centre-Ouest,D08,Communication,35,98.85
01/01/2023,Thiès ,Centre-Ouest,D08,Communication,35,98.91
2023-02-01,Thiès ,Centre-Ouest,D08,Communication,35,99.11
Mars 2023,THIÈS,Centre-Ouest,D08,Communication,35,
01/04/2023,Thiès ,Centre-Ouest,D08,Communication,35,100.07
2023-05-01,Thiès ,Centre-Ouest,D08,Communication,35,100.01
2023-06-01,thiès,Centre-Ouest,D08,Communication,35,100.42
2023-07-01,thiès,Centre-Ouest,D08,Communication,35,100.64
Août 2023,thiès,Centre-Ouest,D08,Communication,35,100.52
01/09/2023,thiès,Centre-Ouest,D08,Communication,35,100.9
01/10/2023,THIÈS,Centre-Ouest,D08,Communication,35,100.49
01/11/2023,THIÈS,Centre-Ouest,D08,Communication,35,100.58
Décembre 2023,THIÈS,Centre-Ouest,D08,Communication,35,
01/01/2024,thiès,Centre-Ouest,D08,Communication,35,99.5
Février 2024,Thiès ,Centre-Ouest,D08,Communication,35,99.71
2024-03-01,Thiès ,Centre-Ouest,D08,Communication,35,99.98
Avril 2024,THIÈS,Centre-Ouest,D08,Communication,35,100.13
01/05/2024,THIÈS,Centre-Ouest,D08,Communication,35,100.51
01/06/2024,THIÈS,Centre-Ouest,D08,Communication,35,100.49
Juillet 2024,Thiès ,Centre-Ouest,D08,Communication,35,100.55
Août 2024,THIÈS,Centre-Ouest,D08,Communication,35,101.02
Septembre 2024,thiès,Centre-Ouest,D08,Communication,35,
Octobre 2024,THIÈS,Centre-Ouest,D08,Communication,35,100.55
01/11/2024,Thiès ,Centre-Ouest,D08,Communication,35,100.56
Décembre 2024,Thiès ,Centre-Ouest,D08,Communication,35,99.86
2025-01-01,Thiès ,Centre-Ouest,D08,Communication,35,99.99
01/02/2025,THIÈS,Centre-Ouest,D08,Communication,35,99.97
2025-03-01,thiès,Centre-Ouest,D08,Communication,35,100.29
01/04/2025,Thiès ,Centre-Ouest,D08,Communication,35,100.55
01/05/2025,Thiès ,Centre-Ouest,D08,Communication,35,100.97
Juin 2025,THIÈS,Centre-Ouest,D08,Communication,35,100.97
2025-07-01,Thiès ,Centre-Ouest,D08,Communication,35,101.08
01/08/2025,thiès,Centre-Ouest,D08,Communication,35,101.34
Septembre 2025,Thiès ,Centre-Ouest,D08,Communication,35,101.47
Octobre 2025,thiès,Centre-Ouest,D08,Communication,35,101.48
01/11/2025,THIÈS,Centre-Ouest,D08,Communication,35,101.33
01/12/2025,thiès,Centre-Ouest,D08,Communication,35,100.91
01/01/2026,Thiès ,Centre-Ouest,D08,Communication,35,99.85
Février 2026,Thiès ,Centre-Ouest,D08,Communication,35,100.18
01/03/2026,thiès,Centre-Ouest,D08,Communication,35,100.53
01/04/2026,Thiès ,Centre-Ouest,D08,Communication,35,101.1
2026-05-01,Thiès ,Centre-Ouest,D08,Communication,35,101.24
2018-01-01,thiès,Centre-Ouest,D09,Loisirs et culture,21,88.19
Février 2018,Thiès ,Centre-Ouest,D09,Loisirs et culture,21,88.33
01/03/2018,THIÈS,Centre-Ouest,D09,Loisirs et culture,21,88.72
01/04/2018,THIÈS,Centre-Ouest,D09,Loisirs et culture,21,88.35
Mai 2018,Thiès ,Centre-Ouest,D09,Loisirs et culture,21,88.71
01/06/2018,Thiès ,Centre-Ouest,D09,Loisirs et culture,21,88.87
01/07/2018,Thiès ,Centre-Ouest,D09,Loisirs et culture,21,88.88
Août 2018,thiès,Centre-Ouest,D09,Loisirs et culture,21,88.79
Septembre 2018,thiès,Centre-Ouest,D09,Loisirs et culture,21,88.72
01/10/2018,thiès,Centre-Ouest,D09,Loisirs et culture,21,88.36
2018-11-01,thiès,Centre-Ouest,D09,Loisirs et culture,21,88.34
01/12/2018,THIÈS,Centre-Ouest,D09,Loisirs et culture,21,88.16
2019-01-01,thiès,Centre-Ouest,D09,Loisirs et culture,21,88.58
Février 2019,THIÈS,Centre-Ouest,D09,Loisirs et culture,21,88.67
01/03/2019,thiès,Centre-Ouest,D09,Loisirs et culture,21,88.89
Avril 2019,thiès,Centre-Ouest,D09,Loisirs et culture,21,89.02
2019-05-01,THIÈS,Centre-Ouest,D09,Loisirs et culture,21,89.6
Juin 2019,thiès,Centre-Ouest,D09,Loisirs et culture,21,89.53
2019-07-01,thiès,Centre-Ouest,D09,Loisirs et culture,21,89.31
2019-08-01,THIÈS,Centre-Ouest,D09,Loisirs et culture,21,89.35
01/09/2019,Thiès ,Centre-Ouest,D09,Loisirs et culture,21,89.07
01/10/2019,THIÈS,Centre-Ouest,D09,Loisirs et culture,21,89.06
2019-11-01,thiès,Centre-Ouest,D09,Loisirs et culture,21,88.81
01/12/2019,THIÈS,Centre-Ouest,D09,Loisirs et culture,21,88.6
01/01/2020,thiès,Centre-Ouest,D09,Loisirs et culture,21,89.6
2020-02-01,thiès,Centre-Ouest,D09,Loisirs et culture,21,89.64
Mars 2020,thiès,Centre-Ouest,D09,Loisirs et culture,21,90.01
Avril 2020,thiès,Centre-Ouest,D09,Loisirs et culture,21,90.2
2020-05-01,thiès,Centre-Ouest,D09,Loisirs et culture,21,90.59
01/06/2020,THIÈS,Centre-Ouest,D09,Loisirs et culture,21,91.05
2020-07-01,Thiès ,Centre-Ouest,D09,Loisirs et culture,21,
01/08/2020,thiès,Centre-Ouest,D09,Loisirs et culture,21,90.77
Septembre 2020,THIÈS,Centre-Ouest,D09,Loisirs et culture,21,90.77
2020-10-01,thiès,Centre-Ouest,D09,Loisirs et culture,21,90.51
01/11/2020,thiès,Centre-Ouest,D09,Loisirs et culture,21,90.19
2020-12-01,THIÈS,Centre-Ouest,D09,Loisirs et culture,21,89.91
01/01/2021,thiès,Centre-Ouest,D09,Loisirs et culture,21,90.3
01/02/2021,THIÈS,Centre-Ouest,D09,Loisirs et culture,21,90.59
01/03/2021,thiès,Centre-Ouest,D09,Loisirs et culture,21,90.99
2021-04-01,THIÈS,Centre-Ouest,D09,Loisirs et culture,21,91.48
2021-05-01,THIÈS,Centre-Ouest,D09,Loisirs et culture,21,91.96
Juin 2021,thiès,Centre-Ouest,D09,Loisirs et culture,21,92.11
01/07/2021,THIÈS,Centre-Ouest,D09,Loisirs et culture,21,92.19
Août 2021,Thiès ,Centre-Ouest,D09,Loisirs et culture,21,92.29
Septembre 2021,thiès,Centre-Ouest,D09,Loisirs et culture,21,92.18
2021-10-01,THIÈS,Centre-Ouest,D09,Loisirs et culture,21,91.84
01/11/2021,THIÈS,Centre-Ouest,D09,Loisirs et culture,21,91.82
01/12/2021,THIÈS,Centre-Ouest,D09,Loisirs et culture,21,91.73
01/01/2022,thiès,Centre-Ouest,D09,Loisirs et culture,21,
Février 2022,Thiès ,Centre-Ouest,D09,Loisirs et culture,21,93.85
Mars 2022,THIÈS,Centre-Ouest,D09,Loisirs et culture,21,94.43
01/04/2022,Thiès ,Centre-Ouest,D09,Loisirs et culture,21,95.57
2022-05-01,thiès,Centre-Ouest,D09,Loisirs et culture,21,96.59
01/06/2022,thiès,Centre-Ouest,D09,Loisirs et culture,21,97.41
Juillet 2022,THIÈS,Centre-Ouest,D09,Loisirs et culture,21,97.9
01/08/2022,thiès,Centre-Ouest,D09,Loisirs et culture,21,98.22
01/09/2022,Thiès ,Centre-Ouest,D09,Loisirs et culture,21,98.76
2022-10-01,Thiès ,Centre-Ouest,D09,Loisirs et culture,21,98.87
01/11/2022,thiès,Centre-Ouest,D09,Loisirs et culture,21,99.18
01/12/2022,THIÈS,Centre-Ouest,D09,Loisirs et culture,21,97.93
01/01/2023,thiès,Centre-Ouest,D09,Loisirs et culture,21,
2023-02-01,THIÈS,Centre-Ouest,D09,Loisirs et culture,21,98.4
01/03/2023,Thiès ,Centre-Ouest,D09,Loisirs et culture,21,98.92
Avril 2023,thiès,Centre-Ouest,D09,Loisirs et culture,21,99.59
Mai 2023,THIÈS,Centre-Ouest,D09,Loisirs et culture,21,100.46
2023-06-01,THIÈS,Centre-Ouest,D09,Loisirs et culture,21,100.67
01/07/2023,Thiès ,Centre-Ouest,D09,Loisirs et culture,21,100.91
01/08/2023,Thiès ,Centre-Ouest,D09,Loisirs et culture,21,100.74
Septembre 2023,thiès,Centre-Ouest,D09,Loisirs et culture,21,100.82
Octobre 2023,thiès,Centre-Ouest,D09,Loisirs et culture,21,101.31
01/11/2023,thiès,Centre-Ouest,D09,Loisirs et culture,21,100.94
01/12/2023,Thiès ,Centre-Ouest,D09,Loisirs et culture,21,99.61
2024-01-01,Thiès ,Centre-Ouest,D09,Loisirs et culture,21,99.24
01/02/2024,THIÈS,Centre-Ouest,D09,Loisirs et culture,21,99.44
2024-03-01,THIÈS,Centre-Ouest,D09,Loisirs et culture,21,99.65
01/04/2024,THIÈS,Centre-Ouest,D09,Loisirs et culture,21,100.14
01/05/2024,Thiès ,Centre-Ouest,D09,Loisirs et culture,21,100.78
2024-06-01,Thiès ,Centre-Ouest,D09,Loisirs et culture,21,100.79
Juillet 2024,thiès,Centre-Ouest,D09,Loisirs et culture,21,100.88
Août 2024,thiès,Centre-Ouest,D09,Loisirs et culture,21,101.27
01/09/2024,thiès,Centre-Ouest,D09,Loisirs et culture,21,101.27
Octobre 2024,Thiès ,Centre-Ouest,D09,Loisirs et culture,21,101.19
01/11/2024,THIÈS,Centre-Ouest,D09,Loisirs et culture,21,101.11
2024-12-01,THIÈS,Centre-Ouest,D09,Loisirs et culture,21,99.97
Janvier 2025,thiès,Centre-Ouest,D09,Loisirs et culture,21,99.81
01/02/2025,THIÈS,Centre-Ouest,D09,Loisirs et culture,21,100.33
Mars 2025,thiès,Centre-Ouest,D09,Loisirs et culture,21,100.45
01/04/2025,thiès,Centre-Ouest,D09,Loisirs et culture,21,101.11
2025-05-01,thiès,Centre-Ouest,D09,Loisirs et culture,21,101.77
Juin 2025,THIÈS,Centre-Ouest,D09,Loisirs et culture,21,101.74
2025-07-01,Thiès ,Centre-Ouest,D09,Loisirs et culture,21,102.54
01/08/2025,Thiès ,Centre-Ouest,D09,Loisirs et culture,21,102.33
Septembre 2025,THIÈS,Centre-Ouest,D09,Loisirs et culture,21,102.74
01/10/2025,THIÈS,Centre-Ouest,D09,Loisirs et culture,21,102.87
Novembre 2025,THIÈS,Centre-Ouest,D09,Loisirs et culture,21,103.1
Décembre 2025,THIÈS,Centre-Ouest,D09,Loisirs et culture,21,101.78
Janvier 2026,Thiès ,Centre-Ouest,D09,Loisirs et culture,21,99.7
2026-02-01,Thiès ,Centre-Ouest,D09,Loisirs et culture,21,100.51
2026-03-01,Thiès ,Centre-Ouest,D09,Loisirs et culture,21,101.44
Avril 2026,thiès,Centre-Ouest,D09,Loisirs et culture,21,101.79
2026-05-01,THIÈS,Centre-Ouest,D09,Loisirs et culture,21,102.33
01/01/2018,THIÈS,Centre-Ouest,D10,Enseignement,43,86.58
01/02/2018,Thiès ,Centre-Ouest,D10,Enseignement,43,
2018-03-01,THIÈS,Centre-Ouest,D10,Enseignement,43,86.63
01/04/2018,THIÈS,Centre-Ouest,D10,Enseignement,43,86.59
Mai 2018,thiès,Centre-Ouest,D10,Enseignement,43,86.94
2018-06-01,THIÈS,Centre-Ouest,D10,Enseignement,43,87.17
Juillet 2018,THIÈS,Centre-Ouest,D10,Enseignement,43,87.0
Août 2018,thiès,Centre-Ouest,D10,Enseignement,43,87.18
01/09/2018,Thiès ,Centre-Ouest,D10,Enseignement,43,87.09
Octobre 2018,thiès,Centre-Ouest,D10,Enseignement,43,86.81
01/11/2018,Thiès ,Centre-Ouest,D10,Enseignement,43,86.23
01/12/2018,thiès,Centre-Ouest,D10,Enseignement,43,86.35
01/01/2019,THIÈS,Centre-Ouest,D10,Enseignement,43,87.19
Février 2019,Thiès ,Centre-Ouest,D10,Enseignement,43,86.95
2019-03-01,THIÈS,Centre-Ouest,D10,Enseignement,43,86.92
01/04/2019,thiès,Centre-Ouest,D10,Enseignement,43,87.55
Mai 2019,thiès,Centre-Ouest,D10,Enseignement,43,87.59
Juin 2019,thiès,Centre-Ouest,D10,Enseignement,43,87.88
01/07/2019,thiès,Centre-Ouest,D10,Enseignement,43,87.82
2019-08-01,thiès,Centre-Ouest,D10,Enseignement,43,87.79
01/09/2019,thiès,Centre-Ouest,D10,Enseignement,43,87.64
01/10/2019,THIÈS,Centre-Ouest,D10,Enseignement,43,87.5
Novembre 2019,Thiès ,Centre-Ouest,D10,Enseignement,43,87.52
Décembre 2019,thiès,Centre-Ouest,D10,Enseignement,43,87.23
01/01/2020,Thiès ,Centre-Ouest,D10,Enseignement,43,87.68
01/02/2020,THIÈS,Centre-Ouest,D10,Enseignement,43,88.19
2020-03-01,THIÈS,Centre-Ouest,D10,Enseignement,43,88.6
01/04/2020,Thiès ,Centre-Ouest,D10,Enseignement,43,88.99
2020-05-01,THIÈS,Centre-Ouest,D10,Enseignement,43,89.14
2020-06-01,thiès,Centre-Ouest,D10,Enseignement,43,89.67
Juillet 2020,THIÈS,Centre-Ouest,D10,Enseignement,43,89.72
01/08/2020,Thiès ,Centre-Ouest,D10,Enseignement,43,89.84
01/09/2020,thiès,Centre-Ouest,D10,Enseignement,43,89.2
01/10/2020,thiès,Centre-Ouest,D10,Enseignement,43,88.99
01/11/2020,THIÈS,Centre-Ouest,D10,Enseignement,43,88.79
Décembre 2020,Thiès ,Centre-Ouest,D10,Enseignement,43,88.59
01/01/2021,Thiès ,Centre-Ouest,D10,Enseignement,43,88.96
01/02/2021,thiès,Centre-Ouest,D10,Enseignement,43,88.96
01/03/2021,thiès,Centre-Ouest,D10,Enseignement,43,89.61
01/04/2021,Thiès ,Centre-Ouest,D10,Enseignement,43,90.11
01/05/2021,THIÈS,Centre-Ouest,D10,Enseignement,43,90.38
Juin 2021,Thiès ,Centre-Ouest,D10,Enseignement,43,91.03
Juillet 2021,Thiès ,Centre-Ouest,D10,Enseignement,43,90.87
01/08/2021,Thiès ,Centre-Ouest,D10,Enseignement,43,91.05
2021-09-01,thiès,Centre-Ouest,D10,Enseignement,43,90.83
Octobre 2021,thiès,Centre-Ouest,D10,Enseignement,43,90.77
2021-11-01,Thiès ,Centre-Ouest,D10,Enseignement,43,90.57
01/12/2021,Thiès ,Centre-Ouest,D10,Enseignement,43,90.65
Janvier 2022,Thiès ,Centre-Ouest,D10,Enseignement,43,91.85
Février 2022,thiès,Centre-Ouest,D10,Enseignement,43,92.84
2022-03-01,thiès,Centre-Ouest,D10,Enseignement,43,93.84
01/04/2022,thiès,Centre-Ouest,D10,Enseignement,43,94.82
Mai 2022,THIÈS,Centre-Ouest,D10,Enseignement,43,95.99
01/06/2022,Thiès ,Centre-Ouest,D10,Enseignement,43,97.16
Juillet 2022,thiès,Centre-Ouest,D10,Enseignement,43,97.43
Août 2022,thiès,Centre-Ouest,D10,Enseignement,43,98.07
Septembre 2022,thiès,Centre-Ouest,D10,Enseignement,43,98.63
01/10/2022,Thiès ,Centre-Ouest,D10,Enseignement,43,98.98
2022-11-01,Thiès ,Centre-Ouest,D10,Enseignement,43,99.12
2022-12-01,Thiès ,Centre-Ouest,D10,Enseignement,43,97.55
2023-01-01,Thiès ,Centre-Ouest,D10,Enseignement,43,97.88
01/02/2023,Thiès ,Centre-Ouest,D10,Enseignement,43,97.94
2023-03-01,Thiès ,Centre-Ouest,D10,Enseignement,43,99.03
01/04/2023,THIÈS,Centre-Ouest,D10,Enseignement,43,99.44
01/05/2023,Thiès ,Centre-Ouest,D10,Enseignement,43,100.19
Juin 2023,THIÈS,Centre-Ouest,D10,Enseignement,43,100.41
Juillet 2023,thiès,Centre-Ouest,D10,Enseignement,43,100.53
2023-08-01,THIÈS,Centre-Ouest,D10,Enseignement,43,
01/09/2023,thiès,Centre-Ouest,D10,Enseignement,43,101.07
01/10/2023,thiès,Centre-Ouest,D10,Enseignement,43,101.17
2023-11-01,thiès,Centre-Ouest,D10,Enseignement,43,101.36
Décembre 2023,Thiès ,Centre-Ouest,D10,Enseignement,43,100.31
2024-01-01,THIÈS,Centre-Ouest,D10,Enseignement,43,99.45
Février 2024,THIÈS,Centre-Ouest,D10,Enseignement,43,99.7
01/03/2024,THIÈS,Centre-Ouest,D10,Enseignement,43,99.98
01/04/2024,Thiès ,Centre-Ouest,D10,Enseignement,43,100.43
2024-05-01,THIÈS,Centre-Ouest,D10,Enseignement,43,100.56
01/06/2024,thiès,Centre-Ouest,D10,Enseignement,43,100.57
Juillet 2024,Thiès ,Centre-Ouest,D10,Enseignement,43,101.03
01/08/2024,Thiès ,Centre-Ouest,D10,Enseignement,43,101.26
2024-09-01,THIÈS,Centre-Ouest,D10,Enseignement,43,101.15
Octobre 2024,Thiès ,Centre-Ouest,D10,Enseignement,43,101.46
01/11/2024,thiès,Centre-Ouest,D10,Enseignement,43,
01/12/2024,thiès,Centre-Ouest,D10,Enseignement,43,100.5
Janvier 2025,THIÈS,Centre-Ouest,D10,Enseignement,43,100.11
01/02/2025,THIÈS,Centre-Ouest,D10,Enseignement,43,100.46
01/03/2025,Thiès ,Centre-Ouest,D10,Enseignement,43,100.9
Avril 2025,thiès,Centre-Ouest,D10,Enseignement,43,101.3
Mai 2025,thiès,Centre-Ouest,D10,Enseignement,43,101.86
Juin 2025,thiès,Centre-Ouest,D10,Enseignement,43,102.08
Juillet 2025,thiès,Centre-Ouest,D10,Enseignement,43,102.23
2025-08-01,thiès,Centre-Ouest,D10,Enseignement,43,102.78
2025-09-01,Thiès ,Centre-Ouest,D10,Enseignement,43,103.08
2025-10-01,THIÈS,Centre-Ouest,D10,Enseignement,43,103.49
2025-11-01,thiès,Centre-Ouest,D10,Enseignement,43,103.77
01/12/2025,thiès,Centre-Ouest,D10,Enseignement,43,102.4
Janvier 2026,THIÈS,Centre-Ouest,D10,Enseignement,43,100.12
2026-02-01,THIÈS,Centre-Ouest,D10,Enseignement,43,100.86
01/03/2026,thiès,Centre-Ouest,D10,Enseignement,43,101.82
Avril 2026,thiès,Centre-Ouest,D10,Enseignement,43,102.51
Mai 2026,Thiès ,Centre-Ouest,D10,Enseignement,43,102.75
Janvier 2018,THIÈS,Centre-Ouest,D11,Restaurants et hôtels,56,81.44
2018-02-01,thiès,Centre-Ouest,D11,Restaurants et hôtels,56,81.33
2018-03-01,thiès,Centre-Ouest,D11,Restaurants et hôtels,56,81.5
Avril 2018,thiès,Centre-Ouest,D11,Restaurants et hôtels,56,82.0
2018-05-01,thiès,Centre-Ouest,D11,Restaurants et hôtels,56,82.06
Juin 2018,Thiès ,Centre-Ouest,D11,Restaurants et hôtels,56,82.36
Juillet 2018,THIÈS,Centre-Ouest,D11,Restaurants et hôtels,56,82.41
2018-08-01,thiès,Centre-Ouest,D11,Restaurants et hôtels,56,82.55
Septembre 2018,Thiès ,Centre-Ouest,D11,Restaurants et hôtels,56,82.09
2018-10-01,Thiès ,Centre-Ouest,D11,Restaurants et hôtels,56,81.54
2018-11-01,thiès,Centre-Ouest,D11,Restaurants et hôtels,56,81.61
01/12/2018,THIÈS,Centre-Ouest,D11,Restaurants et hôtels,56,81.27
2019-01-01,Thiès ,Centre-Ouest,D11,Restaurants et hôtels,56,81.94
01/02/2019,Thiès ,Centre-Ouest,D11,Restaurants et hôtels,56,82.04
2019-03-01,Thiès ,Centre-Ouest,D11,Restaurants et hôtels,56,82.28
2019-04-01,Thiès ,Centre-Ouest,D11,Restaurants et hôtels,56,82.75
01/05/2019,THIÈS,Centre-Ouest,D11,Restaurants et hôtels,56,82.79
2019-06-01,thiès,Centre-Ouest,D11,Restaurants et hôtels,56,
Juillet 2019,THIÈS,Centre-Ouest,D11,Restaurants et hôtels,56,83.39
Août 2019,Thiès ,Centre-Ouest,D11,Restaurants et hôtels,56,83.13
01/09/2019,THIÈS,Centre-Ouest,D11,Restaurants et hôtels,56,82.77
2019-10-01,THIÈS,Centre-Ouest,D11,Restaurants et hôtels,56,82.74
Novembre 2019,Thiès ,Centre-Ouest,D11,Restaurants et hôtels,56,82.5
Décembre 2019,THIÈS,Centre-Ouest,D11,Restaurants et hôtels,56,82.14
01/01/2020,THIÈS,Centre-Ouest,D11,Restaurants et hôtels,56,82.95
2020-02-01,THIÈS,Centre-Ouest,D11,Restaurants et hôtels,56,83.63
Mars 2020,THIÈS,Centre-Ouest,D11,Restaurants et hôtels,56,83.82
Avril 2020,thiès,Centre-Ouest,D11,Restaurants et hôtels,56,84.64
2020-05-01,Thiès ,Centre-Ouest,D11,Restaurants et hôtels,56,85.04
2020-06-01,thiès,Centre-Ouest,D11,Restaurants et hôtels,56,85.47
Juillet 2020,thiès,Centre-Ouest,D11,Restaurants et hôtels,56,85.7
2020-08-01,Thiès ,Centre-Ouest,D11,Restaurants et hôtels,56,85.57
2020-09-01,Thiès ,Centre-Ouest,D11,Restaurants et hôtels,56,85.2
Octobre 2020,thiès,Centre-Ouest,D11,Restaurants et hôtels,56,84.97
Novembre 2020,Thiès ,Centre-Ouest,D11,Restaurants et hôtels,56,84.46
2020-12-01,Thiès ,Centre-Ouest,D11,Restaurants et hôtels,56,84.36
Janvier 2021,thiès,Centre-Ouest,D11,Restaurants et hôtels,56,84.84
2021-02-01,thiès,Centre-Ouest,D11,Restaurants et hôtels,56,85.08
2021-03-01,THIÈS,Centre-Ouest,D11,Restaurants et hôtels,56,85.57
01/04/2021,Thiès ,Centre-Ouest,D11,Restaurants et hôtels,56,86.06
01/05/2021,thiès,Centre-Ouest,D11,Restaurants et hôtels,56,86.9
01/06/2021,THIÈS,Centre-Ouest,D11,Restaurants et hôtels,56,87.3
2021-07-01,THIÈS,Centre-Ouest,D11,Restaurants et hôtels,56,87.18
01/08/2021,THIÈS,Centre-Ouest,D11,Restaurants et hôtels,56,87.41
2021-09-01,THIÈS,Centre-Ouest,D11,Restaurants et hôtels,56,87.2
2021-10-01,THIÈS,Centre-Ouest,D11,Restaurants et hôtels,56,87.28
2021-11-01,Thiès ,Centre-Ouest,D11,Restaurants et hôtels,56,86.62
Décembre 2021,Thiès ,Centre-Ouest,D11,Restaurants et hôtels,56,86.51
Janvier 2022,thiès,Centre-Ouest,D11,Restaurants et hôtels,56,88.72
2022-02-01,thiès,Centre-Ouest,D11,Restaurants et hôtels,56,90.03
2022-03-01,thiès,Centre-Ouest,D11,Restaurants et hôtels,56,91.19
Avril 2022,thiès,Centre-Ouest,D11,Restaurants et hôtels,56,92.75
01/05/2022,Thiès ,Centre-Ouest,D11,Restaurants et hôtels,56,94.48
Juin 2022,THIÈS,Centre-Ouest,D11,Restaurants et hôtels,56,95.35
2022-07-01,thiès,Centre-Ouest,D11,Restaurants et hôtels,56,96.31
2022-08-01,thiès,Centre-Ouest,D11,Restaurants et hôtels,56,97.25
2022-09-01,Thiès ,Centre-Ouest,D11,Restaurants et hôtels,56,98.06
01/10/2022,Thiès ,Centre-Ouest,D11,Restaurants et hôtels,56,98.19
01/11/2022,thiès,Centre-Ouest,D11,Restaurants et hôtels,56,98.61
01/12/2022,thiès,Centre-Ouest,D11,Restaurants et hôtels,56,97.04
Janvier 2023,THIÈS,Centre-Ouest,D11,Restaurants et hôtels,56,97.09
Février 2023,THIÈS,Centre-Ouest,D11,Restaurants et hôtels,56,97.37
Mars 2023,THIÈS,Centre-Ouest,D11,Restaurants et hôtels,56,98.29
Avril 2023,Thiès ,Centre-Ouest,D11,Restaurants et hôtels,56,99.48
2023-05-01,THIÈS,Centre-Ouest,D11,Restaurants et hôtels,56,99.94
01/06/2023,THIÈS,Centre-Ouest,D11,Restaurants et hôtels,56,101.08
Juillet 2023,THIÈS,Centre-Ouest,D11,Restaurants et hôtels,56,101.08
Août 2023,thiès,Centre-Ouest,D11,Restaurants et hôtels,56,101.38
2023-09-01,thiès,Centre-Ouest,D11,Restaurants et hôtels,56,101.53
2023-10-01,THIÈS,Centre-Ouest,D11,Restaurants et hôtels,56,101.57
2023-11-01,thiès,Centre-Ouest,D11,Restaurants et hôtels,56,101.62
Décembre 2023,Thiès ,Centre-Ouest,D11,Restaurants et hôtels,56,99.75
01/01/2024,thiès,Centre-Ouest,D11,Restaurants et hôtels,56,99.08
01/02/2024,Thiès ,Centre-Ouest,D11,Restaurants et hôtels,56,99.25
Mars 2024,thiès,Centre-Ouest,D11,Restaurants et hôtels,56,99.77
Avril 2024,THIÈS,Centre-Ouest,D11,Restaurants et hôtels,56,100.42
2024-05-01,thiès,Centre-Ouest,D11,Restaurants et hôtels,56,100.79
Juin 2024,Thiès ,Centre-Ouest,D11,Restaurants et hôtels,56,101.51
Juillet 2024,Thiès ,Centre-Ouest,D11,Restaurants et hôtels,56,101.79
2024-08-01,Thiès ,Centre-Ouest,D11,Restaurants et hôtels,56,102.13
Septembre 2024,THIÈS,Centre-Ouest,D11,Restaurants et hôtels,56,101.83
Octobre 2024,Thiès ,Centre-Ouest,D11,Restaurants et hôtels,56,102.0
2024-11-01,THIÈS,Centre-Ouest,D11,Restaurants et hôtels,56,102.34
01/12/2024,Thiès ,Centre-Ouest,D11,Restaurants et hôtels,56,100.37
2025-01-01,THIÈS,Centre-Ouest,D11,Restaurants et hôtels,56,99.81
Février 2025,Thiès ,Centre-Ouest,D11,Restaurants et hôtels,56,100.37
01/03/2025,thiès,Centre-Ouest,D11,Restaurants et hôtels,56,101.21
2025-04-01,THIÈS,Centre-Ouest,D11,Restaurants et hôtels,56,101.78
Mai 2025,Thiès ,Centre-Ouest,D11,Restaurants et hôtels,56,102.66
Juin 2025,thiès,Centre-Ouest,D11,Restaurants et hôtels,56,103.41
01/07/2025,THIÈS,Centre-Ouest,D11,Restaurants et hôtels,56,103.98
2025-08-01,THIÈS,Centre-Ouest,D11,Restaurants et hôtels,56,103.96
Septembre 2025,THIÈS,Centre-Ouest,D11,Restaurants et hôtels,56,104.09
Octobre 2025,THIÈS,Centre-Ouest,D11,Restaurants et hôtels,56,104.37
Novembre 2025,thiès,Centre-Ouest,D11,Restaurants et hôtels,56,104.7
01/12/2025,thiès,Centre-Ouest,D11,Restaurants et hôtels,56,102.73
01/01/2026,THIÈS,Centre-Ouest,D11,Restaurants et hôtels,56,100.25
2026-02-01,THIÈS,Centre-Ouest,D11,Restaurants et hôtels,56,101.05
2026-03-01,Thiès ,Centre-Ouest,D11,Restaurants et hôtels,56,102.37
Avril 2026,thiès,Centre-Ouest,D11,Restaurants et hôtels,56,102.96
Mai 2026,THIÈS,Centre-Ouest,D11,Restaurants et hôtels,56,103.65
01/01/2018,thiès,Centre-Ouest,D12,Biens et services divers,63,84.88
Février 2018,Thiès ,Centre-Ouest,D12,Biens et services divers,63,84.85
2018-03-01,THIÈS,Centre-Ouest,D12,Biens et services divers,63,84.93
Avril 2018,Thiès ,Centre-Ouest,D12,Biens et services divers,63,85.09
Mai 2018,THIÈS,Centre-Ouest,D12,Biens et services divers,63,85.3
01/06/2018,THIÈS,Centre-Ouest,D12,Biens et services divers,63,85.54
01/07/2018,thiès,Centre-Ouest,D12,Biens et services divers,63,85.6
Août 2018,THIÈS,Centre-Ouest,D12,Biens et services divers,63,85.36
2018-09-01,Thiès ,Centre-Ouest,D12,Biens et services divers,63,85.32
Octobre 2018,Thiès ,Centre-Ouest,D12,Biens et services divers,63,84.84
01/11/2018,thiès,Centre-Ouest,D12,Biens et services divers,63,84.91
01/12/2018,thiès,Centre-Ouest,D12,Biens et services divers,63,84.84
01/01/2019,Thiès ,Centre-Ouest,D12,Biens et services divers,63,85.2
2019-02-01,thiès,Centre-Ouest,D12,Biens et services divers,63,85.55
2019-03-01,Thiès ,Centre-Ouest,D12,Biens et services divers,63,85.4
2019-04-01,Thiès ,Centre-Ouest,D12,Biens et services divers,63,85.8
2019-05-01,Thiès ,Centre-Ouest,D12,Biens et services divers,63,86.01
Juin 2019,Thiès ,Centre-Ouest,D12,Biens et services divers,63,86.18
01/07/2019,thiès,Centre-Ouest,D12,Biens et services divers,63,86.24
2019-08-01,Thiès ,Centre-Ouest,D12,Biens et services divers,63,86.2
01/09/2019,thiès,Centre-Ouest,D12,Biens et services divers,63,86.12
01/10/2019,Thiès ,Centre-Ouest,D12,Biens et services divers,63,85.96
01/11/2019,THIÈS,Centre-Ouest,D12,Biens et services divers,63,85.56
01/12/2019,thiès,Centre-Ouest,D12,Biens et services divers,63,85.51
Janvier 2020,THIÈS,Centre-Ouest,D12,Biens et services divers,63,86.19
01/02/2020,THIÈS,Centre-Ouest,D12,Biens et services divers,63,86.66
01/03/2020,THIÈS,Centre-Ouest,D12,Biens et services divers,63,86.84
01/04/2020,Thiès ,Centre-Ouest,D12,Biens et services divers,63,87.53
Mai 2020,THIÈS,Centre-Ouest,D12,Biens et services divers,63,88.11
01/06/2020,Thiès ,Centre-Ouest,D12,Biens et services divers,63,88.17
01/07/2020,THIÈS,Centre-Ouest,D12,Biens et services divers,63,88.0
2020-08-01,Thiès ,Centre-Ouest,D12,Biens et services divers,63,88.09
Septembre 2020,THIÈS,Centre-Ouest,D12,Biens et services divers,63,88.09
Octobre 2020,thiès,Centre-Ouest,D12,Biens et services divers,63,87.71
01/11/2020,Thiès ,Centre-Ouest,D12,Biens et services divers,63,87.39
01/12/2020,Thiès ,Centre-Ouest,D12,Biens et services divers,63,87.28
2021-01-01,thiès,Centre-Ouest,D12,Biens et services divers,63,87.68
Février 2021,thiès,Centre-Ouest,D12,Biens et services divers,63,88.07
01/03/2021,thiès,Centre-Ouest,D12,Biens et services divers,63,88.43
Avril 2021,thiès,Centre-Ouest,D12,Biens et services divers,63,88.97
Mai 2021,thiès,Centre-Ouest,D12,Biens et services divers,63,89.27
Juin 2021,Thiès ,Centre-Ouest,D12,Biens et services divers,63,89.73
2021-07-01,thiès,Centre-Ouest,D12,Biens et services divers,63,89.68
2021-08-01,Thiès ,Centre-Ouest,D12,Biens et services divers,63,89.64
2021-09-01,thiès,Centre-Ouest,D12,Biens et services divers,63,89.84
2021-10-01,thiès,Centre-Ouest,D12,Biens et services divers,63,89.47
Novembre 2021,thiès,Centre-Ouest,D12,Biens et services divers,63,89.38
2021-12-01,THIÈS,Centre-Ouest,D12,Biens et services divers,63,89.2
Janvier 2022,THIÈS,Centre-Ouest,D12,Biens et services divers,63,90.65
2022-02-01,Thiès ,Centre-Ouest,D12,Biens et services divers,63,91.78
01/03/2022,Thiès ,Centre-Ouest,D12,Biens et services divers,63,93.14
2022-04-01,Thiès ,Centre-Ouest,D12,Biens et services divers,63,94.26
Mai 2022,thiès,Centre-Ouest,D12,Biens et services divers,63,95.17
2022-06-01,Thiès ,Centre-Ouest,D12,Biens et services divers,63,96.42
Juillet 2022,Thiès ,Centre-Ouest,D12,Biens et services divers,63,97.43
Août 2022,Thiès ,Centre-Ouest,D12,Biens et services divers,63,97.74
01/09/2022,thiès,Centre-Ouest,D12,Biens et services divers,63,97.98
2022-10-01,Thiès ,Centre-Ouest,D12,Biens et services divers,63,98.91
Novembre 2022,Thiès ,Centre-Ouest,D12,Biens et services divers,63,99.05
Décembre 2022,Thiès ,Centre-Ouest,D12,Biens et services divers,63,97.54
2023-01-01,thiès,Centre-Ouest,D12,Biens et services divers,63,97.41
01/02/2023,Thiès ,Centre-Ouest,D12,Biens et services divers,63,98.15
2023-03-01,Thiès ,Centre-Ouest,D12,Biens et services divers,63,98.56
2023-04-01,thiès,Centre-Ouest,D12,Biens et services divers,63,99.51
01/05/2023,THIÈS,Centre-Ouest,D12,Biens et services divers,63,100.16
01/06/2023,THIÈS,Centre-Ouest,D12,Biens et services divers,63,100.71
01/07/2023,Thiès ,Centre-Ouest,D12,Biens et services divers,63,100.95
01/08/2023,THIÈS,Centre-Ouest,D12,Biens et services divers,63,101.01
2023-09-01,Thiès ,Centre-Ouest,D12,Biens et services divers,63,101.4
2023-10-01,thiès,Centre-Ouest,D12,Biens et services divers,63,101.27
01/11/2023,THIÈS,Centre-Ouest,D12,Biens et services divers,63,101.25
01/12/2023,THIÈS,Centre-Ouest,D12,Biens et services divers,63,99.93
2024-01-01,THIÈS,Centre-Ouest,D12,Biens et services divers,63,99.29
2024-02-01,thiès,Centre-Ouest,D12,Biens et services divers,63,99.52
Mars 2024,Thiès ,Centre-Ouest,D12,Biens et services divers,63,99.88
Avril 2024,Thiès ,Centre-Ouest,D12,Biens et services divers,63,100.2
01/05/2024,thiès,Centre-Ouest,D12,Biens et services divers,63,
Juin 2024,thiès,Centre-Ouest,D12,Biens et services divers,63,101.05
01/07/2024,THIÈS,Centre-Ouest,D12,Biens et services divers,63,101.19
01/08/2024,Thiès ,Centre-Ouest,D12,Biens et services divers,63,101.29
Septembre 2024,thiès,Centre-Ouest,D12,Biens et services divers,63,101.8
01/10/2024,Thiès ,Centre-Ouest,D12,Biens et services divers,63,101.42
01/11/2024,Thiès ,Centre-Ouest,D12,Biens et services divers,63,101.93
2024-12-01,Thiès ,Centre-Ouest,D12,Biens et services divers,63,100.01
01/01/2025,Thiès ,Centre-Ouest,D12,Biens et services divers,63,99.95
2025-02-01,Thiès ,Centre-Ouest,D12,Biens et services divers,63,100.31
2025-03-01,THIÈS,Centre-Ouest,D12,Biens et services divers,63,100.6
01/04/2025,THIÈS,Centre-Ouest,D12,Biens et services divers,63,101.56
2025-05-01,Thiès ,Centre-Ouest,D12,Biens et services divers,63,102.07
Juin 2025,THIÈS,Centre-Ouest,D12,Biens et services divers,63,102.32
Juillet 2025,thiès,Centre-Ouest,D12,Biens et services divers,63,103.11
Août 2025,Thiès ,Centre-Ouest,D12,Biens et services divers,63,103.41
Septembre 2025,THIÈS,Centre-Ouest,D12,Biens et services divers,63,103.71
Octobre 2025,THIÈS,Centre-Ouest,D12,Biens et services divers,63,103.82
Novembre 2025,THIÈS,Centre-Ouest,D12,Biens et services divers,63,103.99
2025-12-01,Thiès ,Centre-Ouest,D12,Biens et services divers,63,102.62
Janvier 2026,THIÈS,Centre-Ouest,D12,Biens et services divers,63,100.52
2026-02-01,Thiès ,Centre-Ouest,D12,Biens et services divers,63,101.19
2026-03-01,THIÈS,Centre-Ouest,D12,Biens et services divers,63,101.85
Avril 2026,Thiès ,Centre-Ouest,D12,Biens et services divers,63,102.47
Mai 2026,thiès,Centre-Ouest,D12,Biens et services divers,63,102.98
01/01/2018,SAINT-LOUIS,Nord,D01,Produits alimentaires et boissons non alcoolisées,421,74.59
2018-02-01,SAINT-LOUIS,Nord,D01,Produits alimentaires et boissons non alcoolisées,421,75.26
2018-03-01,saint-louis,Nord,D01,Produits alimentaires et boissons non alcoolisées,421,76.48
01/04/2018,saint-louis,Nord,D01,Produits alimentaires et boissons non alcoolisées,421,77.63
Mai 2018,Saint-Louis ,Nord,D01,Produits alimentaires et boissons non alcoolisées,421,79.02
Juin 2018,Saint-Louis ,Nord,D01,Produits alimentaires et boissons non alcoolisées,421,79.76
2018-07-01,saint-louis,Nord,D01,Produits alimentaires et boissons non alcoolisées,421,79.98
Août 2018,SAINT-LOUIS,Nord,D01,Produits alimentaires et boissons non alcoolisées,421,79.63
2018-09-01,Saint-Louis ,Nord,D01,Produits alimentaires et boissons non alcoolisées,421,78.48
2018-10-01,saint-louis,Nord,D01,Produits alimentaires et boissons non alcoolisées,421,77.13
2018-11-01,Saint-Louis ,Nord,D01,Produits alimentaires et boissons non alcoolisées,421,76.1
Décembre 2018,SAINT-LOUIS,Nord,D01,Produits alimentaires et boissons non alcoolisées,421,75.22
01/01/2019,saint-louis,Nord,D01,Produits alimentaires et boissons non alcoolisées,421,75.44
01/02/2019,saint-louis,Nord,D01,Produits alimentaires et boissons non alcoolisées,421,76.12
2019-03-01,Saint-Louis ,Nord,D01,Produits alimentaires et boissons non alcoolisées,421,77.07
Avril 2019,SAINT-LOUIS,Nord,D01,Produits alimentaires et boissons non alcoolisées,421,78.52
01/05/2019,Saint-Louis ,Nord,D01,Produits alimentaires et boissons non alcoolisées,421,79.89
01/06/2019,saint-louis,Nord,D01,Produits alimentaires et boissons non alcoolisées,421,80.91
01/07/2019,Saint-Louis ,Nord,D01,Produits alimentaires et boissons non alcoolisées,421,81.1
01/08/2019,saint-louis,Nord,D01,Produits alimentaires et boissons non alcoolisées,421,80.83
2019-09-01,saint-louis,Nord,D01,Produits alimentaires et boissons non alcoolisées,421,79.66
Octobre 2019,saint-louis,Nord,D01,Produits alimentaires et boissons non alcoolisées,421,78.33
2019-11-01,saint-louis,Nord,D01,Produits alimentaires et boissons non alcoolisées,421,76.84
Décembre 2019,SAINT-LOUIS,Nord,D01,Produits alimentaires et boissons non alcoolisées,421,76.26
2020-01-01,saint-louis,Nord,D01,Produits alimentaires et boissons non alcoolisées,421,77.12
2020-02-01,Saint-Louis ,Nord,D01,Produits alimentaires et boissons non alcoolisées,421,77.88
Mars 2020,SAINT-LOUIS,Nord,D01,Produits alimentaires et boissons non alcoolisées,421,78.98
01/04/2020,saint-louis,Nord,D01,Produits alimentaires et boissons non alcoolisées,421,80.77
Mai 2020,SAINT-LOUIS,Nord,D01,Produits alimentaires et boissons non alcoolisées,421,82.7
2020-06-01,saint-louis,Nord,D01,Produits alimentaires et boissons non alcoolisées,421,83.85
2020-07-01,Saint-Louis ,Nord,D01,Produits alimentaires et boissons non alcoolisées,421,83.94
Août 2020,Saint-Louis ,Nord,D01,Produits alimentaires et boissons non alcoolisées,421,83.79
2020-09-01,SAINT-LOUIS,Nord,D01,Produits alimentaires et boissons non alcoolisées,421,82.43
01/10/2020,Saint-Louis ,Nord,D01,Produits alimentaires et boissons non alcoolisées,421,81.17
2020-11-01,saint-louis,Nord,D01,Produits alimentaires et boissons non alcoolisées,421,79.54
2020-12-01,Saint-Louis ,Nord,D01,Produits alimentaires et boissons non alcoolisées,421,78.55
01/01/2021,Saint-Louis ,Nord,D01,Produits alimentaires et boissons non alcoolisées,421,79.14
2021-02-01,Saint-Louis ,Nord,D01,Produits alimentaires et boissons non alcoolisées,421,79.66
Mars 2021,Saint-Louis ,Nord,D01,Produits alimentaires et boissons non alcoolisées,421,81.06
2021-04-01,Saint-Louis ,Nord,D01,Produits alimentaires et boissons non alcoolisées,421,82.93
Mai 2021,Saint-Louis ,Nord,D01,Produits alimentaires et boissons non alcoolisées,421,84.79
01/06/2021,Saint-Louis ,Nord,D01,Produits alimentaires et boissons non alcoolisées,421,85.83
Juillet 2021,Saint-Louis ,Nord,D01,Produits alimentaires et boissons non alcoolisées,421,86.18
Août 2021,saint-louis,Nord,D01,Produits alimentaires et boissons non alcoolisées,421,86.16
01/09/2021,SAINT-LOUIS,Nord,D01,Produits alimentaires et boissons non alcoolisées,421,84.97
Octobre 2021,saint-louis,Nord,D01,Produits alimentaires et boissons non alcoolisées,421,83.65
Novembre 2021,SAINT-LOUIS,Nord,D01,Produits alimentaires et boissons non alcoolisées,421,82.16
01/12/2021,saint-louis,Nord,D01,Produits alimentaires et boissons non alcoolisées,421,81.42
Janvier 2022,Saint-Louis ,Nord,D01,Produits alimentaires et boissons non alcoolisées,421,83.55
Février 2022,Saint-Louis ,Nord,D01,Produits alimentaires et boissons non alcoolisées,421,85.58
Mars 2022,saint-louis,Nord,D01,Produits alimentaires et boissons non alcoolisées,421,87.98
Avril 2022,saint-louis,Nord,D01,Produits alimentaires et boissons non alcoolisées,421,91.36
2022-05-01,saint-louis,Nord,D01,Produits alimentaires et boissons non alcoolisées,421,94.09
Juin 2022,SAINT-LOUIS,Nord,D01,Produits alimentaires et boissons non alcoolisées,421,96.52
2022-07-01,saint-louis,Nord,D01,Produits alimentaires et boissons non alcoolisées,421,98.22
2022-08-01,saint-louis,Nord,D01,Produits alimentaires et boissons non alcoolisées,421,98.56
Septembre 2022,Saint-Louis ,Nord,D01,Produits alimentaires et boissons non alcoolisées,421,98.22
Octobre 2022,saint-louis,Nord,D01,Produits alimentaires et boissons non alcoolisées,421,97.59
2022-11-01,SAINT-LOUIS,Nord,D01,Produits alimentaires et boissons non alcoolisées,421,97.04
Décembre 2022,saint-louis,Nord,D01,Produits alimentaires et boissons non alcoolisées,421,94.1
Janvier 2023,saint-louis,Nord,D01,Produits alimentaires et boissons non alcoolisées,421,93.47
Février 2023,saint-louis,Nord,D01,Produits alimentaires et boissons non alcoolisées,421,94.82
Mars 2023,saint-louis,Nord,D01,Produits alimentaires et boissons non alcoolisées,421,96.82
01/04/2023,saint-louis,Nord,D01,Produits alimentaires et boissons non alcoolisées,421,99.06
2023-05-01,saint-louis,Nord,D01,Produits alimentaires et boissons non alcoolisées,421,101.61
2023-06-01,SAINT-LOUIS,Nord,D01,Produits alimentaires et boissons non alcoolisées,421,103.44
Juillet 2023,saint-louis,Nord,D01,Produits alimentaires et boissons non alcoolisées,421,104.27
01/08/2023,Saint-Louis ,Nord,D01,Produits alimentaires et boissons non alcoolisées,421,104.03
01/09/2023,saint-louis,Nord,D01,Produits alimentaires et boissons non alcoolisées,421,103.08
01/10/2023,SAINT-LOUIS,Nord,D01,Produits alimentaires et boissons non alcoolisées,421,102.01
01/11/2023,saint-louis,Nord,D01,Produits alimentaires et boissons non alcoolisées,421,100.96
2023-12-01,SAINT-LOUIS,Nord,D01,Produits alimentaires et boissons non alcoolisées,421,97.35
Janvier 2024,Saint-Louis ,Nord,D01,Produits alimentaires et boissons non alcoolisées,421,96.35
01/02/2024,Saint-Louis ,Nord,D01,Produits alimentaires et boissons non alcoolisées,421,97.08
Mars 2024,SAINT-LOUIS,Nord,D01,Produits alimentaires et boissons non alcoolisées,421,98.53
Avril 2024,saint-louis,Nord,D01,Produits alimentaires et boissons non alcoolisées,421,100.51
2024-05-01,saint-louis,Nord,D01,Produits alimentaires et boissons non alcoolisées,421,102.85
Juin 2024,saint-louis,Nord,D01,Produits alimentaires et boissons non alcoolisées,421,104.04
Juillet 2024,Saint-Louis ,Nord,D01,Produits alimentaires et boissons non alcoolisées,421,104.91
Août 2024,SAINT-LOUIS,Nord,D01,Produits alimentaires et boissons non alcoolisées,421,104.25
Septembre 2024,Saint-Louis ,Nord,D01,Produits alimentaires et boissons non alcoolisées,421,103.59
01/10/2024,SAINT-LOUIS,Nord,D01,Produits alimentaires et boissons non alcoolisées,421,102.87
2024-11-01,SAINT-LOUIS,Nord,D01,Produits alimentaires et boissons non alcoolisées,421,101.28
2024-12-01,saint-louis,Nord,D01,Produits alimentaires et boissons non alcoolisées,421,97.84
Janvier 2025,Saint-Louis ,Nord,D01,Produits alimentaires et boissons non alcoolisées,421,97.65
Février 2025,SAINT-LOUIS,Nord,D01,Produits alimentaires et boissons non alcoolisées,421,98.43
01/03/2025,SAINT-LOUIS,Nord,D01,Produits alimentaires et boissons non alcoolisées,421,100.41
Avril 2025,SAINT-LOUIS,Nord,D01,Produits alimentaires et boissons non alcoolisées,421,102.59
01/05/2025,SAINT-LOUIS,Nord,D01,Produits alimentaires et boissons non alcoolisées,421,105.01
01/06/2025,Saint-Louis ,Nord,D01,Produits alimentaires et boissons non alcoolisées,421,106.54
2025-07-01,saint-louis,Nord,D01,Produits alimentaires et boissons non alcoolisées,421,107.48
Août 2025,saint-louis,Nord,D01,Produits alimentaires et boissons non alcoolisées,421,107.47
2025-09-01,SAINT-LOUIS,Nord,D01,Produits alimentaires et boissons non alcoolisées,421,106.64
01/10/2025,SAINT-LOUIS,Nord,D01,Produits alimentaires et boissons non alcoolisées,421,105.75
01/11/2025,SAINT-LOUIS,Nord,D01,Produits alimentaires et boissons non alcoolisées,421,104.8
01/12/2025,Saint-Louis ,Nord,D01,Produits alimentaires et boissons non alcoolisées,421,101.28
01/01/2026,saint-louis,Nord,D01,Produits alimentaires et boissons non alcoolisées,421,97.89
Février 2026,Saint-Louis ,Nord,D01,Produits alimentaires et boissons non alcoolisées,421,99.58
01/03/2026,SAINT-LOUIS,Nord,D01,Produits alimentaires et boissons non alcoolisées,421,102.08
Avril 2026,SAINT-LOUIS,Nord,D01,Produits alimentaires et boissons non alcoolisées,421,104.16
01/05/2026,SAINT-LOUIS,Nord,D01,Produits alimentaires et boissons non alcoolisées,421,106.27
01/01/2018,SAINT-LOUIS,Nord,D02,"Boissons alcoolisées, tabac et stupéfiants",9,80.85
01/02/2018,saint-louis,Nord,D02,"Boissons alcoolisées, tabac et stupéfiants",9,81.06
01/03/2018,SAINT-LOUIS,Nord,D02,"Boissons alcoolisées, tabac et stupéfiants",9,81.31
01/04/2018,Saint-Louis ,Nord,D02,"Boissons alcoolisées, tabac et stupéfiants",9,81.29
Mai 2018,Saint-Louis ,Nord,D02,"Boissons alcoolisées, tabac et stupéfiants",9,81.61
2018-06-01,saint-louis,Nord,D02,"Boissons alcoolisées, tabac et stupéfiants",9,81.66
01/07/2018,saint-louis,Nord,D02,"Boissons alcoolisées, tabac et stupéfiants",9,81.75
2018-08-01,Saint-Louis ,Nord,D02,"Boissons alcoolisées, tabac et stupéfiants",9,
2018-09-01,Saint-Louis ,Nord,D02,"Boissons alcoolisées, tabac et stupéfiants",9,81.57
01/10/2018,SAINT-LOUIS,Nord,D02,"Boissons alcoolisées, tabac et stupéfiants",9,81.08
01/11/2018,saint-louis,Nord,D02,"Boissons alcoolisées, tabac et stupéfiants",9,81.15
2018-12-01,saint-louis,Nord,D02,"Boissons alcoolisées, tabac et stupéfiants",9,81.11
01/01/2019,SAINT-LOUIS,Nord,D02,"Boissons alcoolisées, tabac et stupéfiants",9,81.55
2019-02-01,saint-louis,Nord,D02,"Boissons alcoolisées, tabac et stupéfiants",9,81.79
Mars 2019,SAINT-LOUIS,Nord,D02,"Boissons alcoolisées, tabac et stupéfiants",9,81.78
01/04/2019,SAINT-LOUIS,Nord,D02,"Boissons alcoolisées, tabac et stupéfiants",9,81.94
2019-05-01,saint-louis,Nord,D02,"Boissons alcoolisées, tabac et stupéfiants",9,82.38
Juin 2019,SAINT-LOUIS,Nord,D02,"Boissons alcoolisées, tabac et stupéfiants",9,82.33
01/07/2019,saint-louis,Nord,D02,"Boissons alcoolisées, tabac et stupéfiants",9,82.58
01/08/2019,Saint-Louis ,Nord,D02,"Boissons alcoolisées, tabac et stupéfiants",9,82.7
01/09/2019,saint-louis,Nord,D02,"Boissons alcoolisées, tabac et stupéfiants",9,82.14
01/10/2019,SAINT-LOUIS,Nord,D02,"Boissons alcoolisées, tabac et stupéfiants",9,81.99
Novembre 2019,SAINT-LOUIS,Nord,D02,"Boissons alcoolisées, tabac et stupéfiants",9,81.8
Décembre 2019,saint-louis,Nord,D02,"Boissons alcoolisées, tabac et stupéfiants",9,81.77
2020-01-01,Saint-Louis ,Nord,D02,"Boissons alcoolisées, tabac et stupéfiants",9,82.84
01/02/2020,SAINT-LOUIS,Nord,D02,"Boissons alcoolisées, tabac et stupéfiants",9,83.38
Mars 2020,saint-louis,Nord,D02,"Boissons alcoolisées, tabac et stupéfiants",9,83.75
2020-04-01,Saint-Louis ,Nord,D02,"Boissons alcoolisées, tabac et stupéfiants",9,84.18
Mai 2020,SAINT-LOUIS,Nord,D02,"Boissons alcoolisées, tabac et stupéfiants",9,84.62
01/06/2020,Saint-Louis ,Nord,D02,"Boissons alcoolisées, tabac et stupéfiants",9,85.06
2020-07-01,saint-louis,Nord,D02,"Boissons alcoolisées, tabac et stupéfiants",9,85.02
Août 2020,SAINT-LOUIS,Nord,D02,"Boissons alcoolisées, tabac et stupéfiants",9,85.1
Septembre 2020,Saint-Louis ,Nord,D02,"Boissons alcoolisées, tabac et stupéfiants",9,84.61
01/10/2020,Saint-Louis ,Nord,D02,"Boissons alcoolisées, tabac et stupéfiants",9,84.56
01/11/2020,Saint-Louis ,Nord,D02,"Boissons alcoolisées, tabac et stupéfiants",9,84.31
01/12/2020,SAINT-LOUIS,Nord,D02,"Boissons alcoolisées, tabac et stupéfiants",9,83.96
01/01/2021,saint-louis,Nord,D02,"Boissons alcoolisées, tabac et stupéfiants",9,84.52
2021-02-01,SAINT-LOUIS,Nord,D02,"Boissons alcoolisées, tabac et stupéfiants",9,84.93
Mars 2021,saint-louis,Nord,D02,"Boissons alcoolisées, tabac et stupéfiants",9,84.97
01/04/2021,saint-louis,Nord,D02,"Boissons alcoolisées, tabac et stupéfiants",9,85.88
2021-05-01,saint-louis,Nord,D02,"Boissons alcoolisées, tabac et stupéfiants",9,86.34
2021-06-01,Saint-Louis ,Nord,D02,"Boissons alcoolisées, tabac et stupéfiants",9,86.78
01/07/2021,SAINT-LOUIS,Nord,D02,"Boissons alcoolisées, tabac et stupéfiants",9,87.01
Août 2021,SAINT-LOUIS,Nord,D02,"Boissons alcoolisées, tabac et stupéfiants",9,86.93
Septembre 2021,saint-louis,Nord,D02,"Boissons alcoolisées, tabac et stupéfiants",9,86.7
2021-10-01,Saint-Louis ,Nord,D02,"Boissons alcoolisées, tabac et stupéfiants",9,86.68
2021-11-01,SAINT-LOUIS,Nord,D02,"Boissons alcoolisées, tabac et stupéfiants",9,86.56
01/12/2021,Saint-Louis ,Nord,D02,"Boissons alcoolisées, tabac et stupéfiants",9,86.49
Janvier 2022,Saint-Louis ,Nord,D02,"Boissons alcoolisées, tabac et stupéfiants",9,88.45
2022-02-01,SAINT-LOUIS,Nord,D02,"Boissons alcoolisées, tabac et stupéfiants",9,89.86
01/03/2022,Saint-Louis ,Nord,D02,"Boissons alcoolisées, tabac et stupéfiants",9,90.98
Avril 2022,saint-louis,Nord,D02,"Boissons alcoolisées, tabac et stupéfiants",9,92.64
2022-05-01,SAINT-LOUIS,Nord,D02,"Boissons alcoolisées, tabac et stupéfiants",9,94.28
01/06/2022,SAINT-LOUIS,Nord,D02,"Boissons alcoolisées, tabac et stupéfiants",9,95.11
2022-07-01,SAINT-LOUIS,Nord,D02,"Boissons alcoolisées, tabac et stupéfiants",9,96.28
Août 2022,saint-louis,Nord,D02,"Boissons alcoolisées, tabac et stupéfiants",9,96.93
2022-09-01,Saint-Louis ,Nord,D02,"Boissons alcoolisées, tabac et stupéfiants",9,97.61
2022-10-01,SAINT-LOUIS,Nord,D02,"Boissons alcoolisées, tabac et stupéfiants",9,98.08
Novembre 2022,saint-louis,Nord,D02,"Boissons alcoolisées, tabac et stupéfiants",9,98.65
2022-12-01,Saint-Louis ,Nord,D02,"Boissons alcoolisées, tabac et stupéfiants",9,97.25
2023-01-01,saint-louis,Nord,D02,"Boissons alcoolisées, tabac et stupéfiants",9,96.72
01/02/2023,SAINT-LOUIS,Nord,D02,"Boissons alcoolisées, tabac et stupéfiants",9,97.39
01/03/2023,SAINT-LOUIS,Nord,D02,"Boissons alcoolisées, tabac et stupéfiants",9,98.15
Avril 2023,saint-louis,Nord,D02,"Boissons alcoolisées, tabac et stupéfiants",9,99.42
Mai 2023,SAINT-LOUIS,Nord,D02,"Boissons alcoolisées, tabac et stupéfiants",9,99.97
Juin 2023,saint-louis,Nord,D02,"Boissons alcoolisées, tabac et stupéfiants",9,100.74
Juillet 2023,SAINT-LOUIS,Nord,D02,"Boissons alcoolisées, tabac et stupéfiants",9,100.98
01/08/2023,Saint-Louis ,Nord,D02,"Boissons alcoolisées, tabac et stupéfiants",9,101.06
Septembre 2023,Saint-Louis ,Nord,D02,"Boissons alcoolisées, tabac et stupéfiants",9,101.47
Octobre 2023,SAINT-LOUIS,Nord,D02,"Boissons alcoolisées, tabac et stupéfiants",9,102.15
01/11/2023,Saint-Louis ,Nord,D02,"Boissons alcoolisées, tabac et stupéfiants",9,102.17
Décembre 2023,Saint-Louis ,Nord,D02,"Boissons alcoolisées, tabac et stupéfiants",9,99.77
2024-01-01,saint-louis,Nord,D02,"Boissons alcoolisées, tabac et stupéfiants",9,99.22
01/02/2024,SAINT-LOUIS,Nord,D02,"Boissons alcoolisées, tabac et stupéfiants",9,99.31
01/03/2024,Saint-Louis ,Nord,D02,"Boissons alcoolisées, tabac et stupéfiants",9,99.59
01/04/2024,saint-louis,Nord,D02,"Boissons alcoolisées, tabac et stupéfiants",9,100.48
01/05/2024,saint-louis,Nord,D02,"Boissons alcoolisées, tabac et stupéfiants",9,101.01
01/06/2024,SAINT-LOUIS,Nord,D02,"Boissons alcoolisées, tabac et stupéfiants",9,101.39
Juillet 2024,Saint-Louis ,Nord,D02,"Boissons alcoolisées, tabac et stupéfiants",9,101.41
Août 2024,Saint-Louis ,Nord,D02,"Boissons alcoolisées, tabac et stupéfiants",9,101.56
Septembre 2024,Saint-Louis ,Nord,D02,"Boissons alcoolisées, tabac et stupéfiants",9,101.95
01/10/2024,Saint-Louis ,Nord,D02,"Boissons alcoolisées, tabac et stupéfiants",9,102.2
2024-11-01,SAINT-LOUIS,Nord,D02,"Boissons alcoolisées, tabac et stupéfiants",9,102.36
01/12/2024,Saint-Louis ,Nord,D02,"Boissons alcoolisées, tabac et stupéfiants",9,100.21
01/01/2025,Saint-Louis ,Nord,D02,"Boissons alcoolisées, tabac et stupéfiants",9,100.13
01/02/2025,SAINT-LOUIS,Nord,D02,"Boissons alcoolisées, tabac et stupéfiants",9,100.79
2025-03-01,Saint-Louis ,Nord,D02,"Boissons alcoolisées, tabac et stupéfiants",9,101.08
2025-04-01,Saint-Louis ,Nord,D02,"Boissons alcoolisées, tabac et stupéfiants",9,102.05
01/05/2025,saint-louis,Nord,D02,"Boissons alcoolisées, tabac et stupéfiants",9,102.73
Juin 2025,Saint-Louis ,Nord,D02,"Boissons alcoolisées, tabac et stupéfiants",9,103.39
2025-07-01,saint-louis,Nord,D02,"Boissons alcoolisées, tabac et stupéfiants",9,103.83
2025-08-01,saint-louis,Nord,D02,"Boissons alcoolisées, tabac et stupéfiants",9,103.87
Septembre 2025,SAINT-LOUIS,Nord,D02,"Boissons alcoolisées, tabac et stupéfiants",9,104.14
01/10/2025,saint-louis,Nord,D02,"Boissons alcoolisées, tabac et stupéfiants",9,104.74
01/11/2025,Saint-Louis ,Nord,D02,"Boissons alcoolisées, tabac et stupéfiants",9,105.31
Décembre 2025,saint-louis,Nord,D02,"Boissons alcoolisées, tabac et stupéfiants",9,103.14
01/01/2026,SAINT-LOUIS,Nord,D02,"Boissons alcoolisées, tabac et stupéfiants",9,100.41
Février 2026,Saint-Louis ,Nord,D02,"Boissons alcoolisées, tabac et stupéfiants",9,101.18
2026-03-01,saint-louis,Nord,D02,"Boissons alcoolisées, tabac et stupéfiants",9,102.93
Avril 2026,saint-louis,Nord,D02,"Boissons alcoolisées, tabac et stupéfiants",9,103.28
01/05/2026,saint-louis,Nord,D02,"Boissons alcoolisées, tabac et stupéfiants",9,103.81
2018-01-01,SAINT-LOUIS,Nord,D03,Habillement et chaussures,62,85.61
01/02/2018,saint-louis,Nord,D03,Habillement et chaussures,62,85.7
01/03/2018,Saint-Louis ,Nord,D03,Habillement et chaussures,62,85.96
2018-04-01,SAINT-LOUIS,Nord,D03,Habillement et chaussures,62,86.46
01/05/2018,saint-louis,Nord,D03,Habillement et chaussures,62,86.9
2018-06-01,SAINT-LOUIS,Nord,D03,Habillement et chaussures,62,87.62
01/07/2018,Saint-Louis ,Nord,D03,Habillement et chaussures,62,87.43
01/08/2018,Saint-Louis ,Nord,D03,Habillement et chaussures,62,87.16
2018-09-01,Saint-Louis ,Nord,D03,Habillement et chaussures,62,86.92
01/10/2018,saint-louis,Nord,D03,Habillement et chaussures,62,86.24
2018-11-01,saint-louis,Nord,D03,Habillement et chaussures,62,86.1
01/12/2018,Saint-Louis ,Nord,D03,Habillement et chaussures,62,85.5
2019-01-01,saint-louis,Nord,D03,Habillement et chaussures,62,86.03
Février 2019,saint-louis,Nord,D03,Habillement et chaussures,62,86.28
01/03/2019,SAINT-LOUIS,Nord,D03,Habillement et chaussures,62,86.59
Avril 2019,saint-louis,Nord,D03,Habillement et chaussures,62,87.07
2019-05-01,Saint-Louis ,Nord,D03,Habillement et chaussures,62,87.56
Juin 2019,Saint-Louis ,Nord,D03,Habillement et chaussures,62,87.91
2019-07-01,SAINT-LOUIS,Nord,D03,Habillement et chaussures,62,87.96
2019-08-01,SAINT-LOUIS,Nord,D03,Habillement et chaussures,62,87.82
2019-09-01,SAINT-LOUIS,Nord,D03,Habillement et chaussures,62,87.69
2019-10-01,saint-louis,Nord,D03,Habillement et chaussures,62,86.99
Novembre 2019,Saint-Louis ,Nord,D03,Habillement et chaussures,62,86.42
Décembre 2019,saint-louis,Nord,D03,Habillement et chaussures,62,86.12
2020-01-01,SAINT-LOUIS,Nord,D03,Habillement et chaussures,62,87.07
Février 2020,SAINT-LOUIS,Nord,D03,Habillement et chaussures,62,87.36
2020-03-01,SAINT-LOUIS,Nord,D03,Habillement et chaussures,62,87.92
Avril 2020,SAINT-LOUIS,Nord,D03,Habillement et chaussures,62,88.51
2020-05-01,Saint-Louis ,Nord,D03,Habillement et chaussures,62,89.3
Juin 2020,Saint-Louis ,Nord,D03,Habillement et chaussures,62,89.67
01/07/2020,saint-louis,Nord,D03,Habillement et chaussures,62,89.87
Août 2020,SAINT-LOUIS,Nord,D03,Habillement et chaussures,62,89.83
01/09/2020,Saint-Louis ,Nord,D03,Habillement et chaussures,62,89.38
2020-10-01,Saint-Louis ,Nord,D03,Habillement et chaussures,62,88.57
Novembre 2020,Saint-Louis ,Nord,D03,Habillement et chaussures,62,88.05
01/12/2020,SAINT-LOUIS,Nord,D03,Habillement et chaussures,62,87.79
Janvier 2021,SAINT-LOUIS,Nord,D03,Habillement et chaussures,62,88.37
2021-02-01,SAINT-LOUIS,Nord,D03,Habillement et chaussures,62,88.25
Mars 2021,Saint-Louis ,Nord,D03,Habillement et chaussures,62,89.13
2021-04-01,Saint-Louis ,Nord,D03,Habillement et chaussures,62,89.62
Mai 2021,Saint-Louis ,Nord,D03,Habillement et chaussures,62,90.42
Juin 2021,saint-louis,Nord,D03,Habillement et chaussures,62,91.01
Juillet 2021,saint-louis,Nord,D03,Habillement et chaussures,62,91.17
2021-08-01,saint-louis,Nord,D03,Habillement et chaussures,62,91.06
Septembre 2021,SAINT-LOUIS,Nord,D03,Habillement et chaussures,62,90.81
Octobre 2021,SAINT-LOUIS,Nord,D03,Habillement et chaussures,62,90.28
Novembre 2021,saint-louis,Nord,D03,Habillement et chaussures,62,89.72
Décembre 2021,saint-louis,Nord,D03,Habillement et chaussures,62,89.73
2022-01-01,saint-louis,Nord,D03,Habillement et chaussures,62,91.08
Février 2022,Saint-Louis ,Nord,D03,Habillement et chaussures,62,92.14
2022-03-01,SAINT-LOUIS,Nord,D03,Habillement et chaussures,62,93.1
Avril 2022,Saint-Louis ,Nord,D03,Habillement et chaussures,62,94.8
Mai 2022,Saint-Louis ,Nord,D03,Habillement et chaussures,62,96.29
Juin 2022,Saint-Louis ,Nord,D03,Habillement et chaussures,62,97.2
01/07/2022,SAINT-LOUIS,Nord,D03,Habillement et chaussures,62,98.08
Août 2022,SAINT-LOUIS,Nord,D03,Habillement et chaussures,62,98.5
01/09/2022,saint-louis,Nord,D03,Habillement et chaussures,62,98.98
Octobre 2022,saint-louis,Nord,D03,Habillement et chaussures,62,99.03
Novembre 2022,saint-louis,Nord,D03,Habillement et chaussures,62,98.48
2022-12-01,Saint-Louis ,Nord,D03,Habillement et chaussures,62,97.6
Janvier 2023,SAINT-LOUIS,Nord,D03,Habillement et chaussures,62,
Février 2023,Saint-Louis ,Nord,D03,Habillement et chaussures,62,97.8
01/03/2023,SAINT-LOUIS,Nord,D03,Habillement et chaussures,62,98.63
Avril 2023,saint-louis,Nord,D03,Habillement et chaussures,62,99.3
Mai 2023,Saint-Louis ,Nord,D03,Habillement et chaussures,62,100.51
01/06/2023,SAINT-LOUIS,Nord,D03,Habillement et chaussures,62,101.18
2023-07-01,saint-louis,Nord,D03,Habillement et chaussures,62,101.58
2023-08-01,saint-louis,Nord,D03,Habillement et chaussures,62,101.53
01/09/2023,saint-louis,Nord,D03,Habillement et chaussures,62,101.61
01/10/2023,Saint-Louis ,Nord,D03,Habillement et chaussures,62,101.26
2023-11-01,SAINT-LOUIS,Nord,D03,Habillement et chaussures,62,100.99
2023-12-01,Saint-Louis ,Nord,D03,Habillement et chaussures,62,99.45
2024-01-01,SAINT-LOUIS,Nord,D03,Habillement et chaussures,62,98.72
01/02/2024,Saint-Louis ,Nord,D03,Habillement et chaussures,62,99.07
Mars 2024,Saint-Louis ,Nord,D03,Habillement et chaussures,62,99.45
Avril 2024,Saint-Louis ,Nord,D03,Habillement et chaussures,62,100.11
01/05/2024,Saint-Louis ,Nord,D03,Habillement et chaussures,62,100.91
2024-06-01,SAINT-LOUIS,Nord,D03,Habillement et chaussures,62,101.44
Juillet 2024,SAINT-LOUIS,Nord,D03,Habillement et chaussures,62,101.92
01/08/2024,SAINT-LOUIS,Nord,D03,Habillement et chaussures,62,101.91
2024-09-01,saint-louis,Nord,D03,Habillement et chaussures,62,101.63
Octobre 2024,saint-louis,Nord,D03,Habillement et chaussures,62,101.72
Novembre 2024,SAINT-LOUIS,Nord,D03,Habillement et chaussures,62,101.55
Décembre 2024,SAINT-LOUIS,Nord,D03,Habillement et chaussures,62,99.71
Janvier 2025,Saint-Louis ,Nord,D03,Habillement et chaussures,62,99.2
2025-02-01,Saint-Louis ,Nord,D03,Habillement et chaussures,62,100.03
01/03/2025,Saint-Louis ,Nord,D03,Habillement et chaussures,62,100.52
01/04/2025,saint-louis,Nord,D03,Habillement et chaussures,62,101.42
01/05/2025,Saint-Louis ,Nord,D03,Habillement et chaussures,62,102.23
2025-06-01,SAINT-LOUIS,Nord,D03,Habillement et chaussures,62,102.84
01/07/2025,Saint-Louis ,Nord,D03,Habillement et chaussures,62,103.13
01/08/2025,SAINT-LOUIS,Nord,D03,Habillement et chaussures,62,103.54
01/09/2025,saint-louis,Nord,D03,Habillement et chaussures,62,103.33
01/10/2025,Saint-Louis ,Nord,D03,Habillement et chaussures,62,103.84
Novembre 2025,SAINT-LOUIS,Nord,D03,Habillement et chaussures,62,103.08
2025-12-01,Saint-Louis ,Nord,D03,Habillement et chaussures,62,101.41
01/01/2026,saint-louis,Nord,D03,Habillement et chaussures,62,99.67
2026-02-01,SAINT-LOUIS,Nord,D03,Habillement et chaussures,62,100.6
Mars 2026,Saint-Louis ,Nord,D03,Habillement et chaussures,62,101.51
01/04/2026,Saint-Louis ,Nord,D03,Habillement et chaussures,62,102.32
Mai 2026,Saint-Louis ,Nord,D03,Habillement et chaussures,62,102.71
2018-01-01,Saint-Louis ,Nord,D04,"Logement, eau, électricité, gaz et autres combustibles",105,78.2
Février 2018,Saint-Louis ,Nord,D04,"Logement, eau, électricité, gaz et autres combustibles",105,78.24
Mars 2018,Saint-Louis ,Nord,D04,"Logement, eau, électricité, gaz et autres combustibles",105,78.4
2018-04-01,SAINT-LOUIS,Nord,D04,"Logement, eau, électricité, gaz et autres combustibles",105,78.97
Mai 2018,saint-louis,Nord,D04,"Logement, eau, électricité, gaz et autres combustibles",105,79.02
Juin 2018,saint-louis,Nord,D04,"Logement, eau, électricité, gaz et autres combustibles",105,79.35
Juillet 2018,SAINT-LOUIS,Nord,D04,"Logement, eau, électricité, gaz et autres combustibles",105,79.49
Août 2018,SAINT-LOUIS,Nord,D04,"Logement, eau, électricité, gaz et autres combustibles",105,79.37
2018-09-01,Saint-Louis ,Nord,D04,"Logement, eau, électricité, gaz et autres combustibles",105,79.27
2018-10-01,saint-louis,Nord,D04,"Logement, eau, électricité, gaz et autres combustibles",105,78.92
01/11/2018,SAINT-LOUIS,Nord,D04,"Logement, eau, électricité, gaz et autres combustibles",105,78.66
Décembre 2018,Saint-Louis ,Nord,D04,"Logement, eau, électricité, gaz et autres combustibles",105,78.43
01/01/2019,SAINT-LOUIS,Nord,D04,"Logement, eau, électricité, gaz et autres combustibles",105,79.13
2019-02-01,SAINT-LOUIS,Nord,D04,"Logement, eau, électricité, gaz et autres combustibles",105,79.13
2019-03-01,SAINT-LOUIS,Nord,D04,"Logement, eau, électricité, gaz et autres combustibles",105,79.47
Avril 2019,SAINT-LOUIS,Nord,D04,"Logement, eau, électricité, gaz et autres combustibles",105,79.89
Mai 2019,SAINT-LOUIS,Nord,D04,"Logement, eau, électricité, gaz et autres combustibles",105,80.22
Juin 2019,saint-louis,Nord,D04,"Logement, eau, électricité, gaz et autres combustibles",105,80.43
Juillet 2019,SAINT-LOUIS,Nord,D04,"Logement, eau, électricité, gaz et autres combustibles",105,80.52
2019-08-01,Saint-Louis ,Nord,D04,"Logement, eau, électricité, gaz et autres combustibles",105,80.36
2019-09-01,saint-louis,Nord,D04,"Logement, eau, électricité, gaz et autres combustibles",105,80.24
Octobre 2019,SAINT-LOUIS,Nord,D04,"Logement, eau, électricité, gaz et autres combustibles",105,79.82
2019-11-01,SAINT-LOUIS,Nord,D04,"Logement, eau, électricité, gaz et autres combustibles",105,79.41
Décembre 2019,SAINT-LOUIS,Nord,D04,"Logement, eau, électricité, gaz et autres combustibles",105,79.17
01/01/2020,saint-louis,Nord,D04,"Logement, eau, électricité, gaz et autres combustibles",105,80.31
2020-02-01,saint-louis,Nord,D04,"Logement, eau, électricité, gaz et autres combustibles",105,80.96
Mars 2020,Saint-Louis ,Nord,D04,"Logement, eau, électricité, gaz et autres combustibles",105,81.42
Avril 2020,SAINT-LOUIS,Nord,D04,"Logement, eau, électricité, gaz et autres combustibles",105,81.96
01/05/2020,SAINT-LOUIS,Nord,D04,"Logement, eau, électricité, gaz et autres combustibles",105,82.81
Juin 2020,saint-louis,Nord,D04,"Logement, eau, électricité, gaz et autres combustibles",105,83.17
2020-07-01,Saint-Louis ,Nord,D04,"Logement, eau, électricité, gaz et autres combustibles",105,83.22
Août 2020,saint-louis,Nord,D04,"Logement, eau, électricité, gaz et autres combustibles",105,83.34
01/09/2020,SAINT-LOUIS,Nord,D04,"Logement, eau, électricité, gaz et autres combustibles",105,82.79
01/10/2020,saint-louis,Nord,D04,"Logement, eau, électricité, gaz et autres combustibles",105,82.36
01/11/2020,saint-louis,Nord,D04,"Logement, eau, électricité, gaz et autres combustibles",105,81.98
Décembre 2020,saint-louis,Nord,D04,"Logement, eau, électricité, gaz et autres combustibles",105,81.79
Janvier 2021,SAINT-LOUIS,Nord,D04,"Logement, eau, électricité, gaz et autres combustibles",105,82.31
Février 2021,SAINT-LOUIS,Nord,D04,"Logement, eau, électricité, gaz et autres combustibles",105,82.58
01/03/2021,Saint-Louis ,Nord,D04,"Logement, eau, électricité, gaz et autres combustibles",105,83.38
Avril 2021,saint-louis,Nord,D04,"Logement, eau, électricité, gaz et autres combustibles",105,83.94
Mai 2021,SAINT-LOUIS,Nord,D04,"Logement, eau, électricité, gaz et autres combustibles",105,84.92
01/06/2021,saint-louis,Nord,D04,"Logement, eau, électricité, gaz et autres combustibles",105,85.24
2021-07-01,SAINT-LOUIS,Nord,D04,"Logement, eau, électricité, gaz et autres combustibles",105,85.12
Août 2021,SAINT-LOUIS,Nord,D04,"Logement, eau, électricité, gaz et autres combustibles",105,85.45
2021-09-01,saint-louis,Nord,D04,"Logement, eau, électricité, gaz et autres combustibles",105,85.46
Octobre 2021,Saint-Louis ,Nord,D04,"Logement, eau, électricité, gaz et autres combustibles",105,85.13
Novembre 2021,Saint-Louis ,Nord,D04,"Logement, eau, électricité, gaz et autres combustibles",105,84.89
01/12/2021,Saint-Louis ,Nord,D04,"Logement, eau, électricité, gaz et autres combustibles",105,84.37
Janvier 2022,saint-louis,Nord,D04,"Logement, eau, électricité, gaz et autres combustibles",105,86.78
2022-02-01,Saint-Louis ,Nord,D04,"Logement, eau, électricité, gaz et autres combustibles",105,
Mars 2022,SAINT-LOUIS,Nord,D04,"Logement, eau, électricité, gaz et autres combustibles",105,89.85
2022-04-01,saint-louis,Nord,D04,"Logement, eau, électricité, gaz et autres combustibles",105,91.45
Mai 2022,saint-louis,Nord,D04,"Logement, eau, électricité, gaz et autres combustibles",105,93.33
2022-06-01,saint-louis,Nord,D04,"Logement, eau, électricité, gaz et autres combustibles",105,
Juillet 2022,Saint-Louis ,Nord,D04,"Logement, eau, électricité, gaz et autres combustibles",105,96.1
01/08/2022,Saint-Louis ,Nord,D04,"Logement, eau, électricité, gaz et autres combustibles",105,96.91
01/09/2022,saint-louis,Nord,D04,"Logement, eau, électricité, gaz et autres combustibles",105,97.47
2022-10-01,SAINT-LOUIS,Nord,D04,"Logement, eau, électricité, gaz et autres combustibles",105,97.72
Novembre 2022,SAINT-LOUIS,Nord,D04,"Logement, eau, électricité, gaz et autres combustibles",105,98.26
01/12/2022,saint-louis,Nord,D04,"Logement, eau, électricité, gaz et autres combustibles",105,96.2
01/01/2023,Saint-Louis ,Nord,D04,"Logement, eau, électricité, gaz et autres combustibles",105,96.35
2023-02-01,SAINT-LOUIS,Nord,D04,"Logement, eau, électricité, gaz et autres combustibles",105,97.19
Mars 2023,Saint-Louis ,Nord,D04,"Logement, eau, électricité, gaz et autres combustibles",105,98.16
2023-04-01,saint-louis,Nord,D04,"Logement, eau, électricité, gaz et autres combustibles",105,98.97
01/05/2023,saint-louis,Nord,D04,"Logement, eau, électricité, gaz et autres combustibles",105,99.79
01/06/2023,SAINT-LOUIS,Nord,D04,"Logement, eau, électricité, gaz et autres combustibles",105,100.83
Juillet 2023,SAINT-LOUIS,Nord,D04,"Logement, eau, électricité, gaz et autres combustibles",105,101.68
2023-08-01,saint-louis,Nord,D04,"Logement, eau, électricité, gaz et autres combustibles",105,101.54
Septembre 2023,SAINT-LOUIS,Nord,D04,"Logement, eau, électricité, gaz et autres combustibles",105,101.72
2023-10-01,saint-louis,Nord,D04,"Logement, eau, électricité, gaz et autres combustibles",105,102.25
2023-11-01,saint-louis,Nord,D04,"Logement, eau, électricité, gaz et autres combustibles",105,102.25
01/12/2023,saint-louis,Nord,D04,"Logement, eau, électricité, gaz et autres combustibles",105,99.64
Janvier 2024,saint-louis,Nord,D04,"Logement, eau, électricité, gaz et autres combustibles",105,98.72
01/02/2024,Saint-Louis ,Nord,D04,"Logement, eau, électricité, gaz et autres combustibles",105,99.14
2024-03-01,saint-louis,Nord,D04,"Logement, eau, électricité, gaz et autres combustibles",105,99.78
Avril 2024,saint-louis,Nord,D04,"Logement, eau, électricité, gaz et autres combustibles",105,100.66
2024-05-01,saint-louis,Nord,D04,"Logement, eau, électricité, gaz et autres combustibles",105,101.19
2024-06-01,saint-louis,Nord,D04,"Logement, eau, électricité, gaz et autres combustibles",105,101.77
01/07/2024,SAINT-LOUIS,Nord,D04,"Logement, eau, électricité, gaz et autres combustibles",105,102.14
Août 2024,SAINT-LOUIS,Nord,D04,"Logement, eau, électricité, gaz et autres combustibles",105,101.86
01/09/2024,Saint-Louis ,Nord,D04,"Logement, eau, électricité, gaz et autres combustibles",105,102.32
Octobre 2024,SAINT-LOUIS,Nord,D04,"Logement, eau, électricité, gaz et autres combustibles",105,102.37
Novembre 2024,SAINT-LOUIS,Nord,D04,"Logement, eau, électricité, gaz et autres combustibles",105,102.21
Décembre 2024,Saint-Louis ,Nord,D04,"Logement, eau, électricité, gaz et autres combustibles",105,99.96
01/01/2025,Saint-Louis ,Nord,D04,"Logement, eau, électricité, gaz et autres combustibles",105,99.74
Février 2025,Saint-Louis ,Nord,D04,"Logement, eau, électricité, gaz et autres combustibles",105,100.61
Mars 2025,Saint-Louis ,Nord,D04,"Logement, eau, électricité, gaz et autres combustibles",105,101.38
01/04/2025,SAINT-LOUIS,Nord,D04,"Logement, eau, électricité, gaz et autres combustibles",105,102.31
2025-05-01,Saint-Louis ,Nord,D04,"Logement, eau, électricité, gaz et autres combustibles",105,103.54
2025-06-01,saint-louis,Nord,D04,"Logement, eau, électricité, gaz et autres combustibles",105,103.83
01/07/2025,SAINT-LOUIS,Nord,D04,"Logement, eau, électricité, gaz et autres combustibles",105,104.52
01/08/2025,SAINT-LOUIS,Nord,D04,"Logement, eau, électricité, gaz et autres combustibles",105,104.85
Septembre 2025,SAINT-LOUIS,Nord,D04,"Logement, eau, électricité, gaz et autres combustibles",105,105.05
01/10/2025,saint-louis,Nord,D04,"Logement, eau, électricité, gaz et autres combustibles",105,105.51
2025-11-01,Saint-Louis ,Nord,D04,"Logement, eau, électricité, gaz et autres combustibles",105,105.52
2025-12-01,saint-louis,Nord,D04,"Logement, eau, électricité, gaz et autres combustibles",105,103.68
2026-01-01,Saint-Louis ,Nord,D04,"Logement, eau, électricité, gaz et autres combustibles",105,100.25
2026-02-01,SAINT-LOUIS,Nord,D04,"Logement, eau, électricité, gaz et autres combustibles",105,101.79
2026-03-01,saint-louis,Nord,D04,"Logement, eau, électricité, gaz et autres combustibles",105,102.96
Avril 2026,Saint-Louis ,Nord,D04,"Logement, eau, électricité, gaz et autres combustibles",105,103.83
2026-05-01,saint-louis,Nord,D04,"Logement, eau, électricité, gaz et autres combustibles",105,104.41
2018-01-01,Saint-Louis ,Nord,D05,"Meubles, articles de ménage et entretien courant",51,84.15
01/02/2018,saint-louis,Nord,D05,"Meubles, articles de ménage et entretien courant",51,84.15
01/03/2018,SAINT-LOUIS,Nord,D05,"Meubles, articles de ménage et entretien courant",51,84.45
2018-04-01,Saint-Louis ,Nord,D05,"Meubles, articles de ménage et entretien courant",51,84.75
Mai 2018,SAINT-LOUIS,Nord,D05,"Meubles, articles de ménage et entretien courant",51,84.87
01/06/2018,Saint-Louis ,Nord,D05,"Meubles, articles de ménage et entretien courant",51,85.14
Juillet 2018,SAINT-LOUIS,Nord,D05,"Meubles, articles de ménage et entretien courant",51,85.11
Août 2018,saint-louis,Nord,D05,"Meubles, articles de ménage et entretien courant",51,85.41
Septembre 2018,Saint-Louis ,Nord,D05,"Meubles, articles de ménage et entretien courant",51,84.91
Octobre 2018,Saint-Louis ,Nord,D05,"Meubles, articles de ménage et entretien courant",51,84.84
01/11/2018,saint-louis,Nord,D05,"Meubles, articles de ménage et entretien courant",51,84.36
01/12/2018,saint-louis,Nord,D05,"Meubles, articles de ménage et entretien courant",51,84.24
01/01/2019,SAINT-LOUIS,Nord,D05,"Meubles, articles de ménage et entretien courant",51,84.52
01/02/2019,Saint-Louis ,Nord,D05,"Meubles, articles de ménage et entretien courant",51,84.74
2019-03-01,SAINT-LOUIS,Nord,D05,"Meubles, articles de ménage et entretien courant",51,85.07
Avril 2019,Saint-Louis ,Nord,D05,"Meubles, articles de ménage et entretien courant",51,85.56
Mai 2019,saint-louis,Nord,D05,"Meubles, articles de ménage et entretien courant",51,85.68
2019-06-01,saint-louis,Nord,D05,"Meubles, articles de ménage et entretien courant",51,86.05
Juillet 2019,saint-louis,Nord,D05,"Meubles, articles de ménage et entretien courant",51,86.02
Août 2019,Saint-Louis ,Nord,D05,"Meubles, articles de ménage et entretien courant",51,86.07
2019-09-01,SAINT-LOUIS,Nord,D05,"Meubles, articles de ménage et entretien courant",51,85.63
01/10/2019,saint-louis,Nord,D05,"Meubles, articles de ménage et entretien courant",51,85.66
Novembre 2019,SAINT-LOUIS,Nord,D05,"Meubles, articles de ménage et entretien courant",51,85.01
Décembre 2019,saint-louis,Nord,D05,"Meubles, articles de ménage et entretien courant",51,84.79
01/01/2020,SAINT-LOUIS,Nord,D05,"Meubles, articles de ménage et entretien courant",51,85.62
01/02/2020,SAINT-LOUIS,Nord,D05,"Meubles, articles de ménage et entretien courant",51,86.37
01/03/2020,Saint-Louis ,Nord,D05,"Meubles, articles de ménage et entretien courant",51,86.61
2020-04-01,Saint-Louis ,Nord,D05,"Meubles, articles de ménage et entretien courant",51,86.97
2020-05-01,SAINT-LOUIS,Nord,D05,"Meubles, articles de ménage et entretien courant",51,87.68
Juin 2020,SAINT-LOUIS,Nord,D05,"Meubles, articles de ménage et entretien courant",51,88.01
2020-07-01,SAINT-LOUIS,Nord,D05,"Meubles, articles de ménage et entretien courant",51,88.3
2020-08-01,SAINT-LOUIS,Nord,D05,"Meubles, articles de ménage et entretien courant",51,87.69
2020-09-01,SAINT-LOUIS,Nord,D05,"Meubles, articles de ménage et entretien courant",51,87.58
Octobre 2020,saint-louis,Nord,D05,"Meubles, articles de ménage et entretien courant",51,87.2
Novembre 2020,saint-louis,Nord,D05,"Meubles, articles de ménage et entretien courant",51,86.67
01/12/2020,Saint-Louis ,Nord,D05,"Meubles, articles de ménage et entretien courant",51,86.81
01/01/2021,SAINT-LOUIS,Nord,D05,"Meubles, articles de ménage et entretien courant",51,87.11
2021-02-01,saint-louis,Nord,D05,"Meubles, articles de ménage et entretien courant",51,87.56
2021-03-01,SAINT-LOUIS,Nord,D05,"Meubles, articles de ménage et entretien courant",51,88.22
01/04/2021,saint-louis,Nord,D05,"Meubles, articles de ménage et entretien courant",51,88.39
01/05/2021,Saint-Louis ,Nord,D05,"Meubles, articles de ménage et entretien courant",51,88.9
01/06/2021,Saint-Louis ,Nord,D05,"Meubles, articles de ménage et entretien courant",51,89.4
01/07/2021,SAINT-LOUIS,Nord,D05,"Meubles, articles de ménage et entretien courant",51,89.65
2021-08-01,Saint-Louis ,Nord,D05,"Meubles, articles de ménage et entretien courant",51,89.42
Septembre 2021,Saint-Louis ,Nord,D05,"Meubles, articles de ménage et entretien courant",51,89.26
Octobre 2021,Saint-Louis ,Nord,D05,"Meubles, articles de ménage et entretien courant",51,89.26
2021-11-01,SAINT-LOUIS,Nord,D05,"Meubles, articles de ménage et entretien courant",51,88.95
2021-12-01,SAINT-LOUIS,Nord,D05,"Meubles, articles de ménage et entretien courant",51,88.5
2022-01-01,saint-louis,Nord,D05,"Meubles, articles de ménage et entretien courant",51,90.19
2022-02-01,SAINT-LOUIS,Nord,D05,"Meubles, articles de ménage et entretien courant",51,91.65
01/03/2022,saint-louis,Nord,D05,"Meubles, articles de ménage et entretien courant",51,92.74
2022-04-01,SAINT-LOUIS,Nord,D05,"Meubles, articles de ménage et entretien courant",51,93.9
01/05/2022,Saint-Louis ,Nord,D05,"Meubles, articles de ménage et entretien courant",51,95.31
Juin 2022,Saint-Louis ,Nord,D05,"Meubles, articles de ménage et entretien courant",51,96.45
2022-07-01,SAINT-LOUIS,Nord,D05,"Meubles, articles de ménage et entretien courant",51,
2022-08-01,Saint-Louis ,Nord,D05,"Meubles, articles de ménage et entretien courant",51,97.6
2022-09-01,SAINT-LOUIS,Nord,D05,"Meubles, articles de ménage et entretien courant",51,98.12
Octobre 2022,saint-louis,Nord,D05,"Meubles, articles de ménage et entretien courant",51,98.62
Novembre 2022,Saint-Louis ,Nord,D05,"Meubles, articles de ménage et entretien courant",51,98.84
Décembre 2022,Saint-Louis ,Nord,D05,"Meubles, articles de ménage et entretien courant",51,97.47
Janvier 2023,saint-louis,Nord,D05,"Meubles, articles de ménage et entretien courant",51,97.1
01/02/2023,saint-louis,Nord,D05,"Meubles, articles de ménage et entretien courant",51,97.89
2023-03-01,SAINT-LOUIS,Nord,D05,"Meubles, articles de ménage et entretien courant",51,98.71
01/04/2023,Saint-Louis ,Nord,D05,"Meubles, articles de ménage et entretien courant",51,
Mai 2023,SAINT-LOUIS,Nord,D05,"Meubles, articles de ménage et entretien courant",51,100.17
01/06/2023,SAINT-LOUIS,Nord,D05,"Meubles, articles de ménage et entretien courant",51,100.78
2023-07-01,saint-louis,Nord,D05,"Meubles, articles de ménage et entretien courant",51,100.94
2023-08-01,Saint-Louis ,Nord,D05,"Meubles, articles de ménage et entretien courant",51,101.16
01/09/2023,saint-louis,Nord,D05,"Meubles, articles de ménage et entretien courant",51,101.52
Octobre 2023,saint-louis,Nord,D05,"Meubles, articles de ménage et entretien courant",51,101.42
01/11/2023,SAINT-LOUIS,Nord,D05,"Meubles, articles de ménage et entretien courant",51,101.34
01/12/2023,SAINT-LOUIS,Nord,D05,"Meubles, articles de ménage et entretien courant",51,99.65
Janvier 2024,SAINT-LOUIS,Nord,D05,"Meubles, articles de ménage et entretien courant",51,99.09
2024-02-01,SAINT-LOUIS,Nord,D05,"Meubles, articles de ménage et entretien courant",51,99.28
Mars 2024,saint-louis,Nord,D05,"Meubles, articles de ménage et entretien courant",51,99.84
2024-04-01,saint-louis,Nord,D05,"Meubles, articles de ménage et entretien courant",51,100.34
2024-05-01,SAINT-LOUIS,Nord,D05,"Meubles, articles de ménage et entretien courant",51,100.92
2024-06-01,saint-louis,Nord,D05,"Meubles, articles de ménage et entretien courant",51,101.41
01/07/2024,Saint-Louis ,Nord,D05,"Meubles, articles de ménage et entretien courant",51,101.57
2024-08-01,SAINT-LOUIS,Nord,D05,"Meubles, articles de ménage et entretien courant",51,101.33
2024-09-01,saint-louis,Nord,D05,"Meubles, articles de ménage et entretien courant",51,101.45
01/10/2024,SAINT-LOUIS,Nord,D05,"Meubles, articles de ménage et entretien courant",51,101.72
Novembre 2024,Saint-Louis ,Nord,D05,"Meubles, articles de ménage et entretien courant",51,101.78
Décembre 2024,saint-louis,Nord,D05,"Meubles, articles de ménage et entretien courant",51,100.0
Janvier 2025,Saint-Louis ,Nord,D05,"Meubles, articles de ménage et entretien courant",51,99.78
Février 2025,SAINT-LOUIS,Nord,D05,"Meubles, articles de ménage et entretien courant",51,100.22
01/03/2025,Saint-Louis ,Nord,D05,"Meubles, articles de ménage et entretien courant",51,100.79
2025-04-01,Saint-Louis ,Nord,D05,"Meubles, articles de ménage et entretien courant",51,101.51
01/05/2025,Saint-Louis ,Nord,D05,"Meubles, articles de ménage et entretien courant",51,102.44
01/06/2025,Saint-Louis ,Nord,D05,"Meubles, articles de ménage et entretien courant",51,102.86
Juillet 2025,Saint-Louis ,Nord,D05,"Meubles, articles de ménage et entretien courant",51,103.58
01/08/2025,SAINT-LOUIS,Nord,D05,"Meubles, articles de ménage et entretien courant",51,103.41
Septembre 2025,SAINT-LOUIS,Nord,D05,"Meubles, articles de ménage et entretien courant",51,103.59
01/10/2025,Saint-Louis ,Nord,D05,"Meubles, articles de ménage et entretien courant",51,103.87
Novembre 2025,SAINT-LOUIS,Nord,D05,"Meubles, articles de ménage et entretien courant",51,104.08
2025-12-01,saint-louis,Nord,D05,"Meubles, articles de ménage et entretien courant",51,102.45
Janvier 2026,SAINT-LOUIS,Nord,D05,"Meubles, articles de ménage et entretien courant",51,100.48
01/02/2026,SAINT-LOUIS,Nord,D05,"Meubles, articles de ménage et entretien courant",51,100.83
01/03/2026,SAINT-LOUIS,Nord,D05,"Meubles, articles de ménage et entretien courant",51,102.13
01/04/2026,Saint-Louis ,Nord,D05,"Meubles, articles de ménage et entretien courant",51,102.55
2026-05-01,SAINT-LOUIS,Nord,D05,"Meubles, articles de ménage et entretien courant",51,102.83
01/01/2018,SAINT-LOUIS,Nord,D06,Santé,42,87.95
Février 2018,SAINT-LOUIS,Nord,D06,Santé,42,88.07
2018-03-01,saint-louis,Nord,D06,Santé,42,87.93
01/04/2018,SAINT-LOUIS,Nord,D06,Santé,42,88.23
01/05/2018,Saint-Louis ,Nord,D06,Santé,42,88.18
2018-06-01,saint-louis,Nord,D06,Santé,42,88.37
2018-07-01,Saint-Louis ,Nord,D06,Santé,42,88.7
2018-08-01,Saint-Louis ,Nord,D06,Santé,42,88.45
01/09/2018,SAINT-LOUIS,Nord,D06,Santé,42,88.23
2018-10-01,Saint-Louis ,Nord,D06,Santé,42,88.22
Novembre 2018,saint-louis,Nord,D06,Santé,42,87.94
2018-12-01,saint-louis,Nord,D06,Santé,42,87.82
2019-01-01,Saint-Louis ,Nord,D06,Santé,42,88.37
Février 2019,SAINT-LOUIS,Nord,D06,Santé,42,88.19
01/03/2019,Saint-Louis ,Nord,D06,Santé,42,88.39
2019-04-01,saint-louis,Nord,D06,Santé,42,88.75
01/05/2019,SAINT-LOUIS,Nord,D06,Santé,42,89.07
2019-06-01,saint-louis,Nord,D06,Santé,42,89.26
01/07/2019,SAINT-LOUIS,Nord,D06,Santé,42,89.05
01/08/2019,SAINT-LOUIS,Nord,D06,Santé,42,89.21
01/09/2019,SAINT-LOUIS,Nord,D06,Santé,42,88.83
Octobre 2019,saint-louis,Nord,D06,Santé,42,88.98
Novembre 2019,SAINT-LOUIS,Nord,D06,Santé,42,88.39
01/12/2019,SAINT-LOUIS,Nord,D06,Santé,42,88.59
Janvier 2020,Saint-Louis ,Nord,D06,Santé,42,89.03
Février 2020,saint-louis,Nord,D06,Santé,42,89.61
01/03/2020,SAINT-LOUIS,Nord,D06,Santé,42,89.74
2020-04-01,Saint-Louis ,Nord,D06,Santé,42,89.89
2020-05-01,Saint-Louis ,Nord,D06,Santé,42,90.31
2020-06-01,SAINT-LOUIS,Nord,D06,Santé,42,90.79
2020-07-01,SAINT-LOUIS,Nord,D06,Santé,42,90.91
2020-08-01,saint-louis,Nord,D06,Santé,42,90.66
Septembre 2020,SAINT-LOUIS,Nord,D06,Santé,42,90.48
Octobre 2020,Saint-Louis ,Nord,D06,Santé,42,90.33
01/11/2020,saint-louis,Nord,D06,Santé,42,90.0
01/12/2020,SAINT-LOUIS,Nord,D06,Santé,42,89.63
2021-01-01,Saint-Louis ,Nord,D06,Santé,42,90.07
01/02/2021,saint-louis,Nord,D06,Santé,42,90.45
Mars 2021,SAINT-LOUIS,Nord,D06,Santé,42,90.91
2021-04-01,saint-louis,Nord,D06,Santé,42,91.35
01/05/2021,Saint-Louis ,Nord,D06,Santé,42,91.61
01/06/2021,saint-louis,Nord,D06,Santé,42,91.86
01/07/2021,SAINT-LOUIS,Nord,D06,Santé,42,92.01
01/08/2021,SAINT-LOUIS,Nord,D06,Santé,42,91.82
2021-09-01,Saint-Louis ,Nord,D06,Santé,42,91.79
Octobre 2021,Saint-Louis ,Nord,D06,Santé,42,91.55
Novembre 2021,SAINT-LOUIS,Nord,D06,Santé,42,91.35
2021-12-01,SAINT-LOUIS,Nord,D06,Santé,42,91.48
Janvier 2022,Saint-Louis ,Nord,D06,Santé,42,92.69
01/02/2022,SAINT-LOUIS,Nord,D06,Santé,42,93.6
Mars 2022,saint-louis,Nord,D06,Santé,42,94.51
2022-04-01,Saint-Louis ,Nord,D06,Santé,42,95.46
2022-05-01,Saint-Louis ,Nord,D06,Santé,42,96.5
2022-06-01,Saint-Louis ,Nord,D06,Santé,42,97.24
01/07/2022,saint-louis,Nord,D06,Santé,42,97.88
01/08/2022,SAINT-LOUIS,Nord,D06,Santé,42,98.18
Septembre 2022,SAINT-LOUIS,Nord,D06,Santé,42,98.71
01/10/2022,Saint-Louis ,Nord,D06,Santé,42,99.05
Novembre 2022,SAINT-LOUIS,Nord,D06,Santé,42,99.1
2022-12-01,saint-louis,Nord,D06,Santé,42,98.09
2023-01-01,saint-louis,Nord,D06,Santé,42,97.9
Février 2023,SAINT-LOUIS,Nord,D06,Santé,42,98.33
2023-03-01,saint-louis,Nord,D06,Santé,42,98.75
Avril 2023,SAINT-LOUIS,Nord,D06,Santé,42,99.67
01/05/2023,Saint-Louis ,Nord,D06,Santé,42,100.23
01/06/2023,SAINT-LOUIS,Nord,D06,Santé,42,100.62
2023-07-01,SAINT-LOUIS,Nord,D06,Santé,42,101.04
2023-08-01,Saint-Louis ,Nord,D06,Santé,42,100.81
2023-09-01,SAINT-LOUIS,Nord,D06,Santé,42,101.45
Octobre 2023,saint-louis,Nord,D06,Santé,42,101.07
01/11/2023,saint-louis,Nord,D06,Santé,42,101.21
2023-12-01,saint-louis,Nord,D06,Santé,42,99.8
2024-01-01,Saint-Louis ,Nord,D06,Santé,42,99.39
Février 2024,Saint-Louis ,Nord,D06,Santé,42,99.66
Mars 2024,SAINT-LOUIS,Nord,D06,Santé,42,99.81
2024-04-01,saint-louis,Nord,D06,Santé,42,100.44
01/05/2024,saint-louis,Nord,D06,Santé,42,100.58
Juin 2024,Saint-Louis ,Nord,D06,Santé,42,100.88
2024-07-01,saint-louis,Nord,D06,Santé,42,100.87
Août 2024,Saint-Louis ,Nord,D06,Santé,42,101.13
Septembre 2024,saint-louis,Nord,D06,Santé,42,101.16
2024-10-01,saint-louis,Nord,D06,Santé,42,101.23
01/11/2024,saint-louis,Nord,D06,Santé,42,101.33
01/12/2024,SAINT-LOUIS,Nord,D06,Santé,42,100.59
Janvier 2025,saint-louis,Nord,D06,Santé,42,99.89
01/02/2025,Saint-Louis ,Nord,D06,Santé,42,100.03
2025-03-01,Saint-Louis ,Nord,D06,Santé,42,100.57
2025-04-01,SAINT-LOUIS,Nord,D06,Santé,42,101.14
01/05/2025,saint-louis,Nord,D06,Santé,42,101.73
01/06/2025,Saint-Louis ,Nord,D06,Santé,42,102.14
01/07/2025,Saint-Louis ,Nord,D06,Santé,42,102.43
Août 2025,saint-louis,Nord,D06,Santé,42,102.39
Septembre 2025,saint-louis,Nord,D06,Santé,42,102.76
2025-10-01,Saint-Louis ,Nord,D06,Santé,42,102.79
2025-11-01,saint-louis,Nord,D06,Santé,42,102.99
Décembre 2025,Saint-Louis ,Nord,D06,Santé,42,101.71
01/01/2026,Saint-Louis ,Nord,D06,Santé,42,99.99
01/02/2026,SAINT-LOUIS,Nord,D06,Santé,42,100.91
2026-03-01,Saint-Louis ,Nord,D06,Santé,42,101.61
01/04/2026,saint-louis,Nord,D06,Santé,42,102.02
Mai 2026,SAINT-LOUIS,Nord,D06,Santé,42,102.26
2018-01-01,SAINT-LOUIS,Nord,D07,Transport,92,77.77
01/02/2018,saint-louis,Nord,D07,Transport,92,77.53
01/03/2018,Saint-Louis ,Nord,D07,Transport,92,
01/04/2018,SAINT-LOUIS,Nord,D07,Transport,92,78.19
2018-05-01,Saint-Louis ,Nord,D07,Transport,92,78.47
Juin 2018,SAINT-LOUIS,Nord,D07,Transport,92,78.6
2018-07-01,saint-louis,Nord,D07,Transport,92,78.46
2018-08-01,Saint-Louis ,Nord,D07,Transport,92,78.35
01/09/2018,saint-louis,Nord,D07,Transport,92,78.27
2018-10-01,Saint-Louis ,Nord,D07,Transport,92,78.18
Novembre 2018,Saint-Louis ,Nord,D07,Transport,92,77.96
01/12/2018,Saint-Louis ,Nord,D07,Transport,92,77.56
Janvier 2019,SAINT-LOUIS,Nord,D07,Transport,92,78.31
01/02/2019,saint-louis,Nord,D07,Transport,92,78.45
2019-03-01,SAINT-LOUIS,Nord,D07,Transport,92,78.72
01/04/2019,Saint-Louis ,Nord,D07,Transport,92,78.9
01/05/2019,SAINT-LOUIS,Nord,D07,Transport,92,79.17
2019-06-01,Saint-Louis ,Nord,D07,Transport,92,79.45
01/07/2019,saint-louis,Nord,D07,Transport,92,79.63
Août 2019,Saint-Louis ,Nord,D07,Transport,92,79.41
Septembre 2019,Saint-Louis ,Nord,D07,Transport,92,79.34
Octobre 2019,Saint-Louis ,Nord,D07,Transport,92,79.22
2019-11-01,SAINT-LOUIS,Nord,D07,Transport,92,78.68
Décembre 2019,saint-louis,Nord,D07,Transport,92,78.64
Janvier 2020,Saint-Louis ,Nord,D07,Transport,92,80.06
01/02/2020,SAINT-LOUIS,Nord,D07,Transport,92,80.26
01/03/2020,saint-louis,Nord,D07,Transport,92,80.74
01/04/2020,SAINT-LOUIS,Nord,D07,Transport,92,81.51
01/05/2020,saint-louis,Nord,D07,Transport,92,81.89
01/06/2020,SAINT-LOUIS,Nord,D07,Transport,92,82.54
Juillet 2020,SAINT-LOUIS,Nord,D07,Transport,92,82.59
Août 2020,saint-louis,Nord,D07,Transport,92,82.34
2020-09-01,Saint-Louis ,Nord,D07,Transport,92,82.16
2020-10-01,SAINT-LOUIS,Nord,D07,Transport,92,81.79
Novembre 2020,Saint-Louis ,Nord,D07,Transport,92,81.54
Décembre 2020,Saint-Louis ,Nord,D07,Transport,92,81.09
Janvier 2021,Saint-Louis ,Nord,D07,Transport,92,81.87
01/02/2021,Saint-Louis ,Nord,D07,Transport,92,82.25
01/03/2021,Saint-Louis ,Nord,D07,Transport,92,82.87
01/04/2021,Saint-Louis ,Nord,D07,Transport,92,83.25
Mai 2021,Saint-Louis ,Nord,D07,Transport,92,84.09
2021-06-01,SAINT-LOUIS,Nord,D07,Transport,92,84.53
2021-07-01,saint-louis,Nord,D07,Transport,92,84.46
Août 2021,SAINT-LOUIS,Nord,D07,Transport,92,84.8
2021-09-01,SAINT-LOUIS,Nord,D07,Transport,92,
01/10/2021,Saint-Louis ,Nord,D07,Transport,92,84.49
2021-11-01,Saint-Louis ,Nord,D07,Transport,92,84.37
2021-12-01,Saint-Louis ,Nord,D07,Transport,92,84.12
2022-01-01,SAINT-LOUIS,Nord,D07,Transport,92,86.17
01/02/2022,Saint-Louis ,Nord,D07,Transport,92,87.64
2022-03-01,SAINT-LOUIS,Nord,D07,Transport,92,89.57
Avril 2022,Saint-Louis ,Nord,D07,Transport,92,91.19
Mai 2022,SAINT-LOUIS,Nord,D07,Transport,92,92.89
01/06/2022,SAINT-LOUIS,Nord,D07,Transport,92,94.49
Juillet 2022,SAINT-LOUIS,Nord,D07,Transport,92,95.63
2022-08-01,Saint-Louis ,Nord,D07,Transport,92,96.23
01/09/2022,Saint-Louis ,Nord,D07,Transport,92,97.12
2022-10-01,SAINT-LOUIS,Nord,D07,Transport,92,98.05
Novembre 2022,Saint-Louis ,Nord,D07,Transport,92,98.21
Décembre 2022,SAINT-LOUIS,Nord,D07,Transport,92,96.5
2023-01-01,Saint-Louis ,Nord,D07,Transport,92,96.26
Février 2023,saint-louis,Nord,D07,Transport,92,97.2
01/03/2023,saint-louis,Nord,D07,Transport,92,98.2
01/04/2023,Saint-Louis ,Nord,D07,Transport,92,99.14
2023-05-01,saint-louis,Nord,D07,Transport,92,100.2
01/06/2023,saint-louis,Nord,D07,Transport,92,100.72
01/07/2023,saint-louis,Nord,D07,Transport,92,101.42
2023-08-01,SAINT-LOUIS,Nord,D07,Transport,92,101.31
2023-09-01,saint-louis,Nord,D07,Transport,92,101.82
2023-10-01,Saint-Louis ,Nord,D07,Transport,92,102.13
Novembre 2023,saint-louis,Nord,D07,Transport,92,102.36
01/12/2023,SAINT-LOUIS,Nord,D07,Transport,92,99.91
2024-01-01,Saint-Louis ,Nord,D07,Transport,92,98.85
01/02/2024,Saint-Louis ,Nord,D07,Transport,92,99.15
01/03/2024,Saint-Louis ,Nord,D07,Transport,92,99.99
01/04/2024,Saint-Louis ,Nord,D07,Transport,92,100.45
2024-05-01,SAINT-LOUIS,Nord,D07,Transport,92,101.19
2024-06-01,SAINT-LOUIS,Nord,D07,Transport,92,101.48
01/07/2024,SAINT-LOUIS,Nord,D07,Transport,92,
2024-08-01,saint-louis,Nord,D07,Transport,92,102.04
Septembre 2024,saint-louis,Nord,D07,Transport,92,102.11
01/10/2024,SAINT-LOUIS,Nord,D07,Transport,92,102.58
01/11/2024,SAINT-LOUIS,Nord,D07,Transport,92,102.74
Décembre 2024,Saint-Louis ,Nord,D07,Transport,92,100.78
01/01/2025,Saint-Louis ,Nord,D07,Transport,92,100.03
2025-02-01,Saint-Louis ,Nord,D07,Transport,92,100.73
Mars 2025,saint-louis,Nord,D07,Transport,92,101.56
Avril 2025,SAINT-LOUIS,Nord,D07,Transport,92,102.2
Mai 2025,saint-louis,Nord,D07,Transport,92,103.28
2025-06-01,Saint-Louis ,Nord,D07,Transport,92,104.2
2025-07-01,Saint-Louis ,Nord,D07,Transport,92,104.37
2025-08-01,saint-louis,Nord,D07,Transport,92,104.83
Septembre 2025,SAINT-LOUIS,Nord,D07,Transport,92,104.82
2025-10-01,saint-louis,Nord,D07,Transport,92,105.75
Novembre 2025,Saint-Louis ,Nord,D07,Transport,92,106.12
01/12/2025,Saint-Louis ,Nord,D07,Transport,92,103.73
2026-01-01,Saint-Louis ,Nord,D07,Transport,92,100.8
2026-02-01,Saint-Louis ,Nord,D07,Transport,92,101.73
2026-03-01,Saint-Louis ,Nord,D07,Transport,92,103.19
01/04/2026,saint-louis,Nord,D07,Transport,92,103.76
Mai 2026,Saint-Louis ,Nord,D07,Transport,92,104.16
01/01/2018,Saint-Louis ,Nord,D08,Communication,35,93.41
Février 2018,saint-louis,Nord,D08,Communication,35,93.75
Mars 2018,SAINT-LOUIS,Nord,D08,Communication,35,93.43
Avril 2018,saint-louis,Nord,D08,Communication,35,93.78
Mai 2018,saint-louis,Nord,D08,Communication,35,93.98
01/06/2018,Saint-Louis ,Nord,D08,Communication,35,94.38
01/07/2018,SAINT-LOUIS,Nord,D08,Communication,35,94.27
01/08/2018,Saint-Louis ,Nord,D08,Communication,35,94.04
2018-09-01,saint-louis,Nord,D08,Communication,35,94.19
2018-10-01,SAINT-LOUIS,Nord,D08,Communication,35,93.74
01/11/2018,saint-louis,Nord,D08,Communication,35,93.84
01/12/2018,Saint-Louis ,Nord,D08,Communication,35,93.41
01/01/2019,Saint-Louis ,Nord,D08,Communication,35,93.94
01/02/2019,Saint-Louis ,Nord,D08,Communication,35,93.79
Mars 2019,SAINT-LOUIS,Nord,D08,Communication,35,93.84
Avril 2019,saint-louis,Nord,D08,Communication,35,94.12
Mai 2019,Saint-Louis ,Nord,D08,Communication,35,94.35
01/06/2019,saint-louis,Nord,D08,Communication,35,94.36
2019-07-01,SAINT-LOUIS,Nord,D08,Communication,35,94.55
01/08/2019,saint-louis,Nord,D08,Communication,35,94.34
01/09/2019,saint-louis,Nord,D08,Communication,35,94.39
Octobre 2019,SAINT-LOUIS,Nord,D08,Communication,35,94.2
2019-11-01,SAINT-LOUIS,Nord,D08,Communication,35,93.98
2019-12-01,Saint-Louis ,Nord,D08,Communication,35,93.82
01/01/2020,Saint-Louis ,Nord,D08,Communication,35,94.26
2020-02-01,Saint-Louis ,Nord,D08,Communication,35,94.46
01/03/2020,saint-louis,Nord,D08,Communication,35,94.88
2020-04-01,Saint-Louis ,Nord,D08,Communication,35,94.97
Mai 2020,SAINT-LOUIS,Nord,D08,Communication,35,95.22
2020-06-01,SAINT-LOUIS,Nord,D08,Communication,35,95.72
01/07/2020,SAINT-LOUIS,Nord,D08,Communication,35,95.41
2020-08-01,Saint-Louis ,Nord,D08,Communication,35,95.33
01/09/2020,Saint-Louis ,Nord,D08,Communication,35,95.21
Octobre 2020,saint-louis,Nord,D08,Communication,35,94.79
2020-11-01,Saint-Louis ,Nord,D08,Communication,35,94.69
Décembre 2020,SAINT-LOUIS,Nord,D08,Communication,35,94.55
2021-01-01,Saint-Louis ,Nord,D08,Communication,35,94.9
Février 2021,Saint-Louis ,Nord,D08,Communication,35,94.92
01/03/2021,saint-louis,Nord,D08,Communication,35,95.18
Avril 2021,saint-louis,Nord,D08,Communication,35,95.57
2021-05-01,Saint-Louis ,Nord,D08,Communication,35,95.79
Juin 2021,SAINT-LOUIS,Nord,D08,Communication,35,95.85
01/07/2021,saint-louis,Nord,D08,Communication,35,95.83
2021-08-01,saint-louis,Nord,D08,Communication,35,96.07
Septembre 2021,SAINT-LOUIS,Nord,D08,Communication,35,95.93
01/10/2021,SAINT-LOUIS,Nord,D08,Communication,35,95.45
Novembre 2021,SAINT-LOUIS,Nord,D08,Communication,35,95.51
2021-12-01,Saint-Louis ,Nord,D08,Communication,35,95.5
2022-01-01,saint-louis,Nord,D08,Communication,35,96.22
Février 2022,Saint-Louis ,Nord,D08,Communication,35,96.69
01/03/2022,Saint-Louis ,Nord,D08,Communication,35,97.13
2022-04-01,Saint-Louis ,Nord,D08,Communication,35,97.75
Mai 2022,Saint-Louis ,Nord,D08,Communication,35,98.24
2022-06-01,SAINT-LOUIS,Nord,D08,Communication,35,98.6
2022-07-01,SAINT-LOUIS,Nord,D08,Communication,35,98.97
01/08/2022,SAINT-LOUIS,Nord,D08,Communication,35,99.24
2022-09-01,saint-louis,Nord,D08,Communication,35,99.38
Octobre 2022,SAINT-LOUIS,Nord,D08,Communication,35,99.2
01/11/2022,SAINT-LOUIS,Nord,D08,Communication,35,99.5
Décembre 2022,saint-louis,Nord,D08,Communication,35,98.95
01/01/2023,Saint-Louis ,Nord,D08,Communication,35,98.82
2023-02-01,SAINT-LOUIS,Nord,D08,Communication,35,99.05
01/03/2023,SAINT-LOUIS,Nord,D08,Communication,35,99.47
01/04/2023,SAINT-LOUIS,Nord,D08,Communication,35,99.58
Mai 2023,Saint-Louis ,Nord,D08,Communication,35,99.85
2023-06-01,Saint-Louis ,Nord,D08,Communication,35,100.32
Juillet 2023,saint-louis,Nord,D08,Communication,35,100.6
01/08/2023,saint-louis,Nord,D08,Communication,35,100.78
Septembre 2023,saint-louis,Nord,D08,Communication,35,100.68
01/10/2023,saint-louis,Nord,D08,Communication,35,100.35
Novembre 2023,Saint-Louis ,Nord,D08,Communication,35,
01/12/2023,saint-louis,Nord,D08,Communication,35,99.87
2024-01-01,Saint-Louis ,Nord,D08,Communication,35,99.57
2024-02-01,saint-louis,Nord,D08,Communication,35,99.74
2024-03-01,Saint-Louis ,Nord,D08,Communication,35,99.72
01/04/2024,SAINT-LOUIS,Nord,D08,Communication,35,100.1
Mai 2024,saint-louis,Nord,D08,Communication,35,100.39
01/06/2024,Saint-Louis ,Nord,D08,Communication,35,100.64
Juillet 2024,SAINT-LOUIS,Nord,D08,Communication,35,100.5
01/08/2024,saint-louis,Nord,D08,Communication,35,100.58
Septembre 2024,SAINT-LOUIS,Nord,D08,Communication,35,100.25
2024-10-01,Saint-Louis ,Nord,D08,Communication,35,100.58
2024-11-01,Saint-Louis ,Nord,D08,Communication,35,100.61
Décembre 2024,saint-louis,Nord,D08,Communication,35,99.85
2025-01-01,saint-louis,Nord,D08,Communication,35,99.87
Février 2025,Saint-Louis ,Nord,D08,Communication,35,100.01
Mars 2025,Saint-Louis ,Nord,D08,Communication,35,99.94
2025-04-01,Saint-Louis ,Nord,D08,Communication,35,100.6
2025-05-01,Saint-Louis ,Nord,D08,Communication,35,100.74
Juin 2025,saint-louis,Nord,D08,Communication,35,101.2
Juillet 2025,SAINT-LOUIS,Nord,D08,Communication,35,101.08
01/08/2025,Saint-Louis ,Nord,D08,Communication,35,101.35
01/09/2025,SAINT-LOUIS,Nord,D08,Communication,35,101.37
01/10/2025,SAINT-LOUIS,Nord,D08,Communication,35,101.51
Novembre 2025,saint-louis,Nord,D08,Communication,35,101.52
01/12/2025,Saint-Louis ,Nord,D08,Communication,35,100.79
2026-01-01,SAINT-LOUIS,Nord,D08,Communication,35,99.73
Février 2026,Saint-Louis ,Nord,D08,Communication,35,100.04
Mars 2026,SAINT-LOUIS,Nord,D08,Communication,35,100.6
2026-04-01,saint-louis,Nord,D08,Communication,35,100.93
01/05/2026,saint-louis,Nord,D08,Communication,35,101.09
01/01/2018,SAINT-LOUIS,Nord,D09,Loisirs et culture,21,87.83
Février 2018,saint-louis,Nord,D09,Loisirs et culture,21,87.78
01/03/2018,Saint-Louis ,Nord,D09,Loisirs et culture,21,87.87
2018-04-01,SAINT-LOUIS,Nord,D09,Loisirs et culture,21,88.2
01/05/2018,Saint-Louis ,Nord,D09,Loisirs et culture,21,88.5
2018-06-01,SAINT-LOUIS,Nord,D09,Loisirs et culture,21,88.67
01/07/2018,SAINT-LOUIS,Nord,D09,Loisirs et culture,21,88.91
2018-08-01,SAINT-LOUIS,Nord,D09,Loisirs et culture,21,88.51
Septembre 2018,SAINT-LOUIS,Nord,D09,Loisirs et culture,21,88.41
Octobre 2018,Saint-Louis ,Nord,D09,Loisirs et culture,21,88.24
Novembre 2018,saint-louis,Nord,D09,Loisirs et culture,21,87.95
2018-12-01,Saint-Louis ,Nord,D09,Loisirs et culture,21,87.73
01/01/2019,SAINT-LOUIS,Nord,D09,Loisirs et culture,21,87.96
Février 2019,SAINT-LOUIS,Nord,D09,Loisirs et culture,21,88.19
01/03/2019,saint-louis,Nord,D09,Loisirs et culture,21,88.33
2019-04-01,saint-louis,Nord,D09,Loisirs et culture,21,88.51
01/05/2019,Saint-Louis ,Nord,D09,Loisirs et culture,21,88.89
01/06/2019,saint-louis,Nord,D09,Loisirs et culture,21,89.04
Juillet 2019,saint-louis,Nord,D09,Loisirs et culture,21,89.32
2019-08-01,saint-louis,Nord,D09,Loisirs et culture,21,89.25
01/09/2019,Saint-Louis ,Nord,D09,Loisirs et culture,21,88.86
Octobre 2019,saint-louis,Nord,D09,Loisirs et culture,21,88.7
Novembre 2019,Saint-Louis ,Nord,D09,Loisirs et culture,21,88.24
2019-12-01,Saint-Louis ,Nord,D09,Loisirs et culture,21,88.26
Janvier 2020,Saint-Louis ,Nord,D09,Loisirs et culture,21,89.07
Février 2020,Saint-Louis ,Nord,D09,Loisirs et culture,21,89.37
2020-03-01,saint-louis,Nord,D09,Loisirs et culture,21,89.52
01/04/2020,SAINT-LOUIS,Nord,D09,Loisirs et culture,21,90.17
Mai 2020,saint-louis,Nord,D09,Loisirs et culture,21,90.24
2020-06-01,saint-louis,Nord,D09,Loisirs et culture,21,90.61
2020-07-01,Saint-Louis ,Nord,D09,Loisirs et culture,21,90.97
Août 2020,saint-louis,Nord,D09,Loisirs et culture,21,90.98
2020-09-01,Saint-Louis ,Nord,D09,Loisirs et culture,21,90.59
2020-10-01,SAINT-LOUIS,Nord,D09,Loisirs et culture,21,90.22
Novembre 2020,SAINT-LOUIS,Nord,D09,Loisirs et culture,21,89.63
01/12/2020,Saint-Louis ,Nord,D09,Loisirs et culture,21,89.45
01/01/2021,SAINT-LOUIS,Nord,D09,Loisirs et culture,21,90.1
01/02/2021,Saint-Louis ,Nord,D09,Loisirs et culture,21,90.28
01/03/2021,saint-louis,Nord,D09,Loisirs et culture,21,90.55
Avril 2021,Saint-Louis ,Nord,D09,Loisirs et culture,21,91.15
2021-05-01,Saint-Louis ,Nord,D09,Loisirs et culture,21,91.58
2021-06-01,SAINT-LOUIS,Nord,D09,Loisirs et culture,21,92.04
01/07/2021,saint-louis,Nord,D09,Loisirs et culture,21,92.04
2021-08-01,SAINT-LOUIS,Nord,D09,Loisirs et culture,21,92.17
01/09/2021,saint-louis,Nord,D09,Loisirs et culture,21,91.86
Octobre 2021,SAINT-LOUIS,Nord,D09,Loisirs et culture,21,91.64
Novembre 2021,Saint-Louis ,Nord,D09,Loisirs et culture,21,91.61
2021-12-01,saint-louis,Nord,D09,Loisirs et culture,21,91.21
2022-01-01,saint-louis,Nord,D09,Loisirs et culture,21,92.95
01/02/2022,SAINT-LOUIS,Nord,D09,Loisirs et culture,21,93.47
01/03/2022,saint-louis,Nord,D09,Loisirs et culture,21,94.44
Avril 2022,Saint-Louis ,Nord,D09,Loisirs et culture,21,95.51
01/05/2022,SAINT-LOUIS,Nord,D09,Loisirs et culture,21,96.76
2022-06-01,Saint-Louis ,Nord,D09,Loisirs et culture,21,97.47
Juillet 2022,saint-louis,Nord,D09,Loisirs et culture,21,97.7
2022-08-01,SAINT-LOUIS,Nord,D09,Loisirs et culture,21,98.6
Septembre 2022,SAINT-LOUIS,Nord,D09,Loisirs et culture,21,98.66
2022-10-01,Saint-Louis ,Nord,D09,Loisirs et culture,21,98.97
Novembre 2022,saint-louis,Nord,D09,Loisirs et culture,21,98.95
Décembre 2022,saint-louis,Nord,D09,Loisirs et culture,21,98.06
2023-01-01,saint-louis,Nord,D09,Loisirs et culture,21,97.78
Février 2023,saint-louis,Nord,D09,Loisirs et culture,21,98.33
Mars 2023,SAINT-LOUIS,Nord,D09,Loisirs et culture,21,98.83
Avril 2023,SAINT-LOUIS,Nord,D09,Loisirs et culture,21,99.78
2023-05-01,SAINT-LOUIS,Nord,D09,Loisirs et culture,21,100.43
01/06/2023,SAINT-LOUIS,Nord,D09,Loisirs et culture,21,100.65
01/07/2023,saint-louis,Nord,D09,Loisirs et culture,21,100.87
01/08/2023,Saint-Louis ,Nord,D09,Loisirs et culture,21,100.88
Septembre 2023,saint-louis,Nord,D09,Loisirs et culture,21,101.21
Octobre 2023,Saint-Louis ,Nord,D09,Loisirs et culture,21,101.05
Novembre 2023,saint-louis,Nord,D09,Loisirs et culture,21,101.05
Décembre 2023,Saint-Louis ,Nord,D09,Loisirs et culture,21,99.9
2024-01-01,Saint-Louis ,Nord,D09,Loisirs et culture,21,99.14
2024-02-01,SAINT-LOUIS,Nord,D09,Loisirs et culture,21,99.44
2024-03-01,saint-louis,Nord,D09,Loisirs et culture,21,99.55
2024-04-01,Saint-Louis ,Nord,D09,Loisirs et culture,21,100.29
Mai 2024,saint-louis,Nord,D09,Loisirs et culture,21,100.91
01/06/2024,saint-louis,Nord,D09,Loisirs et culture,21,101.05
01/07/2024,SAINT-LOUIS,Nord,D09,Loisirs et culture,21,101.34
Août 2024,saint-louis,Nord,D09,Loisirs et culture,21,101.03
2024-09-01,SAINT-LOUIS,Nord,D09,Loisirs et culture,21,101.27
01/10/2024,SAINT-LOUIS,Nord,D09,Loisirs et culture,21,101.18
01/11/2024,saint-louis,Nord,D09,Loisirs et culture,21,101.35
2024-12-01,saint-louis,Nord,D09,Loisirs et culture,21,100.2
2025-01-01,saint-louis,Nord,D09,Loisirs et culture,21,99.83
Février 2025,Saint-Louis ,Nord,D09,Loisirs et culture,21,99.95
Mars 2025,saint-louis,Nord,D09,Loisirs et culture,21,100.43
01/04/2025,Saint-Louis ,Nord,D09,Loisirs et culture,21,100.95
Mai 2025,saint-louis,Nord,D09,Loisirs et culture,21,101.79
2025-06-01,Saint-Louis ,Nord,D09,Loisirs et culture,21,102.48
Juillet 2025,Saint-Louis ,Nord,D09,Loisirs et culture,21,102.66
01/08/2025,SAINT-LOUIS,Nord,D09,Loisirs et culture,21,102.3
2025-09-01,Saint-Louis ,Nord,D09,Loisirs et culture,21,102.98
Octobre 2025,saint-louis,Nord,D09,Loisirs et culture,21,103.06
2025-11-01,Saint-Louis ,Nord,D09,Loisirs et culture,21,102.79
01/12/2025,saint-louis,Nord,D09,Loisirs et culture,21,101.7
01/01/2026,SAINT-LOUIS,Nord,D09,Loisirs et culture,21,100.22
Février 2026,saint-louis,Nord,D09,Loisirs et culture,21,100.74
2026-03-01,SAINT-LOUIS,Nord,D09,Loisirs et culture,21,101.26
Avril 2026,saint-louis,Nord,D09,Loisirs et culture,21,101.97
2026-05-01,saint-louis,Nord,D09,Loisirs et culture,21,101.99
2018-01-01,saint-louis,Nord,D10,Enseignement,43,86.05
2018-02-01,SAINT-LOUIS,Nord,D10,Enseignement,43,86.27
2018-03-01,Saint-Louis ,Nord,D10,Enseignement,43,86.26
Avril 2018,SAINT-LOUIS,Nord,D10,Enseignement,43,86.37
2018-05-01,saint-louis,Nord,D10,Enseignement,43,86.73
2018-06-01,Saint-Louis ,Nord,D10,Enseignement,43,86.86
01/07/2018,Saint-Louis ,Nord,D10,Enseignement,43,86.92
2018-08-01,saint-louis,Nord,D10,Enseignement,43,86.82
01/09/2018,saint-louis,Nord,D10,Enseignement,43,86.72
Octobre 2018,saint-louis,Nord,D10,Enseignement,43,86.49
Novembre 2018,saint-louis,Nord,D10,Enseignement,43,86.26
2018-12-01,Saint-Louis ,Nord,D10,Enseignement,43,86.12
01/01/2019,SAINT-LOUIS,Nord,D10,Enseignement,43,86.53
2019-02-01,Saint-Louis ,Nord,D10,Enseignement,43,86.47
2019-03-01,SAINT-LOUIS,Nord,D10,Enseignement,43,86.67
2019-04-01,Saint-Louis ,Nord,D10,Enseignement,43,86.98
2019-05-01,saint-louis,Nord,D10,Enseignement,43,87.25
Juin 2019,SAINT-LOUIS,Nord,D10,Enseignement,43,87.56
01/07/2019,Saint-Louis ,Nord,D10,Enseignement,43,87.41
2019-08-01,SAINT-LOUIS,Nord,D10,Enseignement,43,87.5
2019-09-01,Saint-Louis ,Nord,D10,Enseignement,43,87.36
2019-10-01,Saint-Louis ,Nord,D10,Enseignement,43,87.0
2019-11-01,Saint-Louis ,Nord,D10,Enseignement,43,86.92
Décembre 2019,saint-louis,Nord,D10,Enseignement,43,86.68
Janvier 2020,saint-louis,Nord,D10,Enseignement,43,87.7
2020-02-01,saint-louis,Nord,D10,Enseignement,43,87.85
01/03/2020,Saint-Louis ,Nord,D10,Enseignement,43,87.95
Avril 2020,saint-louis,Nord,D10,Enseignement,43,88.51
01/05/2020,Saint-Louis ,Nord,D10,Enseignement,43,89.09
01/06/2020,saint-louis,Nord,D10,Enseignement,43,89.17
2020-07-01,SAINT-LOUIS,Nord,D10,Enseignement,43,89.34
2020-08-01,SAINT-LOUIS,Nord,D10,Enseignement,43,89.25
Septembre 2020,saint-louis,Nord,D10,Enseignement,43,88.84
01/10/2020,SAINT-LOUIS,Nord,D10,Enseignement,43,88.8
Novembre 2020,saint-louis,Nord,D10,Enseignement,43,88.31
Décembre 2020,SAINT-LOUIS,Nord,D10,Enseignement,43,88.23
01/01/2021,Saint-Louis ,Nord,D10,Enseignement,43,88.89
Février 2021,Saint-Louis ,Nord,D10,Enseignement,43,89.06
2021-03-01,saint-louis,Nord,D10,Enseignement,43,89.32
Avril 2021,Saint-Louis ,Nord,D10,Enseignement,43,89.82
Mai 2021,Saint-Louis ,Nord,D10,Enseignement,43,90.15
01/06/2021,Saint-Louis ,Nord,D10,Enseignement,43,90.49
01/07/2021,SAINT-LOUIS,Nord,D10,Enseignement,43,90.68
01/08/2021,saint-louis,Nord,D10,Enseignement,43,90.5
Septembre 2021,SAINT-LOUIS,Nord,D10,Enseignement,43,90.52
01/10/2021,SAINT-LOUIS,Nord,D10,Enseignement,43,90.34
01/11/2021,saint-louis,Nord,D10,Enseignement,43,90.03
01/12/2021,SAINT-LOUIS,Nord,D10,Enseignement,43,90.05
Janvier 2022,SAINT-LOUIS,Nord,D10,Enseignement,43,91.82
2022-02-01,SAINT-LOUIS,Nord,D10,Enseignement,43,92.6
Mars 2022,Saint-Louis ,Nord,D10,Enseignement,43,93.41
01/04/2022,Saint-Louis ,Nord,D10,Enseignement,43,94.49
01/05/2022,Saint-Louis ,Nord,D10,Enseignement,43,95.8
01/06/2022,saint-louis,Nord,D10,Enseignement,43,96.97
Juillet 2022,saint-louis,Nord,D10,Enseignement,43,97.37
01/08/2022,saint-louis,Nord,D10,Enseignement,43,98.14
2022-09-01,SAINT-LOUIS,Nord,D10,Enseignement,43,98.45
Octobre 2022,SAINT-LOUIS,Nord,D10,Enseignement,43,98.84
01/11/2022,Saint-Louis ,Nord,D10,Enseignement,43,98.89
Décembre 2022,Saint-Louis ,Nord,D10,Enseignement,43,97.97
01/01/2023,Saint-Louis ,Nord,D10,Enseignement,43,97.69
Février 2023,SAINT-LOUIS,Nord,D10,Enseignement,43,98.34
01/03/2023,Saint-Louis ,Nord,D10,Enseignement,43,98.66
01/04/2023,Saint-Louis ,Nord,D10,Enseignement,43,99.42
Mai 2023,saint-louis,Nord,D10,Enseignement,43,100.1
Juin 2023,SAINT-LOUIS,Nord,D10,Enseignement,43,100.54
2023-07-01,Saint-Louis ,Nord,D10,Enseignement,43,100.85
Août 2023,SAINT-LOUIS,Nord,D10,Enseignement,43,100.86
2023-09-01,saint-louis,Nord,D10,Enseignement,43,101.01
Octobre 2023,saint-louis,Nord,D10,Enseignement,43,101.53
01/11/2023,SAINT-LOUIS,Nord,D10,Enseignement,43,101.55
01/12/2023,saint-louis,Nord,D10,Enseignement,43,99.78
2024-01-01,Saint-Louis ,Nord,D10,Enseignement,43,99.39
2024-02-01,Saint-Louis ,Nord,D10,Enseignement,43,99.42
2024-03-01,SAINT-LOUIS,Nord,D10,Enseignement,43,99.67
2024-04-01,Saint-Louis ,Nord,D10,Enseignement,43,100.36
Mai 2024,SAINT-LOUIS,Nord,D10,Enseignement,43,100.34
01/06/2024,saint-louis,Nord,D10,Enseignement,43,101.05
01/07/2024,Saint-Louis ,Nord,D10,Enseignement,43,101.05
Août 2024,saint-louis,Nord,D10,Enseignement,43,101.14
Septembre 2024,Saint-Louis ,Nord,D10,Enseignement,43,101.4
01/10/2024,Saint-Louis ,Nord,D10,Enseignement,43,101.62
Novembre 2024,saint-louis,Nord,D10,Enseignement,43,101.59
2024-12-01,saint-louis,Nord,D10,Enseignement,43,100.39
01/01/2025,SAINT-LOUIS,Nord,D10,Enseignement,43,100.02
01/02/2025,saint-louis,Nord,D10,Enseignement,43,100.18
2025-03-01,Saint-Louis ,Nord,D10,Enseignement,43,100.81
01/04/2025,Saint-Louis ,Nord,D10,Enseignement,43,101.55
2025-05-01,saint-louis,Nord,D10,Enseignement,43,102.14
01/06/2025,SAINT-LOUIS,Nord,D10,Enseignement,43,102.44
01/07/2025,saint-louis,Nord,D10,Enseignement,43,102.46
2025-08-01,Saint-Louis ,Nord,D10,Enseignement,43,102.91
01/09/2025,SAINT-LOUIS,Nord,D10,Enseignement,43,103.25
2025-10-01,saint-louis,Nord,D10,Enseignement,43,103.51
01/11/2025,saint-louis,Nord,D10,Enseignement,43,103.75
Décembre 2025,Saint-Louis ,Nord,D10,Enseignement,43,102.28
01/01/2026,saint-louis,Nord,D10,Enseignement,43,100.27
01/02/2026,saint-louis,Nord,D10,Enseignement,43,100.85
2026-03-01,SAINT-LOUIS,Nord,D10,Enseignement,43,101.51
Avril 2026,Saint-Louis ,Nord,D10,Enseignement,43,102.23
01/05/2026,saint-louis,Nord,D10,Enseignement,43,102.62
2018-01-01,Saint-Louis ,Nord,D11,Restaurants et hôtels,56,80.81
2018-02-01,Saint-Louis ,Nord,D11,Restaurants et hôtels,56,80.66
Mars 2018,saint-louis,Nord,D11,Restaurants et hôtels,56,81.13
01/04/2018,SAINT-LOUIS,Nord,D11,Restaurants et hôtels,56,81.61
2018-05-01,saint-louis,Nord,D11,Restaurants et hôtels,56,81.67
01/06/2018,SAINT-LOUIS,Nord,D11,Restaurants et hôtels,56,81.85
2018-07-01,saint-louis,Nord,D11,Restaurants et hôtels,56,81.94
Août 2018,Saint-Louis ,Nord,D11,Restaurants et hôtels,56,82.07
2018-09-01,Saint-Louis ,Nord,D11,Restaurants et hôtels,56,81.47
Octobre 2018,Saint-Louis ,Nord,D11,Restaurants et hôtels,56,81.31
2018-11-01,saint-louis,Nord,D11,Restaurants et hôtels,56,80.9
Décembre 2018,saint-louis,Nord,D11,Restaurants et hôtels,56,80.73
2019-01-01,saint-louis,Nord,D11,Restaurants et hôtels,56,81.38
Février 2019,Saint-Louis ,Nord,D11,Restaurants et hôtels,56,
01/03/2019,SAINT-LOUIS,Nord,D11,Restaurants et hôtels,56,
2019-04-01,SAINT-LOUIS,Nord,D11,Restaurants et hôtels,56,82.19
Mai 2019,SAINT-LOUIS,Nord,D11,Restaurants et hôtels,56,82.43
Juin 2019,Saint-Louis ,Nord,D11,Restaurants et hôtels,56,83.03
2019-07-01,Saint-Louis ,Nord,D11,Restaurants et hôtels,56,82.75
01/08/2019,Saint-Louis ,Nord,D11,Restaurants et hôtels,56,82.63
2019-09-01,Saint-Louis ,Nord,D11,Restaurants et hôtels,56,82.24
Octobre 2019,saint-louis,Nord,D11,Restaurants et hôtels,56,82.31
01/11/2019,SAINT-LOUIS,Nord,D11,Restaurants et hôtels,56,81.95
2019-12-01,Saint-Louis ,Nord,D11,Restaurants et hôtels,56,81.91
01/01/2020,saint-louis,Nord,D11,Restaurants et hôtels,56,82.52
2020-02-01,saint-louis,Nord,D11,Restaurants et hôtels,56,83.23
2020-03-01,Saint-Louis ,Nord,D11,Restaurants et hôtels,56,83.56
Avril 2020,SAINT-LOUIS,Nord,D11,Restaurants et hôtels,56,84.24
Mai 2020,Saint-Louis ,Nord,D11,Restaurants et hôtels,56,84.5
2020-06-01,SAINT-LOUIS,Nord,D11,Restaurants et hôtels,56,85.38
01/07/2020,saint-louis,Nord,D11,Restaurants et hôtels,56,85.43
01/08/2020,SAINT-LOUIS,Nord,D11,Restaurants et hôtels,56,85.16
2020-09-01,Saint-Louis ,Nord,D11,Restaurants et hôtels,56,84.92
2020-10-01,Saint-Louis ,Nord,D11,Restaurants et hôtels,56,84.35
Novembre 2020,saint-louis,Nord,D11,Restaurants et hôtels,56,83.98
2020-12-01,Saint-Louis ,Nord,D11,Restaurants et hôtels,56,83.71
01/01/2021,Saint-Louis ,Nord,D11,Restaurants et hôtels,56,84.11
Février 2021,SAINT-LOUIS,Nord,D11,Restaurants et hôtels,56,84.83
01/03/2021,saint-louis,Nord,D11,Restaurants et hôtels,56,85.4
01/04/2021,saint-louis,Nord,D11,Restaurants et hôtels,56,85.77
01/05/2021,Saint-Louis ,Nord,D11,Restaurants et hôtels,56,86.51
01/06/2021,Saint-Louis ,Nord,D11,Restaurants et hôtels,56,86.93
2021-07-01,Saint-Louis ,Nord,D11,Restaurants et hôtels,56,87.16
2021-08-01,saint-louis,Nord,D11,Restaurants et hôtels,56,87.02
01/09/2021,SAINT-LOUIS,Nord,D11,Restaurants et hôtels,56,86.82
2021-10-01,Saint-Louis ,Nord,D11,Restaurants et hôtels,56,86.82
01/11/2021,saint-louis,Nord,D11,Restaurants et hôtels,56,86.43
01/12/2021,SAINT-LOUIS,Nord,D11,Restaurants et hôtels,56,86.56
Janvier 2022,Saint-Louis ,Nord,D11,Restaurants et hôtels,56,88.24
2022-02-01,SAINT-LOUIS,Nord,D11,Restaurants et hôtels,56,89.42
2022-03-01,saint-louis,Nord,D11,Restaurants et hôtels,56,91.2
2022-04-01,SAINT-LOUIS,Nord,D11,Restaurants et hôtels,56,92.72
Mai 2022,Saint-Louis ,Nord,D11,Restaurants et hôtels,56,94.33
01/06/2022,Saint-Louis ,Nord,D11,Restaurants et hôtels,56,95.73
2022-07-01,SAINT-LOUIS,Nord,D11,Restaurants et hôtels,56,96.38
2022-08-01,Saint-Louis ,Nord,D11,Restaurants et hôtels,56,97.19
Septembre 2022,SAINT-LOUIS,Nord,D11,Restaurants et hôtels,56,97.74
Octobre 2022,Saint-Louis ,Nord,D11,Restaurants et hôtels,56,98.02
2022-11-01,saint-louis,Nord,D11,Restaurants et hôtels,56,98.52
01/12/2022,saint-louis,Nord,D11,Restaurants et hôtels,56,96.97
Janvier 2023,saint-louis,Nord,D11,Restaurants et hôtels,56,96.72
2023-02-01,saint-louis,Nord,D11,Restaurants et hôtels,56,97.18
2023-03-01,Saint-Louis ,Nord,D11,Restaurants et hôtels,56,98.01
01/04/2023,Saint-Louis ,Nord,D11,Restaurants et hôtels,56,99.43
2023-05-01,Saint-Louis ,Nord,D11,Restaurants et hôtels,56,100.16
01/06/2023,saint-louis,Nord,D11,Restaurants et hôtels,56,100.85
Juillet 2023,Saint-Louis ,Nord,D11,Restaurants et hôtels,56,101.24
01/08/2023,saint-louis,Nord,D11,Restaurants et hôtels,56,101.18
Septembre 2023,saint-louis,Nord,D11,Restaurants et hôtels,56,101.83
Octobre 2023,SAINT-LOUIS,Nord,D11,Restaurants et hôtels,56,101.71
Novembre 2023,Saint-Louis ,Nord,D11,Restaurants et hôtels,56,102.04
01/12/2023,Saint-Louis ,Nord,D11,Restaurants et hôtels,56,99.7
2024-01-01,saint-louis,Nord,D11,Restaurants et hôtels,56,99.11
2024-02-01,SAINT-LOUIS,Nord,D11,Restaurants et hôtels,56,99.29
Mars 2024,saint-louis,Nord,D11,Restaurants et hôtels,56,99.88
01/04/2024,saint-louis,Nord,D11,Restaurants et hôtels,56,100.45
01/05/2024,saint-louis,Nord,D11,Restaurants et hôtels,56,101.06
Juin 2024,Saint-Louis ,Nord,D11,Restaurants et hôtels,56,101.5
2024-07-01,SAINT-LOUIS,Nord,D11,Restaurants et hôtels,56,101.68
2024-08-01,Saint-Louis ,Nord,D11,Restaurants et hôtels,56,102.08
01/09/2024,saint-louis,Nord,D11,Restaurants et hôtels,56,101.8
Octobre 2024,SAINT-LOUIS,Nord,D11,Restaurants et hôtels,56,102.13
01/11/2024,SAINT-LOUIS,Nord,D11,Restaurants et hôtels,56,102.29
2024-12-01,saint-louis,Nord,D11,Restaurants et hôtels,56,100.31
01/01/2025,saint-louis,Nord,D11,Restaurants et hôtels,56,
2025-02-01,saint-louis,Nord,D11,Restaurants et hôtels,56,100.49
01/03/2025,Saint-Louis ,Nord,D11,Restaurants et hôtels,56,101.14
Avril 2025,SAINT-LOUIS,Nord,D11,Restaurants et hôtels,56,101.72
2025-05-01,saint-louis,Nord,D11,Restaurants et hôtels,56,102.81
2025-06-01,SAINT-LOUIS,Nord,D11,Restaurants et hôtels,56,103.32
01/07/2025,SAINT-LOUIS,Nord,D11,Restaurants et hôtels,56,103.67
2025-08-01,saint-louis,Nord,D11,Restaurants et hôtels,56,104.2
2025-09-01,SAINT-LOUIS,Nord,D11,Restaurants et hôtels,56,
2025-10-01,saint-louis,Nord,D11,Restaurants et hôtels,56,104.89
Novembre 2025,saint-louis,Nord,D11,Restaurants et hôtels,56,105.13
Décembre 2025,saint-louis,Nord,D11,Restaurants et hôtels,56,102.72
2026-01-01,Saint-Louis ,Nord,D11,Restaurants et hôtels,56,100.08
01/02/2026,saint-louis,Nord,D11,Restaurants et hôtels,56,101.56
2026-03-01,Saint-Louis ,Nord,D11,Restaurants et hôtels,56,102.39
Avril 2026,Saint-Louis ,Nord,D11,Restaurants et hôtels,56,103.27
2026-05-01,saint-louis,Nord,D11,Restaurants et hôtels,56,103.72
01/01/2018,saint-louis,Nord,D12,Biens et services divers,63,84.26
01/02/2018,SAINT-LOUIS,Nord,D12,Biens et services divers,63,84.23
Mars 2018,Saint-Louis ,Nord,D12,Biens et services divers,63,84.55
Avril 2018,saint-louis,Nord,D12,Biens et services divers,63,84.72
Mai 2018,Saint-Louis ,Nord,D12,Biens et services divers,63,84.86
2018-06-01,SAINT-LOUIS,Nord,D12,Biens et services divers,63,84.93
Juillet 2018,saint-louis,Nord,D12,Biens et services divers,63,85.13
2018-08-01,saint-louis,Nord,D12,Biens et services divers,63,84.88
2018-09-01,SAINT-LOUIS,Nord,D12,Biens et services divers,63,84.93
Octobre 2018,SAINT-LOUIS,Nord,D12,Biens et services divers,63,84.98
Novembre 2018,SAINT-LOUIS,Nord,D12,Biens et services divers,63,
Décembre 2018,saint-louis,Nord,D12,Biens et services divers,63,84.38
01/01/2019,Saint-Louis ,Nord,D12,Biens et services divers,63,84.78
01/02/2019,saint-louis,Nord,D12,Biens et services divers,63,84.63
Mars 2019,SAINT-LOUIS,Nord,D12,Biens et services divers,63,84.91
2019-04-01,SAINT-LOUIS,Nord,D12,Biens et services divers,63,85.51
01/05/2019,SAINT-LOUIS,Nord,D12,Biens et services divers,63,85.5
01/06/2019,Saint-Louis ,Nord,D12,Biens et services divers,63,85.69
2019-07-01,SAINT-LOUIS,Nord,D12,Biens et services divers,63,85.82
01/08/2019,Saint-Louis ,Nord,D12,Biens et services divers,63,85.64
Septembre 2019,saint-louis,Nord,D12,Biens et services divers,63,85.44
2019-10-01,saint-louis,Nord,D12,Biens et services divers,63,85.35
Novembre 2019,SAINT-LOUIS,Nord,D12,Biens et services divers,63,85.01
Décembre 2019,Saint-Louis ,Nord,D12,Biens et services divers,63,84.88
Janvier 2020,Saint-Louis ,Nord,D12,Biens et services divers,63,85.77
Février 2020,Saint-Louis ,Nord,D12,Biens et services divers,63,86.22
01/03/2020,SAINT-LOUIS,Nord,D12,Biens et services divers,63,86.52
Avril 2020,Saint-Louis ,Nord,D12,Biens et services divers,63,86.98
Mai 2020,SAINT-LOUIS,Nord,D12,Biens et services divers,63,87.53
Juin 2020,saint-louis,Nord,D12,Biens et services divers,63,87.81
01/07/2020,Saint-Louis ,Nord,D12,Biens et services divers,63,87.9
Août 2020,saint-louis,Nord,D12,Biens et services divers,63,
01/09/2020,Saint-Louis ,Nord,D12,Biens et services divers,63,87.66
Octobre 2020,SAINT-LOUIS,Nord,D12,Biens et services divers,63,87.25
01/11/2020,Saint-Louis ,Nord,D12,Biens et services divers,63,86.99
2020-12-01,saint-louis,Nord,D12,Biens et services divers,63,86.66
01/01/2021,Saint-Louis ,Nord,D12,Biens et services divers,63,87.13
01/02/2021,SAINT-LOUIS,Nord,D12,Biens et services divers,63,87.65
Mars 2021,saint-louis,Nord,D12,Biens et services divers,63,88.02
Avril 2021,Saint-Louis ,Nord,D12,Biens et services divers,63,88.49
01/05/2021,SAINT-LOUIS,Nord,D12,Biens et services divers,63,88.94
2021-06-01,SAINT-LOUIS,Nord,D12,Biens et services divers,63,89.3
Juillet 2021,Saint-Louis ,Nord,D12,Biens et services divers,63,89.5
Août 2021,Saint-Louis ,Nord,D12,Biens et services divers,63,89.54
Septembre 2021,saint-louis,Nord,D12,Biens et services divers,63,89.42
2021-10-01,SAINT-LOUIS,Nord,D12,Biens et services divers,63,89.11
Novembre 2021,SAINT-LOUIS,Nord,D12,Biens et services divers,63,89.14
2021-12-01,Saint-Louis ,Nord,D12,Biens et services divers,63,88.89
Janvier 2022,Saint-Louis ,Nord,D12,Biens et services divers,63,90.54
Février 2022,saint-louis,Nord,D12,Biens et services divers,63,91.57
Mars 2022,SAINT-LOUIS,Nord,D12,Biens et services divers,63,92.76
01/04/2022,saint-louis,Nord,D12,Biens et services divers,63,93.9
01/05/2022,SAINT-LOUIS,Nord,D12,Biens et services divers,63,95.38
2022-06-01,saint-louis,Nord,D12,Biens et services divers,63,96.75
01/07/2022,saint-louis,Nord,D12,Biens et services divers,63,97.03
Août 2022,Saint-Louis ,Nord,D12,Biens et services divers,63,97.71
Septembre 2022,SAINT-LOUIS,Nord,D12,Biens et services divers,63,98.12
2022-10-01,saint-louis,Nord,D12,Biens et services divers,63,98.52
01/11/2022,SAINT-LOUIS,Nord,D12,Biens et services divers,63,99.15
2022-12-01,SAINT-LOUIS,Nord,D12,Biens et services divers,63,97.38
01/01/2023,Saint-Louis ,Nord,D12,Biens et services divers,63,97.32
Février 2023,saint-louis,Nord,D12,Biens et services divers,63,97.7
2023-03-01,SAINT-LOUIS,Nord,D12,Biens et services divers,63,98.49
2023-04-01,saint-louis,Nord,D12,Biens et services divers,63,99.07
2023-05-01,Saint-Louis ,Nord,D12,Biens et services divers,63,100.18
2023-06-01,SAINT-LOUIS,Nord,D12,Biens et services divers,63,101.12
Juillet 2023,SAINT-LOUIS,Nord,D12,Biens et services divers,63,100.9
2023-08-01,SAINT-LOUIS,Nord,D12,Biens et services divers,63,100.82
Septembre 2023,saint-louis,Nord,D12,Biens et services divers,63,101.41
Octobre 2023,saint-louis,Nord,D12,Biens et services divers,63,101.34
Novembre 2023,Saint-Louis ,Nord,D12,Biens et services divers,63,101.74
01/12/2023,saint-louis,Nord,D12,Biens et services divers,63,99.79
Janvier 2024,SAINT-LOUIS,Nord,D12,Biens et services divers,63,99.08
2024-02-01,SAINT-LOUIS,Nord,D12,Biens et services divers,63,99.41
Mars 2024,Saint-Louis ,Nord,D12,Biens et services divers,63,99.93
01/04/2024,SAINT-LOUIS,Nord,D12,Biens et services divers,63,100.22
01/05/2024,Saint-Louis ,Nord,D12,Biens et services divers,63,100.65
Juin 2024,Saint-Louis ,Nord,D12,Biens et services divers,63,101.05
2024-07-01,SAINT-LOUIS,Nord,D12,Biens et services divers,63,101.11
2024-08-01,saint-louis,Nord,D12,Biens et services divers,63,101.44
01/09/2024,saint-louis,Nord,D12,Biens et services divers,63,101.27
Octobre 2024,SAINT-LOUIS,Nord,D12,Biens et services divers,63,101.67
Novembre 2024,SAINT-LOUIS,Nord,D12,Biens et services divers,63,102.03
Décembre 2024,SAINT-LOUIS,Nord,D12,Biens et services divers,63,100.32
01/01/2025,Saint-Louis ,Nord,D12,Biens et services divers,63,100.05
01/02/2025,SAINT-LOUIS,Nord,D12,Biens et services divers,63,100.38
Mars 2025,Saint-Louis ,Nord,D12,Biens et services divers,63,101.12
2025-04-01,saint-louis,Nord,D12,Biens et services divers,63,101.69
Mai 2025,saint-louis,Nord,D12,Biens et services divers,63,102.26
Juin 2025,SAINT-LOUIS,Nord,D12,Biens et services divers,63,102.86
2025-07-01,Saint-Louis ,Nord,D12,Biens et services divers,63,103.19
01/08/2025,saint-louis,Nord,D12,Biens et services divers,63,103.22
01/09/2025,SAINT-LOUIS,Nord,D12,Biens et services divers,63,103.37
Octobre 2025,Saint-Louis ,Nord,D12,Biens et services divers,63,103.94
01/11/2025,saint-louis,Nord,D12,Biens et services divers,63,104.19
Décembre 2025,Saint-Louis ,Nord,D12,Biens et services divers,63,102.65
01/01/2026,SAINT-LOUIS,Nord,D12,Biens et services divers,63,100.14
01/02/2026,Saint-Louis ,Nord,D12,Biens et services divers,63,100.91
2026-03-01,SAINT-LOUIS,Nord,D12,Biens et services divers,63,102.12
Avril 2026,Saint-Louis ,Nord,D12,Biens et services divers,63,102.5
01/05/2026,saint-louis,Nord,D12,Biens et services divers,63,102.71
01/01/2018,DIOURBEL,Centre,D01,Produits alimentaires et boissons non alcoolisées,421,74.35
Février 2018,diourbel,Centre,D01,Produits alimentaires et boissons non alcoolisées,421,74.52
Mars 2018,diourbel,Centre,D01,Produits alimentaires et boissons non alcoolisées,421,75.65
Avril 2018,DIOURBEL,Centre,D01,Produits alimentaires et boissons non alcoolisées,421,77.28
2018-05-01,Diourbel ,Centre,D01,Produits alimentaires et boissons non alcoolisées,421,78.65
Juin 2018,diourbel,Centre,D01,Produits alimentaires et boissons non alcoolisées,421,79.2
Juillet 2018,DIOURBEL,Centre,D01,Produits alimentaires et boissons non alcoolisées,421,79.56
Août 2018,Diourbel ,Centre,D01,Produits alimentaires et boissons non alcoolisées,421,79.19
01/09/2018,diourbel,Centre,D01,Produits alimentaires et boissons non alcoolisées,421,78.37
Octobre 2018,Diourbel ,Centre,D01,Produits alimentaires et boissons non alcoolisées,421,76.75
Novembre 2018,DIOURBEL,Centre,D01,Produits alimentaires et boissons non alcoolisées,421,75.43
2018-12-01,diourbel,Centre,D01,Produits alimentaires et boissons non alcoolisées,421,74.75
01/01/2019,Diourbel ,Centre,D01,Produits alimentaires et boissons non alcoolisées,421,75.03
2019-02-01,diourbel,Centre,D01,Produits alimentaires et boissons non alcoolisées,421,75.63
2019-03-01,DIOURBEL,Centre,D01,Produits alimentaires et boissons non alcoolisées,421,76.47
01/04/2019,Diourbel ,Centre,D01,Produits alimentaires et boissons non alcoolisées,421,78.04
Mai 2019,diourbel,Centre,D01,Produits alimentaires et boissons non alcoolisées,421,79.25
Juin 2019,diourbel,Centre,D01,Produits alimentaires et boissons non alcoolisées,421,80.29
Juillet 2019,DIOURBEL,Centre,D01,Produits alimentaires et boissons non alcoolisées,421,80.82
01/08/2019,diourbel,Centre,D01,Produits alimentaires et boissons non alcoolisées,421,80.28
01/09/2019,Diourbel ,Centre,D01,Produits alimentaires et boissons non alcoolisées,421,79.19
Octobre 2019,DIOURBEL,Centre,D01,Produits alimentaires et boissons non alcoolisées,421,77.75
2019-11-01,DIOURBEL,Centre,D01,Produits alimentaires et boissons non alcoolisées,421,76.46
01/12/2019,Diourbel ,Centre,D01,Produits alimentaires et boissons non alcoolisées,421,75.58
01/01/2020,diourbel,Centre,D01,Produits alimentaires et boissons non alcoolisées,421,76.73
2020-02-01,diourbel,Centre,D01,Produits alimentaires et boissons non alcoolisées,421,77.07
01/03/2020,DIOURBEL,Centre,D01,Produits alimentaires et boissons non alcoolisées,421,78.66
01/04/2020,DIOURBEL,Centre,D01,Produits alimentaires et boissons non alcoolisées,421,80.52
01/05/2020,Diourbel ,Centre,D01,Produits alimentaires et boissons non alcoolisées,421,82.2
Juin 2020,Diourbel ,Centre,D01,Produits alimentaires et boissons non alcoolisées,421,83.55
01/07/2020,Diourbel ,Centre,D01,Produits alimentaires et boissons non alcoolisées,421,83.91
01/08/2020,Diourbel ,Centre,D01,Produits alimentaires et boissons non alcoolisées,421,83.3
01/09/2020,Diourbel ,Centre,D01,Produits alimentaires et boissons non alcoolisées,421,82.09
2020-10-01,Diourbel ,Centre,D01,Produits alimentaires et boissons non alcoolisées,421,80.6
01/11/2020,DIOURBEL,Centre,D01,Produits alimentaires et boissons non alcoolisées,421,79.29
01/12/2020,DIOURBEL,Centre,D01,Produits alimentaires et boissons non alcoolisées,421,78.02
01/01/2021,DIOURBEL,Centre,D01,Produits alimentaires et boissons non alcoolisées,421,78.58
2021-02-01,Diourbel ,Centre,D01,Produits alimentaires et boissons non alcoolisées,421,79.4
01/03/2021,diourbel,Centre,D01,Produits alimentaires et boissons non alcoolisées,421,81.01
01/04/2021,Diourbel ,Centre,D01,Produits alimentaires et boissons non alcoolisées,421,
Mai 2021,diourbel,Centre,D01,Produits alimentaires et boissons non alcoolisées,421,84.51
Juin 2021,diourbel,Centre,D01,Produits alimentaires et boissons non alcoolisées,421,85.88
01/07/2021,Diourbel ,Centre,D01,Produits alimentaires et boissons non alcoolisées,421,86.12
2021-08-01,Diourbel ,Centre,D01,Produits alimentaires et boissons non alcoolisées,421,85.75
Septembre 2021,Diourbel ,Centre,D01,Produits alimentaires et boissons non alcoolisées,421,84.72
01/10/2021,diourbel,Centre,D01,Produits alimentaires et boissons non alcoolisées,421,83.35
01/11/2021,diourbel,Centre,D01,Produits alimentaires et boissons non alcoolisées,421,82.15
Décembre 2021,diourbel,Centre,D01,Produits alimentaires et boissons non alcoolisées,421,81.17
01/01/2022,DIOURBEL,Centre,D01,Produits alimentaires et boissons non alcoolisées,421,83.26
01/02/2022,diourbel,Centre,D01,Produits alimentaires et boissons non alcoolisées,421,85.03
Mars 2022,diourbel,Centre,D01,Produits alimentaires et boissons non alcoolisées,421,87.73
01/04/2022,Diourbel ,Centre,D01,Produits alimentaires et boissons non alcoolisées,421,91.25
01/05/2022,Diourbel ,Centre,D01,Produits alimentaires et boissons non alcoolisées,421,94.05
01/06/2022,Diourbel ,Centre,D01,Produits alimentaires et boissons non alcoolisées,421,
Juillet 2022,DIOURBEL,Centre,D01,Produits alimentaires et boissons non alcoolisées,421,98.17
Août 2022,Diourbel ,Centre,D01,Produits alimentaires et boissons non alcoolisées,421,98.54
2022-09-01,DIOURBEL,Centre,D01,Produits alimentaires et boissons non alcoolisées,421,98.35
Octobre 2022,diourbel,Centre,D01,Produits alimentaires et boissons non alcoolisées,421,97.55
01/11/2022,diourbel,Centre,D01,Produits alimentaires et boissons non alcoolisées,421,96.74
2022-12-01,diourbel,Centre,D01,Produits alimentaires et boissons non alcoolisées,421,93.76
01/01/2023,Diourbel ,Centre,D01,Produits alimentaires et boissons non alcoolisées,421,93.27
Février 2023,diourbel,Centre,D01,Produits alimentaires et boissons non alcoolisées,421,94.71
01/03/2023,diourbel,Centre,D01,Produits alimentaires et boissons non alcoolisées,421,96.79
2023-04-01,Diourbel ,Centre,D01,Produits alimentaires et boissons non alcoolisées,421,99.46
01/05/2023,diourbel,Centre,D01,Produits alimentaires et boissons non alcoolisées,421,101.67
2023-06-01,Diourbel ,Centre,D01,Produits alimentaires et boissons non alcoolisées,421,103.14
2023-07-01,Diourbel ,Centre,D01,Produits alimentaires et boissons non alcoolisées,421,104.16
Août 2023,Diourbel ,Centre,D01,Produits alimentaires et boissons non alcoolisées,421,104.34
2023-09-01,diourbel,Centre,D01,Produits alimentaires et boissons non alcoolisées,421,103.33
Octobre 2023,Diourbel ,Centre,D01,Produits alimentaires et boissons non alcoolisées,421,101.96
Novembre 2023,diourbel,Centre,D01,Produits alimentaires et boissons non alcoolisées,421,100.97
2023-12-01,diourbel,Centre,D01,Produits alimentaires et boissons non alcoolisées,421,97.28
2024-01-01,DIOURBEL,Centre,D01,Produits alimentaires et boissons non alcoolisées,421,96.0
2024-02-01,DIOURBEL,Centre,D01,Produits alimentaires et boissons non alcoolisées,421,96.99
2024-03-01,diourbel,Centre,D01,Produits alimentaires et boissons non alcoolisées,421,98.66
2024-04-01,diourbel,Centre,D01,Produits alimentaires et boissons non alcoolisées,421,100.38
Mai 2024,diourbel,Centre,D01,Produits alimentaires et boissons non alcoolisées,421,102.51
01/06/2024,diourbel,Centre,D01,Produits alimentaires et boissons non alcoolisées,421,104.15
2024-07-01,DIOURBEL,Centre,D01,Produits alimentaires et boissons non alcoolisées,421,104.68
01/08/2024,DIOURBEL,Centre,D01,Produits alimentaires et boissons non alcoolisées,421,104.47
2024-09-01,Diourbel ,Centre,D01,Produits alimentaires et boissons non alcoolisées,421,103.43
01/10/2024,DIOURBEL,Centre,D01,Produits alimentaires et boissons non alcoolisées,421,102.66
2024-11-01,DIOURBEL,Centre,D01,Produits alimentaires et boissons non alcoolisées,421,101.29
2024-12-01,Diourbel ,Centre,D01,Produits alimentaires et boissons non alcoolisées,421,98.32
Janvier 2025,DIOURBEL,Centre,D01,Produits alimentaires et boissons non alcoolisées,421,97.16
2025-02-01,diourbel,Centre,D01,Produits alimentaires et boissons non alcoolisées,421,98.37
2025-03-01,diourbel,Centre,D01,Produits alimentaires et boissons non alcoolisées,421,100.49
Avril 2025,Diourbel ,Centre,D01,Produits alimentaires et boissons non alcoolisées,421,102.99
01/05/2025,diourbel,Centre,D01,Produits alimentaires et boissons non alcoolisées,421,105.11
2025-06-01,DIOURBEL,Centre,D01,Produits alimentaires et boissons non alcoolisées,421,106.91
Juillet 2025,DIOURBEL,Centre,D01,Produits alimentaires et boissons non alcoolisées,421,107.66
2025-08-01,Diourbel ,Centre,D01,Produits alimentaires et boissons non alcoolisées,421,107.37
01/09/2025,DIOURBEL,Centre,D01,Produits alimentaires et boissons non alcoolisées,421,106.86
01/10/2025,Diourbel ,Centre,D01,Produits alimentaires et boissons non alcoolisées,421,105.78
01/11/2025,Diourbel ,Centre,D01,Produits alimentaires et boissons non alcoolisées,421,104.74
01/12/2025,Diourbel ,Centre,D01,Produits alimentaires et boissons non alcoolisées,421,101.59
01/01/2026,diourbel,Centre,D01,Produits alimentaires et boissons non alcoolisées,421,97.74
Février 2026,diourbel,Centre,D01,Produits alimentaires et boissons non alcoolisées,421,99.61
01/03/2026,diourbel,Centre,D01,Produits alimentaires et boissons non alcoolisées,421,101.99
2026-04-01,diourbel,Centre,D01,Produits alimentaires et boissons non alcoolisées,421,104.33
2026-05-01,Diourbel ,Centre,D01,Produits alimentaires et boissons non alcoolisées,421,106.32
01/01/2018,Diourbel ,Centre,D02,"Boissons alcoolisées, tabac et stupéfiants",9,80.73
2018-02-01,DIOURBEL,Centre,D02,"Boissons alcoolisées, tabac et stupéfiants",9,80.65
Mars 2018,DIOURBEL,Centre,D02,"Boissons alcoolisées, tabac et stupéfiants",9,80.92
Avril 2018,Diourbel ,Centre,D02,"Boissons alcoolisées, tabac et stupéfiants",9,80.89
Mai 2018,diourbel,Centre,D02,"Boissons alcoolisées, tabac et stupéfiants",9,
Juin 2018,diourbel,Centre,D02,"Boissons alcoolisées, tabac et stupéfiants",9,81.21
01/07/2018,Diourbel ,Centre,D02,"Boissons alcoolisées, tabac et stupéfiants",9,81.3
01/08/2018,DIOURBEL,Centre,D02,"Boissons alcoolisées, tabac et stupéfiants",9,81.27
2018-09-01,Diourbel ,Centre,D02,"Boissons alcoolisées, tabac et stupéfiants",9,81.06
2018-10-01,diourbel,Centre,D02,"Boissons alcoolisées, tabac et stupéfiants",9,80.79
01/11/2018,Diourbel ,Centre,D02,"Boissons alcoolisées, tabac et stupéfiants",9,80.56
2018-12-01,diourbel,Centre,D02,"Boissons alcoolisées, tabac et stupéfiants",9,80.31
Janvier 2019,Diourbel ,Centre,D02,"Boissons alcoolisées, tabac et stupéfiants",9,81.09
Février 2019,DIOURBEL,Centre,D02,"Boissons alcoolisées, tabac et stupéfiants",9,81.39
Mars 2019,Diourbel ,Centre,D02,"Boissons alcoolisées, tabac et stupéfiants",9,81.32
01/04/2019,DIOURBEL,Centre,D02,"Boissons alcoolisées, tabac et stupéfiants",9,81.6
Mai 2019,Diourbel ,Centre,D02,"Boissons alcoolisées, tabac et stupéfiants",9,82.24
01/06/2019,diourbel,Centre,D02,"Boissons alcoolisées, tabac et stupéfiants",9,82.13
01/07/2019,Diourbel ,Centre,D02,"Boissons alcoolisées, tabac et stupéfiants",9,82.31
Août 2019,Diourbel ,Centre,D02,"Boissons alcoolisées, tabac et stupéfiants",9,82.28
01/09/2019,DIOURBEL,Centre,D02,"Boissons alcoolisées, tabac et stupéfiants",9,82.11
01/10/2019,diourbel,Centre,D02,"Boissons alcoolisées, tabac et stupéfiants",9,81.61
2019-11-01,diourbel,Centre,D02,"Boissons alcoolisées, tabac et stupéfiants",9,81.55
2019-12-01,DIOURBEL,Centre,D02,"Boissons alcoolisées, tabac et stupéfiants",9,81.23
Janvier 2020,DIOURBEL,Centre,D02,"Boissons alcoolisées, tabac et stupéfiants",9,82.85
Février 2020,diourbel,Centre,D02,"Boissons alcoolisées, tabac et stupéfiants",9,82.68
01/03/2020,DIOURBEL,Centre,D02,"Boissons alcoolisées, tabac et stupéfiants",9,83.18
2020-04-01,diourbel,Centre,D02,"Boissons alcoolisées, tabac et stupéfiants",9,83.68
2020-05-01,Diourbel ,Centre,D02,"Boissons alcoolisées, tabac et stupéfiants",9,
Juin 2020,Diourbel ,Centre,D02,"Boissons alcoolisées, tabac et stupéfiants",9,84.89
01/07/2020,Diourbel ,Centre,D02,"Boissons alcoolisées, tabac et stupéfiants",9,85.15
2020-08-01,DIOURBEL,Centre,D02,"Boissons alcoolisées, tabac et stupéfiants",9,84.64
Septembre 2020,DIOURBEL,Centre,D02,"Boissons alcoolisées, tabac et stupéfiants",9,84.29
2020-10-01,DIOURBEL,Centre,D02,"Boissons alcoolisées, tabac et stupéfiants",9,83.87
01/11/2020,Diourbel ,Centre,D02,"Boissons alcoolisées, tabac et stupéfiants",9,83.82
01/12/2020,DIOURBEL,Centre,D02,"Boissons alcoolisées, tabac et stupéfiants",9,83.59
2021-01-01,diourbel,Centre,D02,"Boissons alcoolisées, tabac et stupéfiants",9,84.16
2021-02-01,DIOURBEL,Centre,D02,"Boissons alcoolisées, tabac et stupéfiants",9,84.62
01/03/2021,Diourbel ,Centre,D02,"Boissons alcoolisées, tabac et stupéfiants",9,85.1
2021-04-01,Diourbel ,Centre,D02,"Boissons alcoolisées, tabac et stupéfiants",9,
01/05/2021,diourbel,Centre,D02,"Boissons alcoolisées, tabac et stupéfiants",9,86.04
Juin 2021,Diourbel ,Centre,D02,"Boissons alcoolisées, tabac et stupéfiants",9,86.38
01/07/2021,diourbel,Centre,D02,"Boissons alcoolisées, tabac et stupéfiants",9,86.75
01/08/2021,Diourbel ,Centre,D02,"Boissons alcoolisées, tabac et stupéfiants",9,86.68
Septembre 2021,diourbel,Centre,D02,"Boissons alcoolisées, tabac et stupéfiants",9,86.71
01/10/2021,Diourbel ,Centre,D02,"Boissons alcoolisées, tabac et stupéfiants",9,86.54
01/11/2021,diourbel,Centre,D02,"Boissons alcoolisées, tabac et stupéfiants",9,86.1
01/12/2021,DIOURBEL,Centre,D02,"Boissons alcoolisées, tabac et stupéfiants",9,86.03
2022-01-01,diourbel,Centre,D02,"Boissons alcoolisées, tabac et stupéfiants",9,88.11
01/02/2022,DIOURBEL,Centre,D02,"Boissons alcoolisées, tabac et stupéfiants",9,89.37
Mars 2022,Diourbel ,Centre,D02,"Boissons alcoolisées, tabac et stupéfiants",9,91.06
2022-04-01,diourbel,Centre,D02,"Boissons alcoolisées, tabac et stupéfiants",9,92.52
Mai 2022,diourbel,Centre,D02,"Boissons alcoolisées, tabac et stupéfiants",9,94.14
Juin 2022,DIOURBEL,Centre,D02,"Boissons alcoolisées, tabac et stupéfiants",9,95.32
2022-07-01,diourbel,Centre,D02,"Boissons alcoolisées, tabac et stupéfiants",9,96.21
2022-08-01,diourbel,Centre,D02,"Boissons alcoolisées, tabac et stupéfiants",9,97.14
2022-09-01,diourbel,Centre,D02,"Boissons alcoolisées, tabac et stupéfiants",9,97.69
01/10/2022,DIOURBEL,Centre,D02,"Boissons alcoolisées, tabac et stupéfiants",9,98.19
01/11/2022,DIOURBEL,Centre,D02,"Boissons alcoolisées, tabac et stupéfiants",9,98.87
Décembre 2022,Diourbel ,Centre,D02,"Boissons alcoolisées, tabac et stupéfiants",9,96.94
01/01/2023,DIOURBEL,Centre,D02,"Boissons alcoolisées, tabac et stupéfiants",9,96.8
01/02/2023,Diourbel ,Centre,D02,"Boissons alcoolisées, tabac et stupéfiants",9,97.4
Mars 2023,DIOURBEL,Centre,D02,"Boissons alcoolisées, tabac et stupéfiants",9,98.41
2023-04-01,diourbel,Centre,D02,"Boissons alcoolisées, tabac et stupéfiants",9,99.34
2023-05-01,Diourbel ,Centre,D02,"Boissons alcoolisées, tabac et stupéfiants",9,100.03
2023-06-01,DIOURBEL,Centre,D02,"Boissons alcoolisées, tabac et stupéfiants",9,100.95
2023-07-01,Diourbel ,Centre,D02,"Boissons alcoolisées, tabac et stupéfiants",9,100.76
Août 2023,DIOURBEL,Centre,D02,"Boissons alcoolisées, tabac et stupéfiants",9,101.22
2023-09-01,DIOURBEL,Centre,D02,"Boissons alcoolisées, tabac et stupéfiants",9,101.53
Octobre 2023,DIOURBEL,Centre,D02,"Boissons alcoolisées, tabac et stupéfiants",9,101.7
Novembre 2023,Diourbel ,Centre,D02,"Boissons alcoolisées, tabac et stupéfiants",9,102.36
01/12/2023,diourbel,Centre,D02,"Boissons alcoolisées, tabac et stupéfiants",9,99.89
2024-01-01,diourbel,Centre,D02,"Boissons alcoolisées, tabac et stupéfiants",9,99.05
2024-02-01,diourbel,Centre,D02,"Boissons alcoolisées, tabac et stupéfiants",9,99.43
01/03/2024,diourbel,Centre,D02,"Boissons alcoolisées, tabac et stupéfiants",9,99.55
01/04/2024,Diourbel ,Centre,D02,"Boissons alcoolisées, tabac et stupéfiants",9,100.22
Mai 2024,diourbel,Centre,D02,"Boissons alcoolisées, tabac et stupéfiants",9,101.0
01/06/2024,Diourbel ,Centre,D02,"Boissons alcoolisées, tabac et stupéfiants",9,101.16
2024-07-01,diourbel,Centre,D02,"Boissons alcoolisées, tabac et stupéfiants",9,101.38
Août 2024,Diourbel ,Centre,D02,"Boissons alcoolisées, tabac et stupéfiants",9,101.82
Septembre 2024,Diourbel ,Centre,D02,"Boissons alcoolisées, tabac et stupéfiants",9,102.07
01/10/2024,diourbel,Centre,D02,"Boissons alcoolisées, tabac et stupéfiants",9,102.26
Novembre 2024,DIOURBEL,Centre,D02,"Boissons alcoolisées, tabac et stupéfiants",9,102.4
01/12/2024,diourbel,Centre,D02,"Boissons alcoolisées, tabac et stupéfiants",9,100.43
2025-01-01,DIOURBEL,Centre,D02,"Boissons alcoolisées, tabac et stupéfiants",9,100.0
01/02/2025,diourbel,Centre,D02,"Boissons alcoolisées, tabac et stupéfiants",9,100.49
Mars 2025,diourbel,Centre,D02,"Boissons alcoolisées, tabac et stupéfiants",9,101.13
Avril 2025,diourbel,Centre,D02,"Boissons alcoolisées, tabac et stupéfiants",9,101.89
Mai 2025,DIOURBEL,Centre,D02,"Boissons alcoolisées, tabac et stupéfiants",9,102.57
01/06/2025,diourbel,Centre,D02,"Boissons alcoolisées, tabac et stupéfiants",9,103.1
2025-07-01,Diourbel ,Centre,D02,"Boissons alcoolisées, tabac et stupéfiants",9,
01/08/2025,diourbel,Centre,D02,"Boissons alcoolisées, tabac et stupéfiants",9,104.09
Septembre 2025,diourbel,Centre,D02,"Boissons alcoolisées, tabac et stupéfiants",9,104.75
Octobre 2025,Diourbel ,Centre,D02,"Boissons alcoolisées, tabac et stupéfiants",9,104.81
01/11/2025,DIOURBEL,Centre,D02,"Boissons alcoolisées, tabac et stupéfiants",9,105.32
2025-12-01,Diourbel ,Centre,D02,"Boissons alcoolisées, tabac et stupéfiants",9,103.34
Janvier 2026,diourbel,Centre,D02,"Boissons alcoolisées, tabac et stupéfiants",9,100.48
Février 2026,Diourbel ,Centre,D02,"Boissons alcoolisées, tabac et stupéfiants",9,101.6
01/03/2026,DIOURBEL,Centre,D02,"Boissons alcoolisées, tabac et stupéfiants",9,102.83
01/04/2026,DIOURBEL,Centre,D02,"Boissons alcoolisées, tabac et stupéfiants",9,103.26
Mai 2026,Diourbel ,Centre,D02,"Boissons alcoolisées, tabac et stupéfiants",9,103.73
2018-01-01,DIOURBEL,Centre,D03,Habillement et chaussures,62,85.16
Février 2018,Diourbel ,Centre,D03,Habillement et chaussures,62,85.17
2018-03-01,Diourbel ,Centre,D03,Habillement et chaussures,62,85.62
Avril 2018,Diourbel ,Centre,D03,Habillement et chaussures,62,86.14
Mai 2018,Diourbel ,Centre,D03,Habillement et chaussures,62,86.55
2018-06-01,diourbel,Centre,D03,Habillement et chaussures,62,87.09
2018-07-01,Diourbel ,Centre,D03,Habillement et chaussures,62,87.27
01/08/2018,Diourbel ,Centre,D03,Habillement et chaussures,62,86.85
01/09/2018,diourbel,Centre,D03,Habillement et chaussures,62,86.64
Octobre 2018,DIOURBEL,Centre,D03,Habillement et chaussures,62,85.97
Novembre 2018,DIOURBEL,Centre,D03,Habillement et chaussures,62,85.59
Décembre 2018,diourbel,Centre,D03,Habillement et chaussures,62,85.21
2019-01-01,DIOURBEL,Centre,D03,Habillement et chaussures,62,85.77
Février 2019,Diourbel ,Centre,D03,Habillement et chaussures,62,85.78
01/03/2019,diourbel,Centre,D03,Habillement et chaussures,62,86.41
2019-04-01,diourbel,Centre,D03,Habillement et chaussures,62,86.77
01/05/2019,diourbel,Centre,D03,Habillement et chaussures,62,87.24
Juin 2019,Diourbel ,Centre,D03,Habillement et chaussures,62,87.52
01/07/2019,diourbel,Centre,D03,Habillement et chaussures,62,87.83
2019-08-01,Diourbel ,Centre,D03,Habillement et chaussures,62,87.76
01/09/2019,diourbel,Centre,D03,Habillement et chaussures,62,87.29
Octobre 2019,diourbel,Centre,D03,Habillement et chaussures,62,87.04
Novembre 2019,DIOURBEL,Centre,D03,Habillement et chaussures,62,86.44
01/12/2019,Diourbel ,Centre,D03,Habillement et chaussures,62,85.88
Janvier 2020,diourbel,Centre,D03,Habillement et chaussures,62,86.63
Février 2020,Diourbel ,Centre,D03,Habillement et chaussures,62,87.08
2020-03-01,DIOURBEL,Centre,D03,Habillement et chaussures,62,87.5
01/04/2020,Diourbel ,Centre,D03,Habillement et chaussures,62,88.47
Mai 2020,Diourbel ,Centre,D03,Habillement et chaussures,62,89.06
01/06/2020,DIOURBEL,Centre,D03,Habillement et chaussures,62,89.59
Juillet 2020,diourbel,Centre,D03,Habillement et chaussures,62,89.81
Août 2020,Diourbel ,Centre,D03,Habillement et chaussures,62,89.73
2020-09-01,Diourbel ,Centre,D03,Habillement et chaussures,62,89.08
2020-10-01,DIOURBEL,Centre,D03,Habillement et chaussures,62,88.47
01/11/2020,Diourbel ,Centre,D03,Habillement et chaussures,62,88.13
01/12/2020,DIOURBEL,Centre,D03,Habillement et chaussures,62,87.66
Janvier 2021,DIOURBEL,Centre,D03,Habillement et chaussures,62,87.87
Février 2021,diourbel,Centre,D03,Habillement et chaussures,62,88.28
01/03/2021,DIOURBEL,Centre,D03,Habillement et chaussures,62,88.91
2021-04-01,diourbel,Centre,D03,Habillement et chaussures,62,89.66
Mai 2021,DIOURBEL,Centre,D03,Habillement et chaussures,62,90.14
01/06/2021,DIOURBEL,Centre,D03,Habillement et chaussures,62,90.68
01/07/2021,diourbel,Centre,D03,Habillement et chaussures,62,90.94
Août 2021,Diourbel ,Centre,D03,Habillement et chaussures,62,90.83
Septembre 2021,DIOURBEL,Centre,D03,Habillement et chaussures,62,90.54
Octobre 2021,DIOURBEL,Centre,D03,Habillement et chaussures,62,90.25
Novembre 2021,diourbel,Centre,D03,Habillement et chaussures,62,89.69
2021-12-01,DIOURBEL,Centre,D03,Habillement et chaussures,62,89.45
2022-01-01,DIOURBEL,Centre,D03,Habillement et chaussures,62,90.63
01/02/2022,diourbel,Centre,D03,Habillement et chaussures,62,91.81
Mars 2022,diourbel,Centre,D03,Habillement et chaussures,62,93.27
01/04/2022,diourbel,Centre,D03,Habillement et chaussures,62,94.74
01/05/2022,Diourbel ,Centre,D03,Habillement et chaussures,62,96.01
Juin 2022,DIOURBEL,Centre,D03,Habillement et chaussures,62,97.32
Juillet 2022,DIOURBEL,Centre,D03,Habillement et chaussures,62,98.36
01/08/2022,Diourbel ,Centre,D03,Habillement et chaussures,62,98.49
01/09/2022,diourbel,Centre,D03,Habillement et chaussures,62,98.58
01/10/2022,DIOURBEL,Centre,D03,Habillement et chaussures,62,98.7
Novembre 2022,Diourbel ,Centre,D03,Habillement et chaussures,62,98.71
Décembre 2022,diourbel,Centre,D03,Habillement et chaussures,62,97.16
2023-01-01,Diourbel ,Centre,D03,Habillement et chaussures,62,97.01
Février 2023,Diourbel ,Centre,D03,Habillement et chaussures,62,97.4
01/03/2023,diourbel,Centre,D03,Habillement et chaussures,62,98.31
Avril 2023,Diourbel ,Centre,D03,Habillement et chaussures,62,99.42
01/05/2023,DIOURBEL,Centre,D03,Habillement et chaussures,62,100.42
01/06/2023,diourbel,Centre,D03,Habillement et chaussures,62,101.13
01/07/2023,DIOURBEL,Centre,D03,Habillement et chaussures,62,101.49
01/08/2023,DIOURBEL,Centre,D03,Habillement et chaussures,62,101.53
2023-09-01,Diourbel ,Centre,D03,Habillement et chaussures,62,101.59
2023-10-01,DIOURBEL,Centre,D03,Habillement et chaussures,62,101.26
Novembre 2023,DIOURBEL,Centre,D03,Habillement et chaussures,62,101.1
01/12/2023,diourbel,Centre,D03,Habillement et chaussures,62,99.19
01/01/2024,diourbel,Centre,D03,Habillement et chaussures,62,98.69
01/02/2024,Diourbel ,Centre,D03,Habillement et chaussures,62,99.0
01/03/2024,Diourbel ,Centre,D03,Habillement et chaussures,62,99.67
01/04/2024,DIOURBEL,Centre,D03,Habillement et chaussures,62,100.37
01/05/2024,DIOURBEL,Centre,D03,Habillement et chaussures,62,101.1
Juin 2024,Diourbel ,Centre,D03,Habillement et chaussures,62,101.55
01/07/2024,Diourbel ,Centre,D03,Habillement et chaussures,62,101.87
Août 2024,Diourbel ,Centre,D03,Habillement et chaussures,62,101.96
01/09/2024,DIOURBEL,Centre,D03,Habillement et chaussures,62,101.59
Octobre 2024,Diourbel ,Centre,D03,Habillement et chaussures,62,101.44
2024-11-01,diourbel,Centre,D03,Habillement et chaussures,62,101.39
Décembre 2024,DIOURBEL,Centre,D03,Habillement et chaussures,62,99.73
2025-01-01,Diourbel ,Centre,D03,Habillement et chaussures,62,99.18
01/02/2025,DIOURBEL,Centre,D03,Habillement et chaussures,62,99.78
01/03/2025,DIOURBEL,Centre,D03,Habillement et chaussures,62,100.53
01/04/2025,diourbel,Centre,D03,Habillement et chaussures,62,101.09
2025-05-01,Diourbel ,Centre,D03,Habillement et chaussures,62,102.29
01/06/2025,diourbel,Centre,D03,Habillement et chaussures,62,103.01
2025-07-01,DIOURBEL,Centre,D03,Habillement et chaussures,62,103.4
2025-08-01,Diourbel ,Centre,D03,Habillement et chaussures,62,103.73
01/09/2025,diourbel,Centre,D03,Habillement et chaussures,62,103.33
01/10/2025,Diourbel ,Centre,D03,Habillement et chaussures,62,103.31
01/11/2025,diourbel,Centre,D03,Habillement et chaussures,62,102.91
01/12/2025,DIOURBEL,Centre,D03,Habillement et chaussures,62,101.56
2026-01-01,DIOURBEL,Centre,D03,Habillement et chaussures,62,
2026-02-01,Diourbel ,Centre,D03,Habillement et chaussures,62,100.3
01/03/2026,DIOURBEL,Centre,D03,Habillement et chaussures,62,101.7
Avril 2026,Diourbel ,Centre,D03,Habillement et chaussures,62,102.41
Mai 2026,Diourbel ,Centre,D03,Habillement et chaussures,62,103.07
01/01/2018,diourbel,Centre,D04,"Logement, eau, électricité, gaz et autres combustibles",105,77.81
2018-02-01,diourbel,Centre,D04,"Logement, eau, électricité, gaz et autres combustibles",105,78.06
01/03/2018,diourbel,Centre,D04,"Logement, eau, électricité, gaz et autres combustibles",105,78.2
01/04/2018,DIOURBEL,Centre,D04,"Logement, eau, électricité, gaz et autres combustibles",105,78.46
01/05/2018,Diourbel ,Centre,D04,"Logement, eau, électricité, gaz et autres combustibles",105,78.68
01/06/2018,Diourbel ,Centre,D04,"Logement, eau, électricité, gaz et autres combustibles",105,79.06
01/07/2018,Diourbel ,Centre,D04,"Logement, eau, électricité, gaz et autres combustibles",105,79.25
01/08/2018,diourbel,Centre,D04,"Logement, eau, électricité, gaz et autres combustibles",105,79.34
Septembre 2018,Diourbel ,Centre,D04,"Logement, eau, électricité, gaz et autres combustibles",105,78.82
01/10/2018,DIOURBEL,Centre,D04,"Logement, eau, électricité, gaz et autres combustibles",105,78.38
2018-11-01,diourbel,Centre,D04,"Logement, eau, électricité, gaz et autres combustibles",105,78.0
Décembre 2018,Diourbel ,Centre,D04,"Logement, eau, électricité, gaz et autres combustibles",105,77.98
Janvier 2019,diourbel,Centre,D04,"Logement, eau, électricité, gaz et autres combustibles",105,78.38
01/02/2019,diourbel,Centre,D04,"Logement, eau, électricité, gaz et autres combustibles",105,78.79
2019-03-01,Diourbel ,Centre,D04,"Logement, eau, électricité, gaz et autres combustibles",105,79.13
Avril 2019,diourbel,Centre,D04,"Logement, eau, électricité, gaz et autres combustibles",105,79.49
2019-05-01,DIOURBEL,Centre,D04,"Logement, eau, électricité, gaz et autres combustibles",105,79.79
Juin 2019,DIOURBEL,Centre,D04,"Logement, eau, électricité, gaz et autres combustibles",105,80.16
2019-07-01,Diourbel ,Centre,D04,"Logement, eau, électricité, gaz et autres combustibles",105,80.21
2019-08-01,DIOURBEL,Centre,D04,"Logement, eau, électricité, gaz et autres combustibles",105,79.99
01/09/2019,DIOURBEL,Centre,D04,"Logement, eau, électricité, gaz et autres combustibles",105,80.03
01/10/2019,diourbel,Centre,D04,"Logement, eau, électricité, gaz et autres combustibles",105,79.4
Novembre 2019,diourbel,Centre,D04,"Logement, eau, électricité, gaz et autres combustibles",105,79.18
2019-12-01,Diourbel ,Centre,D04,"Logement, eau, électricité, gaz et autres combustibles",105,78.56
2020-01-01,Diourbel ,Centre,D04,"Logement, eau, électricité, gaz et autres combustibles",105,80.23
01/02/2020,Diourbel ,Centre,D04,"Logement, eau, électricité, gaz et autres combustibles",105,80.65
01/03/2020,DIOURBEL,Centre,D04,"Logement, eau, électricité, gaz et autres combustibles",105,81.05
Avril 2020,Diourbel ,Centre,D04,"Logement, eau, électricité, gaz et autres combustibles",105,81.78
01/05/2020,diourbel,Centre,D04,"Logement, eau, électricité, gaz et autres combustibles",105,82.44
01/06/2020,DIOURBEL,Centre,D04,"Logement, eau, électricité, gaz et autres combustibles",105,82.84
2020-07-01,DIOURBEL,Centre,D04,"Logement, eau, électricité, gaz et autres combustibles",105,83.14
01/08/2020,diourbel,Centre,D04,"Logement, eau, électricité, gaz et autres combustibles",105,82.78
01/09/2020,DIOURBEL,Centre,D04,"Logement, eau, électricité, gaz et autres combustibles",105,82.45
01/10/2020,Diourbel ,Centre,D04,"Logement, eau, électricité, gaz et autres combustibles",105,82.21
Novembre 2020,DIOURBEL,Centre,D04,"Logement, eau, électricité, gaz et autres combustibles",105,81.74
2020-12-01,Diourbel ,Centre,D04,"Logement, eau, électricité, gaz et autres combustibles",105,81.21
Janvier 2021,DIOURBEL,Centre,D04,"Logement, eau, électricité, gaz et autres combustibles",105,81.87
2021-02-01,Diourbel ,Centre,D04,"Logement, eau, électricité, gaz et autres combustibles",105,82.31
01/03/2021,Diourbel ,Centre,D04,"Logement, eau, électricité, gaz et autres combustibles",105,83.08
2021-04-01,DIOURBEL,Centre,D04,"Logement, eau, électricité, gaz et autres combustibles",105,83.56
2021-05-01,diourbel,Centre,D04,"Logement, eau, électricité, gaz et autres combustibles",105,84.42
Juin 2021,DIOURBEL,Centre,D04,"Logement, eau, électricité, gaz et autres combustibles",105,85.05
01/07/2021,DIOURBEL,Centre,D04,"Logement, eau, électricité, gaz et autres combustibles",105,85.12
Août 2021,diourbel,Centre,D04,"Logement, eau, électricité, gaz et autres combustibles",105,85.24
2021-09-01,DIOURBEL,Centre,D04,"Logement, eau, électricité, gaz et autres combustibles",105,84.89
01/10/2021,Diourbel ,Centre,D04,"Logement, eau, électricité, gaz et autres combustibles",105,84.61
2021-11-01,Diourbel ,Centre,D04,"Logement, eau, électricité, gaz et autres combustibles",105,84.23
2021-12-01,DIOURBEL,Centre,D04,"Logement, eau, électricité, gaz et autres combustibles",105,84.33
2022-01-01,DIOURBEL,Centre,D04,"Logement, eau, électricité, gaz et autres combustibles",105,86.31
2022-02-01,Diourbel ,Centre,D04,"Logement, eau, électricité, gaz et autres combustibles",105,87.96
2022-03-01,diourbel,Centre,D04,"Logement, eau, électricité, gaz et autres combustibles",105,89.62
Avril 2022,diourbel,Centre,D04,"Logement, eau, électricité, gaz et autres combustibles",105,91.31
Mai 2022,diourbel,Centre,D04,"Logement, eau, électricité, gaz et autres combustibles",105,93.21
2022-06-01,Diourbel ,Centre,D04,"Logement, eau, électricité, gaz et autres combustibles",105,95.03
01/07/2022,Diourbel ,Centre,D04,"Logement, eau, électricité, gaz et autres combustibles",105,95.92
Août 2022,Diourbel ,Centre,D04,"Logement, eau, électricité, gaz et autres combustibles",105,96.59
2022-09-01,DIOURBEL,Centre,D04,"Logement, eau, électricité, gaz et autres combustibles",105,97.42
Octobre 2022,diourbel,Centre,D04,"Logement, eau, électricité, gaz et autres combustibles",105,97.85
01/11/2022,DIOURBEL,Centre,D04,"Logement, eau, électricité, gaz et autres combustibles",105,98.79
Décembre 2022,DIOURBEL,Centre,D04,"Logement, eau, électricité, gaz et autres combustibles",105,96.28
01/01/2023,DIOURBEL,Centre,D04,"Logement, eau, électricité, gaz et autres combustibles",105,96.1
2023-02-01,Diourbel ,Centre,D04,"Logement, eau, électricité, gaz et autres combustibles",105,97.17
01/03/2023,Diourbel ,Centre,D04,"Logement, eau, électricité, gaz et autres combustibles",105,97.69
Avril 2023,DIOURBEL,Centre,D04,"Logement, eau, électricité, gaz et autres combustibles",105,99.08
01/05/2023,diourbel,Centre,D04,"Logement, eau, électricité, gaz et autres combustibles",105,100.51
2023-06-01,diourbel,Centre,D04,"Logement, eau, électricité, gaz et autres combustibles",105,101.1
2023-07-01,Diourbel ,Centre,D04,"Logement, eau, électricité, gaz et autres combustibles",105,101.23
01/08/2023,Diourbel ,Centre,D04,"Logement, eau, électricité, gaz et autres combustibles",105,101.57
Septembre 2023,diourbel,Centre,D04,"Logement, eau, électricité, gaz et autres combustibles",105,102.09
2023-10-01,diourbel,Centre,D04,"Logement, eau, électricité, gaz et autres combustibles",105,102.1
01/11/2023,diourbel,Centre,D04,"Logement, eau, électricité, gaz et autres combustibles",105,101.97
Décembre 2023,diourbel,Centre,D04,"Logement, eau, électricité, gaz et autres combustibles",105,99.53
Janvier 2024,Diourbel ,Centre,D04,"Logement, eau, électricité, gaz et autres combustibles",105,98.65
Février 2024,DIOURBEL,Centre,D04,"Logement, eau, électricité, gaz et autres combustibles",105,99.2
01/03/2024,DIOURBEL,Centre,D04,"Logement, eau, électricité, gaz et autres combustibles",105,99.94
Avril 2024,diourbel,Centre,D04,"Logement, eau, électricité, gaz et autres combustibles",105,100.58
01/05/2024,diourbel,Centre,D04,"Logement, eau, électricité, gaz et autres combustibles",105,101.21
Juin 2024,diourbel,Centre,D04,"Logement, eau, électricité, gaz et autres combustibles",105,101.49
01/07/2024,Diourbel ,Centre,D04,"Logement, eau, électricité, gaz et autres combustibles",105,101.8
Août 2024,diourbel,Centre,D04,"Logement, eau, électricité, gaz et autres combustibles",105,102.16
01/09/2024,DIOURBEL,Centre,D04,"Logement, eau, électricité, gaz et autres combustibles",105,102.05
Octobre 2024,DIOURBEL,Centre,D04,"Logement, eau, électricité, gaz et autres combustibles",105,102.43
01/11/2024,DIOURBEL,Centre,D04,"Logement, eau, électricité, gaz et autres combustibles",105,102.69
Décembre 2024,DIOURBEL,Centre,D04,"Logement, eau, électricité, gaz et autres combustibles",105,100.11
01/01/2025,DIOURBEL,Centre,D04,"Logement, eau, électricité, gaz et autres combustibles",105,99.74
Février 2025,Diourbel ,Centre,D04,"Logement, eau, électricité, gaz et autres combustibles",105,100.53
Mars 2025,Diourbel ,Centre,D04,"Logement, eau, électricité, gaz et autres combustibles",105,101.46
2025-04-01,Diourbel ,Centre,D04,"Logement, eau, électricité, gaz et autres combustibles",105,102.49
01/05/2025,Diourbel ,Centre,D04,"Logement, eau, électricité, gaz et autres combustibles",105,103.4
2025-06-01,DIOURBEL,Centre,D04,"Logement, eau, électricité, gaz et autres combustibles",105,104.11
2025-07-01,diourbel,Centre,D04,"Logement, eau, électricité, gaz et autres combustibles",105,104.5
2025-08-01,Diourbel ,Centre,D04,"Logement, eau, électricité, gaz et autres combustibles",105,104.72
01/09/2025,Diourbel ,Centre,D04,"Logement, eau, électricité, gaz et autres combustibles",105,105.19
01/10/2025,DIOURBEL,Centre,D04,"Logement, eau, électricité, gaz et autres combustibles",105,105.68
2025-11-01,DIOURBEL,Centre,D04,"Logement, eau, électricité, gaz et autres combustibles",105,105.94
01/12/2025,Diourbel ,Centre,D04,"Logement, eau, électricité, gaz et autres combustibles",105,103.2
01/01/2026,diourbel,Centre,D04,"Logement, eau, électricité, gaz et autres combustibles",105,100.24
2026-02-01,Diourbel ,Centre,D04,"Logement, eau, électricité, gaz et autres combustibles",105,101.69
Mars 2026,diourbel,Centre,D04,"Logement, eau, électricité, gaz et autres combustibles",105,103.03
2026-04-01,DIOURBEL,Centre,D04,"Logement, eau, électricité, gaz et autres combustibles",105,103.52
2026-05-01,DIOURBEL,Centre,D04,"Logement, eau, électricité, gaz et autres combustibles",105,104.88
2018-01-01,DIOURBEL,Centre,D05,"Meubles, articles de ménage et entretien courant",51,83.84
2018-02-01,diourbel,Centre,D05,"Meubles, articles de ménage et entretien courant",51,83.97
Mars 2018,Diourbel ,Centre,D05,"Meubles, articles de ménage et entretien courant",51,84.18
2018-04-01,diourbel,Centre,D05,"Meubles, articles de ménage et entretien courant",51,84.37
2018-05-01,diourbel,Centre,D05,"Meubles, articles de ménage et entretien courant",51,84.59
01/06/2018,Diourbel ,Centre,D05,"Meubles, articles de ménage et entretien courant",51,85.14
01/07/2018,Diourbel ,Centre,D05,"Meubles, articles de ménage et entretien courant",51,85.03
Août 2018,Diourbel ,Centre,D05,"Meubles, articles de ménage et entretien courant",51,
Septembre 2018,DIOURBEL,Centre,D05,"Meubles, articles de ménage et entretien courant",51,84.7
Octobre 2018,DIOURBEL,Centre,D05,"Meubles, articles de ménage et entretien courant",51,84.22
2018-11-01,Diourbel ,Centre,D05,"Meubles, articles de ménage et entretien courant",51,84.24
01/12/2018,DIOURBEL,Centre,D05,"Meubles, articles de ménage et entretien courant",51,83.79
Janvier 2019,Diourbel ,Centre,D05,"Meubles, articles de ménage et entretien courant",51,84.43
Février 2019,Diourbel ,Centre,D05,"Meubles, articles de ménage et entretien courant",51,84.3
Mars 2019,diourbel,Centre,D05,"Meubles, articles de ménage et entretien courant",51,84.49
Avril 2019,Diourbel ,Centre,D05,"Meubles, articles de ménage et entretien courant",51,85.11
Mai 2019,diourbel,Centre,D05,"Meubles, articles de ménage et entretien courant",51,85.27
01/06/2019,diourbel,Centre,D05,"Meubles, articles de ménage et entretien courant",51,85.34
2019-07-01,DIOURBEL,Centre,D05,"Meubles, articles de ménage et entretien courant",51,85.74
01/08/2019,diourbel,Centre,D05,"Meubles, articles de ménage et entretien courant",51,85.86
2019-09-01,Diourbel ,Centre,D05,"Meubles, articles de ménage et entretien courant",51,85.54
01/10/2019,Diourbel ,Centre,D05,"Meubles, articles de ménage et entretien courant",51,85.04
Novembre 2019,diourbel,Centre,D05,"Meubles, articles de ménage et entretien courant",51,84.79
01/12/2019,DIOURBEL,Centre,D05,"Meubles, articles de ménage et entretien courant",51,84.7
01/01/2020,Diourbel ,Centre,D05,"Meubles, articles de ménage et entretien courant",51,85.64
01/02/2020,DIOURBEL,Centre,D05,"Meubles, articles de ménage et entretien courant",51,85.76
01/03/2020,DIOURBEL,Centre,D05,"Meubles, articles de ménage et entretien courant",51,86.25
01/04/2020,diourbel,Centre,D05,"Meubles, articles de ménage et entretien courant",51,86.8
01/05/2020,Diourbel ,Centre,D05,"Meubles, articles de ménage et entretien courant",51,87.34
2020-06-01,DIOURBEL,Centre,D05,"Meubles, articles de ménage et entretien courant",51,
2020-07-01,DIOURBEL,Centre,D05,"Meubles, articles de ménage et entretien courant",51,87.79
2020-08-01,Diourbel ,Centre,D05,"Meubles, articles de ménage et entretien courant",51,87.84
2020-09-01,DIOURBEL,Centre,D05,"Meubles, articles de ménage et entretien courant",51,87.53
Octobre 2020,DIOURBEL,Centre,D05,"Meubles, articles de ménage et entretien courant",51,87.08
2020-11-01,DIOURBEL,Centre,D05,"Meubles, articles de ménage et entretien courant",51,86.89
2020-12-01,Diourbel ,Centre,D05,"Meubles, articles de ménage et entretien courant",51,86.36
2021-01-01,DIOURBEL,Centre,D05,"Meubles, articles de ménage et entretien courant",51,87.11
01/02/2021,Diourbel ,Centre,D05,"Meubles, articles de ménage et entretien courant",51,87.29
2021-03-01,DIOURBEL,Centre,D05,"Meubles, articles de ménage et entretien courant",51,88.11
2021-04-01,DIOURBEL,Centre,D05,"Meubles, articles de ménage et entretien courant",51,88.06
Mai 2021,DIOURBEL,Centre,D05,"Meubles, articles de ménage et entretien courant",51,88.65
Juin 2021,DIOURBEL,Centre,D05,"Meubles, articles de ménage et entretien courant",51,89.23
2021-07-01,DIOURBEL,Centre,D05,"Meubles, articles de ménage et entretien courant",51,89.36
01/08/2021,DIOURBEL,Centre,D05,"Meubles, articles de ménage et entretien courant",51,89.56
Septembre 2021,Diourbel ,Centre,D05,"Meubles, articles de ménage et entretien courant",51,89.05
2021-10-01,diourbel,Centre,D05,"Meubles, articles de ménage et entretien courant",51,89.03
01/11/2021,Diourbel ,Centre,D05,"Meubles, articles de ménage et entretien courant",51,88.84
Décembre 2021,DIOURBEL,Centre,D05,"Meubles, articles de ménage et entretien courant",51,88.64
2022-01-01,Diourbel ,Centre,D05,"Meubles, articles de ménage et entretien courant",51,90.03
2022-02-01,Diourbel ,Centre,D05,"Meubles, articles de ménage et entretien courant",51,91.47
Mars 2022,diourbel,Centre,D05,"Meubles, articles de ménage et entretien courant",51,92.71
Avril 2022,Diourbel ,Centre,D05,"Meubles, articles de ménage et entretien courant",51,93.98
Mai 2022,diourbel,Centre,D05,"Meubles, articles de ménage et entretien courant",51,95.28
Juin 2022,DIOURBEL,Centre,D05,"Meubles, articles de ménage et entretien courant",51,96.41
Juillet 2022,Diourbel ,Centre,D05,"Meubles, articles de ménage et entretien courant",51,97.13
01/08/2022,DIOURBEL,Centre,D05,"Meubles, articles de ménage et entretien courant",51,97.85
2022-09-01,diourbel,Centre,D05,"Meubles, articles de ménage et entretien courant",51,98.21
Octobre 2022,DIOURBEL,Centre,D05,"Meubles, articles de ménage et entretien courant",51,98.43
2022-11-01,DIOURBEL,Centre,D05,"Meubles, articles de ménage et entretien courant",51,98.68
Décembre 2022,Diourbel ,Centre,D05,"Meubles, articles de ménage et entretien courant",51,97.22
2023-01-01,Diourbel ,Centre,D05,"Meubles, articles de ménage et entretien courant",51,97.26
01/02/2023,Diourbel ,Centre,D05,"Meubles, articles de ménage et entretien courant",51,97.79
01/03/2023,Diourbel ,Centre,D05,"Meubles, articles de ménage et entretien courant",51,98.55
2023-04-01,diourbel,Centre,D05,"Meubles, articles de ménage et entretien courant",51,99.39
01/05/2023,Diourbel ,Centre,D05,"Meubles, articles de ménage et entretien courant",51,100.06
2023-06-01,diourbel,Centre,D05,"Meubles, articles de ménage et entretien courant",51,101.03
01/07/2023,diourbel,Centre,D05,"Meubles, articles de ménage et entretien courant",51,101.05
2023-08-01,diourbel,Centre,D05,"Meubles, articles de ménage et entretien courant",51,101.13
2023-09-01,DIOURBEL,Centre,D05,"Meubles, articles de ménage et entretien courant",51,101.43
01/10/2023,Diourbel ,Centre,D05,"Meubles, articles de ménage et entretien courant",51,101.19
01/11/2023,Diourbel ,Centre,D05,"Meubles, articles de ménage et entretien courant",51,101.39
2023-12-01,Diourbel ,Centre,D05,"Meubles, articles de ménage et entretien courant",51,99.87
Janvier 2024,Diourbel ,Centre,D05,"Meubles, articles de ménage et entretien courant",51,98.78
01/02/2024,DIOURBEL,Centre,D05,"Meubles, articles de ménage et entretien courant",51,99.49
2024-03-01,Diourbel ,Centre,D05,"Meubles, articles de ménage et entretien courant",51,99.99
2024-04-01,Diourbel ,Centre,D05,"Meubles, articles de ménage et entretien courant",51,100.21
2024-05-01,diourbel,Centre,D05,"Meubles, articles de ménage et entretien courant",51,100.85
Juin 2024,DIOURBEL,Centre,D05,"Meubles, articles de ménage et entretien courant",51,101.38
Juillet 2024,diourbel,Centre,D05,"Meubles, articles de ménage et entretien courant",51,101.37
2024-08-01,DIOURBEL,Centre,D05,"Meubles, articles de ménage et entretien courant",51,101.64
Septembre 2024,Diourbel ,Centre,D05,"Meubles, articles de ménage et entretien courant",51,101.52
Octobre 2024,Diourbel ,Centre,D05,"Meubles, articles de ménage et entretien courant",51,101.69
Novembre 2024,diourbel,Centre,D05,"Meubles, articles de ménage et entretien courant",51,101.76
2024-12-01,diourbel,Centre,D05,"Meubles, articles de ménage et entretien courant",51,100.23
2025-01-01,DIOURBEL,Centre,D05,"Meubles, articles de ménage et entretien courant",51,100.02
01/02/2025,DIOURBEL,Centre,D05,"Meubles, articles de ménage et entretien courant",51,100.27
Mars 2025,DIOURBEL,Centre,D05,"Meubles, articles de ménage et entretien courant",51,100.71
01/04/2025,DIOURBEL,Centre,D05,"Meubles, articles de ménage et entretien courant",51,101.42
Mai 2025,diourbel,Centre,D05,"Meubles, articles de ménage et entretien courant",51,102.36
01/06/2025,DIOURBEL,Centre,D05,"Meubles, articles de ménage et entretien courant",51,103.17
Juillet 2025,diourbel,Centre,D05,"Meubles, articles de ménage et entretien courant",51,103.32
2025-08-01,DIOURBEL,Centre,D05,"Meubles, articles de ménage et entretien courant",51,103.39
2025-09-01,Diourbel ,Centre,D05,"Meubles, articles de ménage et entretien courant",51,103.83
01/10/2025,Diourbel ,Centre,D05,"Meubles, articles de ménage et entretien courant",51,103.91
Novembre 2025,DIOURBEL,Centre,D05,"Meubles, articles de ménage et entretien courant",51,104.06
01/12/2025,Diourbel ,Centre,D05,"Meubles, articles de ménage et entretien courant",51,102.28
2026-01-01,Diourbel ,Centre,D05,"Meubles, articles de ménage et entretien courant",51,100.38
Février 2026,diourbel,Centre,D05,"Meubles, articles de ménage et entretien courant",51,100.59
2026-03-01,diourbel,Centre,D05,"Meubles, articles de ménage et entretien courant",51,102.16
2026-04-01,Diourbel ,Centre,D05,"Meubles, articles de ménage et entretien courant",51,102.5
01/05/2026,diourbel,Centre,D05,"Meubles, articles de ménage et entretien courant",51,103.07
2018-01-01,DIOURBEL,Centre,D06,Santé,42,87.84
2018-02-01,DIOURBEL,Centre,D06,Santé,42,87.57
Mars 2018,DIOURBEL,Centre,D06,Santé,42,87.72
01/04/2018,Diourbel ,Centre,D06,Santé,42,87.98
01/05/2018,diourbel,Centre,D06,Santé,42,88.24
01/06/2018,Diourbel ,Centre,D06,Santé,42,88.25
Juillet 2018,diourbel,Centre,D06,Santé,42,88.13
01/08/2018,diourbel,Centre,D06,Santé,42,88.17
2018-09-01,DIOURBEL,Centre,D06,Santé,42,88.32
2018-10-01,DIOURBEL,Centre,D06,Santé,42,87.97
01/11/2018,diourbel,Centre,D06,Santé,42,87.83
Décembre 2018,Diourbel ,Centre,D06,Santé,42,87.61
01/01/2019,diourbel,Centre,D06,Santé,42,87.96
2019-02-01,diourbel,Centre,D06,Santé,42,88.34
Mars 2019,DIOURBEL,Centre,D06,Santé,42,88.27
Avril 2019,Diourbel ,Centre,D06,Santé,42,88.45
01/05/2019,diourbel,Centre,D06,Santé,42,88.87
2019-06-01,Diourbel ,Centre,D06,Santé,42,88.78
Juillet 2019,Diourbel ,Centre,D06,Santé,42,88.85
01/08/2019,Diourbel ,Centre,D06,Santé,42,88.87
2019-09-01,Diourbel ,Centre,D06,Santé,42,88.72
Octobre 2019,diourbel,Centre,D06,Santé,42,88.55
2019-11-01,Diourbel ,Centre,D06,Santé,42,88.6
2019-12-01,diourbel,Centre,D06,Santé,42,88.23
2020-01-01,DIOURBEL,Centre,D06,Santé,42,88.59
Février 2020,Diourbel ,Centre,D06,Santé,42,89.18
01/03/2020,DIOURBEL,Centre,D06,Santé,42,89.46
Avril 2020,DIOURBEL,Centre,D06,Santé,42,89.84
01/05/2020,diourbel,Centre,D06,Santé,42,90.23
2020-06-01,Diourbel ,Centre,D06,Santé,42,90.5
Juillet 2020,diourbel,Centre,D06,Santé,42,90.58
Août 2020,diourbel,Centre,D06,Santé,42,90.57
Septembre 2020,Diourbel ,Centre,D06,Santé,42,90.21
2020-10-01,diourbel,Centre,D06,Santé,42,89.91
2020-11-01,Diourbel ,Centre,D06,Santé,42,90.2
2020-12-01,diourbel,Centre,D06,Santé,42,89.51
Janvier 2021,diourbel,Centre,D06,Santé,42,90.01
2021-02-01,diourbel,Centre,D06,Santé,42,90.03
Mars 2021,Diourbel ,Centre,D06,Santé,42,90.58
Avril 2021,diourbel,Centre,D06,Santé,42,90.83
Mai 2021,diourbel,Centre,D06,Santé,42,91.28
Juin 2021,Diourbel ,Centre,D06,Santé,42,91.8
Juillet 2021,diourbel,Centre,D06,Santé,42,91.82
2021-08-01,DIOURBEL,Centre,D06,Santé,42,91.83
Septembre 2021,Diourbel ,Centre,D06,Santé,42,91.41
Octobre 2021,DIOURBEL,Centre,D06,Santé,42,91.75
Novembre 2021,diourbel,Centre,D06,Santé,42,91.19
2021-12-01,DIOURBEL,Centre,D06,Santé,42,91.48
01/01/2022,DIOURBEL,Centre,D06,Santé,42,92.67
2022-02-01,diourbel,Centre,D06,Santé,42,93.46
01/03/2022,DIOURBEL,Centre,D06,Santé,42,94.21
01/04/2022,diourbel,Centre,D06,Santé,42,95.36
01/05/2022,DIOURBEL,Centre,D06,Santé,42,96.28
2022-06-01,DIOURBEL,Centre,D06,Santé,42,97.2
2022-07-01,diourbel,Centre,D06,Santé,42,97.74
Août 2022,diourbel,Centre,D06,Santé,42,97.96
2022-09-01,Diourbel ,Centre,D06,Santé,42,98.8
Octobre 2022,Diourbel ,Centre,D06,Santé,42,98.92
01/11/2022,DIOURBEL,Centre,D06,Santé,42,99.11
2022-12-01,diourbel,Centre,D06,Santé,42,97.97
01/01/2023,Diourbel ,Centre,D06,Santé,42,98.0
Février 2023,DIOURBEL,Centre,D06,Santé,42,98.24
01/03/2023,diourbel,Centre,D06,Santé,42,98.56
Avril 2023,Diourbel ,Centre,D06,Santé,42,99.53
Mai 2023,diourbel,Centre,D06,Santé,42,100.15
Juin 2023,Diourbel ,Centre,D06,Santé,42,100.52
Juillet 2023,DIOURBEL,Centre,D06,Santé,42,100.58
Août 2023,DIOURBEL,Centre,D06,Santé,42,100.87
2023-09-01,DIOURBEL,Centre,D06,Santé,42,100.78
01/10/2023,diourbel,Centre,D06,Santé,42,100.97
2023-11-01,diourbel,Centre,D06,Santé,42,101.08
01/12/2023,diourbel,Centre,D06,Santé,42,99.98
01/01/2024,diourbel,Centre,D06,Santé,42,99.27
Février 2024,diourbel,Centre,D06,Santé,42,99.46
01/03/2024,Diourbel ,Centre,D06,Santé,42,100.12
2024-04-01,diourbel,Centre,D06,Santé,42,100.23
Mai 2024,Diourbel ,Centre,D06,Santé,42,100.61
2024-06-01,Diourbel ,Centre,D06,Santé,42,100.79
01/07/2024,DIOURBEL,Centre,D06,Santé,42,
Août 2024,DIOURBEL,Centre,D06,Santé,42,100.75
2024-09-01,diourbel,Centre,D06,Santé,42,101.35
01/10/2024,Diourbel ,Centre,D06,Santé,42,101.42
2024-11-01,Diourbel ,Centre,D06,Santé,42,101.45
2024-12-01,Diourbel ,Centre,D06,Santé,42,100.17
Janvier 2025,Diourbel ,Centre,D06,Santé,42,100.04
2025-02-01,Diourbel ,Centre,D06,Santé,42,100.02
2025-03-01,Diourbel ,Centre,D06,Santé,42,100.6
2025-04-01,diourbel,Centre,D06,Santé,42,101.0
2025-05-01,Diourbel ,Centre,D06,Santé,42,101.95
Juin 2025,Diourbel ,Centre,D06,Santé,42,102.23
2025-07-01,DIOURBEL,Centre,D06,Santé,42,102.04
01/08/2025,diourbel,Centre,D06,Santé,42,102.31
Septembre 2025,diourbel,Centre,D06,Santé,42,102.74
Octobre 2025,diourbel,Centre,D06,Santé,42,102.9
01/11/2025,Diourbel ,Centre,D06,Santé,42,102.94
01/12/2025,Diourbel ,Centre,D06,Santé,42,102.18
2026-01-01,Diourbel ,Centre,D06,Santé,42,100.22
01/02/2026,DIOURBEL,Centre,D06,Santé,42,100.83
01/03/2026,Diourbel ,Centre,D06,Santé,42,101.43
2026-04-01,Diourbel ,Centre,D06,Santé,42,102.01
01/05/2026,diourbel,Centre,D06,Santé,42,102.24
2018-01-01,diourbel,Centre,D07,Transport,92,77.22
Février 2018,DIOURBEL,Centre,D07,Transport,92,77.38
Mars 2018,Diourbel ,Centre,D07,Transport,92,77.3
2018-04-01,diourbel,Centre,D07,Transport,92,77.93
Mai 2018,diourbel,Centre,D07,Transport,92,78.0
2018-06-01,Diourbel ,Centre,D07,Transport,92,78.29
2018-07-01,Diourbel ,Centre,D07,Transport,92,78.04
Août 2018,diourbel,Centre,D07,Transport,92,78.0
2018-09-01,DIOURBEL,Centre,D07,Transport,92,77.79
01/10/2018,DIOURBEL,Centre,D07,Transport,92,77.71
Novembre 2018,Diourbel ,Centre,D07,Transport,92,77.45
Décembre 2018,diourbel,Centre,D07,Transport,92,77.24
01/01/2019,DIOURBEL,Centre,D07,Transport,92,77.89
Février 2019,Diourbel ,Centre,D07,Transport,92,77.97
2019-03-01,Diourbel ,Centre,D07,Transport,92,78.35
2019-04-01,Diourbel ,Centre,D07,Transport,92,78.6
Mai 2019,DIOURBEL,Centre,D07,Transport,92,78.86
01/06/2019,diourbel,Centre,D07,Transport,92,79.33
Juillet 2019,diourbel,Centre,D07,Transport,92,79.22
2019-08-01,Diourbel ,Centre,D07,Transport,92,79.3
2019-09-01,DIOURBEL,Centre,D07,Transport,92,78.89
Octobre 2019,DIOURBEL,Centre,D07,Transport,92,78.71
01/11/2019,diourbel,Centre,D07,Transport,92,78.42
2019-12-01,diourbel,Centre,D07,Transport,92,78.05
01/01/2020,Diourbel ,Centre,D07,Transport,92,79.72
Février 2020,DIOURBEL,Centre,D07,Transport,92,79.91
01/03/2020,DIOURBEL,Centre,D07,Transport,92,80.52
Avril 2020,Diourbel ,Centre,D07,Transport,92,80.92
2020-05-01,Diourbel ,Centre,D07,Transport,92,81.56
01/06/2020,Diourbel ,Centre,D07,Transport,92,81.96
Juillet 2020,DIOURBEL,Centre,D07,Transport,92,82.35
01/08/2020,Diourbel ,Centre,D07,Transport,92,82.08
Septembre 2020,Diourbel ,Centre,D07,Transport,92,81.8
Octobre 2020,diourbel,Centre,D07,Transport,92,81.57
01/11/2020,DIOURBEL,Centre,D07,Transport,92,81.19
Décembre 2020,diourbel,Centre,D07,Transport,92,80.89
2021-01-01,diourbel,Centre,D07,Transport,92,81.34
Février 2021,Diourbel ,Centre,D07,Transport,92,81.83
2021-03-01,diourbel,Centre,D07,Transport,92,82.32
Avril 2021,Diourbel ,Centre,D07,Transport,92,83.14
01/05/2021,DIOURBEL,Centre,D07,Transport,92,83.68
01/06/2021,Diourbel ,Centre,D07,Transport,92,83.99
Juillet 2021,Diourbel ,Centre,D07,Transport,92,84.3
2021-08-01,diourbel,Centre,D07,Transport,92,84.16
01/09/2021,diourbel,Centre,D07,Transport,92,84.23
2021-10-01,Diourbel ,Centre,D07,Transport,92,83.85
2021-11-01,DIOURBEL,Centre,D07,Transport,92,83.95
Décembre 2021,diourbel,Centre,D07,Transport,92,83.85
2022-01-01,Diourbel ,Centre,D07,Transport,92,86.37
Février 2022,diourbel,Centre,D07,Transport,92,87.76
2022-03-01,DIOURBEL,Centre,D07,Transport,92,89.27
2022-04-01,Diourbel ,Centre,D07,Transport,92,91.21
01/05/2022,Diourbel ,Centre,D07,Transport,92,92.69
2022-06-01,diourbel,Centre,D07,Transport,92,94.25
2022-07-01,Diourbel ,Centre,D07,Transport,92,95.5
01/08/2022,diourbel,Centre,D07,Transport,92,96.06
2022-09-01,Diourbel ,Centre,D07,Transport,92,97.13
01/10/2022,DIOURBEL,Centre,D07,Transport,92,97.64
01/11/2022,diourbel,Centre,D07,Transport,92,98.35
01/12/2022,diourbel,Centre,D07,Transport,92,96.15
01/01/2023,diourbel,Centre,D07,Transport,92,96.32
Février 2023,diourbel,Centre,D07,Transport,92,97.07
2023-03-01,DIOURBEL,Centre,D07,Transport,92,98.21
01/04/2023,DIOURBEL,Centre,D07,Transport,92,99.01
01/05/2023,Diourbel ,Centre,D07,Transport,92,99.95
01/06/2023,Diourbel ,Centre,D07,Transport,92,100.88
01/07/2023,DIOURBEL,Centre,D07,Transport,92,101.07
01/08/2023,Diourbel ,Centre,D07,Transport,92,101.52
2023-09-01,Diourbel ,Centre,D07,Transport,92,101.9
01/10/2023,Diourbel ,Centre,D07,Transport,92,102.51
Novembre 2023,DIOURBEL,Centre,D07,Transport,92,102.23
01/12/2023,diourbel,Centre,D07,Transport,92,99.82
2024-01-01,DIOURBEL,Centre,D07,Transport,92,98.87
Février 2024,diourbel,Centre,D07,Transport,92,99.37
2024-03-01,DIOURBEL,Centre,D07,Transport,92,99.91
Avril 2024,DIOURBEL,Centre,D07,Transport,92,100.42
Mai 2024,diourbel,Centre,D07,Transport,92,101.21
Juin 2024,diourbel,Centre,D07,Transport,92,101.42
Juillet 2024,diourbel,Centre,D07,Transport,92,101.96
Août 2024,DIOURBEL,Centre,D07,Transport,92,102.01
01/09/2024,DIOURBEL,Centre,D07,Transport,92,102.21
2024-10-01,diourbel,Centre,D07,Transport,92,102.53
01/11/2024,DIOURBEL,Centre,D07,Transport,92,103.27
Décembre 2024,DIOURBEL,Centre,D07,Transport,92,100.41
01/01/2025,DIOURBEL,Centre,D07,Transport,92,100.21
Février 2025,DIOURBEL,Centre,D07,Transport,92,100.69
2025-03-01,DIOURBEL,Centre,D07,Transport,92,101.85
01/04/2025,diourbel,Centre,D07,Transport,92,102.55
2025-05-01,DIOURBEL,Centre,D07,Transport,92,103.19
01/06/2025,DIOURBEL,Centre,D07,Transport,92,104.1
01/07/2025,diourbel,Centre,D07,Transport,92,104.57
01/08/2025,Diourbel ,Centre,D07,Transport,92,104.78
Septembre 2025,diourbel,Centre,D07,Transport,92,105.48
Octobre 2025,DIOURBEL,Centre,D07,Transport,92,105.93
Novembre 2025,Diourbel ,Centre,D07,Transport,92,106.32
01/12/2025,diourbel,Centre,D07,Transport,92,103.92
01/01/2026,Diourbel ,Centre,D07,Transport,92,100.72
01/02/2026,DIOURBEL,Centre,D07,Transport,92,101.85
Mars 2026,DIOURBEL,Centre,D07,Transport,92,103.29
Avril 2026,diourbel,Centre,D07,Transport,92,103.79
Mai 2026,Diourbel ,Centre,D07,Transport,92,104.81
2018-01-01,DIOURBEL,Centre,D08,Communication,35,93.3
01/02/2018,DIOURBEL,Centre,D08,Communication,35,93.55
01/03/2018,Diourbel ,Centre,D08,Communication,35,93.56
01/04/2018,DIOURBEL,Centre,D08,Communication,35,94.01
01/05/2018,Diourbel ,Centre,D08,Communication,35,93.79
Juin 2018,DIOURBEL,Centre,D08,Communication,35,93.92
01/07/2018,Diourbel ,Centre,D08,Communication,35,93.91
01/08/2018,diourbel,Centre,D08,Communication,35,94.05
2018-09-01,DIOURBEL,Centre,D08,Communication,35,93.69
01/10/2018,diourbel,Centre,D08,Communication,35,93.66
2018-11-01,diourbel,Centre,D08,Communication,35,93.27
Décembre 2018,DIOURBEL,Centre,D08,Communication,35,93.51
01/01/2019,Diourbel ,Centre,D08,Communication,35,93.6
Février 2019,Diourbel ,Centre,D08,Communication,35,93.52
01/03/2019,diourbel,Centre,D08,Communication,35,94.02
Avril 2019,Diourbel ,Centre,D08,Communication,35,93.85
Mai 2019,DIOURBEL,Centre,D08,Communication,35,94.32
2019-06-01,Diourbel ,Centre,D08,Communication,35,94.22
2019-07-01,diourbel,Centre,D08,Communication,35,94.59
01/08/2019,Diourbel ,Centre,D08,Communication,35,94.42
2019-09-01,Diourbel ,Centre,D08,Communication,35,94.05
2019-10-01,Diourbel ,Centre,D08,Communication,35,93.9
01/11/2019,DIOURBEL,Centre,D08,Communication,35,93.96
2019-12-01,diourbel,Centre,D08,Communication,35,93.72
2020-01-01,DIOURBEL,Centre,D08,Communication,35,94.11
Février 2020,DIOURBEL,Centre,D08,Communication,35,94.45
2020-03-01,diourbel,Centre,D08,Communication,35,94.38
2020-04-01,Diourbel ,Centre,D08,Communication,35,94.75
Mai 2020,DIOURBEL,Centre,D08,Communication,35,95.12
2020-06-01,DIOURBEL,Centre,D08,Communication,35,95.3
01/07/2020,diourbel,Centre,D08,Communication,35,95.22
Août 2020,diourbel,Centre,D08,Communication,35,95.13
2020-09-01,diourbel,Centre,D08,Communication,35,94.77
01/10/2020,Diourbel ,Centre,D08,Communication,35,94.68
Novembre 2020,Diourbel ,Centre,D08,Communication,35,94.69
Décembre 2020,diourbel,Centre,D08,Communication,35,94.5
01/01/2021,DIOURBEL,Centre,D08,Communication,35,
01/02/2021,Diourbel ,Centre,D08,Communication,35,95.0
2021-03-01,diourbel,Centre,D08,Communication,35,94.9
2021-04-01,Diourbel ,Centre,D08,Communication,35,95.29
2021-05-01,diourbel,Centre,D08,Communication,35,95.61
Juin 2021,Diourbel ,Centre,D08,Communication,35,95.69
Juillet 2021,diourbel,Centre,D08,Communication,35,96.06
Août 2021,Diourbel ,Centre,D08,Communication,35,95.96
2021-09-01,Diourbel ,Centre,D08,Communication,35,95.78
01/10/2021,diourbel,Centre,D08,Communication,35,95.86
01/11/2021,diourbel,Centre,D08,Communication,35,95.25
2021-12-01,DIOURBEL,Centre,D08,Communication,35,95.39
2022-01-01,Diourbel ,Centre,D08,Communication,35,96.09
Février 2022,diourbel,Centre,D08,Communication,35,96.36
01/03/2022,DIOURBEL,Centre,D08,Communication,35,97.08
Avril 2022,Diourbel ,Centre,D08,Communication,35,97.46
2022-05-01,Diourbel ,Centre,D08,Communication,35,98.3
Juin 2022,DIOURBEL,Centre,D08,Communication,35,98.83
2022-07-01,diourbel,Centre,D08,Communication,35,99.03
2022-08-01,DIOURBEL,Centre,D08,Communication,35,98.95
01/09/2022,diourbel,Centre,D08,Communication,35,99.23
Octobre 2022,Diourbel ,Centre,D08,Communication,35,99.56
Novembre 2022,diourbel,Centre,D08,Communication,35,99.55
Décembre 2022,DIOURBEL,Centre,D08,Communication,35,98.52
01/01/2023,DIOURBEL,Centre,D08,Communication,35,99.03
2023-02-01,DIOURBEL,Centre,D08,Communication,35,99.09
01/03/2023,Diourbel ,Centre,D08,Communication,35,99.26
01/04/2023,Diourbel ,Centre,D08,Communication,35,99.88
Mai 2023,DIOURBEL,Centre,D08,Communication,35,99.99
2023-06-01,DIOURBEL,Centre,D08,Communication,35,100.28
2023-07-01,diourbel,Centre,D08,Communication,35,100.55
01/08/2023,Diourbel ,Centre,D08,Communication,35,100.8
01/09/2023,Diourbel ,Centre,D08,Communication,35,100.81
01/10/2023,Diourbel ,Centre,D08,Communication,35,100.63
2023-11-01,diourbel,Centre,D08,Communication,35,100.63
Décembre 2023,diourbel,Centre,D08,Communication,35,99.95
01/01/2024,DIOURBEL,Centre,D08,Communication,35,99.35
01/02/2024,DIOURBEL,Centre,D08,Communication,35,99.75
01/03/2024,Diourbel ,Centre,D08,Communication,35,
Avril 2024,DIOURBEL,Centre,D08,Communication,35,100.14
Mai 2024,diourbel,Centre,D08,Communication,35,100.3
01/06/2024,DIOURBEL,Centre,D08,Communication,35,100.6
01/07/2024,DIOURBEL,Centre,D08,Communication,35,100.65
2024-08-01,Diourbel ,Centre,D08,Communication,35,100.18
2024-09-01,diourbel,Centre,D08,Communication,35,100.7
Octobre 2024,DIOURBEL,Centre,D08,Communication,35,100.79
Novembre 2024,diourbel,Centre,D08,Communication,35,100.77
2024-12-01,diourbel,Centre,D08,Communication,35,99.99
2025-01-01,diourbel,Centre,D08,Communication,35,100.08
Février 2025,Diourbel ,Centre,D08,Communication,35,100.07
2025-03-01,diourbel,Centre,D08,Communication,35,100.35
Avril 2025,diourbel,Centre,D08,Communication,35,100.74
Mai 2025,Diourbel ,Centre,D08,Communication,35,100.95
Juin 2025,Diourbel ,Centre,D08,Communication,35,101.01
01/07/2025,DIOURBEL,Centre,D08,Communication,35,100.93
2025-08-01,diourbel,Centre,D08,Communication,35,101.3
Septembre 2025,diourbel,Centre,D08,Communication,35,
2025-10-01,Diourbel ,Centre,D08,Communication,35,101.44
2025-11-01,Diourbel ,Centre,D08,Communication,35,101.65
2025-12-01,DIOURBEL,Centre,D08,Communication,35,100.87
2026-01-01,Diourbel ,Centre,D08,Communication,35,100.15
2026-02-01,Diourbel ,Centre,D08,Communication,35,100.23
01/03/2026,DIOURBEL,Centre,D08,Communication,35,100.77
2026-04-01,diourbel,Centre,D08,Communication,35,101.02
2026-05-01,DIOURBEL,Centre,D08,Communication,35,101.43
2018-01-01,diourbel,Centre,D09,Loisirs et culture,21,87.29
Février 2018,Diourbel ,Centre,D09,Loisirs et culture,21,87.52
Mars 2018,diourbel,Centre,D09,Loisirs et culture,21,87.87
2018-04-01,Diourbel ,Centre,D09,Loisirs et culture,21,
Mai 2018,Diourbel ,Centre,D09,Loisirs et culture,21,88.28
2018-06-01,Diourbel ,Centre,D09,Loisirs et culture,21,88.37
2018-07-01,DIOURBEL,Centre,D09,Loisirs et culture,21,
01/08/2018,diourbel,Centre,D09,Loisirs et culture,21,88.49
Septembre 2018,diourbel,Centre,D09,Loisirs et culture,21,88.15
2018-10-01,Diourbel ,Centre,D09,Loisirs et culture,21,87.99
Novembre 2018,Diourbel ,Centre,D09,Loisirs et culture,21,87.87
2018-12-01,diourbel,Centre,D09,Loisirs et culture,21,87.81
01/01/2019,Diourbel ,Centre,D09,Loisirs et culture,21,88.04
2019-02-01,DIOURBEL,Centre,D09,Loisirs et culture,21,88.04
01/03/2019,DIOURBEL,Centre,D09,Loisirs et culture,21,88.24
2019-04-01,Diourbel ,Centre,D09,Loisirs et culture,21,88.59
2019-05-01,Diourbel ,Centre,D09,Loisirs et culture,21,88.77
01/06/2019,diourbel,Centre,D09,Loisirs et culture,21,89.0
2019-07-01,DIOURBEL,Centre,D09,Loisirs et culture,21,88.9
01/08/2019,DIOURBEL,Centre,D09,Loisirs et culture,21,89.13
01/09/2019,DIOURBEL,Centre,D09,Loisirs et culture,21,88.62
01/10/2019,Diourbel ,Centre,D09,Loisirs et culture,21,88.46
2019-11-01,diourbel,Centre,D09,Loisirs et culture,21,88.28
01/12/2019,Diourbel ,Centre,D09,Loisirs et culture,21,88.36
Janvier 2020,DIOURBEL,Centre,D09,Loisirs et culture,21,88.74
2020-02-01,Diourbel ,Centre,D09,Loisirs et culture,21,88.96
2020-03-01,diourbel,Centre,D09,Loisirs et culture,21,89.34
2020-04-01,DIOURBEL,Centre,D09,Loisirs et culture,21,90.06
2020-05-01,Diourbel ,Centre,D09,Loisirs et culture,21,89.88
Juin 2020,diourbel,Centre,D09,Loisirs et culture,21,90.46
2020-07-01,diourbel,Centre,D09,Loisirs et culture,21,91.07
2020-08-01,Diourbel ,Centre,D09,Loisirs et culture,21,90.66
2020-09-01,diourbel,Centre,D09,Loisirs et culture,21,90.19
Octobre 2020,Diourbel ,Centre,D09,Loisirs et culture,21,90.03
01/11/2020,diourbel,Centre,D09,Loisirs et culture,21,89.74
2020-12-01,Diourbel ,Centre,D09,Loisirs et culture,21,89.63
2021-01-01,DIOURBEL,Centre,D09,Loisirs et culture,21,90.14
Février 2021,diourbel,Centre,D09,Loisirs et culture,21,90.2
Mars 2021,DIOURBEL,Centre,D09,Loisirs et culture,21,90.45
01/04/2021,DIOURBEL,Centre,D09,Loisirs et culture,21,91.07
01/05/2021,Diourbel ,Centre,D09,Loisirs et culture,21,91.3
01/06/2021,diourbel,Centre,D09,Loisirs et culture,21,91.61
Juillet 2021,Diourbel ,Centre,D09,Loisirs et culture,21,91.62
01/08/2021,DIOURBEL,Centre,D09,Loisirs et culture,21,91.63
Septembre 2021,DIOURBEL,Centre,D09,Loisirs et culture,21,91.58
Octobre 2021,diourbel,Centre,D09,Loisirs et culture,21,91.33
Novembre 2021,DIOURBEL,Centre,D09,Loisirs et culture,21,91.34
Décembre 2021,diourbel,Centre,D09,Loisirs et culture,21,91.01
01/01/2022,Diourbel ,Centre,D09,Loisirs et culture,21,91.98
01/02/2022,diourbel,Centre,D09,Loisirs et culture,21,93.14
01/03/2022,DIOURBEL,Centre,D09,Loisirs et culture,21,94.21
Avril 2022,Diourbel ,Centre,D09,Loisirs et culture,21,
Mai 2022,diourbel,Centre,D09,Loisirs et culture,21,96.64
2022-06-01,DIOURBEL,Centre,D09,Loisirs et culture,21,97.21
Juillet 2022,Diourbel ,Centre,D09,Loisirs et culture,21,98.03
Août 2022,Diourbel ,Centre,D09,Loisirs et culture,21,98.35
01/09/2022,DIOURBEL,Centre,D09,Loisirs et culture,21,98.68
Octobre 2022,DIOURBEL,Centre,D09,Loisirs et culture,21,98.81
2022-11-01,Diourbel ,Centre,D09,Loisirs et culture,21,99.11
Décembre 2022,DIOURBEL,Centre,D09,Loisirs et culture,21,97.83
2023-01-01,DIOURBEL,Centre,D09,Loisirs et culture,21,97.86
2023-02-01,DIOURBEL,Centre,D09,Loisirs et culture,21,98.24
01/03/2023,DIOURBEL,Centre,D09,Loisirs et culture,21,98.71
Avril 2023,diourbel,Centre,D09,Loisirs et culture,21,99.63
Mai 2023,diourbel,Centre,D09,Loisirs et culture,21,100.2
2023-06-01,Diourbel ,Centre,D09,Loisirs et culture,21,100.59
Juillet 2023,diourbel,Centre,D09,Loisirs et culture,21,100.9
Août 2023,Diourbel ,Centre,D09,Loisirs et culture,21,100.94
01/09/2023,Diourbel ,Centre,D09,Loisirs et culture,21,100.93
01/10/2023,diourbel,Centre,D09,Loisirs et culture,21,101.13
01/11/2023,diourbel,Centre,D09,Loisirs et culture,21,101.04
01/12/2023,diourbel,Centre,D09,Loisirs et culture,21,99.61
2024-01-01,Diourbel ,Centre,D09,Loisirs et culture,21,98.97
01/02/2024,DIOURBEL,Centre,D09,Loisirs et culture,21,99.38
01/03/2024,Diourbel ,Centre,D09,Loisirs et culture,21,99.86
2024-04-01,diourbel,Centre,D09,Loisirs et culture,21,100.09
Mai 2024,DIOURBEL,Centre,D09,Loisirs et culture,21,101.01
01/06/2024,DIOURBEL,Centre,D09,Loisirs et culture,21,101.09
Juillet 2024,diourbel,Centre,D09,Loisirs et culture,21,101.34
2024-08-01,DIOURBEL,Centre,D09,Loisirs et culture,21,101.3
01/09/2024,Diourbel ,Centre,D09,Loisirs et culture,21,101.54
2024-10-01,Diourbel ,Centre,D09,Loisirs et culture,21,101.23
01/11/2024,diourbel,Centre,D09,Loisirs et culture,21,101.03
01/12/2024,Diourbel ,Centre,D09,Loisirs et culture,21,100.02
2025-01-01,DIOURBEL,Centre,D09,Loisirs et culture,21,99.9
01/02/2025,Diourbel ,Centre,D09,Loisirs et culture,21,100.18
01/03/2025,diourbel,Centre,D09,Loisirs et culture,21,100.68
01/04/2025,diourbel,Centre,D09,Loisirs et culture,21,101.38
01/05/2025,DIOURBEL,Centre,D09,Loisirs et culture,21,101.81
Juin 2025,diourbel,Centre,D09,Loisirs et culture,21,102.33
Juillet 2025,DIOURBEL,Centre,D09,Loisirs et culture,21,102.35
2025-08-01,diourbel,Centre,D09,Loisirs et culture,21,102.47
01/09/2025,DIOURBEL,Centre,D09,Loisirs et culture,21,103.07
Octobre 2025,Diourbel ,Centre,D09,Loisirs et culture,21,102.99
01/11/2025,DIOURBEL,Centre,D09,Loisirs et culture,21,102.99
01/12/2025,DIOURBEL,Centre,D09,Loisirs et culture,21,101.68
01/01/2026,diourbel,Centre,D09,Loisirs et culture,21,99.96
2026-02-01,DIOURBEL,Centre,D09,Loisirs et culture,21,100.56
01/03/2026,diourbel,Centre,D09,Loisirs et culture,21,101.29
2026-04-01,diourbel,Centre,D09,Loisirs et culture,21,101.68
01/05/2026,diourbel,Centre,D09,Loisirs et culture,21,102.34
Janvier 2018,diourbel,Centre,D10,Enseignement,43,85.73
Février 2018,Diourbel ,Centre,D10,Enseignement,43,85.99
01/03/2018,diourbel,Centre,D10,Enseignement,43,86.03
Avril 2018,Diourbel ,Centre,D10,Enseignement,43,86.21
2018-05-01,Diourbel ,Centre,D10,Enseignement,43,86.26
2018-06-01,DIOURBEL,Centre,D10,Enseignement,43,86.46
Juillet 2018,Diourbel ,Centre,D10,Enseignement,43,86.54
01/08/2018,diourbel,Centre,D10,Enseignement,43,86.54
01/09/2018,diourbel,Centre,D10,Enseignement,43,86.3
01/10/2018,Diourbel ,Centre,D10,Enseignement,43,86.27
01/11/2018,Diourbel ,Centre,D10,Enseignement,43,85.96
Décembre 2018,Diourbel ,Centre,D10,Enseignement,43,85.94
2019-01-01,diourbel,Centre,D10,Enseignement,43,86.23
Février 2019,DIOURBEL,Centre,D10,Enseignement,43,86.14
01/03/2019,diourbel,Centre,D10,Enseignement,43,86.58
01/04/2019,Diourbel ,Centre,D10,Enseignement,43,86.85
2019-05-01,Diourbel ,Centre,D10,Enseignement,43,87.05
Juin 2019,DIOURBEL,Centre,D10,Enseignement,43,87.18
2019-07-01,DIOURBEL,Centre,D10,Enseignement,43,87.13
01/08/2019,Diourbel ,Centre,D10,Enseignement,43,87.01
Septembre 2019,DIOURBEL,Centre,D10,Enseignement,43,87.04
01/10/2019,Diourbel ,Centre,D10,Enseignement,43,86.83
2019-11-01,Diourbel ,Centre,D10,Enseignement,43,86.51
Décembre 2019,Diourbel ,Centre,D10,Enseignement,43,86.6
2020-01-01,DIOURBEL,Centre,D10,Enseignement,43,87.17
Février 2020,diourbel,Centre,D10,Enseignement,43,87.46
01/03/2020,DIOURBEL,Centre,D10,Enseignement,43,88.09
01/04/2020,DIOURBEL,Centre,D10,Enseignement,43,88.38
01/05/2020,DIOURBEL,Centre,D10,Enseignement,43,88.61
2020-06-01,DIOURBEL,Centre,D10,Enseignement,43,89.02
2020-07-01,Diourbel ,Centre,D10,Enseignement,43,89.1
2020-08-01,DIOURBEL,Centre,D10,Enseignement,43,88.6
2020-09-01,Diourbel ,Centre,D10,Enseignement,43,88.64
2020-10-01,diourbel,Centre,D10,Enseignement,43,88.51
2020-11-01,Diourbel ,Centre,D10,Enseignement,43,88.22
01/12/2020,diourbel,Centre,D10,Enseignement,43,88.12
Janvier 2021,diourbel,Centre,D10,Enseignement,43,88.68
01/02/2021,Diourbel ,Centre,D10,Enseignement,43,88.75
Mars 2021,DIOURBEL,Centre,D10,Enseignement,43,89.01
2021-04-01,diourbel,Centre,D10,Enseignement,43,89.61
01/05/2021,Diourbel ,Centre,D10,Enseignement,43,89.92
01/06/2021,diourbel,Centre,D10,Enseignement,43,90.29
Juillet 2021,DIOURBEL,Centre,D10,Enseignement,43,90.37
Août 2021,DIOURBEL,Centre,D10,Enseignement,43,90.72
Septembre 2021,Diourbel ,Centre,D10,Enseignement,43,90.03
01/10/2021,diourbel,Centre,D10,Enseignement,43,90.14
2021-11-01,diourbel,Centre,D10,Enseignement,43,90.06
2021-12-01,DIOURBEL,Centre,D10,Enseignement,43,89.88
Janvier 2022,DIOURBEL,Centre,D10,Enseignement,43,91.56
2022-02-01,diourbel,Centre,D10,Enseignement,43,92.52
2022-03-01,diourbel,Centre,D10,Enseignement,43,93.47
01/04/2022,diourbel,Centre,D10,Enseignement,43,94.56
Mai 2022,diourbel,Centre,D10,Enseignement,43,95.72
2022-06-01,diourbel,Centre,D10,Enseignement,43,96.66
01/07/2022,Diourbel ,Centre,D10,Enseignement,43,97.33
01/08/2022,diourbel,Centre,D10,Enseignement,43,97.88
Septembre 2022,Diourbel ,Centre,D10,Enseignement,43,98.4
Octobre 2022,DIOURBEL,Centre,D10,Enseignement,43,98.86
01/11/2022,DIOURBEL,Centre,D10,Enseignement,43,98.89
01/12/2022,Diourbel ,Centre,D10,Enseignement,43,97.64
01/01/2023,Diourbel ,Centre,D10,Enseignement,43,97.44
Février 2023,DIOURBEL,Centre,D10,Enseignement,43,98.31
Mars 2023,Diourbel ,Centre,D10,Enseignement,43,98.79
2023-04-01,DIOURBEL,Centre,D10,Enseignement,43,99.46
2023-05-01,Diourbel ,Centre,D10,Enseignement,43,99.83
Juin 2023,DIOURBEL,Centre,D10,Enseignement,43,100.84
01/07/2023,diourbel,Centre,D10,Enseignement,43,100.71
Août 2023,diourbel,Centre,D10,Enseignement,43,100.95
2023-09-01,Diourbel ,Centre,D10,Enseignement,43,101.26
Octobre 2023,DIOURBEL,Centre,D10,Enseignement,43,101.16
Novembre 2023,diourbel,Centre,D10,Enseignement,43,101.33
Décembre 2023,diourbel,Centre,D10,Enseignement,43,99.92
2024-01-01,diourbel,Centre,D10,Enseignement,43,99.72
01/02/2024,Diourbel ,Centre,D10,Enseignement,43,99.57
01/03/2024,DIOURBEL,Centre,D10,Enseignement,43,100.08
2024-04-01,Diourbel ,Centre,D10,Enseignement,43,100.39
Mai 2024,diourbel,Centre,D10,Enseignement,43,100.67
2024-06-01,Diourbel ,Centre,D10,Enseignement,43,100.77
Juillet 2024,Diourbel ,Centre,D10,Enseignement,43,101.28
01/08/2024,Diourbel ,Centre,D10,Enseignement,43,100.97
01/09/2024,diourbel,Centre,D10,Enseignement,43,101.6
Octobre 2024,diourbel,Centre,D10,Enseignement,43,101.6
01/11/2024,Diourbel ,Centre,D10,Enseignement,43,101.34
2024-12-01,diourbel,Centre,D10,Enseignement,43,100.24
01/01/2025,Diourbel ,Centre,D10,Enseignement,43,100.1
Février 2025,Diourbel ,Centre,D10,Enseignement,43,100.34
2025-03-01,Diourbel ,Centre,D10,Enseignement,43,100.96
2025-04-01,Diourbel ,Centre,D10,Enseignement,43,101.24
Mai 2025,DIOURBEL,Centre,D10,Enseignement,43,101.72
2025-06-01,Diourbel ,Centre,D10,Enseignement,43,102.37
Juillet 2025,diourbel,Centre,D10,Enseignement,43,102.7
01/08/2025,diourbel,Centre,D10,Enseignement,43,102.84
Septembre 2025,Diourbel ,Centre,D10,Enseignement,43,103.37
Octobre 2025,DIOURBEL,Centre,D10,Enseignement,43,103.34
Novembre 2025,DIOURBEL,Centre,D10,Enseignement,43,103.75
Décembre 2025,DIOURBEL,Centre,D10,Enseignement,43,102.27
Janvier 2026,DIOURBEL,Centre,D10,Enseignement,43,100.05
Février 2026,DIOURBEL,Centre,D10,Enseignement,43,100.76
01/03/2026,diourbel,Centre,D10,Enseignement,43,101.84
2026-04-01,diourbel,Centre,D10,Enseignement,43,102.53
01/05/2026,DIOURBEL,Centre,D10,Enseignement,43,102.73
Janvier 2018,Diourbel ,Centre,D11,Restaurants et hôtels,56,80.16
01/02/2018,Diourbel ,Centre,D11,Restaurants et hôtels,56,80.08
2018-03-01,DIOURBEL,Centre,D11,Restaurants et hôtels,56,80.77
2018-04-01,Diourbel ,Centre,D11,Restaurants et hôtels,56,
01/05/2018,diourbel,Centre,D11,Restaurants et hôtels,56,81.44
2018-06-01,diourbel,Centre,D11,Restaurants et hôtels,56,81.4
Juillet 2018,diourbel,Centre,D11,Restaurants et hôtels,56,81.59
2018-08-01,Diourbel ,Centre,D11,Restaurants et hôtels,56,81.57
Septembre 2018,diourbel,Centre,D11,Restaurants et hôtels,56,81.18
01/10/2018,Diourbel ,Centre,D11,Restaurants et hôtels,56,80.87
Novembre 2018,diourbel,Centre,D11,Restaurants et hôtels,56,80.63
01/12/2018,Diourbel ,Centre,D11,Restaurants et hôtels,56,80.49
01/01/2019,Diourbel ,Centre,D11,Restaurants et hôtels,56,81.03
2019-02-01,DIOURBEL,Centre,D11,Restaurants et hôtels,56,81.27
01/03/2019,DIOURBEL,Centre,D11,Restaurants et hôtels,56,81.37
2019-04-01,Diourbel ,Centre,D11,Restaurants et hôtels,56,81.62
Mai 2019,DIOURBEL,Centre,D11,Restaurants et hôtels,56,82.38
Juin 2019,Diourbel ,Centre,D11,Restaurants et hôtels,56,82.31
Juillet 2019,diourbel,Centre,D11,Restaurants et hôtels,56,82.39
01/08/2019,DIOURBEL,Centre,D11,Restaurants et hôtels,56,82.36
Septembre 2019,diourbel,Centre,D11,Restaurants et hôtels,56,82.13
Octobre 2019,Diourbel ,Centre,D11,Restaurants et hôtels,56,81.75
Novembre 2019,Diourbel ,Centre,D11,Restaurants et hôtels,56,81.47
2019-12-01,diourbel,Centre,D11,Restaurants et hôtels,56,81.25
Janvier 2020,diourbel,Centre,D11,Restaurants et hôtels,56,
01/02/2020,Diourbel ,Centre,D11,Restaurants et hôtels,56,82.42
Mars 2020,diourbel,Centre,D11,Restaurants et hôtels,56,83.46
2020-04-01,Diourbel ,Centre,D11,Restaurants et hôtels,56,83.81
2020-05-01,Diourbel ,Centre,D11,Restaurants et hôtels,56,84.49
Juin 2020,Diourbel ,Centre,D11,Restaurants et hôtels,56,84.73
01/07/2020,diourbel,Centre,D11,Restaurants et hôtels,56,84.98
Août 2020,DIOURBEL,Centre,D11,Restaurants et hôtels,56,84.79
2020-09-01,Diourbel ,Centre,D11,Restaurants et hôtels,56,84.73
2020-10-01,diourbel,Centre,D11,Restaurants et hôtels,56,84.07
01/11/2020,diourbel,Centre,D11,Restaurants et hôtels,56,83.84
2020-12-01,DIOURBEL,Centre,D11,Restaurants et hôtels,56,83.37
01/01/2021,diourbel,Centre,D11,Restaurants et hôtels,56,83.99
2021-02-01,diourbel,Centre,D11,Restaurants et hôtels,56,84.39
2021-03-01,DIOURBEL,Centre,D11,Restaurants et hôtels,56,85.12
2021-04-01,DIOURBEL,Centre,D11,Restaurants et hôtels,56,85.34
01/05/2021,DIOURBEL,Centre,D11,Restaurants et hôtels,56,86.03
01/06/2021,diourbel,Centre,D11,Restaurants et hôtels,56,86.46
01/07/2021,DIOURBEL,Centre,D11,Restaurants et hôtels,56,86.73
2021-08-01,Diourbel ,Centre,D11,Restaurants et hôtels,56,86.75
Septembre 2021,DIOURBEL,Centre,D11,Restaurants et hôtels,56,86.48
2021-10-01,DIOURBEL,Centre,D11,Restaurants et hôtels,56,86.33
01/11/2021,Diourbel ,Centre,D11,Restaurants et hôtels,56,85.92
01/12/2021,DIOURBEL,Centre,D11,Restaurants et hôtels,56,85.9
2022-01-01,DIOURBEL,Centre,D11,Restaurants et hôtels,56,88.16
Février 2022,Diourbel ,Centre,D11,Restaurants et hôtels,56,89.4
2022-03-01,DIOURBEL,Centre,D11,Restaurants et hôtels,56,90.89
2022-04-01,DIOURBEL,Centre,D11,Restaurants et hôtels,56,92.35
2022-05-01,diourbel,Centre,D11,Restaurants et hôtels,56,93.89
2022-06-01,DIOURBEL,Centre,D11,Restaurants et hôtels,56,95.31
2022-07-01,diourbel,Centre,D11,Restaurants et hôtels,56,96.4
2022-08-01,Diourbel ,Centre,D11,Restaurants et hôtels,56,97.28
2022-09-01,diourbel,Centre,D11,Restaurants et hôtels,56,97.86
2022-10-01,diourbel,Centre,D11,Restaurants et hôtels,56,98.26
2022-11-01,DIOURBEL,Centre,D11,Restaurants et hôtels,56,98.42
2022-12-01,DIOURBEL,Centre,D11,Restaurants et hôtels,56,96.72
2023-01-01,diourbel,Centre,D11,Restaurants et hôtels,56,96.58
Février 2023,DIOURBEL,Centre,D11,Restaurants et hôtels,56,97.3
2023-03-01,DIOURBEL,Centre,D11,Restaurants et hôtels,56,98.51
Avril 2023,Diourbel ,Centre,D11,Restaurants et hôtels,56,98.91
01/05/2023,diourbel,Centre,D11,Restaurants et hôtels,56,100.14
2023-06-01,Diourbel ,Centre,D11,Restaurants et hôtels,56,101.15
2023-07-01,Diourbel ,Centre,D11,Restaurants et hôtels,56,101.08
2023-08-01,DIOURBEL,Centre,D11,Restaurants et hôtels,56,101.33
Septembre 2023,diourbel,Centre,D11,Restaurants et hôtels,56,101.56
2023-10-01,diourbel,Centre,D11,Restaurants et hôtels,56,101.77
01/11/2023,Diourbel ,Centre,D11,Restaurants et hôtels,56,101.62
2023-12-01,DIOURBEL,Centre,D11,Restaurants et hôtels,56,99.78
01/01/2024,diourbel,Centre,D11,Restaurants et hôtels,56,98.98
Février 2024,DIOURBEL,Centre,D11,Restaurants et hôtels,56,99.31
Mars 2024,diourbel,Centre,D11,Restaurants et hôtels,56,99.62
01/04/2024,Diourbel ,Centre,D11,Restaurants et hôtels,56,100.36
2024-05-01,DIOURBEL,Centre,D11,Restaurants et hôtels,56,100.85
2024-06-01,Diourbel ,Centre,D11,Restaurants et hôtels,56,101.42
2024-07-01,diourbel,Centre,D11,Restaurants et hôtels,56,102.08
2024-08-01,Diourbel ,Centre,D11,Restaurants et hôtels,56,101.83
01/09/2024,DIOURBEL,Centre,D11,Restaurants et hôtels,56,101.8
2024-10-01,Diourbel ,Centre,D11,Restaurants et hôtels,56,102.2
Novembre 2024,Diourbel ,Centre,D11,Restaurants et hôtels,56,102.13
2024-12-01,Diourbel ,Centre,D11,Restaurants et hôtels,56,100.07
01/01/2025,Diourbel ,Centre,D11,Restaurants et hôtels,56,99.73
01/02/2025,DIOURBEL,Centre,D11,Restaurants et hôtels,56,100.38
01/03/2025,Diourbel ,Centre,D11,Restaurants et hôtels,56,101.33
01/04/2025,diourbel,Centre,D11,Restaurants et hôtels,56,102.09
01/05/2025,DIOURBEL,Centre,D11,Restaurants et hôtels,56,102.94
2025-06-01,Diourbel ,Centre,D11,Restaurants et hôtels,56,103.39
01/07/2025,diourbel,Centre,D11,Restaurants et hôtels,56,103.93
2025-08-01,Diourbel ,Centre,D11,Restaurants et hôtels,56,104.3
2025-09-01,Diourbel ,Centre,D11,Restaurants et hôtels,56,104.5
Octobre 2025,Diourbel ,Centre,D11,Restaurants et hôtels,56,104.86
2025-11-01,Diourbel ,Centre,D11,Restaurants et hôtels,56,105.21
01/12/2025,DIOURBEL,Centre,D11,Restaurants et hôtels,56,103.02
01/01/2026,DIOURBEL,Centre,D11,Restaurants et hôtels,56,100.32
2026-02-01,diourbel,Centre,D11,Restaurants et hôtels,56,101.53
Mars 2026,DIOURBEL,Centre,D11,Restaurants et hôtels,56,102.58
01/04/2026,Diourbel ,Centre,D11,Restaurants et hôtels,56,103.42
01/05/2026,Diourbel ,Centre,D11,Restaurants et hôtels,56,103.99
Janvier 2018,diourbel,Centre,D12,Biens et services divers,63,83.76
01/02/2018,Diourbel ,Centre,D12,Biens et services divers,63,83.86
2018-03-01,diourbel,Centre,D12,Biens et services divers,63,84.07
2018-04-01,Diourbel ,Centre,D12,Biens et services divers,63,84.3
Mai 2018,DIOURBEL,Centre,D12,Biens et services divers,63,84.61
Juin 2018,Diourbel ,Centre,D12,Biens et services divers,63,84.85
Juillet 2018,diourbel,Centre,D12,Biens et services divers,63,84.96
2018-08-01,Diourbel ,Centre,D12,Biens et services divers,63,84.79
01/09/2018,Diourbel ,Centre,D12,Biens et services divers,63,84.52
Octobre 2018,Diourbel ,Centre,D12,Biens et services divers,63,84.09
Novembre 2018,diourbel,Centre,D12,Biens et services divers,63,84.14
2018-12-01,diourbel,Centre,D12,Biens et services divers,63,83.99
01/01/2019,Diourbel ,Centre,D12,Biens et services divers,63,84.52
01/02/2019,Diourbel ,Centre,D12,Biens et services divers,63,84.85
2019-03-01,Diourbel ,Centre,D12,Biens et services divers,63,84.95
01/04/2019,DIOURBEL,Centre,D12,Biens et services divers,63,85.16
Mai 2019,DIOURBEL,Centre,D12,Biens et services divers,63,85.2
Juin 2019,diourbel,Centre,D12,Biens et services divers,63,85.44
2019-07-01,diourbel,Centre,D12,Biens et services divers,63,85.55
01/08/2019,diourbel,Centre,D12,Biens et services divers,63,85.4
2019-09-01,diourbel,Centre,D12,Biens et services divers,63,85.38
Octobre 2019,DIOURBEL,Centre,D12,Biens et services divers,63,85.12
01/11/2019,DIOURBEL,Centre,D12,Biens et services divers,63,84.7
Décembre 2019,Diourbel ,Centre,D12,Biens et services divers,63,
01/01/2020,diourbel,Centre,D12,Biens et services divers,63,85.61
01/02/2020,DIOURBEL,Centre,D12,Biens et services divers,63,85.66
2020-03-01,diourbel,Centre,D12,Biens et services divers,63,86.28
Avril 2020,diourbel,Centre,D12,Biens et services divers,63,86.79
Mai 2020,diourbel,Centre,D12,Biens et services divers,63,87.34
01/06/2020,Diourbel ,Centre,D12,Biens et services divers,63,87.55
2020-07-01,diourbel,Centre,D12,Biens et services divers,63,87.81
01/08/2020,Diourbel ,Centre,D12,Biens et services divers,63,87.6
2020-09-01,diourbel,Centre,D12,Biens et services divers,63,87.16
Octobre 2020,Diourbel ,Centre,D12,Biens et services divers,63,86.84
01/11/2020,DIOURBEL,Centre,D12,Biens et services divers,63,86.87
Décembre 2020,DIOURBEL,Centre,D12,Biens et services divers,63,86.66
Janvier 2021,Diourbel ,Centre,D12,Biens et services divers,63,87.04
Février 2021,DIOURBEL,Centre,D12,Biens et services divers,63,87.5
01/03/2021,Diourbel ,Centre,D12,Biens et services divers,63,87.86
Avril 2021,diourbel,Centre,D12,Biens et services divers,63,88.3
01/05/2021,DIOURBEL,Centre,D12,Biens et services divers,63,88.56
01/06/2021,DIOURBEL,Centre,D12,Biens et services divers,63,89.31
Juillet 2021,Diourbel ,Centre,D12,Biens et services divers,63,89.28
01/08/2021,DIOURBEL,Centre,D12,Biens et services divers,63,89.15
2021-09-01,Diourbel ,Centre,D12,Biens et services divers,63,89.0
01/10/2021,Diourbel ,Centre,D12,Biens et services divers,63,88.94
01/11/2021,DIOURBEL,Centre,D12,Biens et services divers,63,
01/12/2021,Diourbel ,Centre,D12,Biens et services divers,63,88.74
01/01/2022,diourbel,Centre,D12,Biens et services divers,63,90.14
01/02/2022,diourbel,Centre,D12,Biens et services divers,63,91.42
Mars 2022,DIOURBEL,Centre,D12,Biens et services divers,63,92.52
Avril 2022,diourbel,Centre,D12,Biens et services divers,63,93.85
Mai 2022,diourbel,Centre,D12,Biens et services divers,63,95.08
01/06/2022,diourbel,Centre,D12,Biens et services divers,63,96.25
2022-07-01,DIOURBEL,Centre,D12,Biens et services divers,63,97.3
2022-08-01,diourbel,Centre,D12,Biens et services divers,63,97.86
Septembre 2022,DIOURBEL,Centre,D12,Biens et services divers,63,98.2
2022-10-01,DIOURBEL,Centre,D12,Biens et services divers,63,98.56
01/11/2022,diourbel,Centre,D12,Biens et services divers,63,99.02
01/12/2022,diourbel,Centre,D12,Biens et services divers,63,97.6
Janvier 2023,DIOURBEL,Centre,D12,Biens et services divers,63,97.22
Février 2023,diourbel,Centre,D12,Biens et services divers,63,97.88
2023-03-01,diourbel,Centre,D12,Biens et services divers,63,98.3
01/04/2023,DIOURBEL,Centre,D12,Biens et services divers,63,99.48
Mai 2023,Diourbel ,Centre,D12,Biens et services divers,63,100.4
01/06/2023,Diourbel ,Centre,D12,Biens et services divers,63,100.72
Juillet 2023,Diourbel ,Centre,D12,Biens et services divers,63,100.65
Août 2023,diourbel,Centre,D12,Biens et services divers,63,101.19
Septembre 2023,Diourbel ,Centre,D12,Biens et services divers,63,101.17
2023-10-01,diourbel,Centre,D12,Biens et services divers,63,101.37
Novembre 2023,DIOURBEL,Centre,D12,Biens et services divers,63,101.67
2023-12-01,diourbel,Centre,D12,Biens et services divers,63,99.86
2024-01-01,diourbel,Centre,D12,Biens et services divers,63,99.08
2024-02-01,diourbel,Centre,D12,Biens et services divers,63,99.33
Mars 2024,DIOURBEL,Centre,D12,Biens et services divers,63,99.83
2024-04-01,diourbel,Centre,D12,Biens et services divers,63,100.2
Mai 2024,diourbel,Centre,D12,Biens et services divers,63,100.57
2024-06-01,DIOURBEL,Centre,D12,Biens et services divers,63,101.05
Juillet 2024,diourbel,Centre,D12,Biens et services divers,63,101.38
Août 2024,DIOURBEL,Centre,D12,Biens et services divers,63,101.38
01/09/2024,diourbel,Centre,D12,Biens et services divers,63,101.35
Octobre 2024,Diourbel ,Centre,D12,Biens et services divers,63,101.92
2024-11-01,diourbel,Centre,D12,Biens et services divers,63,101.53
2024-12-01,diourbel,Centre,D12,Biens et services divers,63,100.21
01/01/2025,diourbel,Centre,D12,Biens et services divers,63,99.87
2025-02-01,DIOURBEL,Centre,D12,Biens et services divers,63,100.42
2025-03-01,DIOURBEL,Centre,D12,Biens et services divers,63,101.04
01/04/2025,diourbel,Centre,D12,Biens et services divers,63,101.75
Mai 2025,DIOURBEL,Centre,D12,Biens et services divers,63,102.12
Juin 2025,DIOURBEL,Centre,D12,Biens et services divers,63,102.86
01/07/2025,DIOURBEL,Centre,D12,Biens et services divers,63,103.16
01/08/2025,diourbel,Centre,D12,Biens et services divers,63,103.08
01/09/2025,Diourbel ,Centre,D12,Biens et services divers,63,103.95
Octobre 2025,DIOURBEL,Centre,D12,Biens et services divers,63,103.72
2025-11-01,Diourbel ,Centre,D12,Biens et services divers,63,104.25
2025-12-01,diourbel,Centre,D12,Biens et services divers,63,102.6
2026-01-01,DIOURBEL,Centre,D12,Biens et services divers,63,100.33
01/02/2026,DIOURBEL,Centre,D12,Biens et services divers,63,100.99
2026-03-01,diourbel,Centre,D12,Biens et services divers,63,102.22
2026-04-01,diourbel,Centre,D12,Biens et services divers,63,102.32
2026-05-01,DIOURBEL,Centre,D12,Biens et services divers,63,103.05
01/01/2018,Kaolack ,Centre-Sud,D01,Produits alimentaires et boissons non alcoolisées,421,74.49
01/02/2018,kaolack,Centre-Sud,D01,Produits alimentaires et boissons non alcoolisées,421,74.89
01/03/2018,KAOLACK,Centre-Sud,D01,Produits alimentaires et boissons non alcoolisées,421,76.04
Avril 2018,KAOLACK,Centre-Sud,D01,Produits alimentaires et boissons non alcoolisées,421,77.46
01/05/2018,kaolack,Centre-Sud,D01,Produits alimentaires et boissons non alcoolisées,421,78.6
Juin 2018,Kaolack ,Centre-Sud,D01,Produits alimentaires et boissons non alcoolisées,421,79.64
01/07/2018,Kaolack ,Centre-Sud,D01,Produits alimentaires et boissons non alcoolisées,421,79.8
01/08/2018,KAOLACK,Centre-Sud,D01,Produits alimentaires et boissons non alcoolisées,421,79.28
2018-09-01,Kaolack ,Centre-Sud,D01,Produits alimentaires et boissons non alcoolisées,421,78.34
01/10/2018,kaolack,Centre-Sud,D01,Produits alimentaires et boissons non alcoolisées,421,76.99
2018-11-01,KAOLACK,Centre-Sud,D01,Produits alimentaires et boissons non alcoolisées,421,75.64
2018-12-01,KAOLACK,Centre-Sud,D01,Produits alimentaires et boissons non alcoolisées,421,74.87
Janvier 2019,kaolack,Centre-Sud,D01,Produits alimentaires et boissons non alcoolisées,421,75.34
Février 2019,kaolack,Centre-Sud,D01,Produits alimentaires et boissons non alcoolisées,421,75.6
01/03/2019,KAOLACK,Centre-Sud,D01,Produits alimentaires et boissons non alcoolisées,421,76.67
2019-04-01,KAOLACK,Centre-Sud,D01,Produits alimentaires et boissons non alcoolisées,421,78.32
01/05/2019,KAOLACK,Centre-Sud,D01,Produits alimentaires et boissons non alcoolisées,421,79.54
Juin 2019,KAOLACK,Centre-Sud,D01,Produits alimentaires et boissons non alcoolisées,421,80.64
2019-07-01,KAOLACK,Centre-Sud,D01,Produits alimentaires et boissons non alcoolisées,421,81.0
Août 2019,Kaolack ,Centre-Sud,D01,Produits alimentaires et boissons non alcoolisées,421,80.32
2019-09-01,kaolack,Centre-Sud,D01,Produits alimentaires et boissons non alcoolisées,421,79.26
2019-10-01,kaolack,Centre-Sud,D01,Produits alimentaires et boissons non alcoolisées,421,78.24
01/11/2019,Kaolack ,Centre-Sud,D01,Produits alimentaires et boissons non alcoolisées,421,76.75
01/12/2019,Kaolack ,Centre-Sud,D01,Produits alimentaires et boissons non alcoolisées,421,75.73
01/01/2020,Kaolack ,Centre-Sud,D01,Produits alimentaires et boissons non alcoolisées,421,76.74
Février 2020,kaolack,Centre-Sud,D01,Produits alimentaires et boissons non alcoolisées,421,77.53
01/03/2020,KAOLACK,Centre-Sud,D01,Produits alimentaires et boissons non alcoolisées,421,78.82
Avril 2020,KAOLACK,Centre-Sud,D01,Produits alimentaires et boissons non alcoolisées,421,80.8
01/05/2020,Kaolack ,Centre-Sud,D01,Produits alimentaires et boissons non alcoolisées,421,82.28
01/06/2020,Kaolack ,Centre-Sud,D01,Produits alimentaires et boissons non alcoolisées,421,83.79
2020-07-01,kaolack,Centre-Sud,D01,Produits alimentaires et boissons non alcoolisées,421,83.98
01/08/2020,kaolack,Centre-Sud,D01,Produits alimentaires et boissons non alcoolisées,421,83.37
01/09/2020,KAOLACK,Centre-Sud,D01,Produits alimentaires et boissons non alcoolisées,421,82.28
2020-10-01,Kaolack ,Centre-Sud,D01,Produits alimentaires et boissons non alcoolisées,421,80.5
Novembre 2020,kaolack,Centre-Sud,D01,Produits alimentaires et boissons non alcoolisées,421,79.34
2020-12-01,Kaolack ,Centre-Sud,D01,Produits alimentaires et boissons non alcoolisées,421,78.3
2021-01-01,Kaolack ,Centre-Sud,D01,Produits alimentaires et boissons non alcoolisées,421,78.89
Février 2021,kaolack,Centre-Sud,D01,Produits alimentaires et boissons non alcoolisées,421,79.35
Mars 2021,Kaolack ,Centre-Sud,D01,Produits alimentaires et boissons non alcoolisées,421,81.14
01/04/2021,kaolack,Centre-Sud,D01,Produits alimentaires et boissons non alcoolisées,421,82.89
Mai 2021,kaolack,Centre-Sud,D01,Produits alimentaires et boissons non alcoolisées,421,84.69
2021-06-01,KAOLACK,Centre-Sud,D01,Produits alimentaires et boissons non alcoolisées,421,85.85
01/07/2021,Kaolack ,Centre-Sud,D01,Produits alimentaires et boissons non alcoolisées,421,86.4
01/08/2021,KAOLACK,Centre-Sud,D01,Produits alimentaires et boissons non alcoolisées,421,85.72
01/09/2021,KAOLACK,Centre-Sud,D01,Produits alimentaires et boissons non alcoolisées,421,84.99
01/10/2021,KAOLACK,Centre-Sud,D01,Produits alimentaires et boissons non alcoolisées,421,83.44
01/11/2021,Kaolack ,Centre-Sud,D01,Produits alimentaires et boissons non alcoolisées,421,82.01
01/12/2021,Kaolack ,Centre-Sud,D01,Produits alimentaires et boissons non alcoolisées,421,81.19
01/01/2022,KAOLACK,Centre-Sud,D01,Produits alimentaires et boissons non alcoolisées,421,83.39
2022-02-01,Kaolack ,Centre-Sud,D01,Produits alimentaires et boissons non alcoolisées,421,85.21
2022-03-01,Kaolack ,Centre-Sud,D01,Produits alimentaires et boissons non alcoolisées,421,88.02
01/04/2022,Kaolack ,Centre-Sud,D01,Produits alimentaires et boissons non alcoolisées,421,90.8
Mai 2022,kaolack,Centre-Sud,D01,Produits alimentaires et boissons non alcoolisées,421,93.83
Juin 2022,KAOLACK,Centre-Sud,D01,Produits alimentaires et boissons non alcoolisées,421,96.79
Juillet 2022,Kaolack ,Centre-Sud,D01,Produits alimentaires et boissons non alcoolisées,421,98.11
2022-08-01,KAOLACK,Centre-Sud,D01,Produits alimentaires et boissons non alcoolisées,421,98.36
01/09/2022,KAOLACK,Centre-Sud,D01,Produits alimentaires et boissons non alcoolisées,421,98.28
01/10/2022,KAOLACK,Centre-Sud,D01,Produits alimentaires et boissons non alcoolisées,421,97.74
2022-11-01,Kaolack ,Centre-Sud,D01,Produits alimentaires et boissons non alcoolisées,421,96.87
Décembre 2022,Kaolack ,Centre-Sud,D01,Produits alimentaires et boissons non alcoolisées,421,93.86
2023-01-01,Kaolack ,Centre-Sud,D01,Produits alimentaires et boissons non alcoolisées,421,93.68
2023-02-01,KAOLACK,Centre-Sud,D01,Produits alimentaires et boissons non alcoolisées,421,94.67
Mars 2023,kaolack,Centre-Sud,D01,Produits alimentaires et boissons non alcoolisées,421,96.78
Avril 2023,kaolack,Centre-Sud,D01,Produits alimentaires et boissons non alcoolisées,421,99.19
01/05/2023,Kaolack ,Centre-Sud,D01,Produits alimentaires et boissons non alcoolisées,421,101.59
01/06/2023,Kaolack ,Centre-Sud,D01,Produits alimentaires et boissons non alcoolisées,421,103.41
Juillet 2023,KAOLACK,Centre-Sud,D01,Produits alimentaires et boissons non alcoolisées,421,104.14
01/08/2023,Kaolack ,Centre-Sud,D01,Produits alimentaires et boissons non alcoolisées,421,103.88
Septembre 2023,Kaolack ,Centre-Sud,D01,Produits alimentaires et boissons non alcoolisées,421,103.0
2023-10-01,KAOLACK,Centre-Sud,D01,Produits alimentaires et boissons non alcoolisées,421,102.18
Novembre 2023,Kaolack ,Centre-Sud,D01,Produits alimentaires et boissons non alcoolisées,421,100.72
2023-12-01,Kaolack ,Centre-Sud,D01,Produits alimentaires et boissons non alcoolisées,421,97.38
Janvier 2024,KAOLACK,Centre-Sud,D01,Produits alimentaires et boissons non alcoolisées,421,96.19
Février 2024,KAOLACK,Centre-Sud,D01,Produits alimentaires et boissons non alcoolisées,421,97.12
2024-03-01,Kaolack ,Centre-Sud,D01,Produits alimentaires et boissons non alcoolisées,421,98.35
2024-04-01,Kaolack ,Centre-Sud,D01,Produits alimentaires et boissons non alcoolisées,421,100.79
2024-05-01,Kaolack ,Centre-Sud,D01,Produits alimentaires et boissons non alcoolisées,421,102.55
01/06/2024,KAOLACK,Centre-Sud,D01,Produits alimentaires et boissons non alcoolisées,421,104.29
2024-07-01,KAOLACK,Centre-Sud,D01,Produits alimentaires et boissons non alcoolisées,421,104.62
01/08/2024,KAOLACK,Centre-Sud,D01,Produits alimentaires et boissons non alcoolisées,421,104.36
Septembre 2024,Kaolack ,Centre-Sud,D01,Produits alimentaires et boissons non alcoolisées,421,103.88
2024-10-01,Kaolack ,Centre-Sud,D01,Produits alimentaires et boissons non alcoolisées,421,102.48
Novembre 2024,Kaolack ,Centre-Sud,D01,Produits alimentaires et boissons non alcoolisées,421,101.64
Décembre 2024,kaolack,Centre-Sud,D01,Produits alimentaires et boissons non alcoolisées,421,98.1
01/01/2025,KAOLACK,Centre-Sud,D01,Produits alimentaires et boissons non alcoolisées,421,
01/02/2025,Kaolack ,Centre-Sud,D01,Produits alimentaires et boissons non alcoolisées,421,98.55
2025-03-01,Kaolack ,Centre-Sud,D01,Produits alimentaires et boissons non alcoolisées,421,100.55
Avril 2025,kaolack,Centre-Sud,D01,Produits alimentaires et boissons non alcoolisées,421,102.61
2025-05-01,Kaolack ,Centre-Sud,D01,Produits alimentaires et boissons non alcoolisées,421,104.86
2025-06-01,kaolack,Centre-Sud,D01,Produits alimentaires et boissons non alcoolisées,421,106.66
Juillet 2025,Kaolack ,Centre-Sud,D01,Produits alimentaires et boissons non alcoolisées,421,107.6
2025-08-01,kaolack,Centre-Sud,D01,Produits alimentaires et boissons non alcoolisées,421,107.43
2025-09-01,Kaolack ,Centre-Sud,D01,Produits alimentaires et boissons non alcoolisées,421,106.99
2025-10-01,Kaolack ,Centre-Sud,D01,Produits alimentaires et boissons non alcoolisées,421,106.13
01/11/2025,kaolack,Centre-Sud,D01,Produits alimentaires et boissons non alcoolisées,421,104.74
2025-12-01,KAOLACK,Centre-Sud,D01,Produits alimentaires et boissons non alcoolisées,421,101.4
Janvier 2026,kaolack,Centre-Sud,D01,Produits alimentaires et boissons non alcoolisées,421,97.72
Février 2026,kaolack,Centre-Sud,D01,Produits alimentaires et boissons non alcoolisées,421,99.87
01/03/2026,kaolack,Centre-Sud,D01,Produits alimentaires et boissons non alcoolisées,421,102.21
01/04/2026,KAOLACK,Centre-Sud,D01,Produits alimentaires et boissons non alcoolisées,421,104.32
01/05/2026,kaolack,Centre-Sud,D01,Produits alimentaires et boissons non alcoolisées,421,106.12
2018-01-01,KAOLACK,Centre-Sud,D02,"Boissons alcoolisées, tabac et stupéfiants",9,80.74
01/02/2018,Kaolack ,Centre-Sud,D02,"Boissons alcoolisées, tabac et stupéfiants",9,80.85
2018-03-01,KAOLACK,Centre-Sud,D02,"Boissons alcoolisées, tabac et stupéfiants",9,80.92
Avril 2018,KAOLACK,Centre-Sud,D02,"Boissons alcoolisées, tabac et stupéfiants",9,81.3
01/05/2018,KAOLACK,Centre-Sud,D02,"Boissons alcoolisées, tabac et stupéfiants",9,81.65
01/06/2018,KAOLACK,Centre-Sud,D02,"Boissons alcoolisées, tabac et stupéfiants",9,81.39
2018-07-01,KAOLACK,Centre-Sud,D02,"Boissons alcoolisées, tabac et stupéfiants",9,81.4
2018-08-01,Kaolack ,Centre-Sud,D02,"Boissons alcoolisées, tabac et stupéfiants",9,81.37
2018-09-01,kaolack,Centre-Sud,D02,"Boissons alcoolisées, tabac et stupéfiants",9,81.52
2018-10-01,KAOLACK,Centre-Sud,D02,"Boissons alcoolisées, tabac et stupéfiants",9,81.24
01/11/2018,kaolack,Centre-Sud,D02,"Boissons alcoolisées, tabac et stupéfiants",9,80.9
Décembre 2018,KAOLACK,Centre-Sud,D02,"Boissons alcoolisées, tabac et stupéfiants",9,80.78
Janvier 2019,KAOLACK,Centre-Sud,D02,"Boissons alcoolisées, tabac et stupéfiants",9,81.3
2019-02-01,kaolack,Centre-Sud,D02,"Boissons alcoolisées, tabac et stupéfiants",9,81.6
2019-03-01,kaolack,Centre-Sud,D02,"Boissons alcoolisées, tabac et stupéfiants",9,81.64
01/04/2019,KAOLACK,Centre-Sud,D02,"Boissons alcoolisées, tabac et stupéfiants",9,81.91
01/05/2019,Kaolack ,Centre-Sud,D02,"Boissons alcoolisées, tabac et stupéfiants",9,82.27
2019-06-01,Kaolack ,Centre-Sud,D02,"Boissons alcoolisées, tabac et stupéfiants",9,82.35
01/07/2019,Kaolack ,Centre-Sud,D02,"Boissons alcoolisées, tabac et stupéfiants",9,82.41
2019-08-01,Kaolack ,Centre-Sud,D02,"Boissons alcoolisées, tabac et stupéfiants",9,82.38
01/09/2019,kaolack,Centre-Sud,D02,"Boissons alcoolisées, tabac et stupéfiants",9,82.3
Octobre 2019,KAOLACK,Centre-Sud,D02,"Boissons alcoolisées, tabac et stupéfiants",9,82.18
2019-11-01,kaolack,Centre-Sud,D02,"Boissons alcoolisées, tabac et stupéfiants",9,81.83
2019-12-01,KAOLACK,Centre-Sud,D02,"Boissons alcoolisées, tabac et stupéfiants",9,81.7
Janvier 2020,kaolack,Centre-Sud,D02,"Boissons alcoolisées, tabac et stupéfiants",9,82.69
Février 2020,kaolack,Centre-Sud,D02,"Boissons alcoolisées, tabac et stupéfiants",9,82.95
01/03/2020,kaolack,Centre-Sud,D02,"Boissons alcoolisées, tabac et stupéfiants",9,83.55
Avril 2020,Kaolack ,Centre-Sud,D02,"Boissons alcoolisées, tabac et stupéfiants",9,83.99
01/05/2020,Kaolack ,Centre-Sud,D02,"Boissons alcoolisées, tabac et stupéfiants",9,84.27
01/06/2020,Kaolack ,Centre-Sud,D02,"Boissons alcoolisées, tabac et stupéfiants",9,84.83
01/07/2020,kaolack,Centre-Sud,D02,"Boissons alcoolisées, tabac et stupéfiants",9,84.97
Août 2020,KAOLACK,Centre-Sud,D02,"Boissons alcoolisées, tabac et stupéfiants",9,84.78
01/09/2020,Kaolack ,Centre-Sud,D02,"Boissons alcoolisées, tabac et stupéfiants",9,84.79
2020-10-01,KAOLACK,Centre-Sud,D02,"Boissons alcoolisées, tabac et stupéfiants",9,84.36
Novembre 2020,kaolack,Centre-Sud,D02,"Boissons alcoolisées, tabac et stupéfiants",9,84.18
01/12/2020,KAOLACK,Centre-Sud,D02,"Boissons alcoolisées, tabac et stupéfiants",9,83.81
Janvier 2021,kaolack,Centre-Sud,D02,"Boissons alcoolisées, tabac et stupéfiants",9,84.4
01/02/2021,KAOLACK,Centre-Sud,D02,"Boissons alcoolisées, tabac et stupéfiants",9,84.62
2021-03-01,Kaolack ,Centre-Sud,D02,"Boissons alcoolisées, tabac et stupéfiants",9,85.19
2021-04-01,kaolack,Centre-Sud,D02,"Boissons alcoolisées, tabac et stupéfiants",9,85.71
2021-05-01,Kaolack ,Centre-Sud,D02,"Boissons alcoolisées, tabac et stupéfiants",9,86.04
2021-06-01,kaolack,Centre-Sud,D02,"Boissons alcoolisées, tabac et stupéfiants",9,86.59
01/07/2021,kaolack,Centre-Sud,D02,"Boissons alcoolisées, tabac et stupéfiants",9,86.75
Août 2021,kaolack,Centre-Sud,D02,"Boissons alcoolisées, tabac et stupéfiants",9,86.86
2021-09-01,Kaolack ,Centre-Sud,D02,"Boissons alcoolisées, tabac et stupéfiants",9,86.78
Octobre 2021,Kaolack ,Centre-Sud,D02,"Boissons alcoolisées, tabac et stupéfiants",9,86.49
01/11/2021,Kaolack ,Centre-Sud,D02,"Boissons alcoolisées, tabac et stupéfiants",9,86.48
Décembre 2021,KAOLACK,Centre-Sud,D02,"Boissons alcoolisées, tabac et stupéfiants",9,86.32
01/01/2022,kaolack,Centre-Sud,D02,"Boissons alcoolisées, tabac et stupéfiants",9,87.94
Février 2022,KAOLACK,Centre-Sud,D02,"Boissons alcoolisées, tabac et stupéfiants",9,89.55
2022-03-01,Kaolack ,Centre-Sud,D02,"Boissons alcoolisées, tabac et stupéfiants",9,91.19
Avril 2022,KAOLACK,Centre-Sud,D02,"Boissons alcoolisées, tabac et stupéfiants",9,92.31
Mai 2022,KAOLACK,Centre-Sud,D02,"Boissons alcoolisées, tabac et stupéfiants",9,94.06
01/06/2022,kaolack,Centre-Sud,D02,"Boissons alcoolisées, tabac et stupéfiants",9,95.54
Juillet 2022,Kaolack ,Centre-Sud,D02,"Boissons alcoolisées, tabac et stupéfiants",9,96.1
Août 2022,kaolack,Centre-Sud,D02,"Boissons alcoolisées, tabac et stupéfiants",9,96.99
01/09/2022,Kaolack ,Centre-Sud,D02,"Boissons alcoolisées, tabac et stupéfiants",9,97.45
Octobre 2022,kaolack,Centre-Sud,D02,"Boissons alcoolisées, tabac et stupéfiants",9,98.44
01/11/2022,KAOLACK,Centre-Sud,D02,"Boissons alcoolisées, tabac et stupéfiants",9,98.65
Décembre 2022,Kaolack ,Centre-Sud,D02,"Boissons alcoolisées, tabac et stupéfiants",9,96.96
2023-01-01,KAOLACK,Centre-Sud,D02,"Boissons alcoolisées, tabac et stupéfiants",9,97.07
Février 2023,KAOLACK,Centre-Sud,D02,"Boissons alcoolisées, tabac et stupéfiants",9,97.64
Mars 2023,Kaolack ,Centre-Sud,D02,"Boissons alcoolisées, tabac et stupéfiants",9,98.19
2023-04-01,Kaolack ,Centre-Sud,D02,"Boissons alcoolisées, tabac et stupéfiants",9,99.06
2023-05-01,KAOLACK,Centre-Sud,D02,"Boissons alcoolisées, tabac et stupéfiants",9,100.11
01/06/2023,Kaolack ,Centre-Sud,D02,"Boissons alcoolisées, tabac et stupéfiants",9,100.65
01/07/2023,KAOLACK,Centre-Sud,D02,"Boissons alcoolisées, tabac et stupéfiants",9,100.73
01/08/2023,kaolack,Centre-Sud,D02,"Boissons alcoolisées, tabac et stupéfiants",9,101.21
01/09/2023,KAOLACK,Centre-Sud,D02,"Boissons alcoolisées, tabac et stupéfiants",9,101.3
01/10/2023,Kaolack ,Centre-Sud,D02,"Boissons alcoolisées, tabac et stupéfiants",9,102.04
01/11/2023,KAOLACK,Centre-Sud,D02,"Boissons alcoolisées, tabac et stupéfiants",9,102.0
01/12/2023,kaolack,Centre-Sud,D02,"Boissons alcoolisées, tabac et stupéfiants",9,99.76
2024-01-01,KAOLACK,Centre-Sud,D02,"Boissons alcoolisées, tabac et stupéfiants",9,99.02
01/02/2024,KAOLACK,Centre-Sud,D02,"Boissons alcoolisées, tabac et stupéfiants",9,99.15
01/03/2024,kaolack,Centre-Sud,D02,"Boissons alcoolisées, tabac et stupéfiants",9,99.69
Avril 2024,KAOLACK,Centre-Sud,D02,"Boissons alcoolisées, tabac et stupéfiants",9,100.48
01/05/2024,kaolack,Centre-Sud,D02,"Boissons alcoolisées, tabac et stupéfiants",9,101.18
2024-06-01,KAOLACK,Centre-Sud,D02,"Boissons alcoolisées, tabac et stupéfiants",9,101.35
2024-07-01,kaolack,Centre-Sud,D02,"Boissons alcoolisées, tabac et stupéfiants",9,101.48
Août 2024,KAOLACK,Centre-Sud,D02,"Boissons alcoolisées, tabac et stupéfiants",9,101.54
Septembre 2024,Kaolack ,Centre-Sud,D02,"Boissons alcoolisées, tabac et stupéfiants",9,101.7
Octobre 2024,Kaolack ,Centre-Sud,D02,"Boissons alcoolisées, tabac et stupéfiants",9,102.48
01/11/2024,KAOLACK,Centre-Sud,D02,"Boissons alcoolisées, tabac et stupéfiants",9,102.41
Décembre 2024,kaolack,Centre-Sud,D02,"Boissons alcoolisées, tabac et stupéfiants",9,100.78
Janvier 2025,Kaolack ,Centre-Sud,D02,"Boissons alcoolisées, tabac et stupéfiants",9,100.32
2025-02-01,Kaolack ,Centre-Sud,D02,"Boissons alcoolisées, tabac et stupéfiants",9,100.37
2025-03-01,Kaolack ,Centre-Sud,D02,"Boissons alcoolisées, tabac et stupéfiants",9,101.17
Avril 2025,KAOLACK,Centre-Sud,D02,"Boissons alcoolisées, tabac et stupéfiants",9,101.87
2025-05-01,Kaolack ,Centre-Sud,D02,"Boissons alcoolisées, tabac et stupéfiants",9,102.69
Juin 2025,KAOLACK,Centre-Sud,D02,"Boissons alcoolisées, tabac et stupéfiants",9,103.3
2025-07-01,KAOLACK,Centre-Sud,D02,"Boissons alcoolisées, tabac et stupéfiants",9,104.2
Août 2025,kaolack,Centre-Sud,D02,"Boissons alcoolisées, tabac et stupéfiants",9,103.85
01/09/2025,Kaolack ,Centre-Sud,D02,"Boissons alcoolisées, tabac et stupéfiants",9,104.47
2025-10-01,kaolack,Centre-Sud,D02,"Boissons alcoolisées, tabac et stupéfiants",9,104.97
2025-11-01,Kaolack ,Centre-Sud,D02,"Boissons alcoolisées, tabac et stupéfiants",9,105.22
2025-12-01,kaolack,Centre-Sud,D02,"Boissons alcoolisées, tabac et stupéfiants",9,103.27
Janvier 2026,kaolack,Centre-Sud,D02,"Boissons alcoolisées, tabac et stupéfiants",9,100.36
Février 2026,KAOLACK,Centre-Sud,D02,"Boissons alcoolisées, tabac et stupéfiants",9,101.49
2026-03-01,Kaolack ,Centre-Sud,D02,"Boissons alcoolisées, tabac et stupéfiants",9,102.76
2026-04-01,KAOLACK,Centre-Sud,D02,"Boissons alcoolisées, tabac et stupéfiants",9,103.23
2026-05-01,KAOLACK,Centre-Sud,D02,"Boissons alcoolisées, tabac et stupéfiants",9,103.82
01/01/2018,Kaolack ,Centre-Sud,D03,Habillement et chaussures,62,85.52
Février 2018,kaolack,Centre-Sud,D03,Habillement et chaussures,62,
01/03/2018,KAOLACK,Centre-Sud,D03,Habillement et chaussures,62,85.87
Avril 2018,KAOLACK,Centre-Sud,D03,Habillement et chaussures,62,86.2
Mai 2018,KAOLACK,Centre-Sud,D03,Habillement et chaussures,62,86.75
Juin 2018,KAOLACK,Centre-Sud,D03,Habillement et chaussures,62,
2018-07-01,Kaolack ,Centre-Sud,D03,Habillement et chaussures,62,87.27
2018-08-01,Kaolack ,Centre-Sud,D03,Habillement et chaussures,62,87.03
01/09/2018,Kaolack ,Centre-Sud,D03,Habillement et chaussures,62,86.61
2018-10-01,kaolack,Centre-Sud,D03,Habillement et chaussures,62,86.08
01/11/2018,KAOLACK,Centre-Sud,D03,Habillement et chaussures,62,85.55
Décembre 2018,Kaolack ,Centre-Sud,D03,Habillement et chaussures,62,85.41
2019-01-01,Kaolack ,Centre-Sud,D03,Habillement et chaussures,62,85.64
Février 2019,kaolack,Centre-Sud,D03,Habillement et chaussures,62,85.87
Mars 2019,kaolack,Centre-Sud,D03,Habillement et chaussures,62,86.36
01/04/2019,Kaolack ,Centre-Sud,D03,Habillement et chaussures,62,86.76
2019-05-01,KAOLACK,Centre-Sud,D03,Habillement et chaussures,62,87.49
Juin 2019,kaolack,Centre-Sud,D03,Habillement et chaussures,62,87.9
Juillet 2019,Kaolack ,Centre-Sud,D03,Habillement et chaussures,62,87.84
Août 2019,KAOLACK,Centre-Sud,D03,Habillement et chaussures,62,87.7
01/09/2019,KAOLACK,Centre-Sud,D03,Habillement et chaussures,62,87.45
01/10/2019,KAOLACK,Centre-Sud,D03,Habillement et chaussures,62,86.78
Novembre 2019,Kaolack ,Centre-Sud,D03,Habillement et chaussures,62,86.29
Décembre 2019,KAOLACK,Centre-Sud,D03,Habillement et chaussures,62,86.2
2020-01-01,Kaolack ,Centre-Sud,D03,Habillement et chaussures,62,86.91
2020-02-01,Kaolack ,Centre-Sud,D03,Habillement et chaussures,62,87.22
2020-03-01,kaolack,Centre-Sud,D03,Habillement et chaussures,62,87.85
01/04/2020,KAOLACK,Centre-Sud,D03,Habillement et chaussures,62,
01/05/2020,kaolack,Centre-Sud,D03,Habillement et chaussures,62,89.3
2020-06-01,KAOLACK,Centre-Sud,D03,Habillement et chaussures,62,89.71
2020-07-01,kaolack,Centre-Sud,D03,Habillement et chaussures,62,89.95
2020-08-01,kaolack,Centre-Sud,D03,Habillement et chaussures,62,89.65
Septembre 2020,kaolack,Centre-Sud,D03,Habillement et chaussures,62,89.17
2020-10-01,KAOLACK,Centre-Sud,D03,Habillement et chaussures,62,88.56
01/11/2020,kaolack,Centre-Sud,D03,Habillement et chaussures,62,88.1
Décembre 2020,kaolack,Centre-Sud,D03,Habillement et chaussures,62,87.61
01/01/2021,kaolack,Centre-Sud,D03,Habillement et chaussures,62,88.14
Février 2021,Kaolack ,Centre-Sud,D03,Habillement et chaussures,62,88.18
2021-03-01,KAOLACK,Centre-Sud,D03,Habillement et chaussures,62,88.91
2021-04-01,Kaolack ,Centre-Sud,D03,Habillement et chaussures,62,89.98
2021-05-01,Kaolack ,Centre-Sud,D03,Habillement et chaussures,62,90.33
01/06/2021,Kaolack ,Centre-Sud,D03,Habillement et chaussures,62,90.94
01/07/2021,Kaolack ,Centre-Sud,D03,Habillement et chaussures,62,91.02
01/08/2021,kaolack,Centre-Sud,D03,Habillement et chaussures,62,91.09
Septembre 2021,kaolack,Centre-Sud,D03,Habillement et chaussures,62,90.62
2021-10-01,Kaolack ,Centre-Sud,D03,Habillement et chaussures,62,90.23
01/11/2021,Kaolack ,Centre-Sud,D03,Habillement et chaussures,62,89.93
01/12/2021,kaolack,Centre-Sud,D03,Habillement et chaussures,62,89.43
Janvier 2022,KAOLACK,Centre-Sud,D03,Habillement et chaussures,62,91.0
2022-02-01,KAOLACK,Centre-Sud,D03,Habillement et chaussures,62,92.06
2022-03-01,Kaolack ,Centre-Sud,D03,Habillement et chaussures,62,93.4
01/04/2022,Kaolack ,Centre-Sud,D03,Habillement et chaussures,62,94.73
2022-05-01,Kaolack ,Centre-Sud,D03,Habillement et chaussures,62,96.62
Juin 2022,Kaolack ,Centre-Sud,D03,Habillement et chaussures,62,97.48
Juillet 2022,Kaolack ,Centre-Sud,D03,Habillement et chaussures,62,98.11
01/08/2022,kaolack,Centre-Sud,D03,Habillement et chaussures,62,98.38
01/09/2022,Kaolack ,Centre-Sud,D03,Habillement et chaussures,62,98.69
Octobre 2022,KAOLACK,Centre-Sud,D03,Habillement et chaussures,62,98.94
01/11/2022,kaolack,Centre-Sud,D03,Habillement et chaussures,62,98.96
Décembre 2022,kaolack,Centre-Sud,D03,Habillement et chaussures,62,97.43
Janvier 2023,KAOLACK,Centre-Sud,D03,Habillement et chaussures,62,97.16
Février 2023,kaolack,Centre-Sud,D03,Habillement et chaussures,62,97.45
2023-03-01,Kaolack ,Centre-Sud,D03,Habillement et chaussures,62,98.54
01/04/2023,Kaolack ,Centre-Sud,D03,Habillement et chaussures,62,99.26
01/05/2023,kaolack,Centre-Sud,D03,Habillement et chaussures,62,100.22
2023-06-01,kaolack,Centre-Sud,D03,Habillement et chaussures,62,101.24
2023-07-01,kaolack,Centre-Sud,D03,Habillement et chaussures,62,101.59
2023-08-01,kaolack,Centre-Sud,D03,Habillement et chaussures,62,101.65
2023-09-01,kaolack,Centre-Sud,D03,Habillement et chaussures,62,101.52
2023-10-01,KAOLACK,Centre-Sud,D03,Habillement et chaussures,62,101.34
2023-11-01,kaolack,Centre-Sud,D03,Habillement et chaussures,62,100.88
2023-12-01,Kaolack ,Centre-Sud,D03,Habillement et chaussures,62,99.26
2024-01-01,kaolack,Centre-Sud,D03,Habillement et chaussures,62,98.4
01/02/2024,kaolack,Centre-Sud,D03,Habillement et chaussures,62,98.66
Mars 2024,Kaolack ,Centre-Sud,D03,Habillement et chaussures,62,99.65
01/04/2024,KAOLACK,Centre-Sud,D03,Habillement et chaussures,62,100.15
01/05/2024,Kaolack ,Centre-Sud,D03,Habillement et chaussures,62,101.14
01/06/2024,KAOLACK,Centre-Sud,D03,Habillement et chaussures,62,101.72
01/07/2024,KAOLACK,Centre-Sud,D03,Habillement et chaussures,62,101.72
2024-08-01,KAOLACK,Centre-Sud,D03,Habillement et chaussures,62,101.87
01/09/2024,Kaolack ,Centre-Sud,D03,Habillement et chaussures,62,101.57
Octobre 2024,kaolack,Centre-Sud,D03,Habillement et chaussures,62,101.24
2024-11-01,KAOLACK,Centre-Sud,D03,Habillement et chaussures,62,101.37
2024-12-01,KAOLACK,Centre-Sud,D03,Habillement et chaussures,62,99.6
01/01/2025,Kaolack ,Centre-Sud,D03,Habillement et chaussures,62,99.25
Février 2025,kaolack,Centre-Sud,D03,Habillement et chaussures,62,100.09
Mars 2025,kaolack,Centre-Sud,D03,Habillement et chaussures,62,
Avril 2025,KAOLACK,Centre-Sud,D03,Habillement et chaussures,62,101.47
2025-05-01,Kaolack ,Centre-Sud,D03,Habillement et chaussures,62,102.15
01/06/2025,Kaolack ,Centre-Sud,D03,Habillement et chaussures,62,103.14
Juillet 2025,Kaolack ,Centre-Sud,D03,Habillement et chaussures,62,103.44
2025-08-01,Kaolack ,Centre-Sud,D03,Habillement et chaussures,62,103.53
Septembre 2025,KAOLACK,Centre-Sud,D03,Habillement et chaussures,62,103.34
01/10/2025,kaolack,Centre-Sud,D03,Habillement et chaussures,62,
2025-11-01,KAOLACK,Centre-Sud,D03,Habillement et chaussures,62,103.42
Décembre 2025,KAOLACK,Centre-Sud,D03,Habillement et chaussures,62,101.88
2026-01-01,Kaolack ,Centre-Sud,D03,Habillement et chaussures,62,99.66
Février 2026,KAOLACK,Centre-Sud,D03,Habillement et chaussures,62,100.24
01/03/2026,Kaolack ,Centre-Sud,D03,Habillement et chaussures,62,101.57
2026-04-01,KAOLACK,Centre-Sud,D03,Habillement et chaussures,62,102.63
01/05/2026,Kaolack ,Centre-Sud,D03,Habillement et chaussures,62,103.04
2018-01-01,kaolack,Centre-Sud,D04,"Logement, eau, électricité, gaz et autres combustibles",105,78.23
01/02/2018,KAOLACK,Centre-Sud,D04,"Logement, eau, électricité, gaz et autres combustibles",105,78.07
Mars 2018,KAOLACK,Centre-Sud,D04,"Logement, eau, électricité, gaz et autres combustibles",105,78.41
01/04/2018,kaolack,Centre-Sud,D04,"Logement, eau, électricité, gaz et autres combustibles",105,78.83
2018-05-01,kaolack,Centre-Sud,D04,"Logement, eau, électricité, gaz et autres combustibles",105,79.14
Juin 2018,Kaolack ,Centre-Sud,D04,"Logement, eau, électricité, gaz et autres combustibles",105,79.22
Juillet 2018,Kaolack ,Centre-Sud,D04,"Logement, eau, électricité, gaz et autres combustibles",105,79.26
2018-08-01,Kaolack ,Centre-Sud,D04,"Logement, eau, électricité, gaz et autres combustibles",105,79.39
Septembre 2018,KAOLACK,Centre-Sud,D04,"Logement, eau, électricité, gaz et autres combustibles",105,79.16
2018-10-01,Kaolack ,Centre-Sud,D04,"Logement, eau, électricité, gaz et autres combustibles",105,78.86
2018-11-01,Kaolack ,Centre-Sud,D04,"Logement, eau, électricité, gaz et autres combustibles",105,78.56
2018-12-01,kaolack,Centre-Sud,D04,"Logement, eau, électricité, gaz et autres combustibles",105,78.14
2019-01-01,kaolack,Centre-Sud,D04,"Logement, eau, électricité, gaz et autres combustibles",105,78.76
01/02/2019,Kaolack ,Centre-Sud,D04,"Logement, eau, électricité, gaz et autres combustibles",105,79.09
01/03/2019,KAOLACK,Centre-Sud,D04,"Logement, eau, électricité, gaz et autres combustibles",105,79.32
Avril 2019,KAOLACK,Centre-Sud,D04,"Logement, eau, électricité, gaz et autres combustibles",105,79.51
2019-05-01,KAOLACK,Centre-Sud,D04,"Logement, eau, électricité, gaz et autres combustibles",105,79.89
Juin 2019,Kaolack ,Centre-Sud,D04,"Logement, eau, électricité, gaz et autres combustibles",105,80.34
01/07/2019,KAOLACK,Centre-Sud,D04,"Logement, eau, électricité, gaz et autres combustibles",105,80.36
2019-08-01,KAOLACK,Centre-Sud,D04,"Logement, eau, électricité, gaz et autres combustibles",105,80.27
2019-09-01,kaolack,Centre-Sud,D04,"Logement, eau, électricité, gaz et autres combustibles",105,80.13
01/10/2019,kaolack,Centre-Sud,D04,"Logement, eau, électricité, gaz et autres combustibles",105,79.73
01/11/2019,KAOLACK,Centre-Sud,D04,"Logement, eau, électricité, gaz et autres combustibles",105,79.44
Décembre 2019,Kaolack ,Centre-Sud,D04,"Logement, eau, électricité, gaz et autres combustibles",105,78.82
2020-01-01,kaolack,Centre-Sud,D04,"Logement, eau, électricité, gaz et autres combustibles",105,80.29
Février 2020,kaolack,Centre-Sud,D04,"Logement, eau, électricité, gaz et autres combustibles",105,80.74
2020-03-01,Kaolack ,Centre-Sud,D04,"Logement, eau, électricité, gaz et autres combustibles",105,81.04
Avril 2020,Kaolack ,Centre-Sud,D04,"Logement, eau, électricité, gaz et autres combustibles",105,81.81
01/05/2020,kaolack,Centre-Sud,D04,"Logement, eau, électricité, gaz et autres combustibles",105,82.44
Juin 2020,kaolack,Centre-Sud,D04,"Logement, eau, électricité, gaz et autres combustibles",105,83.08
2020-07-01,KAOLACK,Centre-Sud,D04,"Logement, eau, électricité, gaz et autres combustibles",105,83.44
2020-08-01,kaolack,Centre-Sud,D04,"Logement, eau, électricité, gaz et autres combustibles",105,83.3
Septembre 2020,Kaolack ,Centre-Sud,D04,"Logement, eau, électricité, gaz et autres combustibles",105,82.59
2020-10-01,Kaolack ,Centre-Sud,D04,"Logement, eau, électricité, gaz et autres combustibles",105,82.3
2020-11-01,KAOLACK,Centre-Sud,D04,"Logement, eau, électricité, gaz et autres combustibles",105,81.87
01/12/2020,Kaolack ,Centre-Sud,D04,"Logement, eau, électricité, gaz et autres combustibles",105,81.52
2021-01-01,Kaolack ,Centre-Sud,D04,"Logement, eau, électricité, gaz et autres combustibles",105,82.19
01/02/2021,Kaolack ,Centre-Sud,D04,"Logement, eau, électricité, gaz et autres combustibles",105,82.59
Mars 2021,Kaolack ,Centre-Sud,D04,"Logement, eau, électricité, gaz et autres combustibles",105,83.36
01/04/2021,kaolack,Centre-Sud,D04,"Logement, eau, électricité, gaz et autres combustibles",105,83.98
01/05/2021,Kaolack ,Centre-Sud,D04,"Logement, eau, électricité, gaz et autres combustibles",105,84.39
Juin 2021,Kaolack ,Centre-Sud,D04,"Logement, eau, électricité, gaz et autres combustibles",105,85.2
Juillet 2021,kaolack,Centre-Sud,D04,"Logement, eau, électricité, gaz et autres combustibles",105,85.38
Août 2021,kaolack,Centre-Sud,D04,"Logement, eau, électricité, gaz et autres combustibles",105,85.3
2021-09-01,Kaolack ,Centre-Sud,D04,"Logement, eau, électricité, gaz et autres combustibles",105,85.21
01/10/2021,Kaolack ,Centre-Sud,D04,"Logement, eau, électricité, gaz et autres combustibles",105,84.81
01/11/2021,KAOLACK,Centre-Sud,D04,"Logement, eau, électricité, gaz et autres combustibles",105,84.53
01/12/2021,Kaolack ,Centre-Sud,D04,"Logement, eau, électricité, gaz et autres combustibles",105,84.36
2022-01-01,kaolack,Centre-Sud,D04,"Logement, eau, électricité, gaz et autres combustibles",105,86.27
2022-02-01,KAOLACK,Centre-Sud,D04,"Logement, eau, électricité, gaz et autres combustibles",105,88.02
Mars 2022,Kaolack ,Centre-Sud,D04,"Logement, eau, électricité, gaz et autres combustibles",105,89.64
Avril 2022,Kaolack ,Centre-Sud,D04,"Logement, eau, électricité, gaz et autres combustibles",105,91.38
01/05/2022,Kaolack ,Centre-Sud,D04,"Logement, eau, électricité, gaz et autres combustibles",105,93.56
2022-06-01,KAOLACK,Centre-Sud,D04,"Logement, eau, électricité, gaz et autres combustibles",105,94.95
2022-07-01,kaolack,Centre-Sud,D04,"Logement, eau, électricité, gaz et autres combustibles",105,95.92
2022-08-01,KAOLACK,Centre-Sud,D04,"Logement, eau, électricité, gaz et autres combustibles",105,96.68
01/09/2022,kaolack,Centre-Sud,D04,"Logement, eau, électricité, gaz et autres combustibles",105,97.44
Octobre 2022,kaolack,Centre-Sud,D04,"Logement, eau, électricité, gaz et autres combustibles",105,98.04
Novembre 2022,Kaolack ,Centre-Sud,D04,"Logement, eau, électricité, gaz et autres combustibles",105,98.17
01/12/2022,KAOLACK,Centre-Sud,D04,"Logement, eau, électricité, gaz et autres combustibles",105,96.27
Janvier 2023,kaolack,Centre-Sud,D04,"Logement, eau, électricité, gaz et autres combustibles",105,96.32
Février 2023,Kaolack ,Centre-Sud,D04,"Logement, eau, électricité, gaz et autres combustibles",105,96.71
2023-03-01,kaolack,Centre-Sud,D04,"Logement, eau, électricité, gaz et autres combustibles",105,97.98
Avril 2023,kaolack,Centre-Sud,D04,"Logement, eau, électricité, gaz et autres combustibles",105,99.01
2023-05-01,Kaolack ,Centre-Sud,D04,"Logement, eau, électricité, gaz et autres combustibles",105,100.19
Juin 2023,KAOLACK,Centre-Sud,D04,"Logement, eau, électricité, gaz et autres combustibles",105,101.03
01/07/2023,KAOLACK,Centre-Sud,D04,"Logement, eau, électricité, gaz et autres combustibles",105,101.5
2023-08-01,kaolack,Centre-Sud,D04,"Logement, eau, électricité, gaz et autres combustibles",105,101.91
2023-09-01,kaolack,Centre-Sud,D04,"Logement, eau, électricité, gaz et autres combustibles",105,101.8
Octobre 2023,KAOLACK,Centre-Sud,D04,"Logement, eau, électricité, gaz et autres combustibles",105,102.06
Novembre 2023,Kaolack ,Centre-Sud,D04,"Logement, eau, électricité, gaz et autres combustibles",105,102.39
01/12/2023,kaolack,Centre-Sud,D04,"Logement, eau, électricité, gaz et autres combustibles",105,99.56
Janvier 2024,kaolack,Centre-Sud,D04,"Logement, eau, électricité, gaz et autres combustibles",105,99.02
2024-02-01,KAOLACK,Centre-Sud,D04,"Logement, eau, électricité, gaz et autres combustibles",105,99.15
2024-03-01,Kaolack ,Centre-Sud,D04,"Logement, eau, électricité, gaz et autres combustibles",105,100.01
01/04/2024,KAOLACK,Centre-Sud,D04,"Logement, eau, électricité, gaz et autres combustibles",105,100.53
01/05/2024,kaolack,Centre-Sud,D04,"Logement, eau, électricité, gaz et autres combustibles",105,101.18
2024-06-01,Kaolack ,Centre-Sud,D04,"Logement, eau, électricité, gaz et autres combustibles",105,101.67
2024-07-01,Kaolack ,Centre-Sud,D04,"Logement, eau, électricité, gaz et autres combustibles",105,101.89
01/08/2024,Kaolack ,Centre-Sud,D04,"Logement, eau, électricité, gaz et autres combustibles",105,102.07
Septembre 2024,KAOLACK,Centre-Sud,D04,"Logement, eau, électricité, gaz et autres combustibles",105,102.37
01/10/2024,kaolack,Centre-Sud,D04,"Logement, eau, électricité, gaz et autres combustibles",105,102.44
01/11/2024,Kaolack ,Centre-Sud,D04,"Logement, eau, électricité, gaz et autres combustibles",105,102.57
2024-12-01,KAOLACK,Centre-Sud,D04,"Logement, eau, électricité, gaz et autres combustibles",105,100.24
Janvier 2025,Kaolack ,Centre-Sud,D04,"Logement, eau, électricité, gaz et autres combustibles",105,100.04
Février 2025,KAOLACK,Centre-Sud,D04,"Logement, eau, électricité, gaz et autres combustibles",105,100.72
01/03/2025,Kaolack ,Centre-Sud,D04,"Logement, eau, électricité, gaz et autres combustibles",105,
01/04/2025,Kaolack ,Centre-Sud,D04,"Logement, eau, électricité, gaz et autres combustibles",105,102.2
01/05/2025,KAOLACK,Centre-Sud,D04,"Logement, eau, électricité, gaz et autres combustibles",105,103.33
2025-06-01,Kaolack ,Centre-Sud,D04,"Logement, eau, électricité, gaz et autres combustibles",105,104.3
01/07/2025,kaolack,Centre-Sud,D04,"Logement, eau, électricité, gaz et autres combustibles",105,104.75
2025-08-01,kaolack,Centre-Sud,D04,"Logement, eau, électricité, gaz et autres combustibles",105,104.65
01/09/2025,KAOLACK,Centre-Sud,D04,"Logement, eau, électricité, gaz et autres combustibles",105,105.18
01/10/2025,KAOLACK,Centre-Sud,D04,"Logement, eau, électricité, gaz et autres combustibles",105,105.42
01/11/2025,KAOLACK,Centre-Sud,D04,"Logement, eau, électricité, gaz et autres combustibles",105,105.79
01/12/2025,kaolack,Centre-Sud,D04,"Logement, eau, électricité, gaz et autres combustibles",105,103.74
01/01/2026,KAOLACK,Centre-Sud,D04,"Logement, eau, électricité, gaz et autres combustibles",105,100.14
Février 2026,kaolack,Centre-Sud,D04,"Logement, eau, électricité, gaz et autres combustibles",105,101.25
2026-03-01,KAOLACK,Centre-Sud,D04,"Logement, eau, électricité, gaz et autres combustibles",105,102.86
2026-04-01,kaolack,Centre-Sud,D04,"Logement, eau, électricité, gaz et autres combustibles",105,103.75
Mai 2026,Kaolack ,Centre-Sud,D04,"Logement, eau, électricité, gaz et autres combustibles",105,104.56
01/01/2018,Kaolack ,Centre-Sud,D05,"Meubles, articles de ménage et entretien courant",51,84.05
Février 2018,Kaolack ,Centre-Sud,D05,"Meubles, articles de ménage et entretien courant",51,84.22
01/03/2018,kaolack,Centre-Sud,D05,"Meubles, articles de ménage et entretien courant",51,84.06
Avril 2018,Kaolack ,Centre-Sud,D05,"Meubles, articles de ménage et entretien courant",51,84.71
2018-05-01,Kaolack ,Centre-Sud,D05,"Meubles, articles de ménage et entretien courant",51,84.79
Juin 2018,Kaolack ,Centre-Sud,D05,"Meubles, articles de ménage et entretien courant",51,85.1
Juillet 2018,kaolack,Centre-Sud,D05,"Meubles, articles de ménage et entretien courant",51,84.88
2018-08-01,kaolack,Centre-Sud,D05,"Meubles, articles de ménage et entretien courant",51,84.98
2018-09-01,kaolack,Centre-Sud,D05,"Meubles, articles de ménage et entretien courant",51,84.8
2018-10-01,Kaolack ,Centre-Sud,D05,"Meubles, articles de ménage et entretien courant",51,84.64
Novembre 2018,Kaolack ,Centre-Sud,D05,"Meubles, articles de ménage et entretien courant",51,84.03
2018-12-01,kaolack,Centre-Sud,D05,"Meubles, articles de ménage et entretien courant",51,84.05
Janvier 2019,Kaolack ,Centre-Sud,D05,"Meubles, articles de ménage et entretien courant",51,84.41
2019-02-01,KAOLACK,Centre-Sud,D05,"Meubles, articles de ménage et entretien courant",51,84.72
Mars 2019,Kaolack ,Centre-Sud,D05,"Meubles, articles de ménage et entretien courant",51,84.99
2019-04-01,Kaolack ,Centre-Sud,D05,"Meubles, articles de ménage et entretien courant",51,85.37
01/05/2019,KAOLACK,Centre-Sud,D05,"Meubles, articles de ménage et entretien courant",51,85.45
2019-06-01,kaolack,Centre-Sud,D05,"Meubles, articles de ménage et entretien courant",51,85.85
2019-07-01,kaolack,Centre-Sud,D05,"Meubles, articles de ménage et entretien courant",51,85.98
Août 2019,kaolack,Centre-Sud,D05,"Meubles, articles de ménage et entretien courant",51,85.51
01/09/2019,Kaolack ,Centre-Sud,D05,"Meubles, articles de ménage et entretien courant",51,85.58
2019-10-01,KAOLACK,Centre-Sud,D05,"Meubles, articles de ménage et entretien courant",51,85.33
Novembre 2019,kaolack,Centre-Sud,D05,"Meubles, articles de ménage et entretien courant",51,84.9
Décembre 2019,kaolack,Centre-Sud,D05,"Meubles, articles de ménage et entretien courant",51,84.58
01/01/2020,KAOLACK,Centre-Sud,D05,"Meubles, articles de ménage et entretien courant",51,85.76
01/02/2020,KAOLACK,Centre-Sud,D05,"Meubles, articles de ménage et entretien courant",51,85.78
Mars 2020,kaolack,Centre-Sud,D05,"Meubles, articles de ménage et entretien courant",51,86.35
01/04/2020,Kaolack ,Centre-Sud,D05,"Meubles, articles de ménage et entretien courant",51,86.88
2020-05-01,kaolack,Centre-Sud,D05,"Meubles, articles de ménage et entretien courant",51,87.48
01/06/2020,kaolack,Centre-Sud,D05,"Meubles, articles de ménage et entretien courant",51,87.72
01/07/2020,Kaolack ,Centre-Sud,D05,"Meubles, articles de ménage et entretien courant",51,87.83
01/08/2020,kaolack,Centre-Sud,D05,"Meubles, articles de ménage et entretien courant",51,87.79
01/09/2020,kaolack,Centre-Sud,D05,"Meubles, articles de ménage et entretien courant",51,87.63
01/10/2020,kaolack,Centre-Sud,D05,"Meubles, articles de ménage et entretien courant",51,87.44
01/11/2020,kaolack,Centre-Sud,D05,"Meubles, articles de ménage et entretien courant",51,86.6
01/12/2020,Kaolack ,Centre-Sud,D05,"Meubles, articles de ménage et entretien courant",51,86.58
Janvier 2021,kaolack,Centre-Sud,D05,"Meubles, articles de ménage et entretien courant",51,86.88
Février 2021,KAOLACK,Centre-Sud,D05,"Meubles, articles de ménage et entretien courant",51,87.47
Mars 2021,Kaolack ,Centre-Sud,D05,"Meubles, articles de ménage et entretien courant",51,87.67
Avril 2021,kaolack,Centre-Sud,D05,"Meubles, articles de ménage et entretien courant",51,88.24
01/05/2021,Kaolack ,Centre-Sud,D05,"Meubles, articles de ménage et entretien courant",51,88.77
01/06/2021,Kaolack ,Centre-Sud,D05,"Meubles, articles de ménage et entretien courant",51,89.27
2021-07-01,kaolack,Centre-Sud,D05,"Meubles, articles de ménage et entretien courant",51,89.46
Août 2021,kaolack,Centre-Sud,D05,"Meubles, articles de ménage et entretien courant",51,89.46
Septembre 2021,kaolack,Centre-Sud,D05,"Meubles, articles de ménage et entretien courant",51,89.24
01/10/2021,Kaolack ,Centre-Sud,D05,"Meubles, articles de ménage et entretien courant",51,88.83
Novembre 2021,KAOLACK,Centre-Sud,D05,"Meubles, articles de ménage et entretien courant",51,88.89
01/12/2021,Kaolack ,Centre-Sud,D05,"Meubles, articles de ménage et entretien courant",51,88.65
2022-01-01,kaolack,Centre-Sud,D05,"Meubles, articles de ménage et entretien courant",51,90.42
Février 2022,kaolack,Centre-Sud,D05,"Meubles, articles de ménage et entretien courant",51,91.26
01/03/2022,KAOLACK,Centre-Sud,D05,"Meubles, articles de ménage et entretien courant",51,92.39
01/04/2022,Kaolack ,Centre-Sud,D05,"Meubles, articles de ménage et entretien courant",51,93.95
01/05/2022,kaolack,Centre-Sud,D05,"Meubles, articles de ménage et entretien courant",51,95.48
01/06/2022,kaolack,Centre-Sud,D05,"Meubles, articles de ménage et entretien courant",51,96.43
01/07/2022,KAOLACK,Centre-Sud,D05,"Meubles, articles de ménage et entretien courant",51,97.14
Août 2022,Kaolack ,Centre-Sud,D05,"Meubles, articles de ménage et entretien courant",51,97.65
2022-09-01,KAOLACK,Centre-Sud,D05,"Meubles, articles de ménage et entretien courant",51,98.48
01/10/2022,kaolack,Centre-Sud,D05,"Meubles, articles de ménage et entretien courant",51,98.42
2022-11-01,Kaolack ,Centre-Sud,D05,"Meubles, articles de ménage et entretien courant",51,98.74
2022-12-01,kaolack,Centre-Sud,D05,"Meubles, articles de ménage et entretien courant",51,97.44
Janvier 2023,KAOLACK,Centre-Sud,D05,"Meubles, articles de ménage et entretien courant",51,96.98
01/02/2023,Kaolack ,Centre-Sud,D05,"Meubles, articles de ménage et entretien courant",51,98.01
01/03/2023,KAOLACK,Centre-Sud,D05,"Meubles, articles de ménage et entretien courant",51,98.63
Avril 2023,Kaolack ,Centre-Sud,D05,"Meubles, articles de ménage et entretien courant",51,99.46
2023-05-01,KAOLACK,Centre-Sud,D05,"Meubles, articles de ménage et entretien courant",51,100.24
01/06/2023,Kaolack ,Centre-Sud,D05,"Meubles, articles de ménage et entretien courant",51,100.78
2023-07-01,Kaolack ,Centre-Sud,D05,"Meubles, articles de ménage et entretien courant",51,100.92
Août 2023,kaolack,Centre-Sud,D05,"Meubles, articles de ménage et entretien courant",51,101.16
Septembre 2023,KAOLACK,Centre-Sud,D05,"Meubles, articles de ménage et entretien courant",51,101.2
Octobre 2023,KAOLACK,Centre-Sud,D05,"Meubles, articles de ménage et entretien courant",51,101.53
2023-11-01,KAOLACK,Centre-Sud,D05,"Meubles, articles de ménage et entretien courant",51,101.62
01/12/2023,kaolack,Centre-Sud,D05,"Meubles, articles de ménage et entretien courant",51,99.95
01/01/2024,Kaolack ,Centre-Sud,D05,"Meubles, articles de ménage et entretien courant",51,99.1
01/02/2024,KAOLACK,Centre-Sud,D05,"Meubles, articles de ménage et entretien courant",51,99.47
2024-03-01,kaolack,Centre-Sud,D05,"Meubles, articles de ménage et entretien courant",51,99.72
01/04/2024,Kaolack ,Centre-Sud,D05,"Meubles, articles de ménage et entretien courant",51,100.19
2024-05-01,kaolack,Centre-Sud,D05,"Meubles, articles de ménage et entretien courant",51,100.87
Juin 2024,Kaolack ,Centre-Sud,D05,"Meubles, articles de ménage et entretien courant",51,101.14
2024-07-01,Kaolack ,Centre-Sud,D05,"Meubles, articles de ménage et entretien courant",51,101.47
01/08/2024,KAOLACK,Centre-Sud,D05,"Meubles, articles de ménage et entretien courant",51,101.33
2024-09-01,Kaolack ,Centre-Sud,D05,"Meubles, articles de ménage et entretien courant",51,101.47
2024-10-01,kaolack,Centre-Sud,D05,"Meubles, articles de ménage et entretien courant",51,101.85
Novembre 2024,kaolack,Centre-Sud,D05,"Meubles, articles de ménage et entretien courant",51,102.0
2024-12-01,Kaolack ,Centre-Sud,D05,"Meubles, articles de ménage et entretien courant",51,100.03
Janvier 2025,Kaolack ,Centre-Sud,D05,"Meubles, articles de ménage et entretien courant",51,99.95
01/02/2025,KAOLACK,Centre-Sud,D05,"Meubles, articles de ménage et entretien courant",51,100.22
Mars 2025,KAOLACK,Centre-Sud,D05,"Meubles, articles de ménage et entretien courant",51,100.9
01/04/2025,kaolack,Centre-Sud,D05,"Meubles, articles de ménage et entretien courant",51,101.79
2025-05-01,Kaolack ,Centre-Sud,D05,"Meubles, articles de ménage et entretien courant",51,102.4
01/06/2025,KAOLACK,Centre-Sud,D05,"Meubles, articles de ménage et entretien courant",51,102.98
2025-07-01,kaolack,Centre-Sud,D05,"Meubles, articles de ménage et entretien courant",51,103.52
01/08/2025,kaolack,Centre-Sud,D05,"Meubles, articles de ménage et entretien courant",51,103.31
01/09/2025,KAOLACK,Centre-Sud,D05,"Meubles, articles de ménage et entretien courant",51,103.52
01/10/2025,kaolack,Centre-Sud,D05,"Meubles, articles de ménage et entretien courant",51,103.79
Novembre 2025,KAOLACK,Centre-Sud,D05,"Meubles, articles de ménage et entretien courant",51,104.04
2025-12-01,kaolack,Centre-Sud,D05,"Meubles, articles de ménage et entretien courant",51,102.04
Janvier 2026,Kaolack ,Centre-Sud,D05,"Meubles, articles de ménage et entretien courant",51,100.13
01/02/2026,Kaolack ,Centre-Sud,D05,"Meubles, articles de ménage et entretien courant",51,100.88
Mars 2026,KAOLACK,Centre-Sud,D05,"Meubles, articles de ménage et entretien courant",51,102.14
01/04/2026,kaolack,Centre-Sud,D05,"Meubles, articles de ménage et entretien courant",51,102.6
01/05/2026,KAOLACK,Centre-Sud,D05,"Meubles, articles de ménage et entretien courant",51,103.01
01/01/2018,KAOLACK,Centre-Sud,D06,Santé,42,87.81
Février 2018,KAOLACK,Centre-Sud,D06,Santé,42,87.88
01/03/2018,Kaolack ,Centre-Sud,D06,Santé,42,87.82
2018-04-01,kaolack,Centre-Sud,D06,Santé,42,88.05
01/05/2018,KAOLACK,Centre-Sud,D06,Santé,42,88.0
01/06/2018,kaolack,Centre-Sud,D06,Santé,42,88.28
Juillet 2018,Kaolack ,Centre-Sud,D06,Santé,42,88.35
Août 2018,KAOLACK,Centre-Sud,D06,Santé,42,88.41
01/09/2018,kaolack,Centre-Sud,D06,Santé,42,88.13
Octobre 2018,KAOLACK,Centre-Sud,D06,Santé,42,88.0
Novembre 2018,KAOLACK,Centre-Sud,D06,Santé,42,87.73
Décembre 2018,KAOLACK,Centre-Sud,D06,Santé,42,87.79
Janvier 2019,KAOLACK,Centre-Sud,D06,Santé,42,
Février 2019,Kaolack ,Centre-Sud,D06,Santé,42,88.29
Mars 2019,Kaolack ,Centre-Sud,D06,Santé,42,88.4
Avril 2019,kaolack,Centre-Sud,D06,Santé,42,88.42
Mai 2019,KAOLACK,Centre-Sud,D06,Santé,42,88.75
Juin 2019,KAOLACK,Centre-Sud,D06,Santé,42,88.93
Juillet 2019,Kaolack ,Centre-Sud,D06,Santé,42,88.98
01/08/2019,kaolack,Centre-Sud,D06,Santé,42,88.99
01/09/2019,kaolack,Centre-Sud,D06,Santé,42,89.02
Octobre 2019,kaolack,Centre-Sud,D06,Santé,42,88.74
Novembre 2019,Kaolack ,Centre-Sud,D06,Santé,42,88.3
01/12/2019,kaolack,Centre-Sud,D06,Santé,42,88.39
2020-01-01,kaolack,Centre-Sud,D06,Santé,42,89.1
Février 2020,Kaolack ,Centre-Sud,D06,Santé,42,89.13
2020-03-01,Kaolack ,Centre-Sud,D06,Santé,42,89.67
Avril 2020,Kaolack ,Centre-Sud,D06,Santé,42,89.91
2020-05-01,KAOLACK,Centre-Sud,D06,Santé,42,90.1
Juin 2020,KAOLACK,Centre-Sud,D06,Santé,42,90.66
01/07/2020,kaolack,Centre-Sud,D06,Santé,42,90.71
01/08/2020,Kaolack ,Centre-Sud,D06,Santé,42,90.55
Septembre 2020,Kaolack ,Centre-Sud,D06,Santé,42,90.37
Octobre 2020,kaolack,Centre-Sud,D06,Santé,42,90.03
2020-11-01,KAOLACK,Centre-Sud,D06,Santé,42,89.97
2020-12-01,kaolack,Centre-Sud,D06,Santé,42,89.7
Janvier 2021,kaolack,Centre-Sud,D06,Santé,42,90.11
Février 2021,KAOLACK,Centre-Sud,D06,Santé,42,90.37
01/03/2021,Kaolack ,Centre-Sud,D06,Santé,42,90.5
2021-04-01,Kaolack ,Centre-Sud,D06,Santé,42,90.92
Mai 2021,Kaolack ,Centre-Sud,D06,Santé,42,91.12
01/06/2021,kaolack,Centre-Sud,D06,Santé,42,91.81
01/07/2021,Kaolack ,Centre-Sud,D06,Santé,42,91.67
Août 2021,KAOLACK,Centre-Sud,D06,Santé,42,91.85
01/09/2021,KAOLACK,Centre-Sud,D06,Santé,42,91.78
2021-10-01,KAOLACK,Centre-Sud,D06,Santé,42,91.66
Novembre 2021,kaolack,Centre-Sud,D06,Santé,42,91.27
01/12/2021,kaolack,Centre-Sud,D06,Santé,42,91.34
Janvier 2022,Kaolack ,Centre-Sud,D06,Santé,42,92.83
2022-02-01,KAOLACK,Centre-Sud,D06,Santé,42,93.68
Mars 2022,KAOLACK,Centre-Sud,D06,Santé,42,94.52
2022-04-01,kaolack,Centre-Sud,D06,Santé,42,95.43
2022-05-01,Kaolack ,Centre-Sud,D06,Santé,42,96.24
Juin 2022,KAOLACK,Centre-Sud,D06,Santé,42,97.33
2022-07-01,Kaolack ,Centre-Sud,D06,Santé,42,97.78
2022-08-01,KAOLACK,Centre-Sud,D06,Santé,42,98.36
2022-09-01,kaolack,Centre-Sud,D06,Santé,42,98.55
01/10/2022,KAOLACK,Centre-Sud,D06,Santé,42,98.92
2022-11-01,kaolack,Centre-Sud,D06,Santé,42,99.22
2022-12-01,kaolack,Centre-Sud,D06,Santé,42,98.1
01/01/2023,Kaolack ,Centre-Sud,D06,Santé,42,98.04
2023-02-01,Kaolack ,Centre-Sud,D06,Santé,42,98.3
01/03/2023,KAOLACK,Centre-Sud,D06,Santé,42,98.71
2023-04-01,Kaolack ,Centre-Sud,D06,Santé,42,99.72
Mai 2023,Kaolack ,Centre-Sud,D06,Santé,42,100.44
01/06/2023,Kaolack ,Centre-Sud,D06,Santé,42,100.61
Juillet 2023,kaolack,Centre-Sud,D06,Santé,42,100.55
Août 2023,KAOLACK,Centre-Sud,D06,Santé,42,100.73
01/09/2023,kaolack,Centre-Sud,D06,Santé,42,101.07
2023-10-01,kaolack,Centre-Sud,D06,Santé,42,101.32
Novembre 2023,kaolack,Centre-Sud,D06,Santé,42,101.0
01/12/2023,KAOLACK,Centre-Sud,D06,Santé,42,99.84
Janvier 2024,kaolack,Centre-Sud,D06,Santé,42,99.36
2024-02-01,kaolack,Centre-Sud,D06,Santé,42,99.66
Mars 2024,KAOLACK,Centre-Sud,D06,Santé,42,99.78
01/04/2024,kaolack,Centre-Sud,D06,Santé,42,99.94
Mai 2024,kaolack,Centre-Sud,D06,Santé,42,100.65
2024-06-01,kaolack,Centre-Sud,D06,Santé,42,101.01
Juillet 2024,Kaolack ,Centre-Sud,D06,Santé,42,101.0
Août 2024,Kaolack ,Centre-Sud,D06,Santé,42,101.13
01/09/2024,kaolack,Centre-Sud,D06,Santé,42,
01/10/2024,Kaolack ,Centre-Sud,D06,Santé,42,101.21
01/11/2024,kaolack,Centre-Sud,D06,Santé,42,
01/12/2024,KAOLACK,Centre-Sud,D06,Santé,42,100.25
01/01/2025,Kaolack ,Centre-Sud,D06,Santé,42,100.0
01/02/2025,KAOLACK,Centre-Sud,D06,Santé,42,100.48
01/03/2025,kaolack,Centre-Sud,D06,Santé,42,100.52
Avril 2025,Kaolack ,Centre-Sud,D06,Santé,42,101.08
Mai 2025,Kaolack ,Centre-Sud,D06,Santé,42,101.69
Juin 2025,KAOLACK,Centre-Sud,D06,Santé,42,101.99
2025-07-01,Kaolack ,Centre-Sud,D06,Santé,42,102.47
2025-08-01,kaolack,Centre-Sud,D06,Santé,42,102.49
01/09/2025,Kaolack ,Centre-Sud,D06,Santé,42,102.58
2025-10-01,kaolack,Centre-Sud,D06,Santé,42,102.96
Novembre 2025,kaolack,Centre-Sud,D06,Santé,42,103.14
2025-12-01,kaolack,Centre-Sud,D06,Santé,42,102.01
Janvier 2026,KAOLACK,Centre-Sud,D06,Santé,42,100.23
Février 2026,Kaolack ,Centre-Sud,D06,Santé,42,100.82
2026-03-01,kaolack,Centre-Sud,D06,Santé,42,101.57
Avril 2026,KAOLACK,Centre-Sud,D06,Santé,42,101.86
01/05/2026,kaolack,Centre-Sud,D06,Santé,42,102.17
01/01/2018,KAOLACK,Centre-Sud,D07,Transport,92,77.5
2018-02-01,KAOLACK,Centre-Sud,D07,Transport,92,77.48
01/03/2018,Kaolack ,Centre-Sud,D07,Transport,92,77.9
01/04/2018,Kaolack ,Centre-Sud,D07,Transport,92,78.11
2018-05-01,Kaolack ,Centre-Sud,D07,Transport,92,78.26
Juin 2018,Kaolack ,Centre-Sud,D07,Transport,92,78.39
Juillet 2018,KAOLACK,Centre-Sud,D07,Transport,92,78.36
01/08/2018,kaolack,Centre-Sud,D07,Transport,92,78.17
01/09/2018,KAOLACK,Centre-Sud,D07,Transport,92,78.12
Octobre 2018,kaolack,Centre-Sud,D07,Transport,92,77.91
01/11/2018,Kaolack ,Centre-Sud,D07,Transport,92,77.69
2018-12-01,kaolack,Centre-Sud,D07,Transport,92,77.56
Janvier 2019,kaolack,Centre-Sud,D07,Transport,92,78.33
01/02/2019,Kaolack ,Centre-Sud,D07,Transport,92,78.25
01/03/2019,kaolack,Centre-Sud,D07,Transport,92,78.48
Avril 2019,kaolack,Centre-Sud,D07,Transport,92,79.03
2019-05-01,Kaolack ,Centre-Sud,D07,Transport,92,79.23
2019-06-01,KAOLACK,Centre-Sud,D07,Transport,92,79.3
01/07/2019,kaolack,Centre-Sud,D07,Transport,92,79.41
Août 2019,Kaolack ,Centre-Sud,D07,Transport,92,79.34
Septembre 2019,Kaolack ,Centre-Sud,D07,Transport,92,
2019-10-01,Kaolack ,Centre-Sud,D07,Transport,92,78.94
Novembre 2019,KAOLACK,Centre-Sud,D07,Transport,92,78.93
Décembre 2019,KAOLACK,Centre-Sud,D07,Transport,92,78.48
Janvier 2020,kaolack,Centre-Sud,D07,Transport,92,79.82
2020-02-01,kaolack,Centre-Sud,D07,Transport,92,79.92
Mars 2020,kaolack,Centre-Sud,D07,Transport,92,80.56
Avril 2020,kaolack,Centre-Sud,D07,Transport,92,81.34
01/05/2020,KAOLACK,Centre-Sud,D07,Transport,92,81.81
Juin 2020,Kaolack ,Centre-Sud,D07,Transport,92,81.7
2020-07-01,Kaolack ,Centre-Sud,D07,Transport,92,82.46
Août 2020,kaolack,Centre-Sud,D07,Transport,92,
2020-09-01,KAOLACK,Centre-Sud,D07,Transport,92,81.69
Octobre 2020,kaolack,Centre-Sud,D07,Transport,92,81.76
01/11/2020,kaolack,Centre-Sud,D07,Transport,92,80.9
01/12/2020,kaolack,Centre-Sud,D07,Transport,92,81.09
Janvier 2021,kaolack,Centre-Sud,D07,Transport,92,81.68
01/02/2021,Kaolack ,Centre-Sud,D07,Transport,92,81.79
Mars 2021,kaolack,Centre-Sud,D07,Transport,92,82.67
01/04/2021,KAOLACK,Centre-Sud,D07,Transport,92,83.36
01/05/2021,KAOLACK,Centre-Sud,D07,Transport,92,83.86
2021-06-01,kaolack,Centre-Sud,D07,Transport,92,84.39
01/07/2021,KAOLACK,Centre-Sud,D07,Transport,92,84.42
2021-08-01,KAOLACK,Centre-Sud,D07,Transport,92,84.26
Septembre 2021,kaolack,Centre-Sud,D07,Transport,92,84.48
01/10/2021,KAOLACK,Centre-Sud,D07,Transport,92,84.43
01/11/2021,KAOLACK,Centre-Sud,D07,Transport,92,84.18
01/12/2021,Kaolack ,Centre-Sud,D07,Transport,92,83.71
2022-01-01,Kaolack ,Centre-Sud,D07,Transport,92,86.06
Février 2022,Kaolack ,Centre-Sud,D07,Transport,92,87.66
Mars 2022,KAOLACK,Centre-Sud,D07,Transport,92,89.22
Avril 2022,Kaolack ,Centre-Sud,D07,Transport,92,91.19
2022-05-01,KAOLACK,Centre-Sud,D07,Transport,92,93.0
01/06/2022,kaolack,Centre-Sud,D07,Transport,92,94.24
2022-07-01,Kaolack ,Centre-Sud,D07,Transport,92,95.61
01/08/2022,Kaolack ,Centre-Sud,D07,Transport,92,96.49
01/09/2022,Kaolack ,Centre-Sud,D07,Transport,92,97.08
Octobre 2022,kaolack,Centre-Sud,D07,Transport,92,97.78
01/11/2022,kaolack,Centre-Sud,D07,Transport,92,98.06
2022-12-01,KAOLACK,Centre-Sud,D07,Transport,92,96.29
Janvier 2023,Kaolack ,Centre-Sud,D07,Transport,92,96.3
01/02/2023,kaolack,Centre-Sud,D07,Transport,92,97.11
Mars 2023,kaolack,Centre-Sud,D07,Transport,92,98.08
2023-04-01,KAOLACK,Centre-Sud,D07,Transport,92,99.06
2023-05-01,KAOLACK,Centre-Sud,D07,Transport,92,100.03
2023-06-01,kaolack,Centre-Sud,D07,Transport,92,100.95
2023-07-01,Kaolack ,Centre-Sud,D07,Transport,92,101.41
01/08/2023,kaolack,Centre-Sud,D07,Transport,92,101.43
01/09/2023,KAOLACK,Centre-Sud,D07,Transport,92,101.85
01/10/2023,KAOLACK,Centre-Sud,D07,Transport,92,102.08
01/11/2023,kaolack,Centre-Sud,D07,Transport,92,102.21
Décembre 2023,kaolack,Centre-Sud,D07,Transport,92,99.94
01/01/2024,KAOLACK,Centre-Sud,D07,Transport,92,98.89
Février 2024,kaolack,Centre-Sud,D07,Transport,92,99.4
2024-03-01,Kaolack ,Centre-Sud,D07,Transport,92,99.86
Avril 2024,kaolack,Centre-Sud,D07,Transport,92,100.38
Mai 2024,Kaolack ,Centre-Sud,D07,Transport,92,100.98
01/06/2024,KAOLACK,Centre-Sud,D07,Transport,92,101.42
2024-07-01,kaolack,Centre-Sud,D07,Transport,92,101.54
2024-08-01,Kaolack ,Centre-Sud,D07,Transport,92,101.97
Septembre 2024,KAOLACK,Centre-Sud,D07,Transport,92,102.23
2024-10-01,Kaolack ,Centre-Sud,D07,Transport,92,102.68
2024-11-01,KAOLACK,Centre-Sud,D07,Transport,92,102.79
2024-12-01,KAOLACK,Centre-Sud,D07,Transport,92,100.82
2025-01-01,KAOLACK,Centre-Sud,D07,Transport,92,100.11
2025-02-01,kaolack,Centre-Sud,D07,Transport,92,100.66
2025-03-01,KAOLACK,Centre-Sud,D07,Transport,92,101.41
01/04/2025,kaolack,Centre-Sud,D07,Transport,92,102.12
Mai 2025,KAOLACK,Centre-Sud,D07,Transport,92,103.5
01/06/2025,Kaolack ,Centre-Sud,D07,Transport,92,104.2
2025-07-01,kaolack,Centre-Sud,D07,Transport,92,104.58
2025-08-01,Kaolack ,Centre-Sud,D07,Transport,92,104.67
Septembre 2025,KAOLACK,Centre-Sud,D07,Transport,92,105.6
2025-10-01,kaolack,Centre-Sud,D07,Transport,92,105.75
Novembre 2025,Kaolack ,Centre-Sud,D07,Transport,92,106.18
2025-12-01,KAOLACK,Centre-Sud,D07,Transport,92,104.12
2026-01-01,Kaolack ,Centre-Sud,D07,Transport,92,100.75
2026-02-01,KAOLACK,Centre-Sud,D07,Transport,92,102.13
Mars 2026,Kaolack ,Centre-Sud,D07,Transport,92,103.29
2026-04-01,Kaolack ,Centre-Sud,D07,Transport,92,103.79
Mai 2026,KAOLACK,Centre-Sud,D07,Transport,92,104.41
2018-01-01,kaolack,Centre-Sud,D08,Communication,35,93.25
Février 2018,KAOLACK,Centre-Sud,D08,Communication,35,
01/03/2018,KAOLACK,Centre-Sud,D08,Communication,35,93.83
2018-04-01,kaolack,Centre-Sud,D08,Communication,35,93.91
Mai 2018,kaolack,Centre-Sud,D08,Communication,35,93.98
Juin 2018,KAOLACK,Centre-Sud,D08,Communication,35,93.94
01/07/2018,kaolack,Centre-Sud,D08,Communication,35,94.14
2018-08-01,Kaolack ,Centre-Sud,D08,Communication,35,94.2
2018-09-01,KAOLACK,Centre-Sud,D08,Communication,35,94.01
2018-10-01,Kaolack ,Centre-Sud,D08,Communication,35,93.81
01/11/2018,kaolack,Centre-Sud,D08,Communication,35,93.53
01/12/2018,kaolack,Centre-Sud,D08,Communication,35,93.66
01/01/2019,KAOLACK,Centre-Sud,D08,Communication,35,93.29
01/02/2019,Kaolack ,Centre-Sud,D08,Communication,35,93.84
Mars 2019,kaolack,Centre-Sud,D08,Communication,35,94.28
01/04/2019,Kaolack ,Centre-Sud,D08,Communication,35,93.88
2019-05-01,Kaolack ,Centre-Sud,D08,Communication,35,94.23
01/06/2019,KAOLACK,Centre-Sud,D08,Communication,35,94.38
Juillet 2019,kaolack,Centre-Sud,D08,Communication,35,94.35
Août 2019,KAOLACK,Centre-Sud,D08,Communication,35,94.52
2019-09-01,Kaolack ,Centre-Sud,D08,Communication,35,94.31
2019-10-01,kaolack,Centre-Sud,D08,Communication,35,94.11
Novembre 2019,KAOLACK,Centre-Sud,D08,Communication,35,94.04
Décembre 2019,KAOLACK,Centre-Sud,D08,Communication,35,93.82
01/01/2020,Kaolack ,Centre-Sud,D08,Communication,35,94.63
Février 2020,KAOLACK,Centre-Sud,D08,Communication,35,94.34
2020-03-01,kaolack,Centre-Sud,D08,Communication,35,94.56
Avril 2020,Kaolack ,Centre-Sud,D08,Communication,35,94.54
2020-05-01,kaolack,Centre-Sud,D08,Communication,35,94.95
Juin 2020,KAOLACK,Centre-Sud,D08,Communication,35,95.39
2020-07-01,kaolack,Centre-Sud,D08,Communication,35,95.1
2020-08-01,kaolack,Centre-Sud,D08,Communication,35,94.91
01/09/2020,kaolack,Centre-Sud,D08,Communication,35,95.07
01/10/2020,Kaolack ,Centre-Sud,D08,Communication,35,95.08
Novembre 2020,Kaolack ,Centre-Sud,D08,Communication,35,94.71
Décembre 2020,kaolack,Centre-Sud,D08,Communication,35,94.52
Janvier 2021,Kaolack ,Centre-Sud,D08,Communication,35,94.49
01/02/2021,kaolack,Centre-Sud,D08,Communication,35,94.96
Mars 2021,KAOLACK,Centre-Sud,D08,Communication,35,95.21
Avril 2021,Kaolack ,Centre-Sud,D08,Communication,35,95.12
2021-05-01,kaolack,Centre-Sud,D08,Communication,35,95.79
01/06/2021,KAOLACK,Centre-Sud,D08,Communication,35,95.94
01/07/2021,KAOLACK,Centre-Sud,D08,Communication,35,96.05
2021-08-01,Kaolack ,Centre-Sud,D08,Communication,35,95.95
Septembre 2021,KAOLACK,Centre-Sud,D08,Communication,35,95.87
01/10/2021,Kaolack ,Centre-Sud,D08,Communication,35,95.72
2021-11-01,KAOLACK,Centre-Sud,D08,Communication,35,95.64
Décembre 2021,Kaolack ,Centre-Sud,D08,Communication,35,95.17
01/01/2022,kaolack,Centre-Sud,D08,Communication,35,95.85
Février 2022,Kaolack ,Centre-Sud,D08,Communication,35,96.42
2022-03-01,Kaolack ,Centre-Sud,D08,Communication,35,
01/04/2022,kaolack,Centre-Sud,D08,Communication,35,97.7
01/05/2022,Kaolack ,Centre-Sud,D08,Communication,35,98.27
01/06/2022,Kaolack ,Centre-Sud,D08,Communication,35,98.85
Juillet 2022,kaolack,Centre-Sud,D08,Communication,35,99.17
01/08/2022,kaolack,Centre-Sud,D08,Communication,35,99.1
2022-09-01,KAOLACK,Centre-Sud,D08,Communication,35,99.42
2022-10-01,KAOLACK,Centre-Sud,D08,Communication,35,99.35
2022-11-01,kaolack,Centre-Sud,D08,Communication,35,99.53
Décembre 2022,Kaolack ,Centre-Sud,D08,Communication,35,98.98
2023-01-01,KAOLACK,Centre-Sud,D08,Communication,35,98.35
Février 2023,kaolack,Centre-Sud,D08,Communication,35,99.44
01/03/2023,kaolack,Centre-Sud,D08,Communication,35,99.47
2023-04-01,KAOLACK,Centre-Sud,D08,Communication,35,99.64
01/05/2023,kaolack,Centre-Sud,D08,Communication,35,100.38
Juin 2023,Kaolack ,Centre-Sud,D08,Communication,35,100.32
01/07/2023,KAOLACK,Centre-Sud,D08,Communication,35,100.51
Août 2023,Kaolack ,Centre-Sud,D08,Communication,35,100.45
01/09/2023,KAOLACK,Centre-Sud,D08,Communication,35,100.81
01/10/2023,KAOLACK,Centre-Sud,D08,Communication,35,100.56
2023-11-01,kaolack,Centre-Sud,D08,Communication,35,100.58
01/12/2023,kaolack,Centre-Sud,D08,Communication,35,100.01
Janvier 2024,KAOLACK,Centre-Sud,D08,Communication,35,99.63
Février 2024,Kaolack ,Centre-Sud,D08,Communication,35,99.65
2024-03-01,Kaolack ,Centre-Sud,D08,Communication,35,100.02
01/04/2024,kaolack,Centre-Sud,D08,Communication,35,100.47
Mai 2024,kaolack,Centre-Sud,D08,Communication,35,100.38
2024-06-01,KAOLACK,Centre-Sud,D08,Communication,35,100.54
Juillet 2024,Kaolack ,Centre-Sud,D08,Communication,35,100.65
Août 2024,kaolack,Centre-Sud,D08,Communication,35,100.84
2024-09-01,kaolack,Centre-Sud,D08,Communication,35,100.57
01/10/2024,KAOLACK,Centre-Sud,D08,Communication,35,100.64
Novembre 2024,KAOLACK,Centre-Sud,D08,Communication,35,100.46
Décembre 2024,kaolack,Centre-Sud,D08,Communication,35,99.82
2025-01-01,KAOLACK,Centre-Sud,D08,Communication,35,99.76
01/02/2025,kaolack,Centre-Sud,D08,Communication,35,100.01
01/03/2025,Kaolack ,Centre-Sud,D08,Communication,35,100.54
Avril 2025,KAOLACK,Centre-Sud,D08,Communication,35,100.66
Mai 2025,kaolack,Centre-Sud,D08,Communication,35,100.75
2025-06-01,KAOLACK,Centre-Sud,D08,Communication,35,101.03
2025-07-01,KAOLACK,Centre-Sud,D08,Communication,35,101.5
Août 2025,kaolack,Centre-Sud,D08,Communication,35,101.53
Septembre 2025,kaolack,Centre-Sud,D08,Communication,35,101.43
Octobre 2025,KAOLACK,Centre-Sud,D08,Communication,35,101.42
2025-11-01,kaolack,Centre-Sud,D08,Communication,35,101.69
01/12/2025,Kaolack ,Centre-Sud,D08,Communication,35,100.69
2026-01-01,kaolack,Centre-Sud,D08,Communication,35,100.02
01/02/2026,kaolack,Centre-Sud,D08,Communication,35,100.61
01/03/2026,KAOLACK,Centre-Sud,D08,Communication,35,100.73
2026-04-01,kaolack,Centre-Sud,D08,Communication,35,100.82
2026-05-01,KAOLACK,Centre-Sud,D08,Communication,35,101.26
2018-01-01,kaolack,Centre-Sud,D09,Loisirs et culture,21,87.57
2018-02-01,kaolack,Centre-Sud,D09,Loisirs et culture,21,87.51
01/03/2018,KAOLACK,Centre-Sud,D09,Loisirs et culture,21,87.97
2018-04-01,kaolack,Centre-Sud,D09,Loisirs et culture,21,88.27
2018-05-01,Kaolack ,Centre-Sud,D09,Loisirs et culture,21,88.32
Juin 2018,kaolack,Centre-Sud,D09,Loisirs et culture,21,88.47
01/07/2018,Kaolack ,Centre-Sud,D09,Loisirs et culture,21,88.42
Août 2018,Kaolack ,Centre-Sud,D09,Loisirs et culture,21,88.47
01/09/2018,KAOLACK,Centre-Sud,D09,Loisirs et culture,21,88.23
Octobre 2018,KAOLACK,Centre-Sud,D09,Loisirs et culture,21,87.93
Novembre 2018,KAOLACK,Centre-Sud,D09,Loisirs et culture,21,88.08
Décembre 2018,kaolack,Centre-Sud,D09,Loisirs et culture,21,87.74
Janvier 2019,kaolack,Centre-Sud,D09,Loisirs et culture,21,88.13
01/02/2019,Kaolack ,Centre-Sud,D09,Loisirs et culture,21,88.26
01/03/2019,kaolack,Centre-Sud,D09,Loisirs et culture,21,
Avril 2019,kaolack,Centre-Sud,D09,Loisirs et culture,21,88.57
01/05/2019,kaolack,Centre-Sud,D09,Loisirs et culture,21,88.93
2019-06-01,Kaolack ,Centre-Sud,D09,Loisirs et culture,21,89.04
2019-07-01,kaolack,Centre-Sud,D09,Loisirs et culture,21,89.2
Août 2019,kaolack,Centre-Sud,D09,Loisirs et culture,21,89.11
2019-09-01,KAOLACK,Centre-Sud,D09,Loisirs et culture,21,88.82
01/10/2019,kaolack,Centre-Sud,D09,Loisirs et culture,21,88.45
Novembre 2019,kaolack,Centre-Sud,D09,Loisirs et culture,21,88.4
Décembre 2019,Kaolack ,Centre-Sud,D09,Loisirs et culture,21,88.18
Janvier 2020,KAOLACK,Centre-Sud,D09,Loisirs et culture,21,88.66
Février 2020,kaolack,Centre-Sud,D09,Loisirs et culture,21,89.22
Mars 2020,kaolack,Centre-Sud,D09,Loisirs et culture,21,89.64
Avril 2020,kaolack,Centre-Sud,D09,Loisirs et culture,21,90.28
01/05/2020,KAOLACK,Centre-Sud,D09,Loisirs et culture,21,90.3
2020-06-01,kaolack,Centre-Sud,D09,Loisirs et culture,21,90.62
2020-07-01,KAOLACK,Centre-Sud,D09,Loisirs et culture,21,90.64
2020-08-01,kaolack,Centre-Sud,D09,Loisirs et culture,21,90.69
01/09/2020,Kaolack ,Centre-Sud,D09,Loisirs et culture,21,90.45
01/10/2020,kaolack,Centre-Sud,D09,Loisirs et culture,21,90.02
01/11/2020,Kaolack ,Centre-Sud,D09,Loisirs et culture,21,89.81
Décembre 2020,Kaolack ,Centre-Sud,D09,Loisirs et culture,21,89.35
Janvier 2021,kaolack,Centre-Sud,D09,Loisirs et culture,21,90.11
Février 2021,Kaolack ,Centre-Sud,D09,Loisirs et culture,21,90.13
Mars 2021,Kaolack ,Centre-Sud,D09,Loisirs et culture,21,90.61
2021-04-01,kaolack,Centre-Sud,D09,Loisirs et culture,21,90.86
01/05/2021,KAOLACK,Centre-Sud,D09,Loisirs et culture,21,91.4
Juin 2021,kaolack,Centre-Sud,D09,Loisirs et culture,21,91.8
2021-07-01,kaolack,Centre-Sud,D09,Loisirs et culture,21,91.94
01/08/2021,KAOLACK,Centre-Sud,D09,Loisirs et culture,21,91.99
Septembre 2021,Kaolack ,Centre-Sud,D09,Loisirs et culture,21,91.98
Octobre 2021,Kaolack ,Centre-Sud,D09,Loisirs et culture,21,91.67
Novembre 2021,kaolack,Centre-Sud,D09,Loisirs et culture,21,91.51
Décembre 2021,Kaolack ,Centre-Sud,D09,Loisirs et culture,21,91.46
2022-01-01,KAOLACK,Centre-Sud,D09,Loisirs et culture,21,92.57
Février 2022,KAOLACK,Centre-Sud,D09,Loisirs et culture,21,93.34
01/03/2022,KAOLACK,Centre-Sud,D09,Loisirs et culture,21,94.48
Avril 2022,KAOLACK,Centre-Sud,D09,Loisirs et culture,21,95.55
2022-05-01,kaolack,Centre-Sud,D09,Loisirs et culture,21,96.54
Juin 2022,Kaolack ,Centre-Sud,D09,Loisirs et culture,21,97.11
2022-07-01,kaolack,Centre-Sud,D09,Loisirs et culture,21,97.79
01/08/2022,kaolack,Centre-Sud,D09,Loisirs et culture,21,98.33
2022-09-01,Kaolack ,Centre-Sud,D09,Loisirs et culture,21,98.81
01/10/2022,Kaolack ,Centre-Sud,D09,Loisirs et culture,21,98.94
Novembre 2022,KAOLACK,Centre-Sud,D09,Loisirs et culture,21,99.3
01/12/2022,kaolack,Centre-Sud,D09,Loisirs et culture,21,98.16
2023-01-01,kaolack,Centre-Sud,D09,Loisirs et culture,21,98.03
01/02/2023,kaolack,Centre-Sud,D09,Loisirs et culture,21,98.47
2023-03-01,KAOLACK,Centre-Sud,D09,Loisirs et culture,21,98.7
2023-04-01,kaolack,Centre-Sud,D09,Loisirs et culture,21,99.56
01/05/2023,Kaolack ,Centre-Sud,D09,Loisirs et culture,21,100.05
2023-06-01,Kaolack ,Centre-Sud,D09,Loisirs et culture,21,100.4
01/07/2023,Kaolack ,Centre-Sud,D09,Loisirs et culture,21,100.83
2023-08-01,kaolack,Centre-Sud,D09,Loisirs et culture,21,101.14
01/09/2023,kaolack,Centre-Sud,D09,Loisirs et culture,21,
Octobre 2023,kaolack,Centre-Sud,D09,Loisirs et culture,21,101.42
Novembre 2023,KAOLACK,Centre-Sud,D09,Loisirs et culture,21,101.15
01/12/2023,kaolack,Centre-Sud,D09,Loisirs et culture,21,100.12
2024-01-01,Kaolack ,Centre-Sud,D09,Loisirs et culture,21,99.24
2024-02-01,Kaolack ,Centre-Sud,D09,Loisirs et culture,21,99.44
Mars 2024,kaolack,Centre-Sud,D09,Loisirs et culture,21,99.59
Avril 2024,Kaolack ,Centre-Sud,D09,Loisirs et culture,21,100.36
01/05/2024,KAOLACK,Centre-Sud,D09,Loisirs et culture,21,100.54
Juin 2024,KAOLACK,Centre-Sud,D09,Loisirs et culture,21,100.85
2024-07-01,KAOLACK,Centre-Sud,D09,Loisirs et culture,21,101.33
2024-08-01,kaolack,Centre-Sud,D09,Loisirs et culture,21,101.35
01/09/2024,Kaolack ,Centre-Sud,D09,Loisirs et culture,21,101.42
Octobre 2024,KAOLACK,Centre-Sud,D09,Loisirs et culture,21,101.28
2024-11-01,kaolack,Centre-Sud,D09,Loisirs et culture,21,101.39
2024-12-01,Kaolack ,Centre-Sud,D09,Loisirs et culture,21,100.08
Janvier 2025,KAOLACK,Centre-Sud,D09,Loisirs et culture,21,99.93
Février 2025,KAOLACK,Centre-Sud,D09,Loisirs et culture,21,100.39
2025-03-01,kaolack,Centre-Sud,D09,Loisirs et culture,21,100.69
Avril 2025,Kaolack ,Centre-Sud,D09,Loisirs et culture,21,101.47
Mai 2025,KAOLACK,Centre-Sud,D09,Loisirs et culture,21,101.87
2025-06-01,kaolack,Centre-Sud,D09,Loisirs et culture,21,102.15
Juillet 2025,kaolack,Centre-Sud,D09,Loisirs et culture,21,102.6
Août 2025,Kaolack ,Centre-Sud,D09,Loisirs et culture,21,102.88
01/09/2025,kaolack,Centre-Sud,D09,Loisirs et culture,21,103.1
Octobre 2025,Kaolack ,Centre-Sud,D09,Loisirs et culture,21,103.13
01/11/2025,kaolack,Centre-Sud,D09,Loisirs et culture,21,103.06
Décembre 2025,KAOLACK,Centre-Sud,D09,Loisirs et culture,21,101.73
2026-01-01,kaolack,Centre-Sud,D09,Loisirs et culture,21,100.14
2026-02-01,kaolack,Centre-Sud,D09,Loisirs et culture,21,100.91
2026-03-01,kaolack,Centre-Sud,D09,Loisirs et culture,21,101.54
2026-04-01,KAOLACK,Centre-Sud,D09,Loisirs et culture,21,101.96
2026-05-01,Kaolack ,Centre-Sud,D09,Loisirs et culture,21,102.35
01/01/2018,KAOLACK,Centre-Sud,D10,Enseignement,43,
01/02/2018,KAOLACK,Centre-Sud,D10,Enseignement,43,85.96
01/03/2018,KAOLACK,Centre-Sud,D10,Enseignement,43,86.14
Avril 2018,KAOLACK,Centre-Sud,D10,Enseignement,43,86.53
Mai 2018,Kaolack ,Centre-Sud,D10,Enseignement,43,86.45
2018-06-01,Kaolack ,Centre-Sud,D10,Enseignement,43,86.61
01/07/2018,KAOLACK,Centre-Sud,D10,Enseignement,43,86.51
01/08/2018,KAOLACK,Centre-Sud,D10,Enseignement,43,86.67
2018-09-01,KAOLACK,Centre-Sud,D10,Enseignement,43,86.62
01/10/2018,KAOLACK,Centre-Sud,D10,Enseignement,43,86.47
01/11/2018,KAOLACK,Centre-Sud,D10,Enseignement,43,86.11
2018-12-01,KAOLACK,Centre-Sud,D10,Enseignement,43,86.05
01/01/2019,KAOLACK,Centre-Sud,D10,Enseignement,43,86.41
2019-02-01,KAOLACK,Centre-Sud,D10,Enseignement,43,86.57
2019-03-01,KAOLACK,Centre-Sud,D10,Enseignement,43,86.71
Avril 2019,kaolack,Centre-Sud,D10,Enseignement,43,86.89
01/05/2019,Kaolack ,Centre-Sud,D10,Enseignement,43,87.11
2019-06-01,Kaolack ,Centre-Sud,D10,Enseignement,43,87.3
01/07/2019,kaolack,Centre-Sud,D10,Enseignement,43,87.26
2019-08-01,Kaolack ,Centre-Sud,D10,Enseignement,43,87.21
Septembre 2019,kaolack,Centre-Sud,D10,Enseignement,43,87.32
01/10/2019,kaolack,Centre-Sud,D10,Enseignement,43,87.25
2019-11-01,Kaolack ,Centre-Sud,D10,Enseignement,43,86.56
2019-12-01,Kaolack ,Centre-Sud,D10,Enseignement,43,86.42
2020-01-01,KAOLACK,Centre-Sud,D10,Enseignement,43,87.28
01/02/2020,kaolack,Centre-Sud,D10,Enseignement,43,87.64
Mars 2020,kaolack,Centre-Sud,D10,Enseignement,43,88.11
Avril 2020,Kaolack ,Centre-Sud,D10,Enseignement,43,88.46
01/05/2020,kaolack,Centre-Sud,D10,Enseignement,43,88.79
Juin 2020,KAOLACK,Centre-Sud,D10,Enseignement,43,89.16
Juillet 2020,Kaolack ,Centre-Sud,D10,Enseignement,43,
2020-08-01,Kaolack ,Centre-Sud,D10,Enseignement,43,89.04
2020-09-01,KAOLACK,Centre-Sud,D10,Enseignement,43,88.87
01/10/2020,KAOLACK,Centre-Sud,D10,Enseignement,43,88.41
Novembre 2020,kaolack,Centre-Sud,D10,Enseignement,43,88.23
01/12/2020,kaolack,Centre-Sud,D10,Enseignement,43,88.05
2021-01-01,kaolack,Centre-Sud,D10,Enseignement,43,88.74
Février 2021,Kaolack ,Centre-Sud,D10,Enseignement,43,88.93
01/03/2021,kaolack,Centre-Sud,D10,Enseignement,43,89.34
2021-04-01,kaolack,Centre-Sud,D10,Enseignement,43,89.41
2021-05-01,kaolack,Centre-Sud,D10,Enseignement,43,89.86
01/06/2021,KAOLACK,Centre-Sud,D10,Enseignement,43,90.49
01/07/2021,KAOLACK,Centre-Sud,D10,Enseignement,43,90.13
2021-08-01,KAOLACK,Centre-Sud,D10,Enseignement,43,
Septembre 2021,Kaolack ,Centre-Sud,D10,Enseignement,43,90.18
01/10/2021,kaolack,Centre-Sud,D10,Enseignement,43,90.4
01/11/2021,Kaolack ,Centre-Sud,D10,Enseignement,43,90.03
2021-12-01,KAOLACK,Centre-Sud,D10,Enseignement,43,90.23
2022-01-01,kaolack,Centre-Sud,D10,Enseignement,43,91.96
2022-02-01,kaolack,Centre-Sud,D10,Enseignement,43,92.16
Mars 2022,Kaolack ,Centre-Sud,D10,Enseignement,43,93.63
2022-04-01,kaolack,Centre-Sud,D10,Enseignement,43,94.4
2022-05-01,kaolack,Centre-Sud,D10,Enseignement,43,95.83
2022-06-01,kaolack,Centre-Sud,D10,Enseignement,43,96.68
Juillet 2022,KAOLACK,Centre-Sud,D10,Enseignement,43,97.39
2022-08-01,kaolack,Centre-Sud,D10,Enseignement,43,97.79
Septembre 2022,Kaolack ,Centre-Sud,D10,Enseignement,43,98.5
2022-10-01,KAOLACK,Centre-Sud,D10,Enseignement,43,98.55
Novembre 2022,kaolack,Centre-Sud,D10,Enseignement,43,99.27
01/12/2022,kaolack,Centre-Sud,D10,Enseignement,43,97.75
Janvier 2023,KAOLACK,Centre-Sud,D10,Enseignement,43,97.51
Février 2023,kaolack,Centre-Sud,D10,Enseignement,43,98.43
2023-03-01,KAOLACK,Centre-Sud,D10,Enseignement,43,98.76
01/04/2023,Kaolack ,Centre-Sud,D10,Enseignement,43,99.67
Mai 2023,Kaolack ,Centre-Sud,D10,Enseignement,43,100.23
01/06/2023,kaolack,Centre-Sud,D10,Enseignement,43,100.45
2023-07-01,KAOLACK,Centre-Sud,D10,Enseignement,43,100.78
01/08/2023,Kaolack ,Centre-Sud,D10,Enseignement,43,100.93
01/09/2023,Kaolack ,Centre-Sud,D10,Enseignement,43,101.35
Octobre 2023,KAOLACK,Centre-Sud,D10,Enseignement,43,101.36
2023-11-01,Kaolack ,Centre-Sud,D10,Enseignement,43,101.43
01/12/2023,kaolack,Centre-Sud,D10,Enseignement,43,99.86
01/01/2024,Kaolack ,Centre-Sud,D10,Enseignement,43,99.29
2024-02-01,Kaolack ,Centre-Sud,D10,Enseignement,43,99.72
Mars 2024,Kaolack ,Centre-Sud,D10,Enseignement,43,99.85
01/04/2024,KAOLACK,Centre-Sud,D10,Enseignement,43,100.15
Mai 2024,KAOLACK,Centre-Sud,D10,Enseignement,43,100.52
2024-06-01,Kaolack ,Centre-Sud,D10,Enseignement,43,100.83
2024-07-01,kaolack,Centre-Sud,D10,Enseignement,43,100.89
Août 2024,Kaolack ,Centre-Sud,D10,Enseignement,43,101.07
01/09/2024,Kaolack ,Centre-Sud,D10,Enseignement,43,101.57
01/10/2024,kaolack,Centre-Sud,D10,Enseignement,43,101.52
Novembre 2024,KAOLACK,Centre-Sud,D10,Enseignement,43,101.84
2024-12-01,KAOLACK,Centre-Sud,D10,Enseignement,43,99.91
01/01/2025,Kaolack ,Centre-Sud,D10,Enseignement,43,100.09
01/02/2025,kaolack,Centre-Sud,D10,Enseignement,43,100.35
Mars 2025,Kaolack ,Centre-Sud,D10,Enseignement,43,100.77
2025-04-01,Kaolack ,Centre-Sud,D10,Enseignement,43,101.38
2025-05-01,Kaolack ,Centre-Sud,D10,Enseignement,43,101.83
2025-06-01,Kaolack ,Centre-Sud,D10,Enseignement,43,102.03
2025-07-01,KAOLACK,Centre-Sud,D10,Enseignement,43,102.81
2025-08-01,Kaolack ,Centre-Sud,D10,Enseignement,43,
01/09/2025,KAOLACK,Centre-Sud,D10,Enseignement,43,103.1
01/10/2025,kaolack,Centre-Sud,D10,Enseignement,43,103.28
01/11/2025,Kaolack ,Centre-Sud,D10,Enseignement,43,103.44
Décembre 2025,KAOLACK,Centre-Sud,D10,Enseignement,43,102.28
Janvier 2026,KAOLACK,Centre-Sud,D10,Enseignement,43,100.52
2026-02-01,kaolack,Centre-Sud,D10,Enseignement,43,100.98
2026-03-01,Kaolack ,Centre-Sud,D10,Enseignement,43,101.61
Avril 2026,kaolack,Centre-Sud,D10,Enseignement,43,102.24
2026-05-01,KAOLACK,Centre-Sud,D10,Enseignement,43,102.61
01/01/2018,Kaolack ,Centre-Sud,D11,Restaurants et hôtels,56,80.66
2018-02-01,kaolack,Centre-Sud,D11,Restaurants et hôtels,56,80.71
2018-03-01,kaolack,Centre-Sud,D11,Restaurants et hôtels,56,
Avril 2018,kaolack,Centre-Sud,D11,Restaurants et hôtels,56,81.25
Mai 2018,Kaolack ,Centre-Sud,D11,Restaurants et hôtels,56,81.36
2018-06-01,Kaolack ,Centre-Sud,D11,Restaurants et hôtels,56,81.51
01/07/2018,KAOLACK,Centre-Sud,D11,Restaurants et hôtels,56,81.7
2018-08-01,kaolack,Centre-Sud,D11,Restaurants et hôtels,56,81.69
Septembre 2018,KAOLACK,Centre-Sud,D11,Restaurants et hôtels,56,81.22
Octobre 2018,kaolack,Centre-Sud,D11,Restaurants et hôtels,56,81.19
2018-11-01,KAOLACK,Centre-Sud,D11,Restaurants et hôtels,56,80.9
Décembre 2018,KAOLACK,Centre-Sud,D11,Restaurants et hôtels,56,80.62
Janvier 2019,Kaolack ,Centre-Sud,D11,Restaurants et hôtels,56,81.1
Février 2019,KAOLACK,Centre-Sud,D11,Restaurants et hôtels,56,81.21
01/03/2019,kaolack,Centre-Sud,D11,Restaurants et hôtels,56,81.73
2019-04-01,Kaolack ,Centre-Sud,D11,Restaurants et hôtels,56,81.77
01/05/2019,kaolack,Centre-Sud,D11,Restaurants et hôtels,56,82.44
2019-06-01,Kaolack ,Centre-Sud,D11,Restaurants et hôtels,56,82.53
01/07/2019,kaolack,Centre-Sud,D11,Restaurants et hôtels,56,82.62
01/08/2019,Kaolack ,Centre-Sud,D11,Restaurants et hôtels,56,82.33
01/09/2019,Kaolack ,Centre-Sud,D11,Restaurants et hôtels,56,82.27
2019-10-01,KAOLACK,Centre-Sud,D11,Restaurants et hôtels,56,82.04
01/11/2019,Kaolack ,Centre-Sud,D11,Restaurants et hôtels,56,
Décembre 2019,KAOLACK,Centre-Sud,D11,Restaurants et hôtels,56,81.5
2020-01-01,Kaolack ,Centre-Sud,D11,Restaurants et hôtels,56,82.54
Février 2020,kaolack,Centre-Sud,D11,Restaurants et hôtels,56,82.8
2020-03-01,KAOLACK,Centre-Sud,D11,Restaurants et hôtels,56,83.49
01/04/2020,kaolack,Centre-Sud,D11,Restaurants et hôtels,56,83.7
2020-05-01,Kaolack ,Centre-Sud,D11,Restaurants et hôtels,56,84.61
Juin 2020,kaolack,Centre-Sud,D11,Restaurants et hôtels,56,
Juillet 2020,kaolack,Centre-Sud,D11,Restaurants et hôtels,56,85.37
Août 2020,KAOLACK,Centre-Sud,D11,Restaurants et hôtels,56,85.07
2020-09-01,kaolack,Centre-Sud,D11,Restaurants et hôtels,56,84.66
01/10/2020,Kaolack ,Centre-Sud,D11,Restaurants et hôtels,56,84.21
Novembre 2020,Kaolack ,Centre-Sud,D11,Restaurants et hôtels,56,83.86
2020-12-01,kaolack,Centre-Sud,D11,Restaurants et hôtels,56,83.68
Janvier 2021,kaolack,Centre-Sud,D11,Restaurants et hôtels,56,84.09
2021-02-01,Kaolack ,Centre-Sud,D11,Restaurants et hôtels,56,84.67
2021-03-01,Kaolack ,Centre-Sud,D11,Restaurants et hôtels,56,85.38
2021-04-01,KAOLACK,Centre-Sud,D11,Restaurants et hôtels,56,85.71
Mai 2021,KAOLACK,Centre-Sud,D11,Restaurants et hôtels,56,86.16
Juin 2021,KAOLACK,Centre-Sud,D11,Restaurants et hôtels,56,86.66
01/07/2021,kaolack,Centre-Sud,D11,Restaurants et hôtels,56,87.09
01/08/2021,kaolack,Centre-Sud,D11,Restaurants et hôtels,56,86.97
2021-09-01,KAOLACK,Centre-Sud,D11,Restaurants et hôtels,56,86.93
Octobre 2021,kaolack,Centre-Sud,D11,Restaurants et hôtels,56,86.49
2021-11-01,kaolack,Centre-Sud,D11,Restaurants et hôtels,56,86.42
Décembre 2021,kaolack,Centre-Sud,D11,Restaurants et hôtels,56,86.15
01/01/2022,Kaolack ,Centre-Sud,D11,Restaurants et hôtels,56,88.02
Février 2022,KAOLACK,Centre-Sud,D11,Restaurants et hôtels,56,89.39
2022-03-01,Kaolack ,Centre-Sud,D11,Restaurants et hôtels,56,90.78
2022-04-01,kaolack,Centre-Sud,D11,Restaurants et hôtels,56,92.83
01/05/2022,kaolack,Centre-Sud,D11,Restaurants et hôtels,56,
Juin 2022,kaolack,Centre-Sud,D11,Restaurants et hôtels,56,95.61
2022-07-01,Kaolack ,Centre-Sud,D11,Restaurants et hôtels,56,96.36
2022-08-01,KAOLACK,Centre-Sud,D11,Restaurants et hôtels,56,97.03
01/09/2022,kaolack,Centre-Sud,D11,Restaurants et hôtels,56,97.71
Octobre 2022,KAOLACK,Centre-Sud,D11,Restaurants et hôtels,56,98.35
01/11/2022,kaolack,Centre-Sud,D11,Restaurants et hôtels,56,98.47
01/12/2022,kaolack,Centre-Sud,D11,Restaurants et hôtels,56,
01/01/2023,Kaolack ,Centre-Sud,D11,Restaurants et hôtels,56,96.68
01/02/2023,KAOLACK,Centre-Sud,D11,Restaurants et hôtels,56,97.43
01/03/2023,Kaolack ,Centre-Sud,D11,Restaurants et hôtels,56,98.46
Avril 2023,KAOLACK,Centre-Sud,D11,Restaurants et hôtels,56,99.23
2023-05-01,kaolack,Centre-Sud,D11,Restaurants et hôtels,56,100.27
2023-06-01,kaolack,Centre-Sud,D11,Restaurants et hôtels,56,101.07
2023-07-01,KAOLACK,Centre-Sud,D11,Restaurants et hôtels,56,101.11
Août 2023,KAOLACK,Centre-Sud,D11,Restaurants et hôtels,56,101.27
Septembre 2023,Kaolack ,Centre-Sud,D11,Restaurants et hôtels,56,101.46
01/10/2023,Kaolack ,Centre-Sud,D11,Restaurants et hôtels,56,101.58
Novembre 2023,kaolack,Centre-Sud,D11,Restaurants et hôtels,56,101.97
01/12/2023,kaolack,Centre-Sud,D11,Restaurants et hôtels,56,99.74
Janvier 2024,KAOLACK,Centre-Sud,D11,Restaurants et hôtels,56,98.9
01/02/2024,KAOLACK,Centre-Sud,D11,Restaurants et hôtels,56,98.85
2024-03-01,Kaolack ,Centre-Sud,D11,Restaurants et hôtels,56,100.06
2024-04-01,KAOLACK,Centre-Sud,D11,Restaurants et hôtels,56,100.21
Mai 2024,Kaolack ,Centre-Sud,D11,Restaurants et hôtels,56,101.29
01/06/2024,KAOLACK,Centre-Sud,D11,Restaurants et hôtels,56,101.24
Juillet 2024,kaolack,Centre-Sud,D11,Restaurants et hôtels,56,101.61
2024-08-01,Kaolack ,Centre-Sud,D11,Restaurants et hôtels,56,101.47
2024-09-01,kaolack,Centre-Sud,D11,Restaurants et hôtels,56,102.01
Octobre 2024,KAOLACK,Centre-Sud,D11,Restaurants et hôtels,56,101.98
01/11/2024,Kaolack ,Centre-Sud,D11,Restaurants et hôtels,56,102.15
Décembre 2024,kaolack,Centre-Sud,D11,Restaurants et hôtels,56,100.05
2025-01-01,KAOLACK,Centre-Sud,D11,Restaurants et hôtels,56,100.0
Février 2025,Kaolack ,Centre-Sud,D11,Restaurants et hôtels,56,100.55
Mars 2025,Kaolack ,Centre-Sud,D11,Restaurants et hôtels,56,101.45
Avril 2025,KAOLACK,Centre-Sud,D11,Restaurants et hôtels,56,101.88
2025-05-01,kaolack,Centre-Sud,D11,Restaurants et hôtels,56,102.87
2025-06-01,KAOLACK,Centre-Sud,D11,Restaurants et hôtels,56,103.33
2025-07-01,kaolack,Centre-Sud,D11,Restaurants et hôtels,56,103.92
01/08/2025,Kaolack ,Centre-Sud,D11,Restaurants et hôtels,56,104.14
Septembre 2025,kaolack,Centre-Sud,D11,Restaurants et hôtels,56,104.62
Octobre 2025,kaolack,Centre-Sud,D11,Restaurants et hôtels,56,105.02
01/11/2025,KAOLACK,Centre-Sud,D11,Restaurants et hôtels,56,105.25
01/12/2025,KAOLACK,Centre-Sud,D11,Restaurants et hôtels,56,102.91
Janvier 2026,kaolack,Centre-Sud,D11,Restaurants et hôtels,56,100.44
Février 2026,KAOLACK,Centre-Sud,D11,Restaurants et hôtels,56,101.27
2026-03-01,Kaolack ,Centre-Sud,D11,Restaurants et hôtels,56,102.53
01/04/2026,Kaolack ,Centre-Sud,D11,Restaurants et hôtels,56,103.09
Mai 2026,Kaolack ,Centre-Sud,D11,Restaurants et hôtels,56,103.78
01/01/2018,KAOLACK,Centre-Sud,D12,Biens et services divers,63,84.32
01/02/2018,kaolack,Centre-Sud,D12,Biens et services divers,63,84.19
01/03/2018,kaolack,Centre-Sud,D12,Biens et services divers,63,84.35
Avril 2018,Kaolack ,Centre-Sud,D12,Biens et services divers,63,84.52
2018-05-01,KAOLACK,Centre-Sud,D12,Biens et services divers,63,85.08
2018-06-01,Kaolack ,Centre-Sud,D12,Biens et services divers,63,85.09
01/07/2018,kaolack,Centre-Sud,D12,Biens et services divers,63,84.86
2018-08-01,Kaolack ,Centre-Sud,D12,Biens et services divers,63,84.86
01/09/2018,KAOLACK,Centre-Sud,D12,Biens et services divers,63,84.7
Octobre 2018,Kaolack ,Centre-Sud,D12,Biens et services divers,63,84.52
01/11/2018,KAOLACK,Centre-Sud,D12,Biens et services divers,63,84.19
Décembre 2018,KAOLACK,Centre-Sud,D12,Biens et services divers,63,84.19
2019-01-01,kaolack,Centre-Sud,D12,Biens et services divers,63,84.83
01/02/2019,Kaolack ,Centre-Sud,D12,Biens et services divers,63,84.57
Mars 2019,kaolack,Centre-Sud,D12,Biens et services divers,63,84.79
01/04/2019,kaolack,Centre-Sud,D12,Biens et services divers,63,85.14
Mai 2019,KAOLACK,Centre-Sud,D12,Biens et services divers,63,85.4
01/06/2019,kaolack,Centre-Sud,D12,Biens et services divers,63,85.9
2019-07-01,KAOLACK,Centre-Sud,D12,Biens et services divers,63,85.83
2019-08-01,KAOLACK,Centre-Sud,D12,Biens et services divers,63,85.76
Septembre 2019,Kaolack ,Centre-Sud,D12,Biens et services divers,63,85.42
2019-10-01,Kaolack ,Centre-Sud,D12,Biens et services divers,63,85.18
Novembre 2019,kaolack,Centre-Sud,D12,Biens et services divers,63,84.8
01/12/2019,kaolack,Centre-Sud,D12,Biens et services divers,63,84.92
Janvier 2020,kaolack,Centre-Sud,D12,Biens et services divers,63,85.8
Février 2020,KAOLACK,Centre-Sud,D12,Biens et services divers,63,86.19
Mars 2020,KAOLACK,Centre-Sud,D12,Biens et services divers,63,86.39
01/04/2020,kaolack,Centre-Sud,D12,Biens et services divers,63,86.86
01/05/2020,kaolack,Centre-Sud,D12,Biens et services divers,63,87.35
2020-06-01,KAOLACK,Centre-Sud,D12,Biens et services divers,63,87.83
2020-07-01,kaolack,Centre-Sud,D12,Biens et services divers,63,87.62
Août 2020,KAOLACK,Centre-Sud,D12,Biens et services divers,63,87.79
2020-09-01,KAOLACK,Centre-Sud,D12,Biens et services divers,63,87.45
2020-10-01,kaolack,Centre-Sud,D12,Biens et services divers,63,87.01
2020-11-01,kaolack,Centre-Sud,D12,Biens et services divers,63,86.58
2020-12-01,Kaolack ,Centre-Sud,D12,Biens et services divers,63,86.61
01/01/2021,KAOLACK,Centre-Sud,D12,Biens et services divers,63,
2021-02-01,KAOLACK,Centre-Sud,D12,Biens et services divers,63,87.64
2021-03-01,KAOLACK,Centre-Sud,D12,Biens et services divers,63,87.89
Avril 2021,KAOLACK,Centre-Sud,D12,Biens et services divers,63,88.58
2021-05-01,kaolack,Centre-Sud,D12,Biens et services divers,63,88.79
2021-06-01,Kaolack ,Centre-Sud,D12,Biens et services divers,63,89.32
01/07/2021,KAOLACK,Centre-Sud,D12,Biens et services divers,63,89.25
2021-08-01,Kaolack ,Centre-Sud,D12,Biens et services divers,63,89.24
2021-09-01,Kaolack ,Centre-Sud,D12,Biens et services divers,63,89.1
01/10/2021,KAOLACK,Centre-Sud,D12,Biens et services divers,63,88.74
2021-11-01,KAOLACK,Centre-Sud,D12,Biens et services divers,63,89.02
Décembre 2021,Kaolack ,Centre-Sud,D12,Biens et services divers,63,88.66
Janvier 2022,KAOLACK,Centre-Sud,D12,Biens et services divers,63,90.25
2022-02-01,Kaolack ,Centre-Sud,D12,Biens et services divers,63,91.29
01/03/2022,KAOLACK,Centre-Sud,D12,Biens et services divers,63,92.63
2022-04-01,kaolack,Centre-Sud,D12,Biens et services divers,63,94.19
01/05/2022,Kaolack ,Centre-Sud,D12,Biens et services divers,63,95.53
01/06/2022,Kaolack ,Centre-Sud,D12,Biens et services divers,63,96.07
01/07/2022,Kaolack ,Centre-Sud,D12,Biens et services divers,63,97.01
01/08/2022,kaolack,Centre-Sud,D12,Biens et services divers,63,97.53
Septembre 2022,Kaolack ,Centre-Sud,D12,Biens et services divers,63,98.32
Octobre 2022,kaolack,Centre-Sud,D12,Biens et services divers,63,98.62
2022-11-01,Kaolack ,Centre-Sud,D12,Biens et services divers,63,98.81
01/12/2022,Kaolack ,Centre-Sud,D12,Biens et services divers,63,97.47
01/01/2023,Kaolack ,Centre-Sud,D12,Biens et services divers,63,97.29
Février 2023,Kaolack ,Centre-Sud,D12,Biens et services divers,63,98.15
01/03/2023,Kaolack ,Centre-Sud,D12,Biens et services divers,63,98.66
2023-04-01,Kaolack ,Centre-Sud,D12,Biens et services divers,63,99.42
Mai 2023,kaolack,Centre-Sud,D12,Biens et services divers,63,99.69
01/06/2023,KAOLACK,Centre-Sud,D12,Biens et services divers,63,100.69
2023-07-01,kaolack,Centre-Sud,D12,Biens et services divers,63,101.28
01/08/2023,kaolack,Centre-Sud,D12,Biens et services divers,63,101.28
Septembre 2023,KAOLACK,Centre-Sud,D12,Biens et services divers,63,101.01
2023-10-01,KAOLACK,Centre-Sud,D12,Biens et services divers,63,101.41
2023-11-01,Kaolack ,Centre-Sud,D12,Biens et services divers,63,101.37
01/12/2023,Kaolack ,Centre-Sud,D12,Biens et services divers,63,100.08
01/01/2024,KAOLACK,Centre-Sud,D12,Biens et services divers,63,99.2
2024-02-01,Kaolack ,Centre-Sud,D12,Biens et services divers,63,99.31
01/03/2024,Kaolack ,Centre-Sud,D12,Biens et services divers,63,99.82
2024-04-01,Kaolack ,Centre-Sud,D12,Biens et services divers,63,99.86
01/05/2024,KAOLACK,Centre-Sud,D12,Biens et services divers,63,100.56
2024-06-01,Kaolack ,Centre-Sud,D12,Biens et services divers,63,101.1
Juillet 2024,kaolack,Centre-Sud,D12,Biens et services divers,63,101.44
01/08/2024,KAOLACK,Centre-Sud,D12,Biens et services divers,63,101.09
01/09/2024,Kaolack ,Centre-Sud,D12,Biens et services divers,63,101.49
01/10/2024,Kaolack ,Centre-Sud,D12,Biens et services divers,63,101.91
Novembre 2024,kaolack,Centre-Sud,D12,Biens et services divers,63,101.71
Décembre 2024,KAOLACK,Centre-Sud,D12,Biens et services divers,63,100.31
Janvier 2025,Kaolack ,Centre-Sud,D12,Biens et services divers,63,99.97
01/02/2025,KAOLACK,Centre-Sud,D12,Biens et services divers,63,100.65
2025-03-01,KAOLACK,Centre-Sud,D12,Biens et services divers,63,100.91
01/04/2025,KAOLACK,Centre-Sud,D12,Biens et services divers,63,101.54
01/05/2025,kaolack,Centre-Sud,D12,Biens et services divers,63,102.34
Juin 2025,KAOLACK,Centre-Sud,D12,Biens et services divers,63,102.54
01/07/2025,Kaolack ,Centre-Sud,D12,Biens et services divers,63,103.07
Août 2025,KAOLACK,Centre-Sud,D12,Biens et services divers,63,103.25
Septembre 2025,kaolack,Centre-Sud,D12,Biens et services divers,63,103.6
01/10/2025,KAOLACK,Centre-Sud,D12,Biens et services divers,63,104.04
Novembre 2025,kaolack,Centre-Sud,D12,Biens et services divers,63,104.23
01/12/2025,KAOLACK,Centre-Sud,D12,Biens et services divers,63,
01/01/2026,kaolack,Centre-Sud,D12,Biens et services divers,63,100.3
2026-02-01,kaolack,Centre-Sud,D12,Biens et services divers,63,101.29
2026-03-01,Kaolack ,Centre-Sud,D12,Biens et services divers,63,101.94
01/04/2026,Kaolack ,Centre-Sud,D12,Biens et services divers,63,102.56
Mai 2026,kaolack,Centre-Sud,D12,Biens et services divers,63,103.0
Janvier 2018,kolda,Sud,D01,Produits alimentaires et boissons non alcoolisées,421,72.59
Février 2018,KOLDA,Sud,D01,Produits alimentaires et boissons non alcoolisées,421,72.86
01/03/2018,Kolda ,Sud,D01,Produits alimentaires et boissons non alcoolisées,421,74.3
2018-04-01,KOLDA,Sud,D01,Produits alimentaires et boissons non alcoolisées,421,75.51
01/05/2018,KOLDA,Sud,D01,Produits alimentaires et boissons non alcoolisées,421,77.12
2018-06-01,kolda,Sud,D01,Produits alimentaires et boissons non alcoolisées,421,77.9
01/07/2018,kolda,Sud,D01,Produits alimentaires et boissons non alcoolisées,421,78.17
2018-08-01,KOLDA,Sud,D01,Produits alimentaires et boissons non alcoolisées,421,77.94
Septembre 2018,kolda,Sud,D01,Produits alimentaires et boissons non alcoolisées,421,76.82
2018-10-01,Kolda ,Sud,D01,Produits alimentaires et boissons non alcoolisées,421,75.28
01/11/2018,KOLDA,Sud,D01,Produits alimentaires et boissons non alcoolisées,421,73.94
2018-12-01,kolda,Sud,D01,Produits alimentaires et boissons non alcoolisées,421,72.85
01/01/2019,Kolda ,Sud,D01,Produits alimentaires et boissons non alcoolisées,421,73.41
Février 2019,Kolda ,Sud,D01,Produits alimentaires et boissons non alcoolisées,421,73.84
01/03/2019,Kolda ,Sud,D01,Produits alimentaires et boissons non alcoolisées,421,75.18
2019-04-01,Kolda ,Sud,D01,Produits alimentaires et boissons non alcoolisées,421,
Mai 2019,Kolda ,Sud,D01,Produits alimentaires et boissons non alcoolisées,421,78.25
Juin 2019,Kolda ,Sud,D01,Produits alimentaires et boissons non alcoolisées,421,79.07
Juillet 2019,Kolda ,Sud,D01,Produits alimentaires et boissons non alcoolisées,421,79.44
01/08/2019,KOLDA,Sud,D01,Produits alimentaires et boissons non alcoolisées,421,79.06
2019-09-01,kolda,Sud,D01,Produits alimentaires et boissons non alcoolisées,421,77.85
Octobre 2019,Kolda ,Sud,D01,Produits alimentaires et boissons non alcoolisées,421,76.32
2019-11-01,Kolda ,Sud,D01,Produits alimentaires et boissons non alcoolisées,421,74.91
2019-12-01,KOLDA,Sud,D01,Produits alimentaires et boissons non alcoolisées,421,
Janvier 2020,Kolda ,Sud,D01,Produits alimentaires et boissons non alcoolisées,421,74.99
2020-02-01,KOLDA,Sud,D01,Produits alimentaires et boissons non alcoolisées,421,75.85
Mars 2020,KOLDA,Sud,D01,Produits alimentaires et boissons non alcoolisées,421,77.35
2020-04-01,KOLDA,Sud,D01,Produits alimentaires et boissons non alcoolisées,421,79.31
2020-05-01,kolda,Sud,D01,Produits alimentaires et boissons non alcoolisées,421,81.01
01/06/2020,kolda,Sud,D01,Produits alimentaires et boissons non alcoolisées,421,82.62
Juillet 2020,Kolda ,Sud,D01,Produits alimentaires et boissons non alcoolisées,421,82.78
01/08/2020,kolda,Sud,D01,Produits alimentaires et boissons non alcoolisées,421,
01/09/2020,KOLDA,Sud,D01,Produits alimentaires et boissons non alcoolisées,421,80.95
01/10/2020,KOLDA,Sud,D01,Produits alimentaires et boissons non alcoolisées,421,79.19
01/11/2020,kolda,Sud,D01,Produits alimentaires et boissons non alcoolisées,421,77.65
01/12/2020,Kolda ,Sud,D01,Produits alimentaires et boissons non alcoolisées,421,76.59
2021-01-01,Kolda ,Sud,D01,Produits alimentaires et boissons non alcoolisées,421,77.3
01/02/2021,Kolda ,Sud,D01,Produits alimentaires et boissons non alcoolisées,421,78.0
01/03/2021,Kolda ,Sud,D01,Produits alimentaires et boissons non alcoolisées,421,79.48
Avril 2021,Kolda ,Sud,D01,Produits alimentaires et boissons non alcoolisées,421,81.61
Mai 2021,kolda,Sud,D01,Produits alimentaires et boissons non alcoolisées,421,83.54
2021-06-01,kolda,Sud,D01,Produits alimentaires et boissons non alcoolisées,421,84.93
01/07/2021,Kolda ,Sud,D01,Produits alimentaires et boissons non alcoolisées,421,85.1
2021-08-01,kolda,Sud,D01,Produits alimentaires et boissons non alcoolisées,421,84.77
01/09/2021,kolda,Sud,D01,Produits alimentaires et boissons non alcoolisées,421,
01/10/2021,kolda,Sud,D01,Produits alimentaires et boissons non alcoolisées,421,82.3
2021-11-01,Kolda ,Sud,D01,Produits alimentaires et boissons non alcoolisées,421,80.81
Décembre 2021,kolda,Sud,D01,Produits alimentaires et boissons non alcoolisées,421,79.97
2022-01-01,kolda,Sud,D01,Produits alimentaires et boissons non alcoolisées,421,82.24
Février 2022,KOLDA,Sud,D01,Produits alimentaires et boissons non alcoolisées,421,84.12
Mars 2022,kolda,Sud,D01,Produits alimentaires et boissons non alcoolisées,421,87.07
Avril 2022,Kolda ,Sud,D01,Produits alimentaires et boissons non alcoolisées,421,90.48
Mai 2022,Kolda ,Sud,D01,Produits alimentaires et boissons non alcoolisées,421,93.52
2022-06-01,kolda,Sud,D01,Produits alimentaires et boissons non alcoolisées,421,96.33
01/07/2022,kolda,Sud,D01,Produits alimentaires et boissons non alcoolisées,421,97.66
Août 2022,kolda,Sud,D01,Produits alimentaires et boissons non alcoolisées,421,98.26
01/09/2022,kolda,Sud,D01,Produits alimentaires et boissons non alcoolisées,421,98.07
2022-10-01,KOLDA,Sud,D01,Produits alimentaires et boissons non alcoolisées,421,97.48
01/11/2022,Kolda ,Sud,D01,Produits alimentaires et boissons non alcoolisées,421,96.52
2022-12-01,kolda,Sud,D01,Produits alimentaires et boissons non alcoolisées,421,93.27
01/01/2023,Kolda ,Sud,D01,Produits alimentaires et boissons non alcoolisées,421,93.03
2023-02-01,KOLDA,Sud,D01,Produits alimentaires et boissons non alcoolisées,421,
2023-03-01,KOLDA,Sud,D01,Produits alimentaires et boissons non alcoolisées,421,96.59
Avril 2023,Kolda ,Sud,D01,Produits alimentaires et boissons non alcoolisées,421,99.3
2023-05-01,KOLDA,Sud,D01,Produits alimentaires et boissons non alcoolisées,421,101.75
Juin 2023,Kolda ,Sud,D01,Produits alimentaires et boissons non alcoolisées,421,103.71
2023-07-01,KOLDA,Sud,D01,Produits alimentaires et boissons non alcoolisées,421,104.51
2023-08-01,Kolda ,Sud,D01,Produits alimentaires et boissons non alcoolisées,421,103.86
01/09/2023,Kolda ,Sud,D01,Produits alimentaires et boissons non alcoolisées,421,103.49
2023-10-01,Kolda ,Sud,D01,Produits alimentaires et boissons non alcoolisées,421,102.7
Novembre 2023,kolda,Sud,D01,Produits alimentaires et boissons non alcoolisées,421,100.92
Décembre 2023,Kolda ,Sud,D01,Produits alimentaires et boissons non alcoolisées,421,97.19
Janvier 2024,kolda,Sud,D01,Produits alimentaires et boissons non alcoolisées,421,96.05
Février 2024,KOLDA,Sud,D01,Produits alimentaires et boissons non alcoolisées,421,97.08
01/03/2024,kolda,Sud,D01,Produits alimentaires et boissons non alcoolisées,421,98.7
2024-04-01,kolda,Sud,D01,Produits alimentaires et boissons non alcoolisées,421,100.38
01/05/2024,KOLDA,Sud,D01,Produits alimentaires et boissons non alcoolisées,421,102.95
Juin 2024,kolda,Sud,D01,Produits alimentaires et boissons non alcoolisées,421,104.82
01/07/2024,KOLDA,Sud,D01,Produits alimentaires et boissons non alcoolisées,421,105.16
01/08/2024,Kolda ,Sud,D01,Produits alimentaires et boissons non alcoolisées,421,104.52
01/09/2024,KOLDA,Sud,D01,Produits alimentaires et boissons non alcoolisées,421,103.9
01/10/2024,kolda,Sud,D01,Produits alimentaires et boissons non alcoolisées,421,102.52
2024-11-01,kolda,Sud,D01,Produits alimentaires et boissons non alcoolisées,421,101.75
01/12/2024,KOLDA,Sud,D01,Produits alimentaires et boissons non alcoolisées,421,97.81
2025-01-01,kolda,Sud,D01,Produits alimentaires et boissons non alcoolisées,421,97.25
Février 2025,KOLDA,Sud,D01,Produits alimentaires et boissons non alcoolisées,421,98.3
Mars 2025,Kolda ,Sud,D01,Produits alimentaires et boissons non alcoolisées,421,100.37
2025-04-01,Kolda ,Sud,D01,Produits alimentaires et boissons non alcoolisées,421,103.15
2025-05-01,KOLDA,Sud,D01,Produits alimentaires et boissons non alcoolisées,421,105.42
2025-06-01,KOLDA,Sud,D01,Produits alimentaires et boissons non alcoolisées,421,107.19
2025-07-01,kolda,Sud,D01,Produits alimentaires et boissons non alcoolisées,421,107.98
01/08/2025,KOLDA,Sud,D01,Produits alimentaires et boissons non alcoolisées,421,107.74
2025-09-01,KOLDA,Sud,D01,Produits alimentaires et boissons non alcoolisées,421,107.2
01/10/2025,Kolda ,Sud,D01,Produits alimentaires et boissons non alcoolisées,421,106.39
Novembre 2025,kolda,Sud,D01,Produits alimentaires et boissons non alcoolisées,421,105.43
Décembre 2025,Kolda ,Sud,D01,Produits alimentaires et boissons non alcoolisées,421,101.55
2026-01-01,KOLDA,Sud,D01,Produits alimentaires et boissons non alcoolisées,421,98.0
Février 2026,kolda,Sud,D01,Produits alimentaires et boissons non alcoolisées,421,99.42
Mars 2026,Kolda ,Sud,D01,Produits alimentaires et boissons non alcoolisées,421,102.29
01/04/2026,KOLDA,Sud,D01,Produits alimentaires et boissons non alcoolisées,421,104.4
Mai 2026,Kolda ,Sud,D01,Produits alimentaires et boissons non alcoolisées,421,
01/01/2018,kolda,Sud,D02,"Boissons alcoolisées, tabac et stupéfiants",9,79.51
01/02/2018,KOLDA,Sud,D02,"Boissons alcoolisées, tabac et stupéfiants",9,79.11
01/03/2018,KOLDA,Sud,D02,"Boissons alcoolisées, tabac et stupéfiants",9,79.44
Avril 2018,Kolda ,Sud,D02,"Boissons alcoolisées, tabac et stupéfiants",9,79.87
2018-05-01,KOLDA,Sud,D02,"Boissons alcoolisées, tabac et stupéfiants",9,79.76
Juin 2018,KOLDA,Sud,D02,"Boissons alcoolisées, tabac et stupéfiants",9,80.15
01/07/2018,kolda,Sud,D02,"Boissons alcoolisées, tabac et stupéfiants",9,80.25
Août 2018,KOLDA,Sud,D02,"Boissons alcoolisées, tabac et stupéfiants",9,80.07
01/09/2018,Kolda ,Sud,D02,"Boissons alcoolisées, tabac et stupéfiants",9,79.96
2018-10-01,Kolda ,Sud,D02,"Boissons alcoolisées, tabac et stupéfiants",9,79.87
01/11/2018,KOLDA,Sud,D02,"Boissons alcoolisées, tabac et stupéfiants",9,79.68
Décembre 2018,Kolda ,Sud,D02,"Boissons alcoolisées, tabac et stupéfiants",9,79.29
Janvier 2019,kolda,Sud,D02,"Boissons alcoolisées, tabac et stupéfiants",9,79.9
Février 2019,Kolda ,Sud,D02,"Boissons alcoolisées, tabac et stupéfiants",9,79.95
2019-03-01,KOLDA,Sud,D02,"Boissons alcoolisées, tabac et stupéfiants",9,80.4
Avril 2019,Kolda ,Sud,D02,"Boissons alcoolisées, tabac et stupéfiants",9,80.39
01/05/2019,KOLDA,Sud,D02,"Boissons alcoolisées, tabac et stupéfiants",9,80.79
Juin 2019,Kolda ,Sud,D02,"Boissons alcoolisées, tabac et stupéfiants",9,81.03
Juillet 2019,KOLDA,Sud,D02,"Boissons alcoolisées, tabac et stupéfiants",9,81.03
Août 2019,KOLDA,Sud,D02,"Boissons alcoolisées, tabac et stupéfiants",9,81.05
01/09/2019,KOLDA,Sud,D02,"Boissons alcoolisées, tabac et stupéfiants",9,81.15
01/10/2019,KOLDA,Sud,D02,"Boissons alcoolisées, tabac et stupéfiants",9,80.57
2019-11-01,KOLDA,Sud,D02,"Boissons alcoolisées, tabac et stupéfiants",9,80.3
2019-12-01,kolda,Sud,D02,"Boissons alcoolisées, tabac et stupéfiants",9,80.31
01/01/2020,KOLDA,Sud,D02,"Boissons alcoolisées, tabac et stupéfiants",9,81.42
Février 2020,kolda,Sud,D02,"Boissons alcoolisées, tabac et stupéfiants",9,81.91
Mars 2020,KOLDA,Sud,D02,"Boissons alcoolisées, tabac et stupéfiants",9,82.22
Avril 2020,Kolda ,Sud,D02,"Boissons alcoolisées, tabac et stupéfiants",9,82.7
2020-05-01,kolda,Sud,D02,"Boissons alcoolisées, tabac et stupéfiants",9,83.03
01/06/2020,kolda,Sud,D02,"Boissons alcoolisées, tabac et stupéfiants",9,83.5
01/07/2020,KOLDA,Sud,D02,"Boissons alcoolisées, tabac et stupéfiants",9,83.6
01/08/2020,kolda,Sud,D02,"Boissons alcoolisées, tabac et stupéfiants",9,83.73
01/09/2020,KOLDA,Sud,D02,"Boissons alcoolisées, tabac et stupéfiants",9,83.25
Octobre 2020,kolda,Sud,D02,"Boissons alcoolisées, tabac et stupéfiants",9,83.25
2020-11-01,Kolda ,Sud,D02,"Boissons alcoolisées, tabac et stupéfiants",9,82.78
Décembre 2020,kolda,Sud,D02,"Boissons alcoolisées, tabac et stupéfiants",9,82.5
01/01/2021,Kolda ,Sud,D02,"Boissons alcoolisées, tabac et stupéfiants",9,83.09
01/02/2021,KOLDA,Sud,D02,"Boissons alcoolisées, tabac et stupéfiants",9,83.64
01/03/2021,kolda,Sud,D02,"Boissons alcoolisées, tabac et stupéfiants",9,83.95
01/04/2021,KOLDA,Sud,D02,"Boissons alcoolisées, tabac et stupéfiants",9,84.48
01/05/2021,Kolda ,Sud,D02,"Boissons alcoolisées, tabac et stupéfiants",9,85.31
01/06/2021,Kolda ,Sud,D02,"Boissons alcoolisées, tabac et stupéfiants",9,85.67
Juillet 2021,KOLDA,Sud,D02,"Boissons alcoolisées, tabac et stupéfiants",9,85.74
2021-08-01,Kolda ,Sud,D02,"Boissons alcoolisées, tabac et stupéfiants",9,85.88
2021-09-01,Kolda ,Sud,D02,"Boissons alcoolisées, tabac et stupéfiants",9,85.7
01/10/2021,kolda,Sud,D02,"Boissons alcoolisées, tabac et stupéfiants",9,85.58
2021-11-01,kolda,Sud,D02,"Boissons alcoolisées, tabac et stupéfiants",9,85.27
Décembre 2021,Kolda ,Sud,D02,"Boissons alcoolisées, tabac et stupéfiants",9,85.56
01/01/2022,kolda,Sud,D02,"Boissons alcoolisées, tabac et stupéfiants",9,87.34
2022-02-01,kolda,Sud,D02,"Boissons alcoolisées, tabac et stupéfiants",9,89.02
2022-03-01,KOLDA,Sud,D02,"Boissons alcoolisées, tabac et stupéfiants",9,90.32
Avril 2022,kolda,Sud,D02,"Boissons alcoolisées, tabac et stupéfiants",9,92.08
01/05/2022,KOLDA,Sud,D02,"Boissons alcoolisées, tabac et stupéfiants",9,93.69
Juin 2022,KOLDA,Sud,D02,"Boissons alcoolisées, tabac et stupéfiants",9,95.12
01/07/2022,kolda,Sud,D02,"Boissons alcoolisées, tabac et stupéfiants",9,95.8
01/08/2022,KOLDA,Sud,D02,"Boissons alcoolisées, tabac et stupéfiants",9,96.92
01/09/2022,KOLDA,Sud,D02,"Boissons alcoolisées, tabac et stupéfiants",9,97.73
Octobre 2022,KOLDA,Sud,D02,"Boissons alcoolisées, tabac et stupéfiants",9,98.02
Novembre 2022,Kolda ,Sud,D02,"Boissons alcoolisées, tabac et stupéfiants",9,98.57
01/12/2022,kolda,Sud,D02,"Boissons alcoolisées, tabac et stupéfiants",9,96.64
01/01/2023,KOLDA,Sud,D02,"Boissons alcoolisées, tabac et stupéfiants",9,96.59
01/02/2023,KOLDA,Sud,D02,"Boissons alcoolisées, tabac et stupéfiants",9,97.6
Mars 2023,kolda,Sud,D02,"Boissons alcoolisées, tabac et stupéfiants",9,
2023-04-01,KOLDA,Sud,D02,"Boissons alcoolisées, tabac et stupéfiants",9,98.95
2023-05-01,kolda,Sud,D02,"Boissons alcoolisées, tabac et stupéfiants",9,100.28
Juin 2023,kolda,Sud,D02,"Boissons alcoolisées, tabac et stupéfiants",9,100.9
Juillet 2023,Kolda ,Sud,D02,"Boissons alcoolisées, tabac et stupéfiants",9,101.45
2023-08-01,KOLDA,Sud,D02,"Boissons alcoolisées, tabac et stupéfiants",9,101.24
01/09/2023,KOLDA,Sud,D02,"Boissons alcoolisées, tabac et stupéfiants",9,101.66
2023-10-01,kolda,Sud,D02,"Boissons alcoolisées, tabac et stupéfiants",9,101.83
Novembre 2023,kolda,Sud,D02,"Boissons alcoolisées, tabac et stupéfiants",9,102.15
2023-12-01,kolda,Sud,D02,"Boissons alcoolisées, tabac et stupéfiants",9,99.62
01/01/2024,kolda,Sud,D02,"Boissons alcoolisées, tabac et stupéfiants",9,99.15
01/02/2024,kolda,Sud,D02,"Boissons alcoolisées, tabac et stupéfiants",9,99.43
Mars 2024,KOLDA,Sud,D02,"Boissons alcoolisées, tabac et stupéfiants",9,99.83
01/04/2024,Kolda ,Sud,D02,"Boissons alcoolisées, tabac et stupéfiants",9,100.3
01/05/2024,kolda,Sud,D02,"Boissons alcoolisées, tabac et stupéfiants",9,100.77
01/06/2024,KOLDA,Sud,D02,"Boissons alcoolisées, tabac et stupéfiants",9,101.45
01/07/2024,KOLDA,Sud,D02,"Boissons alcoolisées, tabac et stupéfiants",9,101.43
Août 2024,KOLDA,Sud,D02,"Boissons alcoolisées, tabac et stupéfiants",9,101.8
2024-09-01,Kolda ,Sud,D02,"Boissons alcoolisées, tabac et stupéfiants",9,102.31
Octobre 2024,kolda,Sud,D02,"Boissons alcoolisées, tabac et stupéfiants",9,102.56
01/11/2024,Kolda ,Sud,D02,"Boissons alcoolisées, tabac et stupéfiants",9,102.4
2024-12-01,kolda,Sud,D02,"Boissons alcoolisées, tabac et stupéfiants",9,100.41
01/01/2025,KOLDA,Sud,D02,"Boissons alcoolisées, tabac et stupéfiants",9,100.19
01/02/2025,Kolda ,Sud,D02,"Boissons alcoolisées, tabac et stupéfiants",9,100.68
Mars 2025,Kolda ,Sud,D02,"Boissons alcoolisées, tabac et stupéfiants",9,101.16
Avril 2025,Kolda ,Sud,D02,"Boissons alcoolisées, tabac et stupéfiants",9,102.18
01/05/2025,KOLDA,Sud,D02,"Boissons alcoolisées, tabac et stupéfiants",9,102.91
Juin 2025,KOLDA,Sud,D02,"Boissons alcoolisées, tabac et stupéfiants",9,103.86
01/07/2025,Kolda ,Sud,D02,"Boissons alcoolisées, tabac et stupéfiants",9,103.98
Août 2025,Kolda ,Sud,D02,"Boissons alcoolisées, tabac et stupéfiants",9,104.51
Septembre 2025,KOLDA,Sud,D02,"Boissons alcoolisées, tabac et stupéfiants",9,104.58
2025-10-01,kolda,Sud,D02,"Boissons alcoolisées, tabac et stupéfiants",9,105.08
Novembre 2025,kolda,Sud,D02,"Boissons alcoolisées, tabac et stupéfiants",9,105.74
2025-12-01,kolda,Sud,D02,"Boissons alcoolisées, tabac et stupéfiants",9,103.68
Janvier 2026,Kolda ,Sud,D02,"Boissons alcoolisées, tabac et stupéfiants",9,100.41
01/02/2026,kolda,Sud,D02,"Boissons alcoolisées, tabac et stupéfiants",9,101.59
2026-03-01,KOLDA,Sud,D02,"Boissons alcoolisées, tabac et stupéfiants",9,102.67
2026-04-01,kolda,Sud,D02,"Boissons alcoolisées, tabac et stupéfiants",9,103.4
Mai 2026,Kolda ,Sud,D02,"Boissons alcoolisées, tabac et stupéfiants",9,104.15
Janvier 2018,KOLDA,Sud,D03,Habillement et chaussures,62,84.16
01/02/2018,Kolda ,Sud,D03,Habillement et chaussures,62,84.34
Mars 2018,kolda,Sud,D03,Habillement et chaussures,62,84.63
Avril 2018,kolda,Sud,D03,Habillement et chaussures,62,85.22
2018-05-01,KOLDA,Sud,D03,Habillement et chaussures,62,86.04
01/06/2018,KOLDA,Sud,D03,Habillement et chaussures,62,86.17
01/07/2018,kolda,Sud,D03,Habillement et chaussures,62,86.13
Août 2018,kolda,Sud,D03,Habillement et chaussures,62,86.06
01/09/2018,KOLDA,Sud,D03,Habillement et chaussures,62,85.5
2018-10-01,kolda,Sud,D03,Habillement et chaussures,62,85.05
2018-11-01,Kolda ,Sud,D03,Habillement et chaussures,62,
2018-12-01,kolda,Sud,D03,Habillement et chaussures,62,84.3
01/01/2019,Kolda ,Sud,D03,Habillement et chaussures,62,84.98
01/02/2019,kolda,Sud,D03,Habillement et chaussures,62,84.91
Mars 2019,KOLDA,Sud,D03,Habillement et chaussures,62,85.36
2019-04-01,kolda,Sud,D03,Habillement et chaussures,62,86.01
01/05/2019,KOLDA,Sud,D03,Habillement et chaussures,62,86.13
01/06/2019,kolda,Sud,D03,Habillement et chaussures,62,86.89
01/07/2019,KOLDA,Sud,D03,Habillement et chaussures,62,86.98
2019-08-01,Kolda ,Sud,D03,Habillement et chaussures,62,87.01
Septembre 2019,KOLDA,Sud,D03,Habillement et chaussures,62,86.53
2019-10-01,kolda,Sud,D03,Habillement et chaussures,62,85.72
Novembre 2019,KOLDA,Sud,D03,Habillement et chaussures,62,85.5
2019-12-01,Kolda ,Sud,D03,Habillement et chaussures,62,84.94
Janvier 2020,Kolda ,Sud,D03,Habillement et chaussures,62,85.67
2020-02-01,kolda,Sud,D03,Habillement et chaussures,62,86.18
01/03/2020,Kolda ,Sud,D03,Habillement et chaussures,62,86.75
2020-04-01,KOLDA,Sud,D03,Habillement et chaussures,62,87.74
2020-05-01,kolda,Sud,D03,Habillement et chaussures,62,88.33
Juin 2020,Kolda ,Sud,D03,Habillement et chaussures,62,88.89
2020-07-01,kolda,Sud,D03,Habillement et chaussures,62,89.15
01/08/2020,Kolda ,Sud,D03,Habillement et chaussures,62,88.95
01/09/2020,Kolda ,Sud,D03,Habillement et chaussures,62,88.43
2020-10-01,Kolda ,Sud,D03,Habillement et chaussures,62,87.9
01/11/2020,KOLDA,Sud,D03,Habillement et chaussures,62,87.21
2020-12-01,KOLDA,Sud,D03,Habillement et chaussures,62,86.72
01/01/2021,Kolda ,Sud,D03,Habillement et chaussures,62,87.27
Février 2021,kolda,Sud,D03,Habillement et chaussures,62,87.48
Mars 2021,Kolda ,Sud,D03,Habillement et chaussures,62,88.14
2021-04-01,KOLDA,Sud,D03,Habillement et chaussures,62,89.15
Mai 2021,kolda,Sud,D03,Habillement et chaussures,62,89.9
Juin 2021,Kolda ,Sud,D03,Habillement et chaussures,62,90.28
01/07/2021,KOLDA,Sud,D03,Habillement et chaussures,62,90.4
Août 2021,Kolda ,Sud,D03,Habillement et chaussures,62,90.56
01/09/2021,KOLDA,Sud,D03,Habillement et chaussures,62,90.11
2021-10-01,KOLDA,Sud,D03,Habillement et chaussures,62,89.55
01/11/2021,KOLDA,Sud,D03,Habillement et chaussures,62,88.99
Décembre 2021,KOLDA,Sud,D03,Habillement et chaussures,62,88.77
01/01/2022,kolda,Sud,D03,Habillement et chaussures,62,90.18
01/02/2022,Kolda ,Sud,D03,Habillement et chaussures,62,91.24
Mars 2022,KOLDA,Sud,D03,Habillement et chaussures,62,92.75
Avril 2022,kolda,Sud,D03,Habillement et chaussures,62,94.34
01/05/2022,KOLDA,Sud,D03,Habillement et chaussures,62,95.8
2022-06-01,kolda,Sud,D03,Habillement et chaussures,62,97.25
01/07/2022,kolda,Sud,D03,Habillement et chaussures,62,98.1
Août 2022,KOLDA,Sud,D03,Habillement et chaussures,62,98.54
Septembre 2022,KOLDA,Sud,D03,Habillement et chaussures,62,98.56
01/10/2022,KOLDA,Sud,D03,Habillement et chaussures,62,98.75
Novembre 2022,KOLDA,Sud,D03,Habillement et chaussures,62,98.62
2022-12-01,kolda,Sud,D03,Habillement et chaussures,62,96.82
2023-01-01,KOLDA,Sud,D03,Habillement et chaussures,62,96.92
Février 2023,KOLDA,Sud,D03,Habillement et chaussures,62,97.47
2023-03-01,Kolda ,Sud,D03,Habillement et chaussures,62,98.74
Avril 2023,KOLDA,Sud,D03,Habillement et chaussures,62,
2023-05-01,KOLDA,Sud,D03,Habillement et chaussures,62,100.58
Juin 2023,kolda,Sud,D03,Habillement et chaussures,62,101.34
Juillet 2023,Kolda ,Sud,D03,Habillement et chaussures,62,101.65
Août 2023,KOLDA,Sud,D03,Habillement et chaussures,62,101.47
01/09/2023,kolda,Sud,D03,Habillement et chaussures,62,101.29
2023-10-01,Kolda ,Sud,D03,Habillement et chaussures,62,101.23
01/11/2023,Kolda ,Sud,D03,Habillement et chaussures,62,101.1
Décembre 2023,kolda,Sud,D03,Habillement et chaussures,62,98.91
01/01/2024,Kolda ,Sud,D03,Habillement et chaussures,62,98.43
2024-02-01,KOLDA,Sud,D03,Habillement et chaussures,62,98.84
01/03/2024,Kolda ,Sud,D03,Habillement et chaussures,62,99.48
Avril 2024,KOLDA,Sud,D03,Habillement et chaussures,62,100.19
2024-05-01,KOLDA,Sud,D03,Habillement et chaussures,62,101.03
01/06/2024,kolda,Sud,D03,Habillement et chaussures,62,101.94
01/07/2024,Kolda ,Sud,D03,Habillement et chaussures,62,102.06
Août 2024,kolda,Sud,D03,Habillement et chaussures,62,101.83
2024-09-01,KOLDA,Sud,D03,Habillement et chaussures,62,101.79
2024-10-01,Kolda ,Sud,D03,Habillement et chaussures,62,101.63
01/11/2024,kolda,Sud,D03,Habillement et chaussures,62,101.34
2024-12-01,Kolda ,Sud,D03,Habillement et chaussures,62,
Janvier 2025,kolda,Sud,D03,Habillement et chaussures,62,99.41
Février 2025,kolda,Sud,D03,Habillement et chaussures,62,99.72
01/03/2025,KOLDA,Sud,D03,Habillement et chaussures,62,100.41
01/04/2025,kolda,Sud,D03,Habillement et chaussures,62,
2025-05-01,KOLDA,Sud,D03,Habillement et chaussures,62,102.5
2025-06-01,KOLDA,Sud,D03,Habillement et chaussures,62,102.93
01/07/2025,Kolda ,Sud,D03,Habillement et chaussures,62,103.64
01/08/2025,KOLDA,Sud,D03,Habillement et chaussures,62,103.87
Septembre 2025,KOLDA,Sud,D03,Habillement et chaussures,62,103.82
2025-10-01,KOLDA,Sud,D03,Habillement et chaussures,62,104.01
2025-11-01,kolda,Sud,D03,Habillement et chaussures,62,103.73
01/12/2025,kolda,Sud,D03,Habillement et chaussures,62,101.96
2026-01-01,Kolda ,Sud,D03,Habillement et chaussures,62,99.98
Février 2026,KOLDA,Sud,D03,Habillement et chaussures,62,100.52
01/03/2026,KOLDA,Sud,D03,Habillement et chaussures,62,101.66
01/04/2026,kolda,Sud,D03,Habillement et chaussures,62,102.58
Mai 2026,KOLDA,Sud,D03,Habillement et chaussures,62,103.17
01/01/2018,KOLDA,Sud,D04,"Logement, eau, électricité, gaz et autres combustibles",105,76.39
2018-02-01,kolda,Sud,D04,"Logement, eau, électricité, gaz et autres combustibles",105,76.4
2018-03-01,Kolda ,Sud,D04,"Logement, eau, électricité, gaz et autres combustibles",105,76.8
01/04/2018,KOLDA,Sud,D04,"Logement, eau, électricité, gaz et autres combustibles",105,77.05
2018-05-01,KOLDA,Sud,D04,"Logement, eau, électricité, gaz et autres combustibles",105,77.4
01/06/2018,Kolda ,Sud,D04,"Logement, eau, électricité, gaz et autres combustibles",105,77.77
2018-07-01,kolda,Sud,D04,"Logement, eau, électricité, gaz et autres combustibles",105,77.75
2018-08-01,KOLDA,Sud,D04,"Logement, eau, électricité, gaz et autres combustibles",105,
Septembre 2018,Kolda ,Sud,D04,"Logement, eau, électricité, gaz et autres combustibles",105,77.24
2018-10-01,kolda,Sud,D04,"Logement, eau, électricité, gaz et autres combustibles",105,76.9
2018-11-01,Kolda ,Sud,D04,"Logement, eau, électricité, gaz et autres combustibles",105,76.58
01/12/2018,kolda,Sud,D04,"Logement, eau, électricité, gaz et autres combustibles",105,76.49
Janvier 2019,Kolda ,Sud,D04,"Logement, eau, électricité, gaz et autres combustibles",105,77.19
2019-02-01,kolda,Sud,D04,"Logement, eau, électricité, gaz et autres combustibles",105,77.43
01/03/2019,kolda,Sud,D04,"Logement, eau, électricité, gaz et autres combustibles",105,77.73
Avril 2019,KOLDA,Sud,D04,"Logement, eau, électricité, gaz et autres combustibles",105,78.19
Mai 2019,KOLDA,Sud,D04,"Logement, eau, électricité, gaz et autres combustibles",105,78.55
2019-06-01,KOLDA,Sud,D04,"Logement, eau, électricité, gaz et autres combustibles",105,78.79
2019-07-01,kolda,Sud,D04,"Logement, eau, électricité, gaz et autres combustibles",105,79.0
2019-08-01,KOLDA,Sud,D04,"Logement, eau, électricité, gaz et autres combustibles",105,78.86
Septembre 2019,kolda,Sud,D04,"Logement, eau, électricité, gaz et autres combustibles",105,78.5
01/10/2019,kolda,Sud,D04,"Logement, eau, électricité, gaz et autres combustibles",105,78.22
Novembre 2019,kolda,Sud,D04,"Logement, eau, électricité, gaz et autres combustibles",105,77.42
01/12/2019,KOLDA,Sud,D04,"Logement, eau, électricité, gaz et autres combustibles",105,77.4
01/01/2020,kolda,Sud,D04,"Logement, eau, électricité, gaz et autres combustibles",105,78.71
Février 2020,Kolda ,Sud,D04,"Logement, eau, électricité, gaz et autres combustibles",105,79.31
Mars 2020,KOLDA,Sud,D04,"Logement, eau, électricité, gaz et autres combustibles",105,79.97
Avril 2020,Kolda ,Sud,D04,"Logement, eau, électricité, gaz et autres combustibles",105,80.32
2020-05-01,KOLDA,Sud,D04,"Logement, eau, électricité, gaz et autres combustibles",105,81.37
2020-06-01,Kolda ,Sud,D04,"Logement, eau, électricité, gaz et autres combustibles",105,81.64
2020-07-01,kolda,Sud,D04,"Logement, eau, électricité, gaz et autres combustibles",105,81.8
01/08/2020,Kolda ,Sud,D04,"Logement, eau, électricité, gaz et autres combustibles",105,81.72
Septembre 2020,Kolda ,Sud,D04,"Logement, eau, électricité, gaz et autres combustibles",105,81.32
2020-10-01,Kolda ,Sud,D04,"Logement, eau, électricité, gaz et autres combustibles",105,80.68
2020-11-01,Kolda ,Sud,D04,"Logement, eau, électricité, gaz et autres combustibles",105,80.48
Décembre 2020,KOLDA,Sud,D04,"Logement, eau, électricité, gaz et autres combustibles",105,80.13
2021-01-01,KOLDA,Sud,D04,"Logement, eau, électricité, gaz et autres combustibles",105,80.89
2021-02-01,Kolda ,Sud,D04,"Logement, eau, électricité, gaz et autres combustibles",105,81.16
01/03/2021,Kolda ,Sud,D04,"Logement, eau, électricité, gaz et autres combustibles",105,81.85
Avril 2021,KOLDA,Sud,D04,"Logement, eau, électricité, gaz et autres combustibles",105,82.6
Mai 2021,kolda,Sud,D04,"Logement, eau, électricité, gaz et autres combustibles",105,83.55
Juin 2021,kolda,Sud,D04,"Logement, eau, électricité, gaz et autres combustibles",105,83.59
Juillet 2021,Kolda ,Sud,D04,"Logement, eau, électricité, gaz et autres combustibles",105,84.02
2021-08-01,Kolda ,Sud,D04,"Logement, eau, électricité, gaz et autres combustibles",105,84.12
2021-09-01,Kolda ,Sud,D04,"Logement, eau, électricité, gaz et autres combustibles",105,83.78
Octobre 2021,Kolda ,Sud,D04,"Logement, eau, électricité, gaz et autres combustibles",105,83.58
01/11/2021,kolda,Sud,D04,"Logement, eau, électricité, gaz et autres combustibles",105,83.3
2021-12-01,Kolda ,Sud,D04,"Logement, eau, électricité, gaz et autres combustibles",105,83.06
01/01/2022,Kolda ,Sud,D04,"Logement, eau, électricité, gaz et autres combustibles",105,85.51
Février 2022,kolda,Sud,D04,"Logement, eau, électricité, gaz et autres combustibles",105,87.19
Mars 2022,kolda,Sud,D04,"Logement, eau, électricité, gaz et autres combustibles",105,88.9
01/04/2022,kolda,Sud,D04,"Logement, eau, électricité, gaz et autres combustibles",105,90.83
2022-05-01,Kolda ,Sud,D04,"Logement, eau, électricité, gaz et autres combustibles",105,92.82
Juin 2022,Kolda ,Sud,D04,"Logement, eau, électricité, gaz et autres combustibles",105,94.49
2022-07-01,KOLDA,Sud,D04,"Logement, eau, électricité, gaz et autres combustibles",105,95.36
2022-08-01,kolda,Sud,D04,"Logement, eau, électricité, gaz et autres combustibles",105,96.58
Septembre 2022,Kolda ,Sud,D04,"Logement, eau, électricité, gaz et autres combustibles",105,97.13
2022-10-01,KOLDA,Sud,D04,"Logement, eau, électricité, gaz et autres combustibles",105,97.92
2022-11-01,Kolda ,Sud,D04,"Logement, eau, électricité, gaz et autres combustibles",105,98.25
Décembre 2022,Kolda ,Sud,D04,"Logement, eau, électricité, gaz et autres combustibles",105,96.15
01/01/2023,KOLDA,Sud,D04,"Logement, eau, électricité, gaz et autres combustibles",105,95.75
Février 2023,KOLDA,Sud,D04,"Logement, eau, électricité, gaz et autres combustibles",105,96.71
Mars 2023,kolda,Sud,D04,"Logement, eau, électricité, gaz et autres combustibles",105,97.65
Avril 2023,Kolda ,Sud,D04,"Logement, eau, électricité, gaz et autres combustibles",105,98.9
Mai 2023,KOLDA,Sud,D04,"Logement, eau, électricité, gaz et autres combustibles",105,100.41
Juin 2023,Kolda ,Sud,D04,"Logement, eau, électricité, gaz et autres combustibles",105,
01/07/2023,kolda,Sud,D04,"Logement, eau, électricité, gaz et autres combustibles",105,101.41
2023-08-01,KOLDA,Sud,D04,"Logement, eau, électricité, gaz et autres combustibles",105,101.67
Septembre 2023,Kolda ,Sud,D04,"Logement, eau, électricité, gaz et autres combustibles",105,101.98
01/10/2023,kolda,Sud,D04,"Logement, eau, électricité, gaz et autres combustibles",105,102.26
01/11/2023,kolda,Sud,D04,"Logement, eau, électricité, gaz et autres combustibles",105,101.97
2023-12-01,KOLDA,Sud,D04,"Logement, eau, électricité, gaz et autres combustibles",105,99.37
Janvier 2024,Kolda ,Sud,D04,"Logement, eau, électricité, gaz et autres combustibles",105,98.73
Février 2024,kolda,Sud,D04,"Logement, eau, électricité, gaz et autres combustibles",105,98.8
01/03/2024,Kolda ,Sud,D04,"Logement, eau, électricité, gaz et autres combustibles",105,99.65
2024-04-01,Kolda ,Sud,D04,"Logement, eau, électricité, gaz et autres combustibles",105,100.47
01/05/2024,Kolda ,Sud,D04,"Logement, eau, électricité, gaz et autres combustibles",105,101.28
2024-06-01,Kolda ,Sud,D04,"Logement, eau, électricité, gaz et autres combustibles",105,101.78
01/07/2024,Kolda ,Sud,D04,"Logement, eau, électricité, gaz et autres combustibles",105,102.08
2024-08-01,kolda,Sud,D04,"Logement, eau, électricité, gaz et autres combustibles",105,102.35
01/09/2024,KOLDA,Sud,D04,"Logement, eau, électricité, gaz et autres combustibles",105,102.45
Octobre 2024,KOLDA,Sud,D04,"Logement, eau, électricité, gaz et autres combustibles",105,102.53
2024-11-01,KOLDA,Sud,D04,"Logement, eau, électricité, gaz et autres combustibles",105,102.83
01/12/2024,kolda,Sud,D04,"Logement, eau, électricité, gaz et autres combustibles",105,100.36
01/01/2025,KOLDA,Sud,D04,"Logement, eau, électricité, gaz et autres combustibles",105,100.14
Février 2025,Kolda ,Sud,D04,"Logement, eau, électricité, gaz et autres combustibles",105,100.7
Mars 2025,kolda,Sud,D04,"Logement, eau, électricité, gaz et autres combustibles",105,101.66
Avril 2025,Kolda ,Sud,D04,"Logement, eau, électricité, gaz et autres combustibles",105,102.39
01/05/2025,KOLDA,Sud,D04,"Logement, eau, électricité, gaz et autres combustibles",105,103.44
01/06/2025,KOLDA,Sud,D04,"Logement, eau, électricité, gaz et autres combustibles",105,104.34
Juillet 2025,kolda,Sud,D04,"Logement, eau, électricité, gaz et autres combustibles",105,104.9
2025-08-01,KOLDA,Sud,D04,"Logement, eau, électricité, gaz et autres combustibles",105,105.06
01/09/2025,Kolda ,Sud,D04,"Logement, eau, électricité, gaz et autres combustibles",105,105.82
2025-10-01,kolda,Sud,D04,"Logement, eau, électricité, gaz et autres combustibles",105,106.13
01/11/2025,Kolda ,Sud,D04,"Logement, eau, électricité, gaz et autres combustibles",105,106.23
01/12/2025,Kolda ,Sud,D04,"Logement, eau, électricité, gaz et autres combustibles",105,103.86
01/01/2026,kolda,Sud,D04,"Logement, eau, électricité, gaz et autres combustibles",105,100.41
2026-02-01,kolda,Sud,D04,"Logement, eau, électricité, gaz et autres combustibles",105,101.72
2026-03-01,KOLDA,Sud,D04,"Logement, eau, électricité, gaz et autres combustibles",105,103.01
01/04/2026,kolda,Sud,D04,"Logement, eau, électricité, gaz et autres combustibles",105,103.97
2026-05-01,KOLDA,Sud,D04,"Logement, eau, électricité, gaz et autres combustibles",105,104.8
Janvier 2018,Kolda ,Sud,D05,"Meubles, articles de ménage et entretien courant",51,82.85
Février 2018,KOLDA,Sud,D05,"Meubles, articles de ménage et entretien courant",51,82.77
Mars 2018,Kolda ,Sud,D05,"Meubles, articles de ménage et entretien courant",51,82.76
2018-04-01,KOLDA,Sud,D05,"Meubles, articles de ménage et entretien courant",51,83.24
Mai 2018,kolda,Sud,D05,"Meubles, articles de ménage et entretien courant",51,83.65
01/06/2018,Kolda ,Sud,D05,"Meubles, articles de ménage et entretien courant",51,83.86
2018-07-01,kolda,Sud,D05,"Meubles, articles de ménage et entretien courant",51,84.11
01/08/2018,Kolda ,Sud,D05,"Meubles, articles de ménage et entretien courant",51,83.89
2018-09-01,Kolda ,Sud,D05,"Meubles, articles de ménage et entretien courant",51,83.61
2018-10-01,Kolda ,Sud,D05,"Meubles, articles de ménage et entretien courant",51,83.3
01/11/2018,Kolda ,Sud,D05,"Meubles, articles de ménage et entretien courant",51,83.15
2018-12-01,Kolda ,Sud,D05,"Meubles, articles de ménage et entretien courant",51,82.75
Janvier 2019,kolda,Sud,D05,"Meubles, articles de ménage et entretien courant",51,83.34
Février 2019,KOLDA,Sud,D05,"Meubles, articles de ménage et entretien courant",51,83.34
2019-03-01,kolda,Sud,D05,"Meubles, articles de ménage et entretien courant",51,83.91
01/04/2019,kolda,Sud,D05,"Meubles, articles de ménage et entretien courant",51,84.12
Mai 2019,KOLDA,Sud,D05,"Meubles, articles de ménage et entretien courant",51,84.31
2019-06-01,KOLDA,Sud,D05,"Meubles, articles de ménage et entretien courant",51,84.62
Juillet 2019,KOLDA,Sud,D05,"Meubles, articles de ménage et entretien courant",51,84.78
2019-08-01,KOLDA,Sud,D05,"Meubles, articles de ménage et entretien courant",51,84.59
01/09/2019,Kolda ,Sud,D05,"Meubles, articles de ménage et entretien courant",51,84.32
2019-10-01,KOLDA,Sud,D05,"Meubles, articles de ménage et entretien courant",51,83.99
Novembre 2019,kolda,Sud,D05,"Meubles, articles de ménage et entretien courant",51,83.81
Décembre 2019,kolda,Sud,D05,"Meubles, articles de ménage et entretien courant",51,83.52
01/01/2020,KOLDA,Sud,D05,"Meubles, articles de ménage et entretien courant",51,84.48
Février 2020,kolda,Sud,D05,"Meubles, articles de ménage et entretien courant",51,84.69
01/03/2020,kolda,Sud,D05,"Meubles, articles de ménage et entretien courant",51,85.34
2020-04-01,Kolda ,Sud,D05,"Meubles, articles de ménage et entretien courant",51,85.86
01/05/2020,Kolda ,Sud,D05,"Meubles, articles de ménage et entretien courant",51,86.38
01/06/2020,KOLDA,Sud,D05,"Meubles, articles de ménage et entretien courant",51,86.89
Juillet 2020,Kolda ,Sud,D05,"Meubles, articles de ménage et entretien courant",51,87.09
01/08/2020,Kolda ,Sud,D05,"Meubles, articles de ménage et entretien courant",51,86.93
Septembre 2020,Kolda ,Sud,D05,"Meubles, articles de ménage et entretien courant",51,86.61
2020-10-01,kolda,Sud,D05,"Meubles, articles de ménage et entretien courant",51,86.12
2020-11-01,kolda,Sud,D05,"Meubles, articles de ménage et entretien courant",51,85.71
01/12/2020,Kolda ,Sud,D05,"Meubles, articles de ménage et entretien courant",51,85.37
2021-01-01,Kolda ,Sud,D05,"Meubles, articles de ménage et entretien courant",51,85.95
01/02/2021,kolda,Sud,D05,"Meubles, articles de ménage et entretien courant",51,86.37
01/03/2021,Kolda ,Sud,D05,"Meubles, articles de ménage et entretien courant",51,86.75
01/04/2021,KOLDA,Sud,D05,"Meubles, articles de ménage et entretien courant",51,87.44
Mai 2021,Kolda ,Sud,D05,"Meubles, articles de ménage et entretien courant",51,87.86
Juin 2021,kolda,Sud,D05,"Meubles, articles de ménage et entretien courant",51,88.24
2021-07-01,KOLDA,Sud,D05,"Meubles, articles de ménage et entretien courant",51,88.71
01/08/2021,KOLDA,Sud,D05,"Meubles, articles de ménage et entretien courant",51,88.52
Septembre 2021,KOLDA,Sud,D05,"Meubles, articles de ménage et entretien courant",51,88.3
2021-10-01,KOLDA,Sud,D05,"Meubles, articles de ménage et entretien courant",51,88.02
Novembre 2021,KOLDA,Sud,D05,"Meubles, articles de ménage et entretien courant",51,87.98
01/12/2021,KOLDA,Sud,D05,"Meubles, articles de ménage et entretien courant",51,87.97
01/01/2022,Kolda ,Sud,D05,"Meubles, articles de ménage et entretien courant",51,89.45
2022-02-01,kolda,Sud,D05,"Meubles, articles de ménage et entretien courant",51,90.67
01/03/2022,kolda,Sud,D05,"Meubles, articles de ménage et entretien courant",51,92.19
2022-04-01,Kolda ,Sud,D05,"Meubles, articles de ménage et entretien courant",51,93.23
2022-05-01,Kolda ,Sud,D05,"Meubles, articles de ménage et entretien courant",51,95.21
01/06/2022,KOLDA,Sud,D05,"Meubles, articles de ménage et entretien courant",51,96.48
2022-07-01,kolda,Sud,D05,"Meubles, articles de ménage et entretien courant",51,96.56
2022-08-01,kolda,Sud,D05,"Meubles, articles de ménage et entretien courant",51,97.59
Septembre 2022,kolda,Sud,D05,"Meubles, articles de ménage et entretien courant",51,97.98
01/10/2022,KOLDA,Sud,D05,"Meubles, articles de ménage et entretien courant",51,98.42
2022-11-01,Kolda ,Sud,D05,"Meubles, articles de ménage et entretien courant",51,98.69
2022-12-01,KOLDA,Sud,D05,"Meubles, articles de ménage et entretien courant",51,97.27
01/01/2023,KOLDA,Sud,D05,"Meubles, articles de ménage et entretien courant",51,97.02
Février 2023,kolda,Sud,D05,"Meubles, articles de ménage et entretien courant",51,97.52
01/03/2023,Kolda ,Sud,D05,"Meubles, articles de ménage et entretien courant",51,98.4
2023-04-01,Kolda ,Sud,D05,"Meubles, articles de ménage et entretien courant",51,99.35
01/05/2023,kolda,Sud,D05,"Meubles, articles de ménage et entretien courant",51,99.99
Juin 2023,KOLDA,Sud,D05,"Meubles, articles de ménage et entretien courant",51,100.62
2023-07-01,KOLDA,Sud,D05,"Meubles, articles de ménage et entretien courant",51,101.46
01/08/2023,KOLDA,Sud,D05,"Meubles, articles de ménage et entretien courant",51,101.18
01/09/2023,kolda,Sud,D05,"Meubles, articles de ménage et entretien courant",51,101.43
Octobre 2023,Kolda ,Sud,D05,"Meubles, articles de ménage et entretien courant",51,101.51
01/11/2023,kolda,Sud,D05,"Meubles, articles de ménage et entretien courant",51,101.69
01/12/2023,kolda,Sud,D05,"Meubles, articles de ménage et entretien courant",51,99.97
Janvier 2024,kolda,Sud,D05,"Meubles, articles de ménage et entretien courant",51,99.06
Février 2024,KOLDA,Sud,D05,"Meubles, articles de ménage et entretien courant",51,99.06
2024-03-01,KOLDA,Sud,D05,"Meubles, articles de ménage et entretien courant",51,99.54
01/04/2024,KOLDA,Sud,D05,"Meubles, articles de ménage et entretien courant",51,100.22
2024-05-01,kolda,Sud,D05,"Meubles, articles de ménage et entretien courant",51,100.82
2024-06-01,Kolda ,Sud,D05,"Meubles, articles de ménage et entretien courant",51,101.03
01/07/2024,Kolda ,Sud,D05,"Meubles, articles de ménage et entretien courant",51,101.67
01/08/2024,Kolda ,Sud,D05,"Meubles, articles de ménage et entretien courant",51,101.44
Septembre 2024,KOLDA,Sud,D05,"Meubles, articles de ménage et entretien courant",51,101.96
Octobre 2024,Kolda ,Sud,D05,"Meubles, articles de ménage et entretien courant",51,102.16
Novembre 2024,kolda,Sud,D05,"Meubles, articles de ménage et entretien courant",51,101.97
2024-12-01,KOLDA,Sud,D05,"Meubles, articles de ménage et entretien courant",51,100.25
01/01/2025,KOLDA,Sud,D05,"Meubles, articles de ménage et entretien courant",51,99.65
2025-02-01,Kolda ,Sud,D05,"Meubles, articles de ménage et entretien courant",51,100.41
01/03/2025,KOLDA,Sud,D05,"Meubles, articles de ménage et entretien courant",51,100.89
2025-04-01,kolda,Sud,D05,"Meubles, articles de ménage et entretien courant",51,101.53
Mai 2025,Kolda ,Sud,D05,"Meubles, articles de ménage et entretien courant",51,102.41
01/06/2025,KOLDA,Sud,D05,"Meubles, articles de ménage et entretien courant",51,103.0
2025-07-01,KOLDA,Sud,D05,"Meubles, articles de ménage et entretien courant",51,103.42
01/08/2025,KOLDA,Sud,D05,"Meubles, articles de ménage et entretien courant",51,103.83
Septembre 2025,kolda,Sud,D05,"Meubles, articles de ménage et entretien courant",51,103.83
Octobre 2025,KOLDA,Sud,D05,"Meubles, articles de ménage et entretien courant",51,104.48
Novembre 2025,Kolda ,Sud,D05,"Meubles, articles de ménage et entretien courant",51,104.19
01/12/2025,KOLDA,Sud,D05,"Meubles, articles de ménage et entretien courant",51,102.84
Janvier 2026,kolda,Sud,D05,"Meubles, articles de ménage et entretien courant",51,100.03
Février 2026,kolda,Sud,D05,"Meubles, articles de ménage et entretien courant",51,101.04
01/03/2026,Kolda ,Sud,D05,"Meubles, articles de ménage et entretien courant",51,102.1
Avril 2026,Kolda ,Sud,D05,"Meubles, articles de ménage et entretien courant",51,102.68
Mai 2026,kolda,Sud,D05,"Meubles, articles de ménage et entretien courant",51,103.46
2018-01-01,Kolda ,Sud,D06,Santé,42,86.98
Février 2018,KOLDA,Sud,D06,Santé,42,87.0
2018-03-01,Kolda ,Sud,D06,Santé,42,86.94
Avril 2018,Kolda ,Sud,D06,Santé,42,87.22
2018-05-01,Kolda ,Sud,D06,Santé,42,87.3
01/06/2018,kolda,Sud,D06,Santé,42,87.4
Juillet 2018,KOLDA,Sud,D06,Santé,42,87.41
Août 2018,kolda,Sud,D06,Santé,42,87.45
2018-09-01,kolda,Sud,D06,Santé,42,87.39
Octobre 2018,kolda,Sud,D06,Santé,42,86.9
01/11/2018,KOLDA,Sud,D06,Santé,42,86.95
01/12/2018,Kolda ,Sud,D06,Santé,42,87.02
2019-01-01,kolda,Sud,D06,Santé,42,87.39
2019-02-01,KOLDA,Sud,D06,Santé,42,87.25
01/03/2019,KOLDA,Sud,D06,Santé,42,87.33
01/04/2019,Kolda ,Sud,D06,Santé,42,87.81
2019-05-01,kolda,Sud,D06,Santé,42,87.67
2019-06-01,KOLDA,Sud,D06,Santé,42,88.28
Juillet 2019,KOLDA,Sud,D06,Santé,42,88.16
01/08/2019,KOLDA,Sud,D06,Santé,42,88.37
01/09/2019,kolda,Sud,D06,Santé,42,87.74
01/10/2019,KOLDA,Sud,D06,Santé,42,87.87
Novembre 2019,Kolda ,Sud,D06,Santé,42,87.53
01/12/2019,kolda,Sud,D06,Santé,42,87.36
Janvier 2020,KOLDA,Sud,D06,Santé,42,87.98
2020-02-01,kolda,Sud,D06,Santé,42,88.49
Mars 2020,Kolda ,Sud,D06,Santé,42,88.84
01/04/2020,kolda,Sud,D06,Santé,42,89.39
2020-05-01,KOLDA,Sud,D06,Santé,42,89.68
2020-06-01,Kolda ,Sud,D06,Santé,42,89.79
2020-07-01,KOLDA,Sud,D06,Santé,42,89.83
01/08/2020,KOLDA,Sud,D06,Santé,42,89.67
2020-09-01,kolda,Sud,D06,Santé,42,89.84
01/10/2020,kolda,Sud,D06,Santé,42,89.27
Novembre 2020,kolda,Sud,D06,Santé,42,89.31
Décembre 2020,kolda,Sud,D06,Santé,42,88.99
2021-01-01,Kolda ,Sud,D06,Santé,42,89.37
2021-02-01,KOLDA,Sud,D06,Santé,42,89.54
2021-03-01,kolda,Sud,D06,Santé,42,90.03
01/04/2021,Kolda ,Sud,D06,Santé,42,90.35
2021-05-01,KOLDA,Sud,D06,Santé,42,90.71
01/06/2021,Kolda ,Sud,D06,Santé,42,91.2
2021-07-01,kolda,Sud,D06,Santé,42,91.18
2021-08-01,kolda,Sud,D06,Santé,42,91.09
01/09/2021,Kolda ,Sud,D06,Santé,42,91.18
01/10/2021,KOLDA,Sud,D06,Santé,42,90.92
01/11/2021,KOLDA,Sud,D06,Santé,42,90.84
Décembre 2021,Kolda ,Sud,D06,Santé,42,90.63
2022-01-01,KOLDA,Sud,D06,Santé,42,
2022-02-01,KOLDA,Sud,D06,Santé,42,93.18
Mars 2022,Kolda ,Sud,D06,Santé,42,94.17
01/04/2022,KOLDA,Sud,D06,Santé,42,95.16
01/05/2022,Kolda ,Sud,D06,Santé,42,96.05
Juin 2022,Kolda ,Sud,D06,Santé,42,96.96
2022-07-01,Kolda ,Sud,D06,Santé,42,97.83
2022-08-01,KOLDA,Sud,D06,Santé,42,98.09
Septembre 2022,KOLDA,Sud,D06,Santé,42,98.45
Octobre 2022,KOLDA,Sud,D06,Santé,42,99.14
01/11/2022,Kolda ,Sud,D06,Santé,42,99.12
Décembre 2022,KOLDA,Sud,D06,Santé,42,98.18
01/01/2023,KOLDA,Sud,D06,Santé,42,97.61
2023-02-01,kolda,Sud,D06,Santé,42,98.34
Mars 2023,kolda,Sud,D06,Santé,42,99.13
Avril 2023,kolda,Sud,D06,Santé,42,99.44
01/05/2023,KOLDA,Sud,D06,Santé,42,100.04
2023-06-01,kolda,Sud,D06,Santé,42,100.41
Juillet 2023,kolda,Sud,D06,Santé,42,100.97
2023-08-01,kolda,Sud,D06,Santé,42,100.79
2023-09-01,Kolda ,Sud,D06,Santé,42,101.06
Octobre 2023,kolda,Sud,D06,Santé,42,101.02
2023-11-01,KOLDA,Sud,D06,Santé,42,101.51
Décembre 2023,KOLDA,Sud,D06,Santé,42,100.02
01/01/2024,KOLDA,Sud,D06,Santé,42,99.27
Février 2024,Kolda ,Sud,D06,Santé,42,99.32
Mars 2024,kolda,Sud,D06,Santé,42,100.05
01/04/2024,KOLDA,Sud,D06,Santé,42,100.14
Mai 2024,Kolda ,Sud,D06,Santé,42,100.43
2024-06-01,Kolda ,Sud,D06,Santé,42,100.64
Juillet 2024,kolda,Sud,D06,Santé,42,100.99
Août 2024,Kolda ,Sud,D06,Santé,42,
2024-09-01,Kolda ,Sud,D06,Santé,42,101.19
01/10/2024,KOLDA,Sud,D06,Santé,42,101.55
Novembre 2024,Kolda ,Sud,D06,Santé,42,101.52
2024-12-01,Kolda ,Sud,D06,Santé,42,100.26
2025-01-01,Kolda ,Sud,D06,Santé,42,99.81
Février 2025,Kolda ,Sud,D06,Santé,42,100.29
2025-03-01,kolda,Sud,D06,Santé,42,101.03
2025-04-01,Kolda ,Sud,D06,Santé,42,101.2
01/05/2025,kolda,Sud,D06,Santé,42,
01/06/2025,kolda,Sud,D06,Santé,42,102.0
2025-07-01,KOLDA,Sud,D06,Santé,42,102.77
Août 2025,kolda,Sud,D06,Santé,42,102.63
2025-09-01,KOLDA,Sud,D06,Santé,42,103.11
Octobre 2025,kolda,Sud,D06,Santé,42,103.16
01/11/2025,KOLDA,Sud,D06,Santé,42,103.45
2025-12-01,kolda,Sud,D06,Santé,42,102.11
01/01/2026,kolda,Sud,D06,Santé,42,100.11
2026-02-01,KOLDA,Sud,D06,Santé,42,100.98
Mars 2026,KOLDA,Sud,D06,Santé,42,101.52
Avril 2026,Kolda ,Sud,D06,Santé,42,102.15
Mai 2026,KOLDA,Sud,D06,Santé,42,102.39
2018-01-01,KOLDA,Sud,D07,Transport,92,75.77
Février 2018,kolda,Sud,D07,Transport,92,75.74
Mars 2018,Kolda ,Sud,D07,Transport,92,76.0
01/04/2018,Kolda ,Sud,D07,Transport,92,76.13
01/05/2018,Kolda ,Sud,D07,Transport,92,76.54
2018-06-01,KOLDA,Sud,D07,Transport,92,76.69
01/07/2018,kolda,Sud,D07,Transport,92,76.65
Août 2018,Kolda ,Sud,D07,Transport,92,76.64
Septembre 2018,Kolda ,Sud,D07,Transport,92,76.47
01/10/2018,KOLDA,Sud,D07,Transport,92,76.13
01/11/2018,kolda,Sud,D07,Transport,92,75.93
01/12/2018,kolda,Sud,D07,Transport,92,75.66
01/01/2019,KOLDA,Sud,D07,Transport,92,76.81
01/02/2019,Kolda ,Sud,D07,Transport,92,76.78
01/03/2019,Kolda ,Sud,D07,Transport,92,76.94
01/04/2019,KOLDA,Sud,D07,Transport,92,77.36
Mai 2019,KOLDA,Sud,D07,Transport,92,77.31
2019-06-01,kolda,Sud,D07,Transport,92,77.46
01/07/2019,Kolda ,Sud,D07,Transport,92,77.79
2019-08-01,Kolda ,Sud,D07,Transport,92,77.6
2019-09-01,Kolda ,Sud,D07,Transport,92,77.52
2019-10-01,kolda,Sud,D07,Transport,92,77.29
01/11/2019,KOLDA,Sud,D07,Transport,92,77.1
2019-12-01,KOLDA,Sud,D07,Transport,92,76.67
Janvier 2020,KOLDA,Sud,D07,Transport,92,78.23
01/02/2020,kolda,Sud,D07,Transport,92,78.59
2020-03-01,kolda,Sud,D07,Transport,92,79.17
Avril 2020,KOLDA,Sud,D07,Transport,92,79.68
01/05/2020,kolda,Sud,D07,Transport,92,80.52
Juin 2020,kolda,Sud,D07,Transport,92,80.86
Juillet 2020,kolda,Sud,D07,Transport,92,81.23
2020-08-01,KOLDA,Sud,D07,Transport,92,80.75
01/09/2020,KOLDA,Sud,D07,Transport,92,80.63
2020-10-01,Kolda ,Sud,D07,Transport,92,80.15
01/11/2020,Kolda ,Sud,D07,Transport,92,79.75
Décembre 2020,Kolda ,Sud,D07,Transport,92,79.59
2021-01-01,Kolda ,Sud,D07,Transport,92,80.24
Février 2021,KOLDA,Sud,D07,Transport,92,80.38
2021-03-01,kolda,Sud,D07,Transport,92,80.9
01/04/2021,kolda,Sud,D07,Transport,92,82.08
2021-05-01,kolda,Sud,D07,Transport,92,82.72
Juin 2021,Kolda ,Sud,D07,Transport,92,83.35
01/07/2021,Kolda ,Sud,D07,Transport,92,83.28
Août 2021,kolda,Sud,D07,Transport,92,83.15
Septembre 2021,kolda,Sud,D07,Transport,92,83.14
2021-10-01,Kolda ,Sud,D07,Transport,92,83.0
01/11/2021,kolda,Sud,D07,Transport,92,82.69
01/12/2021,KOLDA,Sud,D07,Transport,92,82.93
01/01/2022,Kolda ,Sud,D07,Transport,92,85.48
Février 2022,KOLDA,Sud,D07,Transport,92,86.89
01/03/2022,Kolda ,Sud,D07,Transport,92,88.62
Avril 2022,KOLDA,Sud,D07,Transport,92,90.33
01/05/2022,KOLDA,Sud,D07,Transport,92,92.62
01/06/2022,Kolda ,Sud,D07,Transport,92,94.02
Juillet 2022,KOLDA,Sud,D07,Transport,92,95.11
Août 2022,kolda,Sud,D07,Transport,92,96.2
2022-09-01,kolda,Sud,D07,Transport,92,96.86
01/10/2022,KOLDA,Sud,D07,Transport,92,97.66
2022-11-01,kolda,Sud,D07,Transport,92,98.01
01/12/2022,kolda,Sud,D07,Transport,92,96.22
01/01/2023,Kolda ,Sud,D07,Transport,92,96.0
01/02/2023,KOLDA,Sud,D07,Transport,92,97.03
Mars 2023,kolda,Sud,D07,Transport,92,97.84
2023-04-01,Kolda ,Sud,D07,Transport,92,98.92
01/05/2023,kolda,Sud,D07,Transport,92,99.89
Juin 2023,kolda,Sud,D07,Transport,92,101.09
Juillet 2023,kolda,Sud,D07,Transport,92,101.23
01/08/2023,KOLDA,Sud,D07,Transport,92,101.49
Septembre 2023,Kolda ,Sud,D07,Transport,92,101.94
Octobre 2023,KOLDA,Sud,D07,Transport,92,102.29
01/11/2023,Kolda ,Sud,D07,Transport,92,102.22
Décembre 2023,kolda,Sud,D07,Transport,92,99.81
2024-01-01,KOLDA,Sud,D07,Transport,92,99.01
01/02/2024,KOLDA,Sud,D07,Transport,92,99.24
2024-03-01,KOLDA,Sud,D07,Transport,92,99.81
Avril 2024,Kolda ,Sud,D07,Transport,92,100.48
01/05/2024,KOLDA,Sud,D07,Transport,92,101.09
Juin 2024,Kolda ,Sud,D07,Transport,92,101.46
Juillet 2024,KOLDA,Sud,D07,Transport,92,101.92
01/08/2024,kolda,Sud,D07,Transport,92,102.21
2024-09-01,kolda,Sud,D07,Transport,92,102.2
Octobre 2024,Kolda ,Sud,D07,Transport,92,102.69
Novembre 2024,kolda,Sud,D07,Transport,92,102.88
Décembre 2024,KOLDA,Sud,D07,Transport,92,100.72
2025-01-01,KOLDA,Sud,D07,Transport,92,100.16
2025-02-01,KOLDA,Sud,D07,Transport,92,100.73
2025-03-01,Kolda ,Sud,D07,Transport,92,101.69
01/04/2025,KOLDA,Sud,D07,Transport,92,102.39
2025-05-01,kolda,Sud,D07,Transport,92,103.35
2025-06-01,kolda,Sud,D07,Transport,92,104.06
2025-07-01,KOLDA,Sud,D07,Transport,92,104.66
01/08/2025,KOLDA,Sud,D07,Transport,92,105.4
2025-09-01,kolda,Sud,D07,Transport,92,105.6
Octobre 2025,Kolda ,Sud,D07,Transport,92,106.33
Novembre 2025,kolda,Sud,D07,Transport,92,106.57
2025-12-01,Kolda ,Sud,D07,Transport,92,104.31
01/01/2026,kolda,Sud,D07,Transport,92,100.54
2026-02-01,Kolda ,Sud,D07,Transport,92,101.94
2026-03-01,KOLDA,Sud,D07,Transport,92,103.51
2026-04-01,Kolda ,Sud,D07,Transport,92,104.51
Mai 2026,kolda,Sud,D07,Transport,92,104.95
Janvier 2018,kolda,Sud,D08,Communication,35,92.92
Février 2018,kolda,Sud,D08,Communication,35,93.15
2018-03-01,kolda,Sud,D08,Communication,35,93.48
2018-04-01,Kolda ,Sud,D08,Communication,35,93.12
01/05/2018,Kolda ,Sud,D08,Communication,35,93.4
01/06/2018,kolda,Sud,D08,Communication,35,93.59
Juillet 2018,KOLDA,Sud,D08,Communication,35,93.59
01/08/2018,kolda,Sud,D08,Communication,35,93.56
01/09/2018,KOLDA,Sud,D08,Communication,35,93.3
01/10/2018,kolda,Sud,D08,Communication,35,93.51
Novembre 2018,kolda,Sud,D08,Communication,35,92.95
01/12/2018,kolda,Sud,D08,Communication,35,93.01
Janvier 2019,Kolda ,Sud,D08,Communication,35,93.4
01/02/2019,KOLDA,Sud,D08,Communication,35,93.31
2019-03-01,KOLDA,Sud,D08,Communication,35,93.32
01/04/2019,Kolda ,Sud,D08,Communication,35,93.45
Mai 2019,Kolda ,Sud,D08,Communication,35,93.79
Juin 2019,KOLDA,Sud,D08,Communication,35,93.84
01/07/2019,kolda,Sud,D08,Communication,35,94.02
Août 2019,kolda,Sud,D08,Communication,35,93.74
Septembre 2019,kolda,Sud,D08,Communication,35,93.92
Octobre 2019,Kolda ,Sud,D08,Communication,35,93.65
Novembre 2019,Kolda ,Sud,D08,Communication,35,93.49
2019-12-01,Kolda ,Sud,D08,Communication,35,93.55
2020-01-01,kolda,Sud,D08,Communication,35,93.68
01/02/2020,KOLDA,Sud,D08,Communication,35,
2020-03-01,Kolda ,Sud,D08,Communication,35,94.04
2020-04-01,kolda,Sud,D08,Communication,35,94.36
01/05/2020,KOLDA,Sud,D08,Communication,35,94.64
2020-06-01,Kolda ,Sud,D08,Communication,35,94.75
2020-07-01,Kolda ,Sud,D08,Communication,35,94.64
2020-08-01,Kolda ,Sud,D08,Communication,35,94.77
01/09/2020,kolda,Sud,D08,Communication,35,94.74
01/10/2020,Kolda ,Sud,D08,Communication,35,94.51
Novembre 2020,Kolda ,Sud,D08,Communication,35,94.46
01/12/2020,KOLDA,Sud,D08,Communication,35,94.43
01/01/2021,Kolda ,Sud,D08,Communication,35,94.46
2021-02-01,kolda,Sud,D08,Communication,35,94.7
2021-03-01,kolda,Sud,D08,Communication,35,94.85
01/04/2021,kolda,Sud,D08,Communication,35,95.26
2021-05-01,KOLDA,Sud,D08,Communication,35,95.55
2021-06-01,kolda,Sud,D08,Communication,35,95.64
Juillet 2021,Kolda ,Sud,D08,Communication,35,95.68
Août 2021,Kolda ,Sud,D08,Communication,35,95.52
Septembre 2021,KOLDA,Sud,D08,Communication,35,95.45
Octobre 2021,Kolda ,Sud,D08,Communication,35,95.26
Novembre 2021,KOLDA,Sud,D08,Communication,35,95.26
Décembre 2021,KOLDA,Sud,D08,Communication,35,94.98
2022-01-01,kolda,Sud,D08,Communication,35,95.74
01/02/2022,KOLDA,Sud,D08,Communication,35,95.92
2022-03-01,KOLDA,Sud,D08,Communication,35,97.09
2022-04-01,KOLDA,Sud,D08,Communication,35,97.43
Mai 2022,Kolda ,Sud,D08,Communication,35,98.15
Juin 2022,KOLDA,Sud,D08,Communication,35,98.8
Juillet 2022,KOLDA,Sud,D08,Communication,35,98.97
01/08/2022,Kolda ,Sud,D08,Communication,35,99.39
2022-09-01,KOLDA,Sud,D08,Communication,35,99.15
01/10/2022,KOLDA,Sud,D08,Communication,35,99.8
2022-11-01,Kolda ,Sud,D08,Communication,35,99.68
Décembre 2022,KOLDA,Sud,D08,Communication,35,98.88
01/01/2023,KOLDA,Sud,D08,Communication,35,98.98
2023-02-01,kolda,Sud,D08,Communication,35,98.84
2023-03-01,kolda,Sud,D08,Communication,35,99.3
01/04/2023,KOLDA,Sud,D08,Communication,35,99.93
Mai 2023,KOLDA,Sud,D08,Communication,35,99.82
Juin 2023,KOLDA,Sud,D08,Communication,35,100.49
2023-07-01,Kolda ,Sud,D08,Communication,35,100.61
Août 2023,Kolda ,Sud,D08,Communication,35,100.86
Septembre 2023,kolda,Sud,D08,Communication,35,100.37
Octobre 2023,KOLDA,Sud,D08,Communication,35,100.86
2023-11-01,Kolda ,Sud,D08,Communication,35,100.51
01/12/2023,Kolda ,Sud,D08,Communication,35,99.75
2024-01-01,KOLDA,Sud,D08,Communication,35,99.32
01/02/2024,Kolda ,Sud,D08,Communication,35,99.47
01/03/2024,Kolda ,Sud,D08,Communication,35,99.9
01/04/2024,Kolda ,Sud,D08,Communication,35,99.93
2024-05-01,kolda,Sud,D08,Communication,35,100.47
Juin 2024,KOLDA,Sud,D08,Communication,35,100.46
01/07/2024,kolda,Sud,D08,Communication,35,100.49
2024-08-01,kolda,Sud,D08,Communication,35,100.61
2024-09-01,KOLDA,Sud,D08,Communication,35,100.76
01/10/2024,Kolda ,Sud,D08,Communication,35,100.69
2024-11-01,KOLDA,Sud,D08,Communication,35,100.75
2024-12-01,KOLDA,Sud,D08,Communication,35,100.11
Janvier 2025,KOLDA,Sud,D08,Communication,35,99.99
2025-02-01,kolda,Sud,D08,Communication,35,
01/03/2025,KOLDA,Sud,D08,Communication,35,100.14
Avril 2025,Kolda ,Sud,D08,Communication,35,100.63
01/05/2025,kolda,Sud,D08,Communication,35,101.03
2025-06-01,kolda,Sud,D08,Communication,35,101.0
2025-07-01,Kolda ,Sud,D08,Communication,35,101.26
2025-08-01,Kolda ,Sud,D08,Communication,35,101.35
Septembre 2025,KOLDA,Sud,D08,Communication,35,101.51
Octobre 2025,Kolda ,Sud,D08,Communication,35,101.48
Novembre 2025,KOLDA,Sud,D08,Communication,35,101.74
2025-12-01,KOLDA,Sud,D08,Communication,35,100.66
01/01/2026,KOLDA,Sud,D08,Communication,35,99.72
01/02/2026,KOLDA,Sud,D08,Communication,35,100.24
Mars 2026,kolda,Sud,D08,Communication,35,100.72
2026-04-01,KOLDA,Sud,D08,Communication,35,100.79
Mai 2026,KOLDA,Sud,D08,Communication,35,101.19
01/01/2018,Kolda ,Sud,D09,Loisirs et culture,21,86.63
Février 2018,KOLDA,Sud,D09,Loisirs et culture,21,86.7
2018-03-01,KOLDA,Sud,D09,Loisirs et culture,21,86.97
Avril 2018,kolda,Sud,D09,Loisirs et culture,21,87.12
Mai 2018,Kolda ,Sud,D09,Loisirs et culture,21,87.65
01/06/2018,kolda,Sud,D09,Loisirs et culture,21,87.7
Juillet 2018,kolda,Sud,D09,Loisirs et culture,21,87.56
01/08/2018,KOLDA,Sud,D09,Loisirs et culture,21,87.61
01/09/2018,kolda,Sud,D09,Loisirs et culture,21,87.42
Octobre 2018,Kolda ,Sud,D09,Loisirs et culture,21,87.31
2018-11-01,kolda,Sud,D09,Loisirs et culture,21,86.82
01/12/2018,kolda,Sud,D09,Loisirs et culture,21,
2019-01-01,KOLDA,Sud,D09,Loisirs et culture,21,87.14
01/02/2019,Kolda ,Sud,D09,Loisirs et culture,21,87.43
2019-03-01,Kolda ,Sud,D09,Loisirs et culture,21,87.63
2019-04-01,KOLDA,Sud,D09,Loisirs et culture,21,87.78
Mai 2019,KOLDA,Sud,D09,Loisirs et culture,21,88.0
2019-06-01,kolda,Sud,D09,Loisirs et culture,21,88.31
Juillet 2019,Kolda ,Sud,D09,Loisirs et culture,21,88.28
2019-08-01,Kolda ,Sud,D09,Loisirs et culture,21,88.45
2019-09-01,kolda,Sud,D09,Loisirs et culture,21,88.03
2019-10-01,kolda,Sud,D09,Loisirs et culture,21,87.69
Novembre 2019,kolda,Sud,D09,Loisirs et culture,21,87.42
01/12/2019,KOLDA,Sud,D09,Loisirs et culture,21,87.14
Janvier 2020,KOLDA,Sud,D09,Loisirs et culture,21,88.13
01/02/2020,Kolda ,Sud,D09,Loisirs et culture,21,88.21
2020-03-01,kolda,Sud,D09,Loisirs et culture,21,88.85
Avril 2020,Kolda ,Sud,D09,Loisirs et culture,21,88.99
Mai 2020,kolda,Sud,D09,Loisirs et culture,21,89.63
01/06/2020,Kolda ,Sud,D09,Loisirs et culture,21,90.13
Juillet 2020,Kolda ,Sud,D09,Loisirs et culture,21,89.79
Août 2020,kolda,Sud,D09,Loisirs et culture,21,90.22
2020-09-01,Kolda ,Sud,D09,Loisirs et culture,21,89.63
2020-10-01,kolda,Sud,D09,Loisirs et culture,21,89.39
Novembre 2020,KOLDA,Sud,D09,Loisirs et culture,21,89.13
Décembre 2020,KOLDA,Sud,D09,Loisirs et culture,21,88.92
2021-01-01,KOLDA,Sud,D09,Loisirs et culture,21,89.25
2021-02-01,kolda,Sud,D09,Loisirs et culture,21,89.62
01/03/2021,kolda,Sud,D09,Loisirs et culture,21,89.96
2021-04-01,KOLDA,Sud,D09,Loisirs et culture,21,90.6
2021-05-01,kolda,Sud,D09,Loisirs et culture,21,90.9
01/06/2021,Kolda ,Sud,D09,Loisirs et culture,21,91.47
2021-07-01,Kolda ,Sud,D09,Loisirs et culture,21,91.44
Août 2021,Kolda ,Sud,D09,Loisirs et culture,21,91.05
Septembre 2021,KOLDA,Sud,D09,Loisirs et culture,21,91.5
2021-10-01,Kolda ,Sud,D09,Loisirs et culture,21,90.85
Novembre 2021,KOLDA,Sud,D09,Loisirs et culture,21,90.92
2021-12-01,Kolda ,Sud,D09,Loisirs et culture,21,90.59
2022-01-01,Kolda ,Sud,D09,Loisirs et culture,21,92.06
2022-02-01,KOLDA,Sud,D09,Loisirs et culture,21,92.74
01/03/2022,Kolda ,Sud,D09,Loisirs et culture,21,93.99
01/04/2022,KOLDA,Sud,D09,Loisirs et culture,21,95.0
Mai 2022,kolda,Sud,D09,Loisirs et culture,21,96.4
2022-06-01,kolda,Sud,D09,Loisirs et culture,21,97.18
Juillet 2022,Kolda ,Sud,D09,Loisirs et culture,21,97.89
2022-08-01,kolda,Sud,D09,Loisirs et culture,21,97.93
Septembre 2022,KOLDA,Sud,D09,Loisirs et culture,21,98.59
01/10/2022,Kolda ,Sud,D09,Loisirs et culture,21,98.92
01/11/2022,KOLDA,Sud,D09,Loisirs et culture,21,99.1
01/12/2022,Kolda ,Sud,D09,Loisirs et culture,21,97.95
Janvier 2023,Kolda ,Sud,D09,Loisirs et culture,21,97.64
01/02/2023,KOLDA,Sud,D09,Loisirs et culture,21,98.17
01/03/2023,KOLDA,Sud,D09,Loisirs et culture,21,98.94
Avril 2023,kolda,Sud,D09,Loisirs et culture,21,99.1
2023-05-01,kolda,Sud,D09,Loisirs et culture,21,100.24
Juin 2023,kolda,Sud,D09,Loisirs et culture,21,100.65
01/07/2023,Kolda ,Sud,D09,Loisirs et culture,21,100.8
2023-08-01,Kolda ,Sud,D09,Loisirs et culture,21,101.07
01/09/2023,KOLDA,Sud,D09,Loisirs et culture,21,101.32
01/10/2023,Kolda ,Sud,D09,Loisirs et culture,21,101.36
2023-11-01,KOLDA,Sud,D09,Loisirs et culture,21,101.19
Décembre 2023,kolda,Sud,D09,Loisirs et culture,21,99.86
Janvier 2024,KOLDA,Sud,D09,Loisirs et culture,21,99.28
01/02/2024,Kolda ,Sud,D09,Loisirs et culture,21,99.38
2024-03-01,kolda,Sud,D09,Loisirs et culture,21,99.66
01/04/2024,KOLDA,Sud,D09,Loisirs et culture,21,100.11
Mai 2024,Kolda ,Sud,D09,Loisirs et culture,21,100.79
01/06/2024,Kolda ,Sud,D09,Loisirs et culture,21,101.02
01/07/2024,KOLDA,Sud,D09,Loisirs et culture,21,101.06
Août 2024,KOLDA,Sud,D09,Loisirs et culture,21,101.01
2024-09-01,Kolda ,Sud,D09,Loisirs et culture,21,101.47
Octobre 2024,Kolda ,Sud,D09,Loisirs et culture,21,101.35
Novembre 2024,KOLDA,Sud,D09,Loisirs et culture,21,101.56
2024-12-01,KOLDA,Sud,D09,Loisirs et culture,21,100.28
Janvier 2025,Kolda ,Sud,D09,Loisirs et culture,21,99.6
2025-02-01,Kolda ,Sud,D09,Loisirs et culture,21,100.17
Mars 2025,kolda,Sud,D09,Loisirs et culture,21,100.66
Avril 2025,Kolda ,Sud,D09,Loisirs et culture,21,101.32
Mai 2025,KOLDA,Sud,D09,Loisirs et culture,21,102.05
2025-06-01,kolda,Sud,D09,Loisirs et culture,21,102.15
01/07/2025,kolda,Sud,D09,Loisirs et culture,21,102.75
Août 2025,KOLDA,Sud,D09,Loisirs et culture,21,102.98
2025-09-01,Kolda ,Sud,D09,Loisirs et culture,21,102.98
2025-10-01,Kolda ,Sud,D09,Loisirs et culture,21,103.15
2025-11-01,kolda,Sud,D09,Loisirs et culture,21,103.35
01/12/2025,KOLDA,Sud,D09,Loisirs et culture,21,101.95
01/01/2026,kolda,Sud,D09,Loisirs et culture,21,100.15
Février 2026,KOLDA,Sud,D09,Loisirs et culture,21,100.79
01/03/2026,KOLDA,Sud,D09,Loisirs et culture,21,101.44
Avril 2026,kolda,Sud,D09,Loisirs et culture,21,102.19
2026-05-01,KOLDA,Sud,D09,Loisirs et culture,21,102.7
01/01/2018,Kolda ,Sud,D10,Enseignement,43,84.88
01/02/2018,Kolda ,Sud,D10,Enseignement,43,84.72
01/03/2018,KOLDA,Sud,D10,Enseignement,43,85.04
01/04/2018,KOLDA,Sud,D10,Enseignement,43,85.28
Mai 2018,kolda,Sud,D10,Enseignement,43,85.3
Juin 2018,KOLDA,Sud,D10,Enseignement,43,85.53
Juillet 2018,Kolda ,Sud,D10,Enseignement,43,85.41
01/08/2018,kolda,Sud,D10,Enseignement,43,85.63
2018-09-01,kolda,Sud,D10,Enseignement,43,85.43
2018-10-01,kolda,Sud,D10,Enseignement,43,85.0
01/11/2018,kolda,Sud,D10,Enseignement,43,85.06
2018-12-01,kolda,Sud,D10,Enseignement,43,84.89
Janvier 2019,kolda,Sud,D10,Enseignement,43,85.45
2019-02-01,KOLDA,Sud,D10,Enseignement,43,85.41
Mars 2019,KOLDA,Sud,D10,Enseignement,43,85.54
Avril 2019,Kolda ,Sud,D10,Enseignement,43,85.78
01/05/2019,Kolda ,Sud,D10,Enseignement,43,86.03
Juin 2019,Kolda ,Sud,D10,Enseignement,43,86.27
Juillet 2019,KOLDA,Sud,D10,Enseignement,43,86.34
Août 2019,Kolda ,Sud,D10,Enseignement,43,86.24
01/09/2019,Kolda ,Sud,D10,Enseignement,43,86.05
2019-10-01,KOLDA,Sud,D10,Enseignement,43,85.85
01/11/2019,Kolda ,Sud,D10,Enseignement,43,86.01
01/12/2019,Kolda ,Sud,D10,Enseignement,43,85.45
Janvier 2020,Kolda ,Sud,D10,Enseignement,43,86.36
01/02/2020,Kolda ,Sud,D10,Enseignement,43,87.13
2020-03-01,Kolda ,Sud,D10,Enseignement,43,87.12
2020-04-01,Kolda ,Sud,D10,Enseignement,43,87.31
Mai 2020,kolda,Sud,D10,Enseignement,43,88.01
01/06/2020,kolda,Sud,D10,Enseignement,43,88.13
01/07/2020,Kolda ,Sud,D10,Enseignement,43,88.47
Août 2020,kolda,Sud,D10,Enseignement,43,88.2
01/09/2020,kolda,Sud,D10,Enseignement,43,87.96
01/10/2020,kolda,Sud,D10,Enseignement,43,87.96
Novembre 2020,Kolda ,Sud,D10,Enseignement,43,87.56
01/12/2020,Kolda ,Sud,D10,Enseignement,43,87.42
Janvier 2021,KOLDA,Sud,D10,Enseignement,43,87.82
2021-02-01,KOLDA,Sud,D10,Enseignement,43,87.99
Mars 2021,Kolda ,Sud,D10,Enseignement,43,88.51
2021-04-01,kolda,Sud,D10,Enseignement,43,
01/05/2021,kolda,Sud,D10,Enseignement,43,89.31
2021-06-01,KOLDA,Sud,D10,Enseignement,43,89.9
Juillet 2021,Kolda ,Sud,D10,Enseignement,43,89.89
01/08/2021,Kolda ,Sud,D10,Enseignement,43,89.81
Septembre 2021,kolda,Sud,D10,Enseignement,43,89.72
01/10/2021,Kolda ,Sud,D10,Enseignement,43,89.56
01/11/2021,kolda,Sud,D10,Enseignement,43,89.23
Décembre 2021,Kolda ,Sud,D10,Enseignement,43,89.31
2022-01-01,kolda,Sud,D10,Enseignement,43,
2022-02-01,kolda,Sud,D10,Enseignement,43,91.84
Mars 2022,Kolda ,Sud,D10,Enseignement,43,93.09
Avril 2022,KOLDA,Sud,D10,Enseignement,43,94.25
01/05/2022,kolda,Sud,D10,Enseignement,43,95.56
Juin 2022,Kolda ,Sud,D10,Enseignement,43,96.55
2022-07-01,Kolda ,Sud,D10,Enseignement,43,97.19
2022-08-01,KOLDA,Sud,D10,Enseignement,43,97.57
Septembre 2022,kolda,Sud,D10,Enseignement,43,98.52
Octobre 2022,KOLDA,Sud,D10,Enseignement,43,98.65
01/11/2022,kolda,Sud,D10,Enseignement,43,99.0
Décembre 2022,kolda,Sud,D10,Enseignement,43,97.59
Janvier 2023,Kolda ,Sud,D10,Enseignement,43,97.47
01/02/2023,Kolda ,Sud,D10,Enseignement,43,98.28
2023-03-01,kolda,Sud,D10,Enseignement,43,98.88
01/04/2023,KOLDA,Sud,D10,Enseignement,43,99.41
Mai 2023,kolda,Sud,D10,Enseignement,43,100.03
01/06/2023,kolda,Sud,D10,Enseignement,43,100.71
01/07/2023,kolda,Sud,D10,Enseignement,43,100.87
2023-08-01,KOLDA,Sud,D10,Enseignement,43,100.96
2023-09-01,Kolda ,Sud,D10,Enseignement,43,101.25
Octobre 2023,Kolda ,Sud,D10,Enseignement,43,101.33
01/11/2023,Kolda ,Sud,D10,Enseignement,43,101.55
01/12/2023,KOLDA,Sud,D10,Enseignement,43,99.92
01/01/2024,KOLDA,Sud,D10,Enseignement,43,99.34
2024-02-01,KOLDA,Sud,D10,Enseignement,43,99.4
2024-03-01,KOLDA,Sud,D10,Enseignement,43,99.94
Avril 2024,KOLDA,Sud,D10,Enseignement,43,100.09
01/05/2024,KOLDA,Sud,D10,Enseignement,43,100.57
Juin 2024,kolda,Sud,D10,Enseignement,43,100.91
01/07/2024,KOLDA,Sud,D10,Enseignement,43,101.03
2024-08-01,kolda,Sud,D10,Enseignement,43,101.43
01/09/2024,KOLDA,Sud,D10,Enseignement,43,101.3
2024-10-01,Kolda ,Sud,D10,Enseignement,43,101.56
01/11/2024,Kolda ,Sud,D10,Enseignement,43,102.06
Décembre 2024,Kolda ,Sud,D10,Enseignement,43,100.22
2025-01-01,kolda,Sud,D10,Enseignement,43,99.97
Février 2025,KOLDA,Sud,D10,Enseignement,43,100.25
Mars 2025,kolda,Sud,D10,Enseignement,43,101.03
Avril 2025,Kolda ,Sud,D10,Enseignement,43,101.59
01/05/2025,Kolda ,Sud,D10,Enseignement,43,102.16
01/06/2025,kolda,Sud,D10,Enseignement,43,102.62
2025-07-01,Kolda ,Sud,D10,Enseignement,43,102.88
Août 2025,KOLDA,Sud,D10,Enseignement,43,103.0
01/09/2025,kolda,Sud,D10,Enseignement,43,103.27
Octobre 2025,KOLDA,Sud,D10,Enseignement,43,103.9
2025-11-01,KOLDA,Sud,D10,Enseignement,43,104.07
2025-12-01,Kolda ,Sud,D10,Enseignement,43,102.31
01/01/2026,kolda,Sud,D10,Enseignement,43,100.31
01/02/2026,kolda,Sud,D10,Enseignement,43,100.98
Mars 2026,Kolda ,Sud,D10,Enseignement,43,101.79
2026-04-01,kolda,Sud,D10,Enseignement,43,102.4
2026-05-01,Kolda ,Sud,D10,Enseignement,43,102.76
2018-01-01,kolda,Sud,D11,Restaurants et hôtels,56,78.95
01/02/2018,KOLDA,Sud,D11,Restaurants et hôtels,56,78.97
2018-03-01,KOLDA,Sud,D11,Restaurants et hôtels,56,79.21
2018-04-01,Kolda ,Sud,D11,Restaurants et hôtels,56,79.69
01/05/2018,Kolda ,Sud,D11,Restaurants et hôtels,56,80.04
01/06/2018,KOLDA,Sud,D11,Restaurants et hôtels,56,80.17
01/07/2018,Kolda ,Sud,D11,Restaurants et hôtels,56,80.39
Août 2018,Kolda ,Sud,D11,Restaurants et hôtels,56,80.22
Septembre 2018,KOLDA,Sud,D11,Restaurants et hôtels,56,80.06
01/10/2018,Kolda ,Sud,D11,Restaurants et hôtels,56,79.63
Novembre 2018,KOLDA,Sud,D11,Restaurants et hôtels,56,79.24
Décembre 2018,KOLDA,Sud,D11,Restaurants et hôtels,56,79.13
2019-01-01,kolda,Sud,D11,Restaurants et hôtels,56,79.61
01/02/2019,KOLDA,Sud,D11,Restaurants et hôtels,56,79.96
01/03/2019,kolda,Sud,D11,Restaurants et hôtels,56,80.08
2019-04-01,kolda,Sud,D11,Restaurants et hôtels,56,80.68
01/05/2019,kolda,Sud,D11,Restaurants et hôtels,56,80.9
01/06/2019,kolda,Sud,D11,Restaurants et hôtels,56,81.34
01/07/2019,kolda,Sud,D11,Restaurants et hôtels,56,81.16
2019-08-01,Kolda ,Sud,D11,Restaurants et hôtels,56,81.11
Septembre 2019,Kolda ,Sud,D11,Restaurants et hôtels,56,80.98
01/10/2019,kolda,Sud,D11,Restaurants et hôtels,56,80.72
2019-11-01,Kolda ,Sud,D11,Restaurants et hôtels,56,80.44
2019-12-01,Kolda ,Sud,D11,Restaurants et hôtels,56,80.01
2020-01-01,KOLDA,Sud,D11,Restaurants et hôtels,56,81.4
2020-02-01,KOLDA,Sud,D11,Restaurants et hôtels,56,81.53
Mars 2020,Kolda ,Sud,D11,Restaurants et hôtels,56,82.25
2020-04-01,Kolda ,Sud,D11,Restaurants et hôtels,56,82.63
Mai 2020,Kolda ,Sud,D11,Restaurants et hôtels,56,83.43
01/06/2020,Kolda ,Sud,D11,Restaurants et hôtels,56,83.6
2020-07-01,Kolda ,Sud,D11,Restaurants et hôtels,56,83.9
Août 2020,KOLDA,Sud,D11,Restaurants et hôtels,56,83.92
Septembre 2020,kolda,Sud,D11,Restaurants et hôtels,56,83.35
Octobre 2020,KOLDA,Sud,D11,Restaurants et hôtels,56,83.14
01/11/2020,Kolda ,Sud,D11,Restaurants et hôtels,56,82.77
2020-12-01,KOLDA,Sud,D11,Restaurants et hôtels,56,82.29
Janvier 2021,KOLDA,Sud,D11,Restaurants et hôtels,56,82.86
Février 2021,kolda,Sud,D11,Restaurants et hôtels,56,83.33
Mars 2021,KOLDA,Sud,D11,Restaurants et hôtels,56,83.84
2021-04-01,Kolda ,Sud,D11,Restaurants et hôtels,56,84.61
Mai 2021,KOLDA,Sud,D11,Restaurants et hôtels,56,85.29
2021-06-01,Kolda ,Sud,D11,Restaurants et hôtels,56,85.79
2021-07-01,kolda,Sud,D11,Restaurants et hôtels,56,86.21
Août 2021,kolda,Sud,D11,Restaurants et hôtels,56,85.89
Septembre 2021,Kolda ,Sud,D11,Restaurants et hôtels,56,85.98
01/10/2021,kolda,Sud,D11,Restaurants et hôtels,56,85.39
Novembre 2021,KOLDA,Sud,D11,Restaurants et hôtels,56,85.27
2021-12-01,Kolda ,Sud,D11,Restaurants et hôtels,56,85.26
2022-01-01,Kolda ,Sud,D11,Restaurants et hôtels,56,87.35
01/02/2022,kolda,Sud,D11,Restaurants et hôtels,56,88.58
Mars 2022,kolda,Sud,D11,Restaurants et hôtels,56,90.33
01/04/2022,Kolda ,Sud,D11,Restaurants et hôtels,56,92.04
Mai 2022,kolda,Sud,D11,Restaurants et hôtels,56,93.64
01/06/2022,KOLDA,Sud,D11,Restaurants et hôtels,56,95.26
01/07/2022,KOLDA,Sud,D11,Restaurants et hôtels,56,96.43
Août 2022,KOLDA,Sud,D11,Restaurants et hôtels,56,97.03
2022-09-01,KOLDA,Sud,D11,Restaurants et hôtels,56,97.66
2022-10-01,KOLDA,Sud,D11,Restaurants et hôtels,56,98.15
2022-11-01,Kolda ,Sud,D11,Restaurants et hôtels,56,98.22
2022-12-01,Kolda ,Sud,D11,Restaurants et hôtels,56,96.57
Janvier 2023,KOLDA,Sud,D11,Restaurants et hôtels,56,96.25
01/02/2023,Kolda ,Sud,D11,Restaurants et hôtels,56,97.07
01/03/2023,Kolda ,Sud,D11,Restaurants et hôtels,56,98.4
Avril 2023,Kolda ,Sud,D11,Restaurants et hôtels,56,99.08
01/05/2023,Kolda ,Sud,D11,Restaurants et hôtels,56,100.07
Juin 2023,kolda,Sud,D11,Restaurants et hôtels,56,101.21
01/07/2023,kolda,Sud,D11,Restaurants et hôtels,56,101.24
2023-08-01,KOLDA,Sud,D11,Restaurants et hôtels,56,101.46
01/09/2023,Kolda ,Sud,D11,Restaurants et hôtels,56,101.95
2023-10-01,KOLDA,Sud,D11,Restaurants et hôtels,56,101.93
Novembre 2023,kolda,Sud,D11,Restaurants et hôtels,56,
01/12/2023,kolda,Sud,D11,Restaurants et hôtels,56,99.75
01/01/2024,kolda,Sud,D11,Restaurants et hôtels,56,98.75
Février 2024,Kolda ,Sud,D11,Restaurants et hôtels,56,99.41
01/03/2024,kolda,Sud,D11,Restaurants et hôtels,56,99.64
Avril 2024,KOLDA,Sud,D11,Restaurants et hôtels,56,100.53
2024-05-01,Kolda ,Sud,D11,Restaurants et hôtels,56,101.32
2024-06-01,Kolda ,Sud,D11,Restaurants et hôtels,56,101.44
2024-07-01,kolda,Sud,D11,Restaurants et hôtels,56,101.83
01/08/2024,KOLDA,Sud,D11,Restaurants et hôtels,56,102.0
2024-09-01,Kolda ,Sud,D11,Restaurants et hôtels,56,101.98
01/10/2024,KOLDA,Sud,D11,Restaurants et hôtels,56,102.36
2024-11-01,kolda,Sud,D11,Restaurants et hôtels,56,102.46
2024-12-01,KOLDA,Sud,D11,Restaurants et hôtels,56,100.24
2025-01-01,KOLDA,Sud,D11,Restaurants et hôtels,56,99.88
01/02/2025,KOLDA,Sud,D11,Restaurants et hôtels,56,100.49
2025-03-01,kolda,Sud,D11,Restaurants et hôtels,56,101.29
Avril 2025,Kolda ,Sud,D11,Restaurants et hôtels,56,102.05
01/05/2025,kolda,Sud,D11,Restaurants et hôtels,56,102.97
01/06/2025,Kolda ,Sud,D11,Restaurants et hôtels,56,103.78
Juillet 2025,KOLDA,Sud,D11,Restaurants et hôtels,56,104.28
01/08/2025,Kolda ,Sud,D11,Restaurants et hôtels,56,104.48
2025-09-01,Kolda ,Sud,D11,Restaurants et hôtels,56,104.95
Octobre 2025,KOLDA,Sud,D11,Restaurants et hôtels,56,104.94
Novembre 2025,kolda,Sud,D11,Restaurants et hôtels,56,105.37
01/12/2025,kolda,Sud,D11,Restaurants et hôtels,56,103.24
Janvier 2026,kolda,Sud,D11,Restaurants et hôtels,56,100.18
01/02/2026,kolda,Sud,D11,Restaurants et hôtels,56,101.62
2026-03-01,KOLDA,Sud,D11,Restaurants et hôtels,56,102.78
2026-04-01,KOLDA,Sud,D11,Restaurants et hôtels,56,103.48
Mai 2026,kolda,Sud,D11,Restaurants et hôtels,56,104.09
01/01/2018,kolda,Sud,D12,Biens et services divers,63,82.87
2018-02-01,kolda,Sud,D12,Biens et services divers,63,82.79
01/03/2018,KOLDA,Sud,D12,Biens et services divers,63,83.1
01/04/2018,kolda,Sud,D12,Biens et services divers,63,83.25
Mai 2018,KOLDA,Sud,D12,Biens et services divers,63,83.57
Juin 2018,kolda,Sud,D12,Biens et services divers,63,83.44
2018-07-01,Kolda ,Sud,D12,Biens et services divers,63,83.65
01/08/2018,Kolda ,Sud,D12,Biens et services divers,63,83.91
Septembre 2018,Kolda ,Sud,D12,Biens et services divers,63,83.66
01/10/2018,KOLDA,Sud,D12,Biens et services divers,63,83.47
01/11/2018,Kolda ,Sud,D12,Biens et services divers,63,83.25
Décembre 2018,kolda,Sud,D12,Biens et services divers,63,83.0
Janvier 2019,kolda,Sud,D12,Biens et services divers,63,83.4
Février 2019,KOLDA,Sud,D12,Biens et services divers,63,83.43
2019-03-01,kolda,Sud,D12,Biens et services divers,63,83.92
01/04/2019,kolda,Sud,D12,Biens et services divers,63,84.07
01/05/2019,kolda,Sud,D12,Biens et services divers,63,84.66
Juin 2019,Kolda ,Sud,D12,Biens et services divers,63,84.49
01/07/2019,KOLDA,Sud,D12,Biens et services divers,63,84.85
2019-08-01,kolda,Sud,D12,Biens et services divers,63,84.51
2019-09-01,Kolda ,Sud,D12,Biens et services divers,63,84.51
Octobre 2019,KOLDA,Sud,D12,Biens et services divers,63,84.29
2019-11-01,Kolda ,Sud,D12,Biens et services divers,63,83.7
Décembre 2019,KOLDA,Sud,D12,Biens et services divers,63,83.6
01/01/2020,kolda,Sud,D12,Biens et services divers,63,84.51
2020-02-01,KOLDA,Sud,D12,Biens et services divers,63,84.79
01/03/2020,kolda,Sud,D12,Biens et services divers,63,85.46
01/04/2020,Kolda ,Sud,D12,Biens et services divers,63,85.84
Mai 2020,Kolda ,Sud,D12,Biens et services divers,63,86.36
Juin 2020,KOLDA,Sud,D12,Biens et services divers,63,86.84
Juillet 2020,KOLDA,Sud,D12,Biens et services divers,63,86.64
2020-08-01,Kolda ,Sud,D12,Biens et services divers,63,86.91
2020-09-01,Kolda ,Sud,D12,Biens et services divers,63,86.44
Octobre 2020,kolda,Sud,D12,Biens et services divers,63,86.22
2020-11-01,KOLDA,Sud,D12,Biens et services divers,63,85.92
2020-12-01,KOLDA,Sud,D12,Biens et services divers,63,85.78
2021-01-01,KOLDA,Sud,D12,Biens et services divers,63,86.12
01/02/2021,KOLDA,Sud,D12,Biens et services divers,63,86.18
Mars 2021,Kolda ,Sud,D12,Biens et services divers,63,86.91
2021-04-01,Kolda ,Sud,D12,Biens et services divers,63,87.45
01/05/2021,KOLDA,Sud,D12,Biens et services divers,63,87.79
Juin 2021,Kolda ,Sud,D12,Biens et services divers,63,88.38
01/07/2021,Kolda ,Sud,D12,Biens et services divers,63,88.44
2021-08-01,kolda,Sud,D12,Biens et services divers,63,88.31
2021-09-01,kolda,Sud,D12,Biens et services divers,63,88.45
Octobre 2021,KOLDA,Sud,D12,Biens et services divers,63,88.1
01/11/2021,kolda,Sud,D12,Biens et services divers,63,87.93
Décembre 2021,Kolda ,Sud,D12,Biens et services divers,63,87.82
2022-01-01,Kolda ,Sud,D12,Biens et services divers,63,89.79
Février 2022,kolda,Sud,D12,Biens et services divers,63,90.78
2022-03-01,KOLDA,Sud,D12,Biens et services divers,63,92.1
2022-04-01,kolda,Sud,D12,Biens et services divers,63,
Mai 2022,KOLDA,Sud,D12,Biens et services divers,63,94.93
01/06/2022,KOLDA,Sud,D12,Biens et services divers,63,96.22
Juillet 2022,KOLDA,Sud,D12,Biens et services divers,63,96.92
01/08/2022,Kolda ,Sud,D12,Biens et services divers,63,97.6
Septembre 2022,Kolda ,Sud,D12,Biens et services divers,63,98.12
01/10/2022,kolda,Sud,D12,Biens et services divers,63,98.26
2022-11-01,Kolda ,Sud,D12,Biens et services divers,63,98.69
01/12/2022,kolda,Sud,D12,Biens et services divers,63,97.23
Janvier 2023,KOLDA,Sud,D12,Biens et services divers,63,97.05
Février 2023,kolda,Sud,D12,Biens et services divers,63,97.6
01/03/2023,kolda,Sud,D12,Biens et services divers,63,98.2
Avril 2023,KOLDA,Sud,D12,Biens et services divers,63,99.06
2023-05-01,kolda,Sud,D12,Biens et services divers,63,100.05
2023-06-01,Kolda ,Sud,D12,Biens et services divers,63,100.74
Juillet 2023,Kolda ,Sud,D12,Biens et services divers,63,100.91
2023-08-01,Kolda ,Sud,D12,Biens et services divers,63,101.18
2023-09-01,kolda,Sud,D12,Biens et services divers,63,101.32
2023-10-01,kolda,Sud,D12,Biens et services divers,63,101.74
2023-11-01,Kolda ,Sud,D12,Biens et services divers,63,101.65
01/12/2023,KOLDA,Sud,D12,Biens et services divers,63,99.92
Janvier 2024,KOLDA,Sud,D12,Biens et services divers,63,99.13
01/02/2024,KOLDA,Sud,D12,Biens et services divers,63,99.18
2024-03-01,kolda,Sud,D12,Biens et services divers,63,99.78
Avril 2024,KOLDA,Sud,D12,Biens et services divers,63,100.09
01/05/2024,Kolda ,Sud,D12,Biens et services divers,63,100.77
2024-06-01,KOLDA,Sud,D12,Biens et services divers,63,101.07
01/07/2024,KOLDA,Sud,D12,Biens et services divers,63,101.47
2024-08-01,kolda,Sud,D12,Biens et services divers,63,101.29
Septembre 2024,kolda,Sud,D12,Biens et services divers,63,101.67
01/10/2024,kolda,Sud,D12,Biens et services divers,63,101.98
2024-11-01,Kolda ,Sud,D12,Biens et services divers,63,102.22
Décembre 2024,kolda,Sud,D12,Biens et services divers,63,100.18
2025-01-01,Kolda ,Sud,D12,Biens et services divers,63,99.96
Février 2025,Kolda ,Sud,D12,Biens et services divers,63,100.45
01/03/2025,KOLDA,Sud,D12,Biens et services divers,63,101.26
Avril 2025,KOLDA,Sud,D12,Biens et services divers,63,101.46
01/05/2025,kolda,Sud,D12,Biens et services divers,63,102.24
01/06/2025,KOLDA,Sud,D12,Biens et services divers,63,103.39
01/07/2025,kolda,Sud,D12,Biens et services divers,63,103.3
Août 2025,KOLDA,Sud,D12,Biens et services divers,63,103.28
Septembre 2025,KOLDA,Sud,D12,Biens et services divers,63,
01/10/2025,kolda,Sud,D12,Biens et services divers,63,103.78
Novembre 2025,KOLDA,Sud,D12,Biens et services divers,63,104.5
2025-12-01,kolda,Sud,D12,Biens et services divers,63,102.83
Janvier 2026,KOLDA,Sud,D12,Biens et services divers,63,100.17
01/02/2026,kolda,Sud,D12,Biens et services divers,63,101.07
01/03/2026,Kolda ,Sud,D12,Biens et services divers,63,102.37
Avril 2026,kolda,Sud,D12,Biens et services divers,63,102.46
Mai 2026,kolda,Sud,D12,Biens et services divers,63,103.06
