date,region,produit,division_code,categorie,unite,prix_moyen
Janvier 2018,Dakar ,Riz brisé ordinaire,D01,Alimentaire,kg,"313,3"
2018-02-01,DAKAR,Riz brisé ordinaire,D01,Alimentaire,kg,313.9
01/03/2018,dakar,Riz brisé ordinaire,D01,Alimentaire,kg,324.2
Avril 2018,dakar,Riz brisé ordinaire,D01,Alimentaire,kg,"326,5"
Mai 2018,DAKAR,Riz brisé ordinaire,D01,Alimentaire,kg,344.2
Juin 2018,DAKAR,Riz brisé ordinaire,D01,Alimentaire,kg,346.4
01/07/2018,DAKAR,Riz brisé ordinaire,D01,Alimentaire,kg,"351,4"
Août 2018,DAKAR,Riz brisé ordinaire,D01,Alimentaire,kg,"344,7"
2018-09-01,DAKAR,Riz brisé ordinaire,D01,Alimentaire,kg,337.2
Octobre 2018,dakar,Riz brisé ordinaire,D01,Alimentaire,kg,317.6
2018-11-01,Dakar ,Riz brisé ordinaire,D01,Alimentaire,kg,322.5
Décembre 2018,DAKAR,Riz brisé ordinaire,D01,Alimentaire,kg,"312,8"
01/01/2019,DAKAR,Riz brisé ordinaire,D01,Alimentaire,kg,"316,7"
Février 2019,DAKAR,Riz brisé ordinaire,D01,Alimentaire,kg,328.7
01/03/2019,DAKAR,Riz brisé ordinaire,D01,Alimentaire,kg,324.9
Avril 2019,dakar,Riz brisé ordinaire,D01,Alimentaire,kg,347.9
Mai 2019,dakar,Riz brisé ordinaire,D01,Alimentaire,kg,356.9
Juin 2019,dakar,Riz brisé ordinaire,D01,Alimentaire,kg,357.1
2019-07-01,Dakar ,Riz brisé ordinaire,D01,Alimentaire,kg,"345,2"
01/08/2019,dakar,Riz brisé ordinaire,D01,Alimentaire,kg,332.6
01/09/2019,dakar,Riz brisé ordinaire,D01,Alimentaire,kg,347.5
2019-10-01,Dakar ,Riz brisé ordinaire,D01,Alimentaire,kg,331.9
2019-11-01,DAKAR,Riz brisé ordinaire,D01,Alimentaire,kg,318.5
2019-12-01,DAKAR,Riz brisé ordinaire,D01,Alimentaire,kg,326.2
Janvier 2020,DAKAR,Riz brisé ordinaire,D01,Alimentaire,kg,318.3
01/02/2020,DAKAR,Riz brisé ordinaire,D01,Alimentaire,kg,"326,5"
Mars 2020,Dakar ,Riz brisé ordinaire,D01,Alimentaire,kg,"341,8"
Avril 2020,Dakar ,Riz brisé ordinaire,D01,Alimentaire,kg,341.0
2020-05-01,dakar,Riz brisé ordinaire,D01,Alimentaire,kg,"357,5"
Juin 2020,DAKAR,Riz brisé ordinaire,D01,Alimentaire,kg,372.5
2020-07-01,Dakar ,Riz brisé ordinaire,D01,Alimentaire,kg,"366,7"
01/08/2020,Dakar ,Riz brisé ordinaire,D01,Alimentaire,kg,369.3
Septembre 2020,dakar,Riz brisé ordinaire,D01,Alimentaire,kg,359.9
2020-10-01,Dakar ,Riz brisé ordinaire,D01,Alimentaire,kg,342.4
Novembre 2020,dakar,Riz brisé ordinaire,D01,Alimentaire,kg,318.3
01/12/2020,dakar,Riz brisé ordinaire,D01,Alimentaire,kg,"321,6"
2021-01-01,dakar,Riz brisé ordinaire,D01,Alimentaire,kg,336.8
Février 2021,DAKAR,Riz brisé ordinaire,D01,Alimentaire,kg,326.9
2021-03-01,DAKAR,Riz brisé ordinaire,D01,Alimentaire,kg,344.3
01/04/2021,dakar,Riz brisé ordinaire,D01,Alimentaire,kg,359.8
01/05/2021,Dakar ,Riz brisé ordinaire,D01,Alimentaire,kg,378.0
2021-06-01,Dakar ,Riz brisé ordinaire,D01,Alimentaire,kg,369.4
01/07/2021,DAKAR,Riz brisé ordinaire,D01,Alimentaire,kg,369.6
01/08/2021,DAKAR,Riz brisé ordinaire,D01,Alimentaire,kg,369.8
2021-09-01,dakar,Riz brisé ordinaire,D01,Alimentaire,kg,365.0
01/10/2021,Dakar ,Riz brisé ordinaire,D01,Alimentaire,kg,352.2
2021-11-01,dakar,Riz brisé ordinaire,D01,Alimentaire,kg,"352,7"
01/12/2021,Dakar ,Riz brisé ordinaire,D01,Alimentaire,kg,335.5
2022-01-01,Dakar ,Riz brisé ordinaire,D01,Alimentaire,kg,351.0
Février 2022,Dakar ,Riz brisé ordinaire,D01,Alimentaire,kg,363.7
Mars 2022,dakar,Riz brisé ordinaire,D01,Alimentaire,kg,371.9
Avril 2022,DAKAR,Riz brisé ordinaire,D01,Alimentaire,kg,"397,9"
Mai 2022,DAKAR,Riz brisé ordinaire,D01,Alimentaire,kg,408.2
2022-06-01,Dakar ,Riz brisé ordinaire,D01,Alimentaire,kg,"424,9"
01/07/2022,DAKAR,Riz brisé ordinaire,D01,Alimentaire,kg,"424,6"
2022-08-01,Dakar ,Riz brisé ordinaire,D01,Alimentaire,kg,425.3
2022-09-01,dakar,Riz brisé ordinaire,D01,Alimentaire,kg,"411,7"
01/10/2022,DAKAR,Riz brisé ordinaire,D01,Alimentaire,kg,404.9
01/11/2022,Dakar ,Riz brisé ordinaire,D01,Alimentaire,kg,413.8
2022-12-01,Dakar ,Riz brisé ordinaire,D01,Alimentaire,kg,395.9
2023-01-01,dakar,Riz brisé ordinaire,D01,Alimentaire,kg,382.7
01/02/2023,DAKAR,Riz brisé ordinaire,D01,Alimentaire,kg,400.1
2023-03-01,dakar,Riz brisé ordinaire,D01,Alimentaire,kg,391.4
2023-04-01,Dakar ,Riz brisé ordinaire,D01,Alimentaire,kg,420.0
01/05/2023,DAKAR,Riz brisé ordinaire,D01,Alimentaire,kg,446.6
2023-06-01,DAKAR,Riz brisé ordinaire,D01,Alimentaire,kg,445.8
Juillet 2023,Dakar ,Riz brisé ordinaire,D01,Alimentaire,kg,449.5
Août 2023,DAKAR,Riz brisé ordinaire,D01,Alimentaire,kg,417.4
Septembre 2023,DAKAR,Riz brisé ordinaire,D01,Alimentaire,kg,433.5
2023-10-01,Dakar ,Riz brisé ordinaire,D01,Alimentaire,kg,431.0
01/11/2023,dakar,Riz brisé ordinaire,D01,Alimentaire,kg,424.1
Décembre 2023,DAKAR,Riz brisé ordinaire,D01,Alimentaire,kg,413.0
01/01/2024,DAKAR,Riz brisé ordinaire,D01,Alimentaire,kg,399.9
2024-02-01,DAKAR,Riz brisé ordinaire,D01,Alimentaire,kg,406.6
Mars 2024,DAKAR,Riz brisé ordinaire,D01,Alimentaire,kg,407.4
2024-04-01,DAKAR,Riz brisé ordinaire,D01,Alimentaire,kg,429.2
Mai 2024,dakar,Riz brisé ordinaire,D01,Alimentaire,kg,431.2
2024-06-01,Dakar ,Riz brisé ordinaire,D01,Alimentaire,kg,432.9
Juillet 2024,dakar,Riz brisé ordinaire,D01,Alimentaire,kg,441.0
2024-08-01,DAKAR,Riz brisé ordinaire,D01,Alimentaire,kg,459.7
Septembre 2024,Dakar ,Riz brisé ordinaire,D01,Alimentaire,kg,436.2
01/10/2024,dakar,Riz brisé ordinaire,D01,Alimentaire,kg,431.8
2024-11-01,Dakar ,Riz brisé ordinaire,D01,Alimentaire,kg,418.1
Décembre 2024,dakar,Riz brisé ordinaire,D01,Alimentaire,kg,393.3
Janvier 2025,dakar,Riz brisé ordinaire,D01,Alimentaire,kg,414.0
Février 2025,dakar,Riz brisé ordinaire,D01,Alimentaire,kg,395.9
01/03/2025,DAKAR,Riz brisé ordinaire,D01,Alimentaire,kg,421.0
2025-04-01,dakar,Riz brisé ordinaire,D01,Alimentaire,kg,"438,9"
2025-05-01,dakar,Riz brisé ordinaire,D01,Alimentaire,kg,454.2
2025-06-01,DAKAR,Riz brisé ordinaire,D01,Alimentaire,kg,453.9
2025-07-01,Dakar ,Riz brisé ordinaire,D01,Alimentaire,kg,445.8
2025-08-01,Dakar ,Riz brisé ordinaire,D01,Alimentaire,kg,451.6
01/09/2025,dakar,Riz brisé ordinaire,D01,Alimentaire,kg,445.2
Octobre 2025,Dakar ,Riz brisé ordinaire,D01,Alimentaire,kg,436.8
01/11/2025,DAKAR,Riz brisé ordinaire,D01,Alimentaire,kg,"444,7"
2025-12-01,Dakar ,Riz brisé ordinaire,D01,Alimentaire,kg,411.3
01/01/2026,Dakar ,Riz brisé ordinaire,D01,Alimentaire,kg,410.8
2026-02-01,Dakar ,Riz brisé ordinaire,D01,Alimentaire,kg,"419,3"
01/03/2026,dakar,Riz brisé ordinaire,D01,Alimentaire,kg,"441,1"
Avril 2026,Dakar ,Riz brisé ordinaire,D01,Alimentaire,kg,444.5
2026-05-01,dakar,Riz brisé ordinaire,D01,Alimentaire,kg,464.9
Janvier 2018,Thiès ,Riz brisé ordinaire,D01,Alimentaire,kg,295.9
2018-02-01,thiès,Riz brisé ordinaire,D01,Alimentaire,kg,303.3
Mars 2018,thiès,Riz brisé ordinaire,D01,Alimentaire,kg,298.4
2018-04-01,THIÈS,Riz brisé ordinaire,D01,Alimentaire,kg,
2018-05-01,Thiès ,Riz brisé ordinaire,D01,Alimentaire,kg,325.8
01/06/2018,THIÈS,Riz brisé ordinaire,D01,Alimentaire,kg,330.6
01/07/2018,THIÈS,Riz brisé ordinaire,D01,Alimentaire,kg,331.0
01/08/2018,THIÈS,Riz brisé ordinaire,D01,Alimentaire,kg,320.5
2018-09-01,THIÈS,Riz brisé ordinaire,D01,Alimentaire,kg,326.2
Octobre 2018,THIÈS,Riz brisé ordinaire,D01,Alimentaire,kg,305.7
Novembre 2018,thiès,Riz brisé ordinaire,D01,Alimentaire,kg,303.8
Décembre 2018,THIÈS,Riz brisé ordinaire,D01,Alimentaire,kg,300.6
Janvier 2019,thiès,Riz brisé ordinaire,D01,Alimentaire,kg,"310,1"
Février 2019,thiès,Riz brisé ordinaire,D01,Alimentaire,kg,301.8
2019-03-01,thiès,Riz brisé ordinaire,D01,Alimentaire,kg,306.9
01/04/2019,THIÈS,Riz brisé ordinaire,D01,Alimentaire,kg,310.0
Mai 2019,thiès,Riz brisé ordinaire,D01,Alimentaire,kg,337.4
2019-06-01,THIÈS,Riz brisé ordinaire,D01,Alimentaire,kg,"334,7"
01/07/2019,thiès,Riz brisé ordinaire,D01,Alimentaire,kg,335.2
2019-08-01,THIÈS,Riz brisé ordinaire,D01,Alimentaire,kg,348.6
Septembre 2019,Thiès ,Riz brisé ordinaire,D01,Alimentaire,kg,323.0
Octobre 2019,Thiès ,Riz brisé ordinaire,D01,Alimentaire,kg,304.3
2019-11-01,thiès,Riz brisé ordinaire,D01,Alimentaire,kg,303.8
Décembre 2019,thiès,Riz brisé ordinaire,D01,Alimentaire,kg,294.8
01/01/2020,THIÈS,Riz brisé ordinaire,D01,Alimentaire,kg,303.1
Février 2020,Thiès ,Riz brisé ordinaire,D01,Alimentaire,kg,308.2
2020-03-01,Thiès ,Riz brisé ordinaire,D01,Alimentaire,kg,315.3
2020-04-01,thiès,Riz brisé ordinaire,D01,Alimentaire,kg,319.8
Mai 2020,thiès,Riz brisé ordinaire,D01,Alimentaire,kg,348.7
Juin 2020,THIÈS,Riz brisé ordinaire,D01,Alimentaire,kg,345.9
2020-07-01,Thiès ,Riz brisé ordinaire,D01,Alimentaire,kg,342.9
2020-08-01,thiès,Riz brisé ordinaire,D01,Alimentaire,kg,345.1
01/09/2020,THIÈS,Riz brisé ordinaire,D01,Alimentaire,kg,
2020-10-01,Thiès ,Riz brisé ordinaire,D01,Alimentaire,kg,324.7
Novembre 2020,THIÈS,Riz brisé ordinaire,D01,Alimentaire,kg,319.4
Décembre 2020,thiès,Riz brisé ordinaire,D01,Alimentaire,kg,311.1
Janvier 2021,Thiès ,Riz brisé ordinaire,D01,Alimentaire,kg,317.1
01/02/2021,Thiès ,Riz brisé ordinaire,D01,Alimentaire,kg,323.0
01/03/2021,THIÈS,Riz brisé ordinaire,D01,Alimentaire,kg,328.0
01/04/2021,thiès,Riz brisé ordinaire,D01,Alimentaire,kg,"335,6"
Mai 2021,Thiès ,Riz brisé ordinaire,D01,Alimentaire,kg,"357,0"
01/06/2021,thiès,Riz brisé ordinaire,D01,Alimentaire,kg,"349,2"
01/07/2021,THIÈS,Riz brisé ordinaire,D01,Alimentaire,kg,355.9
01/08/2021,Thiès ,Riz brisé ordinaire,D01,Alimentaire,kg,352.2
01/09/2021,thiès,Riz brisé ordinaire,D01,Alimentaire,kg,337.8
Octobre 2021,Thiès ,Riz brisé ordinaire,D01,Alimentaire,kg,327.9
01/11/2021,Thiès ,Riz brisé ordinaire,D01,Alimentaire,kg,323.5
Décembre 2021,Thiès ,Riz brisé ordinaire,D01,Alimentaire,kg,318.4
2022-01-01,thiès,Riz brisé ordinaire,D01,Alimentaire,kg,320.7
01/02/2022,Thiès ,Riz brisé ordinaire,D01,Alimentaire,kg,335.7
01/03/2022,THIÈS,Riz brisé ordinaire,D01,Alimentaire,kg,355.6
Avril 2022,Thiès ,Riz brisé ordinaire,D01,Alimentaire,kg,378.6
2022-05-01,Thiès ,Riz brisé ordinaire,D01,Alimentaire,kg,388.2
2022-06-01,Thiès ,Riz brisé ordinaire,D01,Alimentaire,kg,374.1
01/07/2022,THIÈS,Riz brisé ordinaire,D01,Alimentaire,kg,404.1
Août 2022,thiès,Riz brisé ordinaire,D01,Alimentaire,kg,"393,8"
01/09/2022,THIÈS,Riz brisé ordinaire,D01,Alimentaire,kg,397.0
01/10/2022,Thiès ,Riz brisé ordinaire,D01,Alimentaire,kg,386.7
2022-11-01,thiès,Riz brisé ordinaire,D01,Alimentaire,kg,379.6
Décembre 2022,thiès,Riz brisé ordinaire,D01,Alimentaire,kg,"368,0"
Janvier 2023,thiès,Riz brisé ordinaire,D01,Alimentaire,kg,"368,4"
2023-02-01,THIÈS,Riz brisé ordinaire,D01,Alimentaire,kg,386.2
Mars 2023,thiès,Riz brisé ordinaire,D01,Alimentaire,kg,387.5
2023-04-01,thiès,Riz brisé ordinaire,D01,Alimentaire,kg,"409,6"
01/05/2023,thiès,Riz brisé ordinaire,D01,Alimentaire,kg,421.1
Juin 2023,thiès,Riz brisé ordinaire,D01,Alimentaire,kg,427.2
Juillet 2023,thiès,Riz brisé ordinaire,D01,Alimentaire,kg,"408,0"
2023-08-01,thiès,Riz brisé ordinaire,D01,Alimentaire,kg,"428,4"
2023-09-01,thiès,Riz brisé ordinaire,D01,Alimentaire,kg,"408,4"
Octobre 2023,Thiès ,Riz brisé ordinaire,D01,Alimentaire,kg,409.6
2023-11-01,Thiès ,Riz brisé ordinaire,D01,Alimentaire,kg,388.7
Décembre 2023,thiès,Riz brisé ordinaire,D01,Alimentaire,kg,"373,2"
2024-01-01,THIÈS,Riz brisé ordinaire,D01,Alimentaire,kg,393.8
2024-02-01,Thiès ,Riz brisé ordinaire,D01,Alimentaire,kg,377.5
01/03/2024,Thiès ,Riz brisé ordinaire,D01,Alimentaire,kg,403.9
Avril 2024,Thiès ,Riz brisé ordinaire,D01,Alimentaire,kg,407.5
2024-05-01,thiès,Riz brisé ordinaire,D01,Alimentaire,kg,413.8
Juin 2024,thiès,Riz brisé ordinaire,D01,Alimentaire,kg,423.7
Juillet 2024,thiès,Riz brisé ordinaire,D01,Alimentaire,kg,"414,2"
2024-08-01,Thiès ,Riz brisé ordinaire,D01,Alimentaire,kg,420.9
2024-09-01,Thiès ,Riz brisé ordinaire,D01,Alimentaire,kg,404.8
01/10/2024,thiès,Riz brisé ordinaire,D01,Alimentaire,kg,402.4
01/11/2024,thiès,Riz brisé ordinaire,D01,Alimentaire,kg,405.9
2024-12-01,THIÈS,Riz brisé ordinaire,D01,Alimentaire,kg,"386,8"
01/01/2025,thiès,Riz brisé ordinaire,D01,Alimentaire,kg,372.0
Février 2025,thiès,Riz brisé ordinaire,D01,Alimentaire,kg,
2025-03-01,Thiès ,Riz brisé ordinaire,D01,Alimentaire,kg,"401,6"
2025-04-01,THIÈS,Riz brisé ordinaire,D01,Alimentaire,kg,
Mai 2025,Thiès ,Riz brisé ordinaire,D01,Alimentaire,kg,432.9
01/06/2025,Thiès ,Riz brisé ordinaire,D01,Alimentaire,kg,433.1
Juillet 2025,thiès,Riz brisé ordinaire,D01,Alimentaire,kg,426.4
01/08/2025,Thiès ,Riz brisé ordinaire,D01,Alimentaire,kg,449.0
Septembre 2025,Thiès ,Riz brisé ordinaire,D01,Alimentaire,kg,426.3
Octobre 2025,THIÈS,Riz brisé ordinaire,D01,Alimentaire,kg,417.9
01/11/2025,thiès,Riz brisé ordinaire,D01,Alimentaire,kg,"408,3"
01/12/2025,Thiès ,Riz brisé ordinaire,D01,Alimentaire,kg,407.1
01/01/2026,Thiès ,Riz brisé ordinaire,D01,Alimentaire,kg,381.2
2026-02-01,THIÈS,Riz brisé ordinaire,D01,Alimentaire,kg,382.2
01/03/2026,THIÈS,Riz brisé ordinaire,D01,Alimentaire,kg,402.8
01/04/2026,Thiès ,Riz brisé ordinaire,D01,Alimentaire,kg,431.6
Mai 2026,THIÈS,Riz brisé ordinaire,D01,Alimentaire,kg,438.9
Janvier 2018,Saint-Louis ,Riz brisé ordinaire,D01,Alimentaire,kg,290.9
01/02/2018,saint-louis,Riz brisé ordinaire,D01,Alimentaire,kg,"304,3"
Mars 2018,Saint-Louis ,Riz brisé ordinaire,D01,Alimentaire,kg,307.6
01/04/2018,SAINT-LOUIS,Riz brisé ordinaire,D01,Alimentaire,kg,309.6
01/05/2018,saint-louis,Riz brisé ordinaire,D01,Alimentaire,kg,317.5
2018-06-01,Saint-Louis ,Riz brisé ordinaire,D01,Alimentaire,kg,325.0
2018-07-01,SAINT-LOUIS,Riz brisé ordinaire,D01,Alimentaire,kg,"317,6"
Août 2018,SAINT-LOUIS,Riz brisé ordinaire,D01,Alimentaire,kg,319.1
2018-09-01,saint-louis,Riz brisé ordinaire,D01,Alimentaire,kg,314.0
2018-10-01,SAINT-LOUIS,Riz brisé ordinaire,D01,Alimentaire,kg,"293,6"
2018-11-01,Saint-Louis ,Riz brisé ordinaire,D01,Alimentaire,kg,295.7
Décembre 2018,Saint-Louis ,Riz brisé ordinaire,D01,Alimentaire,kg,290.9
2019-01-01,Saint-Louis ,Riz brisé ordinaire,D01,Alimentaire,kg,301.3
2019-02-01,saint-louis,Riz brisé ordinaire,D01,Alimentaire,kg,288.2
01/03/2019,saint-louis,Riz brisé ordinaire,D01,Alimentaire,kg,304.0
01/04/2019,Saint-Louis ,Riz brisé ordinaire,D01,Alimentaire,kg,311.8
Mai 2019,SAINT-LOUIS,Riz brisé ordinaire,D01,Alimentaire,kg,328.5
2019-06-01,SAINT-LOUIS,Riz brisé ordinaire,D01,Alimentaire,kg,"326,6"
01/07/2019,Saint-Louis ,Riz brisé ordinaire,D01,Alimentaire,kg,"339,0"
2019-08-01,SAINT-LOUIS,Riz brisé ordinaire,D01,Alimentaire,kg,
2019-09-01,SAINT-LOUIS,Riz brisé ordinaire,D01,Alimentaire,kg,313.5
2019-10-01,SAINT-LOUIS,Riz brisé ordinaire,D01,Alimentaire,kg,309.2
2019-11-01,SAINT-LOUIS,Riz brisé ordinaire,D01,Alimentaire,kg,298.3
Décembre 2019,saint-louis,Riz brisé ordinaire,D01,Alimentaire,kg,"301,3"
Janvier 2020,saint-louis,Riz brisé ordinaire,D01,Alimentaire,kg,292.9
2020-02-01,SAINT-LOUIS,Riz brisé ordinaire,D01,Alimentaire,kg,301.0
01/03/2020,Saint-Louis ,Riz brisé ordinaire,D01,Alimentaire,kg,317.2
2020-04-01,Saint-Louis ,Riz brisé ordinaire,D01,Alimentaire,kg,332.0
Mai 2020,saint-louis,Riz brisé ordinaire,D01,Alimentaire,kg,"318,2"
2020-06-01,SAINT-LOUIS,Riz brisé ordinaire,D01,Alimentaire,kg,348.0
01/07/2020,saint-louis,Riz brisé ordinaire,D01,Alimentaire,kg,338.3
2020-08-01,Saint-Louis ,Riz brisé ordinaire,D01,Alimentaire,kg,322.2
01/09/2020,SAINT-LOUIS,Riz brisé ordinaire,D01,Alimentaire,kg,307.4
Octobre 2020,saint-louis,Riz brisé ordinaire,D01,Alimentaire,kg,308.4
01/11/2020,saint-louis,Riz brisé ordinaire,D01,Alimentaire,kg,310.2
01/12/2020,Saint-Louis ,Riz brisé ordinaire,D01,Alimentaire,kg,305.2
Janvier 2021,Saint-Louis ,Riz brisé ordinaire,D01,Alimentaire,kg,"312,1"
Février 2021,SAINT-LOUIS,Riz brisé ordinaire,D01,Alimentaire,kg,310.0
2021-03-01,SAINT-LOUIS,Riz brisé ordinaire,D01,Alimentaire,kg,314.9
01/04/2021,SAINT-LOUIS,Riz brisé ordinaire,D01,Alimentaire,kg,329.3
01/05/2021,SAINT-LOUIS,Riz brisé ordinaire,D01,Alimentaire,kg,341.4
01/06/2021,saint-louis,Riz brisé ordinaire,D01,Alimentaire,kg,348.8
01/07/2021,Saint-Louis ,Riz brisé ordinaire,D01,Alimentaire,kg,342.4
Août 2021,saint-louis,Riz brisé ordinaire,D01,Alimentaire,kg,350.2
Septembre 2021,Saint-Louis ,Riz brisé ordinaire,D01,Alimentaire,kg,332.6
2021-10-01,saint-louis,Riz brisé ordinaire,D01,Alimentaire,kg,322.6
Novembre 2021,Saint-Louis ,Riz brisé ordinaire,D01,Alimentaire,kg,317.5
Décembre 2021,SAINT-LOUIS,Riz brisé ordinaire,D01,Alimentaire,kg,323.6
01/01/2022,Saint-Louis ,Riz brisé ordinaire,D01,Alimentaire,kg,324.5
01/02/2022,SAINT-LOUIS,Riz brisé ordinaire,D01,Alimentaire,kg,330.3
2022-03-01,SAINT-LOUIS,Riz brisé ordinaire,D01,Alimentaire,kg,354.9
01/04/2022,Saint-Louis ,Riz brisé ordinaire,D01,Alimentaire,kg,379.3
2022-05-01,SAINT-LOUIS,Riz brisé ordinaire,D01,Alimentaire,kg,379.8
Juin 2022,SAINT-LOUIS,Riz brisé ordinaire,D01,Alimentaire,kg,"398,3"
2022-07-01,saint-louis,Riz brisé ordinaire,D01,Alimentaire,kg,401.2
01/08/2022,SAINT-LOUIS,Riz brisé ordinaire,D01,Alimentaire,kg,387.5
01/09/2022,Saint-Louis ,Riz brisé ordinaire,D01,Alimentaire,kg,387.7
Octobre 2022,saint-louis,Riz brisé ordinaire,D01,Alimentaire,kg,
Novembre 2022,saint-louis,Riz brisé ordinaire,D01,Alimentaire,kg,373.8
Décembre 2022,SAINT-LOUIS,Riz brisé ordinaire,D01,Alimentaire,kg,358.7
2023-01-01,Saint-Louis ,Riz brisé ordinaire,D01,Alimentaire,kg,"360,1"
2023-02-01,saint-louis,Riz brisé ordinaire,D01,Alimentaire,kg,364.9
01/03/2023,Saint-Louis ,Riz brisé ordinaire,D01,Alimentaire,kg,379.6
01/04/2023,saint-louis,Riz brisé ordinaire,D01,Alimentaire,kg,399.1
2023-05-01,Saint-Louis ,Riz brisé ordinaire,D01,Alimentaire,kg,406.2
Juin 2023,saint-louis,Riz brisé ordinaire,D01,Alimentaire,kg,399.8
2023-07-01,Saint-Louis ,Riz brisé ordinaire,D01,Alimentaire,kg,410.5
2023-08-01,Saint-Louis ,Riz brisé ordinaire,D01,Alimentaire,kg,400.2
Septembre 2023,SAINT-LOUIS,Riz brisé ordinaire,D01,Alimentaire,kg,408.0
Octobre 2023,SAINT-LOUIS,Riz brisé ordinaire,D01,Alimentaire,kg,401.8
01/11/2023,Saint-Louis ,Riz brisé ordinaire,D01,Alimentaire,kg,392.4
2023-12-01,SAINT-LOUIS,Riz brisé ordinaire,D01,Alimentaire,kg,"370,6"
2024-01-01,SAINT-LOUIS,Riz brisé ordinaire,D01,Alimentaire,kg,375.0
2024-02-01,Saint-Louis ,Riz brisé ordinaire,D01,Alimentaire,kg,375.5
01/03/2024,saint-louis,Riz brisé ordinaire,D01,Alimentaire,kg,380.1
01/04/2024,SAINT-LOUIS,Riz brisé ordinaire,D01,Alimentaire,kg,406.4
01/05/2024,SAINT-LOUIS,Riz brisé ordinaire,D01,Alimentaire,kg,"417,8"
Juin 2024,SAINT-LOUIS,Riz brisé ordinaire,D01,Alimentaire,kg,425.7
Juillet 2024,Saint-Louis ,Riz brisé ordinaire,D01,Alimentaire,kg,413.8
Août 2024,saint-louis,Riz brisé ordinaire,D01,Alimentaire,kg,424.4
2024-09-01,Saint-Louis ,Riz brisé ordinaire,D01,Alimentaire,kg,"403,5"
01/10/2024,Saint-Louis ,Riz brisé ordinaire,D01,Alimentaire,kg,404.7
2024-11-01,SAINT-LOUIS,Riz brisé ordinaire,D01,Alimentaire,kg,388.6
2024-12-01,SAINT-LOUIS,Riz brisé ordinaire,D01,Alimentaire,kg,377.4
Janvier 2025,Saint-Louis ,Riz brisé ordinaire,D01,Alimentaire,kg,"359,4"
01/02/2025,Saint-Louis ,Riz brisé ordinaire,D01,Alimentaire,kg,382.3
Mars 2025,SAINT-LOUIS,Riz brisé ordinaire,D01,Alimentaire,kg,396.3
2025-04-01,SAINT-LOUIS,Riz brisé ordinaire,D01,Alimentaire,kg,405.0
Mai 2025,Saint-Louis ,Riz brisé ordinaire,D01,Alimentaire,kg,434.9
2025-06-01,Saint-Louis ,Riz brisé ordinaire,D01,Alimentaire,kg,418.0
2025-07-01,Saint-Louis ,Riz brisé ordinaire,D01,Alimentaire,kg,425.2
2025-08-01,SAINT-LOUIS,Riz brisé ordinaire,D01,Alimentaire,kg,"418,8"
2025-09-01,Saint-Louis ,Riz brisé ordinaire,D01,Alimentaire,kg,415.3
01/10/2025,Saint-Louis ,Riz brisé ordinaire,D01,Alimentaire,kg,420.8
2025-11-01,saint-louis,Riz brisé ordinaire,D01,Alimentaire,kg,417.4
2025-12-01,saint-louis,Riz brisé ordinaire,D01,Alimentaire,kg,386.3
Janvier 2026,Saint-Louis ,Riz brisé ordinaire,D01,Alimentaire,kg,"374,0"
2026-02-01,Saint-Louis ,Riz brisé ordinaire,D01,Alimentaire,kg,379.4
01/03/2026,Saint-Louis ,Riz brisé ordinaire,D01,Alimentaire,kg,412.7
Avril 2026,saint-louis,Riz brisé ordinaire,D01,Alimentaire,kg,423.5
01/05/2026,SAINT-LOUIS,Riz brisé ordinaire,D01,Alimentaire,kg,424.3
2018-01-01,Diourbel ,Riz brisé ordinaire,D01,Alimentaire,kg,279.9
2018-02-01,DIOURBEL,Riz brisé ordinaire,D01,Alimentaire,kg,284.0
Mars 2018,Diourbel ,Riz brisé ordinaire,D01,Alimentaire,kg,299.4
Avril 2018,diourbel,Riz brisé ordinaire,D01,Alimentaire,kg,309.9
01/05/2018,diourbel,Riz brisé ordinaire,D01,Alimentaire,kg,300.7
Juin 2018,DIOURBEL,Riz brisé ordinaire,D01,Alimentaire,kg,315.9
2018-07-01,DIOURBEL,Riz brisé ordinaire,D01,Alimentaire,kg,328.3
2018-08-01,diourbel,Riz brisé ordinaire,D01,Alimentaire,kg,312.8
Septembre 2018,DIOURBEL,Riz brisé ordinaire,D01,Alimentaire,kg,
Octobre 2018,Diourbel ,Riz brisé ordinaire,D01,Alimentaire,kg,303.1
01/11/2018,Diourbel ,Riz brisé ordinaire,D01,Alimentaire,kg,285.9
01/12/2018,DIOURBEL,Riz brisé ordinaire,D01,Alimentaire,kg,286.5
Janvier 2019,Diourbel ,Riz brisé ordinaire,D01,Alimentaire,kg,290.0
01/02/2019,DIOURBEL,Riz brisé ordinaire,D01,Alimentaire,kg,289.0
01/03/2019,DIOURBEL,Riz brisé ordinaire,D01,Alimentaire,kg,295.8
01/04/2019,Diourbel ,Riz brisé ordinaire,D01,Alimentaire,kg,319.4
01/05/2019,DIOURBEL,Riz brisé ordinaire,D01,Alimentaire,kg,311.2
01/06/2019,diourbel,Riz brisé ordinaire,D01,Alimentaire,kg,328.9
01/07/2019,DIOURBEL,Riz brisé ordinaire,D01,Alimentaire,kg,319.4
Août 2019,DIOURBEL,Riz brisé ordinaire,D01,Alimentaire,kg,318.1
01/09/2019,DIOURBEL,Riz brisé ordinaire,D01,Alimentaire,kg,314.7
2019-10-01,diourbel,Riz brisé ordinaire,D01,Alimentaire,kg,299.4
01/11/2019,DIOURBEL,Riz brisé ordinaire,D01,Alimentaire,kg,299.3
01/12/2019,DIOURBEL,Riz brisé ordinaire,D01,Alimentaire,kg,279.7
2020-01-01,Diourbel ,Riz brisé ordinaire,D01,Alimentaire,kg,299.0
2020-02-01,DIOURBEL,Riz brisé ordinaire,D01,Alimentaire,kg,286.5
2020-03-01,DIOURBEL,Riz brisé ordinaire,D01,Alimentaire,kg,308.1
2020-04-01,DIOURBEL,Riz brisé ordinaire,D01,Alimentaire,kg,324.6
2020-05-01,Diourbel ,Riz brisé ordinaire,D01,Alimentaire,kg,331.9
Juin 2020,diourbel,Riz brisé ordinaire,D01,Alimentaire,kg,324.9
Juillet 2020,Diourbel ,Riz brisé ordinaire,D01,Alimentaire,kg,326.3
2020-08-01,Diourbel ,Riz brisé ordinaire,D01,Alimentaire,kg,325.2
01/09/2020,DIOURBEL,Riz brisé ordinaire,D01,Alimentaire,kg,323.3
2020-10-01,Diourbel ,Riz brisé ordinaire,D01,Alimentaire,kg,300.5
Novembre 2020,diourbel,Riz brisé ordinaire,D01,Alimentaire,kg,
01/12/2020,diourbel,Riz brisé ordinaire,D01,Alimentaire,kg,302.8
2021-01-01,diourbel,Riz brisé ordinaire,D01,Alimentaire,kg,301.8
01/02/2021,Diourbel ,Riz brisé ordinaire,D01,Alimentaire,kg,311.9
01/03/2021,DIOURBEL,Riz brisé ordinaire,D01,Alimentaire,kg,318.5
2021-04-01,DIOURBEL,Riz brisé ordinaire,D01,Alimentaire,kg,323.5
2021-05-01,Diourbel ,Riz brisé ordinaire,D01,Alimentaire,kg,323.0
2021-06-01,Diourbel ,Riz brisé ordinaire,D01,Alimentaire,kg,342.9
Juillet 2021,diourbel,Riz brisé ordinaire,D01,Alimentaire,kg,336.1
Août 2021,DIOURBEL,Riz brisé ordinaire,D01,Alimentaire,kg,334.9
Septembre 2021,DIOURBEL,Riz brisé ordinaire,D01,Alimentaire,kg,334.9
01/10/2021,diourbel,Riz brisé ordinaire,D01,Alimentaire,kg,332.5
01/11/2021,Diourbel ,Riz brisé ordinaire,D01,Alimentaire,kg,315.8
2021-12-01,diourbel,Riz brisé ordinaire,D01,Alimentaire,kg,315.4
01/01/2022,DIOURBEL,Riz brisé ordinaire,D01,Alimentaire,kg,311.1
2022-02-01,diourbel,Riz brisé ordinaire,D01,Alimentaire,kg,"331,5"
Mars 2022,DIOURBEL,Riz brisé ordinaire,D01,Alimentaire,kg,342.7
Avril 2022,diourbel,Riz brisé ordinaire,D01,Alimentaire,kg,"366,9"
2022-05-01,Diourbel ,Riz brisé ordinaire,D01,Alimentaire,kg,"368,4"
Juin 2022,diourbel,Riz brisé ordinaire,D01,Alimentaire,kg,380.9
01/07/2022,DIOURBEL,Riz brisé ordinaire,D01,Alimentaire,kg,395.2
01/08/2022,DIOURBEL,Riz brisé ordinaire,D01,Alimentaire,kg,385.6
Septembre 2022,DIOURBEL,Riz brisé ordinaire,D01,Alimentaire,kg,373.1
Octobre 2022,diourbel,Riz brisé ordinaire,D01,Alimentaire,kg,394.4
2022-11-01,DIOURBEL,Riz brisé ordinaire,D01,Alimentaire,kg,"361,6"
Décembre 2022,Diourbel ,Riz brisé ordinaire,D01,Alimentaire,kg,"357,3"
01/01/2023,DIOURBEL,Riz brisé ordinaire,D01,Alimentaire,kg,360.0
2023-02-01,DIOURBEL,Riz brisé ordinaire,D01,Alimentaire,kg,366.8
Mars 2023,diourbel,Riz brisé ordinaire,D01,Alimentaire,kg,374.5
01/04/2023,Diourbel ,Riz brisé ordinaire,D01,Alimentaire,kg,387.4
2023-05-01,Diourbel ,Riz brisé ordinaire,D01,Alimentaire,kg,399.0
2023-06-01,Diourbel ,Riz brisé ordinaire,D01,Alimentaire,kg,399.8
2023-07-01,diourbel,Riz brisé ordinaire,D01,Alimentaire,kg,"428,1"
2023-08-01,diourbel,Riz brisé ordinaire,D01,Alimentaire,kg,404.7
01/09/2023,diourbel,Riz brisé ordinaire,D01,Alimentaire,kg,"404,6"
01/10/2023,DIOURBEL,Riz brisé ordinaire,D01,Alimentaire,kg,389.1
Novembre 2023,DIOURBEL,Riz brisé ordinaire,D01,Alimentaire,kg,381.7
2023-12-01,Diourbel ,Riz brisé ordinaire,D01,Alimentaire,kg,367.4
01/01/2024,diourbel,Riz brisé ordinaire,D01,Alimentaire,kg,356.1
01/02/2024,Diourbel ,Riz brisé ordinaire,D01,Alimentaire,kg,372.1
01/03/2024,Diourbel ,Riz brisé ordinaire,D01,Alimentaire,kg,"379,9"
Avril 2024,DIOURBEL,Riz brisé ordinaire,D01,Alimentaire,kg,403.6
2024-05-01,Diourbel ,Riz brisé ordinaire,D01,Alimentaire,kg,395.1
01/06/2024,DIOURBEL,Riz brisé ordinaire,D01,Alimentaire,kg,406.6
2024-07-01,Diourbel ,Riz brisé ordinaire,D01,Alimentaire,kg,405.1
01/08/2024,DIOURBEL,Riz brisé ordinaire,D01,Alimentaire,kg,420.1
2024-09-01,DIOURBEL,Riz brisé ordinaire,D01,Alimentaire,kg,
Octobre 2024,diourbel,Riz brisé ordinaire,D01,Alimentaire,kg,397.9
2024-11-01,diourbel,Riz brisé ordinaire,D01,Alimentaire,kg,
Décembre 2024,DIOURBEL,Riz brisé ordinaire,D01,Alimentaire,kg,372.2
2025-01-01,Diourbel ,Riz brisé ordinaire,D01,Alimentaire,kg,"361,7"
2025-02-01,DIOURBEL,Riz brisé ordinaire,D01,Alimentaire,kg,368.4
2025-03-01,Diourbel ,Riz brisé ordinaire,D01,Alimentaire,kg,396.3
01/04/2025,DIOURBEL,Riz brisé ordinaire,D01,Alimentaire,kg,392.0
01/05/2025,Diourbel ,Riz brisé ordinaire,D01,Alimentaire,kg,417.0
01/06/2025,Diourbel ,Riz brisé ordinaire,D01,Alimentaire,kg,422.4
01/07/2025,diourbel,Riz brisé ordinaire,D01,Alimentaire,kg,426.7
Août 2025,diourbel,Riz brisé ordinaire,D01,Alimentaire,kg,424.0
2025-09-01,DIOURBEL,Riz brisé ordinaire,D01,Alimentaire,kg,405.9
01/10/2025,Diourbel ,Riz brisé ordinaire,D01,Alimentaire,kg,398.1
01/11/2025,DIOURBEL,Riz brisé ordinaire,D01,Alimentaire,kg,404.9
01/12/2025,diourbel,Riz brisé ordinaire,D01,Alimentaire,kg,380.9
2026-01-01,DIOURBEL,Riz brisé ordinaire,D01,Alimentaire,kg,"353,1"
2026-02-01,Diourbel ,Riz brisé ordinaire,D01,Alimentaire,kg,387.5
01/03/2026,diourbel,Riz brisé ordinaire,D01,Alimentaire,kg,387.9
01/04/2026,diourbel,Riz brisé ordinaire,D01,Alimentaire,kg,411.7
Mai 2026,DIOURBEL,Riz brisé ordinaire,D01,Alimentaire,kg,430.4
01/01/2018,KAOLACK,Riz brisé ordinaire,D01,Alimentaire,kg,291.1
01/02/2018,kaolack,Riz brisé ordinaire,D01,Alimentaire,kg,300.5
2018-03-01,Kaolack ,Riz brisé ordinaire,D01,Alimentaire,kg,302.4
2018-04-01,kaolack,Riz brisé ordinaire,D01,Alimentaire,kg,
01/05/2018,KAOLACK,Riz brisé ordinaire,D01,Alimentaire,kg,310.2
01/06/2018,kaolack,Riz brisé ordinaire,D01,Alimentaire,kg,321.1
2018-07-01,KAOLACK,Riz brisé ordinaire,D01,Alimentaire,kg,"325,6"
Août 2018,kaolack,Riz brisé ordinaire,D01,Alimentaire,kg,316.2
2018-09-01,kaolack,Riz brisé ordinaire,D01,Alimentaire,kg,317.6
2018-10-01,KAOLACK,Riz brisé ordinaire,D01,Alimentaire,kg,299.7
01/11/2018,KAOLACK,Riz brisé ordinaire,D01,Alimentaire,kg,307.5
Décembre 2018,kaolack,Riz brisé ordinaire,D01,Alimentaire,kg,303.5
01/01/2019,kaolack,Riz brisé ordinaire,D01,Alimentaire,kg,295.4
01/02/2019,Kaolack ,Riz brisé ordinaire,D01,Alimentaire,kg,301.0
Mars 2019,kaolack,Riz brisé ordinaire,D01,Alimentaire,kg,"312,0"
2019-04-01,kaolack,Riz brisé ordinaire,D01,Alimentaire,kg,305.8
01/05/2019,kaolack,Riz brisé ordinaire,D01,Alimentaire,kg,312.3
01/06/2019,Kaolack ,Riz brisé ordinaire,D01,Alimentaire,kg,"333,4"
01/07/2019,KAOLACK,Riz brisé ordinaire,D01,Alimentaire,kg,327.4
Août 2019,kaolack,Riz brisé ordinaire,D01,Alimentaire,kg,320.1
Septembre 2019,kaolack,Riz brisé ordinaire,D01,Alimentaire,kg,314.5
01/10/2019,kaolack,Riz brisé ordinaire,D01,Alimentaire,kg,291.5
Novembre 2019,Kaolack ,Riz brisé ordinaire,D01,Alimentaire,kg,297.8
Décembre 2019,kaolack,Riz brisé ordinaire,D01,Alimentaire,kg,290.3
01/01/2020,KAOLACK,Riz brisé ordinaire,D01,Alimentaire,kg,304.9
Février 2020,Kaolack ,Riz brisé ordinaire,D01,Alimentaire,kg,310.5
01/03/2020,KAOLACK,Riz brisé ordinaire,D01,Alimentaire,kg,
2020-04-01,Kaolack ,Riz brisé ordinaire,D01,Alimentaire,kg,325.0
2020-05-01,kaolack,Riz brisé ordinaire,D01,Alimentaire,kg,321.3
2020-06-01,kaolack,Riz brisé ordinaire,D01,Alimentaire,kg,"341,0"
2020-07-01,KAOLACK,Riz brisé ordinaire,D01,Alimentaire,kg,341.8
2020-08-01,Kaolack ,Riz brisé ordinaire,D01,Alimentaire,kg,341.4
2020-09-01,kaolack,Riz brisé ordinaire,D01,Alimentaire,kg,339.2
01/10/2020,Kaolack ,Riz brisé ordinaire,D01,Alimentaire,kg,305.8
01/11/2020,Kaolack ,Riz brisé ordinaire,D01,Alimentaire,kg,306.3
01/12/2020,Kaolack ,Riz brisé ordinaire,D01,Alimentaire,kg,299.6
01/01/2021,KAOLACK,Riz brisé ordinaire,D01,Alimentaire,kg,307.7
2021-02-01,KAOLACK,Riz brisé ordinaire,D01,Alimentaire,kg,311.9
01/03/2021,kaolack,Riz brisé ordinaire,D01,Alimentaire,kg,318.9
Avril 2021,KAOLACK,Riz brisé ordinaire,D01,Alimentaire,kg,337.2
2021-05-01,Kaolack ,Riz brisé ordinaire,D01,Alimentaire,kg,"332,0"
2021-06-01,Kaolack ,Riz brisé ordinaire,D01,Alimentaire,kg,338.3
01/07/2021,kaolack,Riz brisé ordinaire,D01,Alimentaire,kg,339.0
Août 2021,Kaolack ,Riz brisé ordinaire,D01,Alimentaire,kg,339.8
01/09/2021,kaolack,Riz brisé ordinaire,D01,Alimentaire,kg,326.9
Octobre 2021,Kaolack ,Riz brisé ordinaire,D01,Alimentaire,kg,326.3
2021-11-01,KAOLACK,Riz brisé ordinaire,D01,Alimentaire,kg,318.3
2021-12-01,KAOLACK,Riz brisé ordinaire,D01,Alimentaire,kg,310.2
01/01/2022,Kaolack ,Riz brisé ordinaire,D01,Alimentaire,kg,329.4
2022-02-01,Kaolack ,Riz brisé ordinaire,D01,Alimentaire,kg,332.9
2022-03-01,KAOLACK,Riz brisé ordinaire,D01,Alimentaire,kg,354.0
2022-04-01,Kaolack ,Riz brisé ordinaire,D01,Alimentaire,kg,360.4
2022-05-01,kaolack,Riz brisé ordinaire,D01,Alimentaire,kg,376.1
Juin 2022,Kaolack ,Riz brisé ordinaire,D01,Alimentaire,kg,382.4
Juillet 2022,KAOLACK,Riz brisé ordinaire,D01,Alimentaire,kg,391.0
01/08/2022,Kaolack ,Riz brisé ordinaire,D01,Alimentaire,kg,395.8
Septembre 2022,KAOLACK,Riz brisé ordinaire,D01,Alimentaire,kg,382.4
Octobre 2022,KAOLACK,Riz brisé ordinaire,D01,Alimentaire,kg,"383,0"
2022-11-01,Kaolack ,Riz brisé ordinaire,D01,Alimentaire,kg,367.3
01/12/2022,Kaolack ,Riz brisé ordinaire,D01,Alimentaire,kg,366.9
Janvier 2023,KAOLACK,Riz brisé ordinaire,D01,Alimentaire,kg,357.0
01/02/2023,kaolack,Riz brisé ordinaire,D01,Alimentaire,kg,374.8
01/03/2023,Kaolack ,Riz brisé ordinaire,D01,Alimentaire,kg,380.3
Avril 2023,kaolack,Riz brisé ordinaire,D01,Alimentaire,kg,404.8
01/05/2023,kaolack,Riz brisé ordinaire,D01,Alimentaire,kg,395.7
01/06/2023,KAOLACK,Riz brisé ordinaire,D01,Alimentaire,kg,401.0
Juillet 2023,kaolack,Riz brisé ordinaire,D01,Alimentaire,kg,409.5
Août 2023,Kaolack ,Riz brisé ordinaire,D01,Alimentaire,kg,399.3
01/09/2023,kaolack,Riz brisé ordinaire,D01,Alimentaire,kg,392.8
01/10/2023,KAOLACK,Riz brisé ordinaire,D01,Alimentaire,kg,400.7
2023-11-01,Kaolack ,Riz brisé ordinaire,D01,Alimentaire,kg,
2023-12-01,kaolack,Riz brisé ordinaire,D01,Alimentaire,kg,"371,0"
Janvier 2024,KAOLACK,Riz brisé ordinaire,D01,Alimentaire,kg,368.4
2024-02-01,kaolack,Riz brisé ordinaire,D01,Alimentaire,kg,372.6
Mars 2024,KAOLACK,Riz brisé ordinaire,D01,Alimentaire,kg,399.7
2024-04-01,Kaolack ,Riz brisé ordinaire,D01,Alimentaire,kg,392.6
01/05/2024,Kaolack ,Riz brisé ordinaire,D01,Alimentaire,kg,"398,2"
Juin 2024,Kaolack ,Riz brisé ordinaire,D01,Alimentaire,kg,422.2
Juillet 2024,kaolack,Riz brisé ordinaire,D01,Alimentaire,kg,415.0
01/08/2024,KAOLACK,Riz brisé ordinaire,D01,Alimentaire,kg,429.4
Septembre 2024,KAOLACK,Riz brisé ordinaire,D01,Alimentaire,kg,401.2
01/10/2024,KAOLACK,Riz brisé ordinaire,D01,Alimentaire,kg,404.2
Novembre 2024,kaolack,Riz brisé ordinaire,D01,Alimentaire,kg,399.0
2024-12-01,KAOLACK,Riz brisé ordinaire,D01,Alimentaire,kg,373.2
2025-01-01,Kaolack ,Riz brisé ordinaire,D01,Alimentaire,kg,
01/02/2025,KAOLACK,Riz brisé ordinaire,D01,Alimentaire,kg,"388,3"
Mars 2025,KAOLACK,Riz brisé ordinaire,D01,Alimentaire,kg,398.1
Avril 2025,Kaolack ,Riz brisé ordinaire,D01,Alimentaire,kg,
01/05/2025,Kaolack ,Riz brisé ordinaire,D01,Alimentaire,kg,408.6
01/06/2025,kaolack,Riz brisé ordinaire,D01,Alimentaire,kg,404.2
01/07/2025,KAOLACK,Riz brisé ordinaire,D01,Alimentaire,kg,433.0
Août 2025,KAOLACK,Riz brisé ordinaire,D01,Alimentaire,kg,422.1
2025-09-01,kaolack,Riz brisé ordinaire,D01,Alimentaire,kg,416.5
2025-10-01,Kaolack ,Riz brisé ordinaire,D01,Alimentaire,kg,396.3
01/11/2025,kaolack,Riz brisé ordinaire,D01,Alimentaire,kg,394.5
2025-12-01,KAOLACK,Riz brisé ordinaire,D01,Alimentaire,kg,"386,0"
2026-01-01,kaolack,Riz brisé ordinaire,D01,Alimentaire,kg,372.5
01/02/2026,KAOLACK,Riz brisé ordinaire,D01,Alimentaire,kg,387.4
2026-03-01,kaolack,Riz brisé ordinaire,D01,Alimentaire,kg,404.8
2026-04-01,kaolack,Riz brisé ordinaire,D01,Alimentaire,kg,430.8
01/05/2026,Kaolack ,Riz brisé ordinaire,D01,Alimentaire,kg,422.9
Janvier 2018,KOLDA,Riz brisé ordinaire,D01,Alimentaire,kg,308.1
01/02/2018,kolda,Riz brisé ordinaire,D01,Alimentaire,kg,300.1
Mars 2018,KOLDA,Riz brisé ordinaire,D01,Alimentaire,kg,301.8
2018-04-01,kolda,Riz brisé ordinaire,D01,Alimentaire,kg,"318,5"
2018-05-01,Kolda ,Riz brisé ordinaire,D01,Alimentaire,kg,317.7
2018-06-01,Kolda ,Riz brisé ordinaire,D01,Alimentaire,kg,
Juillet 2018,Kolda ,Riz brisé ordinaire,D01,Alimentaire,kg,327.6
2018-08-01,KOLDA,Riz brisé ordinaire,D01,Alimentaire,kg,315.9
2018-09-01,Kolda ,Riz brisé ordinaire,D01,Alimentaire,kg,332.7
2018-10-01,Kolda ,Riz brisé ordinaire,D01,Alimentaire,kg,309.8
Novembre 2018,Kolda ,Riz brisé ordinaire,D01,Alimentaire,kg,295.8
01/12/2018,Kolda ,Riz brisé ordinaire,D01,Alimentaire,kg,307.0
01/01/2019,KOLDA,Riz brisé ordinaire,D01,Alimentaire,kg,"299,8"
2019-02-01,Kolda ,Riz brisé ordinaire,D01,Alimentaire,kg,315.0
Mars 2019,Kolda ,Riz brisé ordinaire,D01,Alimentaire,kg,311.0
2019-04-01,KOLDA,Riz brisé ordinaire,D01,Alimentaire,kg,320.9
2019-05-01,kolda,Riz brisé ordinaire,D01,Alimentaire,kg,
Juin 2019,kolda,Riz brisé ordinaire,D01,Alimentaire,kg,340.9
Juillet 2019,KOLDA,Riz brisé ordinaire,D01,Alimentaire,kg,342.4
01/08/2019,KOLDA,Riz brisé ordinaire,D01,Alimentaire,kg,332.5
Septembre 2019,KOLDA,Riz brisé ordinaire,D01,Alimentaire,kg,329.1
01/10/2019,KOLDA,Riz brisé ordinaire,D01,Alimentaire,kg,321.8
01/11/2019,kolda,Riz brisé ordinaire,D01,Alimentaire,kg,310.9
01/12/2019,KOLDA,Riz brisé ordinaire,D01,Alimentaire,kg,"304,3"
01/01/2020,KOLDA,Riz brisé ordinaire,D01,Alimentaire,kg,301.2
Février 2020,kolda,Riz brisé ordinaire,D01,Alimentaire,kg,319.1
01/03/2020,KOLDA,Riz brisé ordinaire,D01,Alimentaire,kg,324.2
2020-04-01,kolda,Riz brisé ordinaire,D01,Alimentaire,kg,331.2
01/05/2020,kolda,Riz brisé ordinaire,D01,Alimentaire,kg,351.8
01/06/2020,kolda,Riz brisé ordinaire,D01,Alimentaire,kg,339.1
01/07/2020,kolda,Riz brisé ordinaire,D01,Alimentaire,kg,361.1
01/08/2020,KOLDA,Riz brisé ordinaire,D01,Alimentaire,kg,344.8
01/09/2020,KOLDA,Riz brisé ordinaire,D01,Alimentaire,kg,339.2
Octobre 2020,kolda,Riz brisé ordinaire,D01,Alimentaire,kg,325.2
Novembre 2020,kolda,Riz brisé ordinaire,D01,Alimentaire,kg,309.1
Décembre 2020,Kolda ,Riz brisé ordinaire,D01,Alimentaire,kg,314.0
01/01/2021,KOLDA,Riz brisé ordinaire,D01,Alimentaire,kg,319.7
2021-02-01,KOLDA,Riz brisé ordinaire,D01,Alimentaire,kg,327.4
2021-03-01,kolda,Riz brisé ordinaire,D01,Alimentaire,kg,330.5
Avril 2021,Kolda ,Riz brisé ordinaire,D01,Alimentaire,kg,327.2
Mai 2021,KOLDA,Riz brisé ordinaire,D01,Alimentaire,kg,"340,8"
2021-06-01,KOLDA,Riz brisé ordinaire,D01,Alimentaire,kg,372.5
2021-07-01,kolda,Riz brisé ordinaire,D01,Alimentaire,kg,350.6
Août 2021,kolda,Riz brisé ordinaire,D01,Alimentaire,kg,364.6
2021-09-01,kolda,Riz brisé ordinaire,D01,Alimentaire,kg,"340,6"
2021-10-01,KOLDA,Riz brisé ordinaire,D01,Alimentaire,kg,337.1
Novembre 2021,kolda,Riz brisé ordinaire,D01,Alimentaire,kg,334.9
2021-12-01,kolda,Riz brisé ordinaire,D01,Alimentaire,kg,321.1
2022-01-01,KOLDA,Riz brisé ordinaire,D01,Alimentaire,kg,345.9
Février 2022,Kolda ,Riz brisé ordinaire,D01,Alimentaire,kg,345.7
2022-03-01,kolda,Riz brisé ordinaire,D01,Alimentaire,kg,362.3
Avril 2022,KOLDA,Riz brisé ordinaire,D01,Alimentaire,kg,372.8
01/05/2022,Kolda ,Riz brisé ordinaire,D01,Alimentaire,kg,394.9
01/06/2022,Kolda ,Riz brisé ordinaire,D01,Alimentaire,kg,413.2
Juillet 2022,KOLDA,Riz brisé ordinaire,D01,Alimentaire,kg,403.9
2022-08-01,Kolda ,Riz brisé ordinaire,D01,Alimentaire,kg,418.2
2022-09-01,kolda,Riz brisé ordinaire,D01,Alimentaire,kg,394.4
2022-10-01,KOLDA,Riz brisé ordinaire,D01,Alimentaire,kg,398.6
01/11/2022,kolda,Riz brisé ordinaire,D01,Alimentaire,kg,390.5
Décembre 2022,KOLDA,Riz brisé ordinaire,D01,Alimentaire,kg,366.3
2023-01-01,Kolda ,Riz brisé ordinaire,D01,Alimentaire,kg,375.7
01/02/2023,KOLDA,Riz brisé ordinaire,D01,Alimentaire,kg,381.8
01/03/2023,kolda,Riz brisé ordinaire,D01,Alimentaire,kg,386.7
2023-04-01,KOLDA,Riz brisé ordinaire,D01,Alimentaire,kg,409.8
01/05/2023,Kolda ,Riz brisé ordinaire,D01,Alimentaire,kg,420.8
2023-06-01,KOLDA,Riz brisé ordinaire,D01,Alimentaire,kg,427.3
2023-07-01,kolda,Riz brisé ordinaire,D01,Alimentaire,kg,428.9
01/08/2023,kolda,Riz brisé ordinaire,D01,Alimentaire,kg,424.6
Septembre 2023,kolda,Riz brisé ordinaire,D01,Alimentaire,kg,"415,3"
01/10/2023,kolda,Riz brisé ordinaire,D01,Alimentaire,kg,411.1
01/11/2023,KOLDA,Riz brisé ordinaire,D01,Alimentaire,kg,397.1
Décembre 2023,kolda,Riz brisé ordinaire,D01,Alimentaire,kg,408.6
Janvier 2024,kolda,Riz brisé ordinaire,D01,Alimentaire,kg,373.7
Février 2024,KOLDA,Riz brisé ordinaire,D01,Alimentaire,kg,"386,0"
Mars 2024,KOLDA,Riz brisé ordinaire,D01,Alimentaire,kg,396.7
Avril 2024,KOLDA,Riz brisé ordinaire,D01,Alimentaire,kg,429.5
Mai 2024,kolda,Riz brisé ordinaire,D01,Alimentaire,kg,412.4
Juin 2024,KOLDA,Riz brisé ordinaire,D01,Alimentaire,kg,434.1
Juillet 2024,KOLDA,Riz brisé ordinaire,D01,Alimentaire,kg,433.8
01/08/2024,Kolda ,Riz brisé ordinaire,D01,Alimentaire,kg,"430,1"
2024-09-01,Kolda ,Riz brisé ordinaire,D01,Alimentaire,kg,
01/10/2024,Kolda ,Riz brisé ordinaire,D01,Alimentaire,kg,421.7
Novembre 2024,Kolda ,Riz brisé ordinaire,D01,Alimentaire,kg,400.9
Décembre 2024,kolda,Riz brisé ordinaire,D01,Alimentaire,kg,392.1
01/01/2025,Kolda ,Riz brisé ordinaire,D01,Alimentaire,kg,374.6
2025-02-01,Kolda ,Riz brisé ordinaire,D01,Alimentaire,kg,397.1
2025-03-01,KOLDA,Riz brisé ordinaire,D01,Alimentaire,kg,401.2
01/04/2025,KOLDA,Riz brisé ordinaire,D01,Alimentaire,kg,419.2
01/05/2025,Kolda ,Riz brisé ordinaire,D01,Alimentaire,kg,418.4
01/06/2025,Kolda ,Riz brisé ordinaire,D01,Alimentaire,kg,444.6
2025-07-01,Kolda ,Riz brisé ordinaire,D01,Alimentaire,kg,428.1
2025-08-01,kolda,Riz brisé ordinaire,D01,Alimentaire,kg,"440,8"
01/09/2025,Kolda ,Riz brisé ordinaire,D01,Alimentaire,kg,422.2
01/10/2025,Kolda ,Riz brisé ordinaire,D01,Alimentaire,kg,"417,6"
Novembre 2025,Kolda ,Riz brisé ordinaire,D01,Alimentaire,kg,427.4
2025-12-01,kolda,Riz brisé ordinaire,D01,Alimentaire,kg,408.4
01/01/2026,KOLDA,Riz brisé ordinaire,D01,Alimentaire,kg,400.0
Février 2026,Kolda ,Riz brisé ordinaire,D01,Alimentaire,kg,412.7
2026-03-01,Kolda ,Riz brisé ordinaire,D01,Alimentaire,kg,408.0
2026-04-01,Kolda ,Riz brisé ordinaire,D01,Alimentaire,kg,439.6
2026-05-01,kolda,Riz brisé ordinaire,D01,Alimentaire,kg,"425,3"
01/01/2018,DAKAR,Riz parfumé importé,D01,Alimentaire,kg,419.2
Février 2018,Dakar ,Riz parfumé importé,D01,Alimentaire,kg,414.2
01/03/2018,DAKAR,Riz parfumé importé,D01,Alimentaire,kg,420.1
01/04/2018,DAKAR,Riz parfumé importé,D01,Alimentaire,kg,445.0
Mai 2018,DAKAR,Riz parfumé importé,D01,Alimentaire,kg,458.4
01/06/2018,DAKAR,Riz parfumé importé,D01,Alimentaire,kg,464.3
01/07/2018,dakar,Riz parfumé importé,D01,Alimentaire,kg,458.1
Août 2018,DAKAR,Riz parfumé importé,D01,Alimentaire,kg,"451,8"
2018-09-01,dakar,Riz parfumé importé,D01,Alimentaire,kg,445.4
Octobre 2018,dakar,Riz parfumé importé,D01,Alimentaire,kg,
2018-11-01,dakar,Riz parfumé importé,D01,Alimentaire,kg,423.7
01/12/2018,dakar,Riz parfumé importé,D01,Alimentaire,kg,415.0
2019-01-01,dakar,Riz parfumé importé,D01,Alimentaire,kg,424.1
01/02/2019,Dakar ,Riz parfumé importé,D01,Alimentaire,kg,408.9
01/03/2019,DAKAR,Riz parfumé importé,D01,Alimentaire,kg,431.5
2019-04-01,DAKAR,Riz parfumé importé,D01,Alimentaire,kg,"432,3"
Mai 2019,Dakar ,Riz parfumé importé,D01,Alimentaire,kg,457.8
Juin 2019,DAKAR,Riz parfumé importé,D01,Alimentaire,kg,476.9
2019-07-01,Dakar ,Riz parfumé importé,D01,Alimentaire,kg,457.8
01/08/2019,DAKAR,Riz parfumé importé,D01,Alimentaire,kg,457.7
Septembre 2019,Dakar ,Riz parfumé importé,D01,Alimentaire,kg,453.2
Octobre 2019,DAKAR,Riz parfumé importé,D01,Alimentaire,kg,416.7
2019-11-01,DAKAR,Riz parfumé importé,D01,Alimentaire,kg,420.0
2019-12-01,dakar,Riz parfumé importé,D01,Alimentaire,kg,"421,4"
01/01/2020,dakar,Riz parfumé importé,D01,Alimentaire,kg,"400,5"
01/02/2020,Dakar ,Riz parfumé importé,D01,Alimentaire,kg,423.8
2020-03-01,dakar,Riz parfumé importé,D01,Alimentaire,kg,453.7
01/04/2020,Dakar ,Riz parfumé importé,D01,Alimentaire,kg,466.9
01/05/2020,Dakar ,Riz parfumé importé,D01,Alimentaire,kg,473.7
01/06/2020,DAKAR,Riz parfumé importé,D01,Alimentaire,kg,486.9
01/07/2020,DAKAR,Riz parfumé importé,D01,Alimentaire,kg,481.3
Août 2020,DAKAR,Riz parfumé importé,D01,Alimentaire,kg,478.1
Septembre 2020,Dakar ,Riz parfumé importé,D01,Alimentaire,kg,459.0
Octobre 2020,Dakar ,Riz parfumé importé,D01,Alimentaire,kg,"450,4"
2020-11-01,Dakar ,Riz parfumé importé,D01,Alimentaire,kg,432.8
01/12/2020,DAKAR,Riz parfumé importé,D01,Alimentaire,kg,
2021-01-01,dakar,Riz parfumé importé,D01,Alimentaire,kg,448.6
Février 2021,Dakar ,Riz parfumé importé,D01,Alimentaire,kg,454.9
01/03/2021,Dakar ,Riz parfumé importé,D01,Alimentaire,kg,"451,1"
2021-04-01,dakar,Riz parfumé importé,D01,Alimentaire,kg,"460,1"
Mai 2021,DAKAR,Riz parfumé importé,D01,Alimentaire,kg,
01/06/2021,Dakar ,Riz parfumé importé,D01,Alimentaire,kg,495.8
2021-07-01,Dakar ,Riz parfumé importé,D01,Alimentaire,kg,494.6
2021-08-01,DAKAR,Riz parfumé importé,D01,Alimentaire,kg,479.8
Septembre 2021,dakar,Riz parfumé importé,D01,Alimentaire,kg,479.8
2021-10-01,Dakar ,Riz parfumé importé,D01,Alimentaire,kg,453.7
01/11/2021,Dakar ,Riz parfumé importé,D01,Alimentaire,kg,459.1
Décembre 2021,Dakar ,Riz parfumé importé,D01,Alimentaire,kg,459.8
2022-01-01,Dakar ,Riz parfumé importé,D01,Alimentaire,kg,474.5
2022-02-01,DAKAR,Riz parfumé importé,D01,Alimentaire,kg,479.9
2022-03-01,DAKAR,Riz parfumé importé,D01,Alimentaire,kg,478.5
Avril 2022,dakar,Riz parfumé importé,D01,Alimentaire,kg,515.7
01/05/2022,dakar,Riz parfumé importé,D01,Alimentaire,kg,557.1
2022-06-01,dakar,Riz parfumé importé,D01,Alimentaire,kg,539.5
2022-07-01,DAKAR,Riz parfumé importé,D01,Alimentaire,kg,554.5
Août 2022,DAKAR,Riz parfumé importé,D01,Alimentaire,kg,569.7
2022-09-01,dakar,Riz parfumé importé,D01,Alimentaire,kg,554.1
2022-10-01,Dakar ,Riz parfumé importé,D01,Alimentaire,kg,5649.0
01/11/2022,Dakar ,Riz parfumé importé,D01,Alimentaire,kg,522.3
01/12/2022,DAKAR,Riz parfumé importé,D01,Alimentaire,kg,502.9
01/01/2023,DAKAR,Riz parfumé importé,D01,Alimentaire,kg,525.4
Février 2023,DAKAR,Riz parfumé importé,D01,Alimentaire,kg,510.7
2023-03-01,Dakar ,Riz parfumé importé,D01,Alimentaire,kg,537.1
01/04/2023,DAKAR,Riz parfumé importé,D01,Alimentaire,kg,557.0
2023-05-01,Dakar ,Riz parfumé importé,D01,Alimentaire,kg,5870.0
01/06/2023,dakar,Riz parfumé importé,D01,Alimentaire,kg,593.8
2023-07-01,dakar,Riz parfumé importé,D01,Alimentaire,kg,"594,0"
Août 2023,Dakar ,Riz parfumé importé,D01,Alimentaire,kg,578.3
Septembre 2023,dakar,Riz parfumé importé,D01,Alimentaire,kg,587.4
Octobre 2023,dakar,Riz parfumé importé,D01,Alimentaire,kg,607.1
2023-11-01,dakar,Riz parfumé importé,D01,Alimentaire,kg,559.1
2023-12-01,dakar,Riz parfumé importé,D01,Alimentaire,kg,"532,9"
Janvier 2024,dakar,Riz parfumé importé,D01,Alimentaire,kg,513.4
01/02/2024,DAKAR,Riz parfumé importé,D01,Alimentaire,kg,528.6
2024-03-01,DAKAR,Riz parfumé importé,D01,Alimentaire,kg,547.0
01/04/2024,Dakar ,Riz parfumé importé,D01,Alimentaire,kg,559.6
Mai 2024,dakar,Riz parfumé importé,D01,Alimentaire,kg,580.4
Juin 2024,dakar,Riz parfumé importé,D01,Alimentaire,kg,611.0
2024-07-01,Dakar ,Riz parfumé importé,D01,Alimentaire,kg,606.5
2024-08-01,dakar,Riz parfumé importé,D01,Alimentaire,kg,583.8
Septembre 2024,DAKAR,Riz parfumé importé,D01,Alimentaire,kg,561.8
01/10/2024,dakar,Riz parfumé importé,D01,Alimentaire,kg,579.4
Novembre 2024,dakar,Riz parfumé importé,D01,Alimentaire,kg,554.0
Décembre 2024,Dakar ,Riz parfumé importé,D01,Alimentaire,kg,
01/01/2025,Dakar ,Riz parfumé importé,D01,Alimentaire,kg,541.0
01/02/2025,Dakar ,Riz parfumé importé,D01,Alimentaire,kg,554.4
01/03/2025,Dakar ,Riz parfumé importé,D01,Alimentaire,kg,"531,6"
01/04/2025,Dakar ,Riz parfumé importé,D01,Alimentaire,kg,567.2
2025-05-01,Dakar ,Riz parfumé importé,D01,Alimentaire,kg,592.1
Juin 2025,dakar,Riz parfumé importé,D01,Alimentaire,kg,"613,4"
01/07/2025,Dakar ,Riz parfumé importé,D01,Alimentaire,kg,601.2
2025-08-01,DAKAR,Riz parfumé importé,D01,Alimentaire,kg,592.4
01/09/2025,dakar,Riz parfumé importé,D01,Alimentaire,kg,601.9
01/10/2025,dakar,Riz parfumé importé,D01,Alimentaire,kg,576.8
Novembre 2025,DAKAR,Riz parfumé importé,D01,Alimentaire,kg,578.8
Décembre 2025,dakar,Riz parfumé importé,D01,Alimentaire,kg,"541,0"
01/01/2026,DAKAR,Riz parfumé importé,D01,Alimentaire,kg,"521,5"
Février 2026,Dakar ,Riz parfumé importé,D01,Alimentaire,kg,556.9
2026-03-01,dakar,Riz parfumé importé,D01,Alimentaire,kg,"570,9"
Avril 2026,dakar,Riz parfumé importé,D01,Alimentaire,kg,595.8
01/05/2026,dakar,Riz parfumé importé,D01,Alimentaire,kg,594.2
01/01/2018,THIÈS,Riz parfumé importé,D01,Alimentaire,kg,383.5
01/02/2018,thiès,Riz parfumé importé,D01,Alimentaire,kg,405.4
2018-03-01,THIÈS,Riz parfumé importé,D01,Alimentaire,kg,"391,5"
Avril 2018,Thiès ,Riz parfumé importé,D01,Alimentaire,kg,425.1
01/05/2018,THIÈS,Riz parfumé importé,D01,Alimentaire,kg,435.6
Juin 2018,THIÈS,Riz parfumé importé,D01,Alimentaire,kg,437.6
2018-07-01,Thiès ,Riz parfumé importé,D01,Alimentaire,kg,424.4
2018-08-01,THIÈS,Riz parfumé importé,D01,Alimentaire,kg,"418,2"
Septembre 2018,Thiès ,Riz parfumé importé,D01,Alimentaire,kg,414.1
Octobre 2018,THIÈS,Riz parfumé importé,D01,Alimentaire,kg,394.4
2018-11-01,thiès,Riz parfumé importé,D01,Alimentaire,kg,"387,9"
2018-12-01,Thiès ,Riz parfumé importé,D01,Alimentaire,kg,395.0
01/01/2019,Thiès ,Riz parfumé importé,D01,Alimentaire,kg,"398,5"
2019-02-01,thiès,Riz parfumé importé,D01,Alimentaire,kg,
01/03/2019,Thiès ,Riz parfumé importé,D01,Alimentaire,kg,"413,7"
2019-04-01,Thiès ,Riz parfumé importé,D01,Alimentaire,kg,423.3
2019-05-01,THIÈS,Riz parfumé importé,D01,Alimentaire,kg,442.5
2019-06-01,THIÈS,Riz parfumé importé,D01,Alimentaire,kg,440.6
2019-07-01,THIÈS,Riz parfumé importé,D01,Alimentaire,kg,445.3
2019-08-01,THIÈS,Riz parfumé importé,D01,Alimentaire,kg,434.8
01/09/2019,THIÈS,Riz parfumé importé,D01,Alimentaire,kg,429.4
2019-10-01,thiès,Riz parfumé importé,D01,Alimentaire,kg,399.5
2019-11-01,Thiès ,Riz parfumé importé,D01,Alimentaire,kg,399.4
2019-12-01,thiès,Riz parfumé importé,D01,Alimentaire,kg,394.4
Janvier 2020,THIÈS,Riz parfumé importé,D01,Alimentaire,kg,399.1
2020-02-01,Thiès ,Riz parfumé importé,D01,Alimentaire,kg,"411,4"
Mars 2020,thiès,Riz parfumé importé,D01,Alimentaire,kg,424.1
2020-04-01,Thiès ,Riz parfumé importé,D01,Alimentaire,kg,435.2
2020-05-01,thiès,Riz parfumé importé,D01,Alimentaire,kg,442.0
01/06/2020,thiès,Riz parfumé importé,D01,Alimentaire,kg,444.7
Juillet 2020,thiès,Riz parfumé importé,D01,Alimentaire,kg,462.0
2020-08-01,Thiès ,Riz parfumé importé,D01,Alimentaire,kg,449.2
2020-09-01,THIÈS,Riz parfumé importé,D01,Alimentaire,kg,426.9
Octobre 2020,thiès,Riz parfumé importé,D01,Alimentaire,kg,422.2
2020-11-01,Thiès ,Riz parfumé importé,D01,Alimentaire,kg,"399,1"
2020-12-01,THIÈS,Riz parfumé importé,D01,Alimentaire,kg,407.5
2021-01-01,THIÈS,Riz parfumé importé,D01,Alimentaire,kg,409.1
Février 2021,thiès,Riz parfumé importé,D01,Alimentaire,kg,412.9
Mars 2021,Thiès ,Riz parfumé importé,D01,Alimentaire,kg,"442,7"
Avril 2021,Thiès ,Riz parfumé importé,D01,Alimentaire,kg,432.2
01/05/2021,thiès,Riz parfumé importé,D01,Alimentaire,kg,461.1
2021-06-01,thiès,Riz parfumé importé,D01,Alimentaire,kg,482.9
2021-07-01,thiès,Riz parfumé importé,D01,Alimentaire,kg,473.5
Août 2021,thiès,Riz parfumé importé,D01,Alimentaire,kg,458.1
Septembre 2021,Thiès ,Riz parfumé importé,D01,Alimentaire,kg,438.6
2021-10-01,thiès,Riz parfumé importé,D01,Alimentaire,kg,425.6
Novembre 2021,thiès,Riz parfumé importé,D01,Alimentaire,kg,"424,2"
Décembre 2021,Thiès ,Riz parfumé importé,D01,Alimentaire,kg,416.3
Janvier 2022,THIÈS,Riz parfumé importé,D01,Alimentaire,kg,
Février 2022,Thiès ,Riz parfumé importé,D01,Alimentaire,kg,"443,5"
01/03/2022,Thiès ,Riz parfumé importé,D01,Alimentaire,kg,463.3
2022-04-01,thiès,Riz parfumé importé,D01,Alimentaire,kg,489.3
Mai 2022,thiès,Riz parfumé importé,D01,Alimentaire,kg,491.5
2022-06-01,thiès,Riz parfumé importé,D01,Alimentaire,kg,510.9
01/07/2022,thiès,Riz parfumé importé,D01,Alimentaire,kg,522.0
Août 2022,thiès,Riz parfumé importé,D01,Alimentaire,kg,520.6
2022-09-01,Thiès ,Riz parfumé importé,D01,Alimentaire,kg,"535,3"
Octobre 2022,THIÈS,Riz parfumé importé,D01,Alimentaire,kg,510.1
Novembre 2022,thiès,Riz parfumé importé,D01,Alimentaire,kg,484.0
01/12/2022,thiès,Riz parfumé importé,D01,Alimentaire,kg,"488,1"
2023-01-01,thiès,Riz parfumé importé,D01,Alimentaire,kg,489.0
2023-02-01,Thiès ,Riz parfumé importé,D01,Alimentaire,kg,492.4
Mars 2023,THIÈS,Riz parfumé importé,D01,Alimentaire,kg,496.4
2023-04-01,thiès,Riz parfumé importé,D01,Alimentaire,kg,"544,6"
Mai 2023,THIÈS,Riz parfumé importé,D01,Alimentaire,kg,530.9
2023-06-01,THIÈS,Riz parfumé importé,D01,Alimentaire,kg,560.7
01/07/2023,thiès,Riz parfumé importé,D01,Alimentaire,kg,557.5
01/08/2023,Thiès ,Riz parfumé importé,D01,Alimentaire,kg,556.6
2023-09-01,THIÈS,Riz parfumé importé,D01,Alimentaire,kg,
Octobre 2023,THIÈS,Riz parfumé importé,D01,Alimentaire,kg,536.0
Novembre 2023,THIÈS,Riz parfumé importé,D01,Alimentaire,kg,514.4
2023-12-01,thiès,Riz parfumé importé,D01,Alimentaire,kg,512.8
Janvier 2024,Thiès ,Riz parfumé importé,D01,Alimentaire,kg,490.9
Février 2024,Thiès ,Riz parfumé importé,D01,Alimentaire,kg,506.7
Mars 2024,THIÈS,Riz parfumé importé,D01,Alimentaire,kg,504.8
01/04/2024,Thiès ,Riz parfumé importé,D01,Alimentaire,kg,522.6
01/05/2024,THIÈS,Riz parfumé importé,D01,Alimentaire,kg,548.3
01/06/2024,thiès,Riz parfumé importé,D01,Alimentaire,kg,"560,7"
2024-07-01,Thiès ,Riz parfumé importé,D01,Alimentaire,kg,539.2
2024-08-01,Thiès ,Riz parfumé importé,D01,Alimentaire,kg,558.0
2024-09-01,Thiès ,Riz parfumé importé,D01,Alimentaire,kg,534.2
2024-10-01,THIÈS,Riz parfumé importé,D01,Alimentaire,kg,"546,0"
Novembre 2024,Thiès ,Riz parfumé importé,D01,Alimentaire,kg,519.4
01/12/2024,thiès,Riz parfumé importé,D01,Alimentaire,kg,493.7
01/01/2025,thiès,Riz parfumé importé,D01,Alimentaire,kg,504.0
Février 2025,thiès,Riz parfumé importé,D01,Alimentaire,kg,503.1
Mars 2025,thiès,Riz parfumé importé,D01,Alimentaire,kg,540.5
Avril 2025,THIÈS,Riz parfumé importé,D01,Alimentaire,kg,"544,1"
2025-05-01,Thiès ,Riz parfumé importé,D01,Alimentaire,kg,558.2
2025-06-01,Thiès ,Riz parfumé importé,D01,Alimentaire,kg,577.0
2025-07-01,THIÈS,Riz parfumé importé,D01,Alimentaire,kg,561.5
2025-08-01,THIÈS,Riz parfumé importé,D01,Alimentaire,kg,553.7
01/09/2025,THIÈS,Riz parfumé importé,D01,Alimentaire,kg,564.3
Octobre 2025,thiès,Riz parfumé importé,D01,Alimentaire,kg,"537,2"
01/11/2025,THIÈS,Riz parfumé importé,D01,Alimentaire,kg,528.3
Décembre 2025,Thiès ,Riz parfumé importé,D01,Alimentaire,kg,530.7
01/01/2026,Thiès ,Riz parfumé importé,D01,Alimentaire,kg,510.9
Février 2026,Thiès ,Riz parfumé importé,D01,Alimentaire,kg,504.6
2026-03-01,THIÈS,Riz parfumé importé,D01,Alimentaire,kg,529.3
2026-04-01,Thiès ,Riz parfumé importé,D01,Alimentaire,kg,"541,9"
Mai 2026,thiès,Riz parfumé importé,D01,Alimentaire,kg,586.7
01/01/2018,SAINT-LOUIS,Riz parfumé importé,D01,Alimentaire,kg,390.8
01/02/2018,saint-louis,Riz parfumé importé,D01,Alimentaire,kg,385.5
Mars 2018,SAINT-LOUIS,Riz parfumé importé,D01,Alimentaire,kg,402.3
Avril 2018,Saint-Louis ,Riz parfumé importé,D01,Alimentaire,kg,"397,4"
2018-05-01,SAINT-LOUIS,Riz parfumé importé,D01,Alimentaire,kg,412.4
01/06/2018,SAINT-LOUIS,Riz parfumé importé,D01,Alimentaire,kg,"424,6"
01/07/2018,SAINT-LOUIS,Riz parfumé importé,D01,Alimentaire,kg,427.7
01/08/2018,saint-louis,Riz parfumé importé,D01,Alimentaire,kg,418.0
Septembre 2018,Saint-Louis ,Riz parfumé importé,D01,Alimentaire,kg,411.6
Octobre 2018,Saint-Louis ,Riz parfumé importé,D01,Alimentaire,kg,399.5
2018-11-01,saint-louis,Riz parfumé importé,D01,Alimentaire,kg,388.3
01/12/2018,SAINT-LOUIS,Riz parfumé importé,D01,Alimentaire,kg,381.8
01/01/2019,SAINT-LOUIS,Riz parfumé importé,D01,Alimentaire,kg,384.2
01/02/2019,saint-louis,Riz parfumé importé,D01,Alimentaire,kg,394.5
2019-03-01,Saint-Louis ,Riz parfumé importé,D01,Alimentaire,kg,405.4
01/04/2019,SAINT-LOUIS,Riz parfumé importé,D01,Alimentaire,kg,414.8
Mai 2019,Saint-Louis ,Riz parfumé importé,D01,Alimentaire,kg,413.1
2019-06-01,SAINT-LOUIS,Riz parfumé importé,D01,Alimentaire,kg,420.5
01/07/2019,Saint-Louis ,Riz parfumé importé,D01,Alimentaire,kg,432.9
Août 2019,SAINT-LOUIS,Riz parfumé importé,D01,Alimentaire,kg,436.7
01/09/2019,Saint-Louis ,Riz parfumé importé,D01,Alimentaire,kg,416.1
01/10/2019,SAINT-LOUIS,Riz parfumé importé,D01,Alimentaire,kg,400.6
2019-11-01,SAINT-LOUIS,Riz parfumé importé,D01,Alimentaire,kg,396.1
2019-12-01,SAINT-LOUIS,Riz parfumé importé,D01,Alimentaire,kg,379.9
01/01/2020,SAINT-LOUIS,Riz parfumé importé,D01,Alimentaire,kg,405.4
Février 2020,Saint-Louis ,Riz parfumé importé,D01,Alimentaire,kg,
2020-03-01,SAINT-LOUIS,Riz parfumé importé,D01,Alimentaire,kg,
2020-04-01,saint-louis,Riz parfumé importé,D01,Alimentaire,kg,423.9
Mai 2020,Saint-Louis ,Riz parfumé importé,D01,Alimentaire,kg,432.3
Juin 2020,saint-louis,Riz parfumé importé,D01,Alimentaire,kg,
2020-07-01,Saint-Louis ,Riz parfumé importé,D01,Alimentaire,kg,443.5
01/08/2020,Saint-Louis ,Riz parfumé importé,D01,Alimentaire,kg,440.8
01/09/2020,Saint-Louis ,Riz parfumé importé,D01,Alimentaire,kg,
2020-10-01,Saint-Louis ,Riz parfumé importé,D01,Alimentaire,kg,411.3
2020-11-01,SAINT-LOUIS,Riz parfumé importé,D01,Alimentaire,kg,408.9
2020-12-01,SAINT-LOUIS,Riz parfumé importé,D01,Alimentaire,kg,403.3
01/01/2021,SAINT-LOUIS,Riz parfumé importé,D01,Alimentaire,kg,
2021-02-01,SAINT-LOUIS,Riz parfumé importé,D01,Alimentaire,kg,413.5
01/03/2021,SAINT-LOUIS,Riz parfumé importé,D01,Alimentaire,kg,422.3
2021-04-01,SAINT-LOUIS,Riz parfumé importé,D01,Alimentaire,kg,437.0
2021-05-01,Saint-Louis ,Riz parfumé importé,D01,Alimentaire,kg,"448,2"
2021-06-01,Saint-Louis ,Riz parfumé importé,D01,Alimentaire,kg,458.1
01/07/2021,saint-louis,Riz parfumé importé,D01,Alimentaire,kg,468.8
2021-08-01,Saint-Louis ,Riz parfumé importé,D01,Alimentaire,kg,440.9
2021-09-01,saint-louis,Riz parfumé importé,D01,Alimentaire,kg,439.0
2021-10-01,saint-louis,Riz parfumé importé,D01,Alimentaire,kg,436.7
Novembre 2021,Saint-Louis ,Riz parfumé importé,D01,Alimentaire,kg,425.3
01/12/2021,SAINT-LOUIS,Riz parfumé importé,D01,Alimentaire,kg,"419,6"
Janvier 2022,SAINT-LOUIS,Riz parfumé importé,D01,Alimentaire,kg,450.5
2022-02-01,saint-louis,Riz parfumé importé,D01,Alimentaire,kg,"445,1"
01/03/2022,SAINT-LOUIS,Riz parfumé importé,D01,Alimentaire,kg,"467,6"
2022-04-01,Saint-Louis ,Riz parfumé importé,D01,Alimentaire,kg,474.4
2022-05-01,saint-louis,Riz parfumé importé,D01,Alimentaire,kg,486.5
2022-06-01,SAINT-LOUIS,Riz parfumé importé,D01,Alimentaire,kg,507.0
2022-07-01,SAINT-LOUIS,Riz parfumé importé,D01,Alimentaire,kg,523.2
2022-08-01,SAINT-LOUIS,Riz parfumé importé,D01,Alimentaire,kg,519.0
2022-09-01,saint-louis,Riz parfumé importé,D01,Alimentaire,kg,512.7
2022-10-01,SAINT-LOUIS,Riz parfumé importé,D01,Alimentaire,kg,498.0
Novembre 2022,SAINT-LOUIS,Riz parfumé importé,D01,Alimentaire,kg,"488,9"
2022-12-01,Saint-Louis ,Riz parfumé importé,D01,Alimentaire,kg,475.0
01/01/2023,Saint-Louis ,Riz parfumé importé,D01,Alimentaire,kg,"483,4"
01/02/2023,Saint-Louis ,Riz parfumé importé,D01,Alimentaire,kg,494.4
01/03/2023,SAINT-LOUIS,Riz parfumé importé,D01,Alimentaire,kg,491.0
Avril 2023,SAINT-LOUIS,Riz parfumé importé,D01,Alimentaire,kg,
01/05/2023,saint-louis,Riz parfumé importé,D01,Alimentaire,kg,527.4
2023-06-01,Saint-Louis ,Riz parfumé importé,D01,Alimentaire,kg,550.2
2023-07-01,saint-louis,Riz parfumé importé,D01,Alimentaire,kg,"544,9"
2023-08-01,saint-louis,Riz parfumé importé,D01,Alimentaire,kg,558.7
Septembre 2023,Saint-Louis ,Riz parfumé importé,D01,Alimentaire,kg,"528,4"
01/10/2023,saint-louis,Riz parfumé importé,D01,Alimentaire,kg,"524,0"
2023-11-01,Saint-Louis ,Riz parfumé importé,D01,Alimentaire,kg,518.6
01/12/2023,Saint-Louis ,Riz parfumé importé,D01,Alimentaire,kg,485.5
01/01/2024,Saint-Louis ,Riz parfumé importé,D01,Alimentaire,kg,"489,0"
2024-02-01,saint-louis,Riz parfumé importé,D01,Alimentaire,kg,"494,9"
Mars 2024,saint-louis,Riz parfumé importé,D01,Alimentaire,kg,505.2
Avril 2024,SAINT-LOUIS,Riz parfumé importé,D01,Alimentaire,kg,521.0
01/05/2024,Saint-Louis ,Riz parfumé importé,D01,Alimentaire,kg,551.5
Juin 2024,SAINT-LOUIS,Riz parfumé importé,D01,Alimentaire,kg,541.7
2024-07-01,SAINT-LOUIS,Riz parfumé importé,D01,Alimentaire,kg,556.1
Août 2024,Saint-Louis ,Riz parfumé importé,D01,Alimentaire,kg,"547,7"
01/09/2024,saint-louis,Riz parfumé importé,D01,Alimentaire,kg,520.0
Octobre 2024,saint-louis,Riz parfumé importé,D01,Alimentaire,kg,529.8
Novembre 2024,Saint-Louis ,Riz parfumé importé,D01,Alimentaire,kg,500.7
01/12/2024,SAINT-LOUIS,Riz parfumé importé,D01,Alimentaire,kg,503.8
2025-01-01,Saint-Louis ,Riz parfumé importé,D01,Alimentaire,kg,"490,6"
Février 2025,saint-louis,Riz parfumé importé,D01,Alimentaire,kg,"504,9"
01/03/2025,saint-louis,Riz parfumé importé,D01,Alimentaire,kg,505.8
01/04/2025,SAINT-LOUIS,Riz parfumé importé,D01,Alimentaire,kg,537.2
Mai 2025,Saint-Louis ,Riz parfumé importé,D01,Alimentaire,kg,561.7
Juin 2025,SAINT-LOUIS,Riz parfumé importé,D01,Alimentaire,kg,552.7
2025-07-01,saint-louis,Riz parfumé importé,D01,Alimentaire,kg,557.6
01/08/2025,Saint-Louis ,Riz parfumé importé,D01,Alimentaire,kg,"564,9"
Septembre 2025,SAINT-LOUIS,Riz parfumé importé,D01,Alimentaire,kg,"556,6"
2025-10-01,saint-louis,Riz parfumé importé,D01,Alimentaire,kg,514.7
01/11/2025,Saint-Louis ,Riz parfumé importé,D01,Alimentaire,kg,553.6
2025-12-01,SAINT-LOUIS,Riz parfumé importé,D01,Alimentaire,kg,"519,6"
2026-01-01,SAINT-LOUIS,Riz parfumé importé,D01,Alimentaire,kg,505.0
01/02/2026,saint-louis,Riz parfumé importé,D01,Alimentaire,kg,"508,3"
Mars 2026,saint-louis,Riz parfumé importé,D01,Alimentaire,kg,508.3
01/04/2026,Saint-Louis ,Riz parfumé importé,D01,Alimentaire,kg,550.9
2026-05-01,Saint-Louis ,Riz parfumé importé,D01,Alimentaire,kg,"551,8"
Janvier 2018,DIOURBEL,Riz parfumé importé,D01,Alimentaire,kg,382.1
2018-02-01,DIOURBEL,Riz parfumé importé,D01,Alimentaire,kg,381.1
2018-03-01,DIOURBEL,Riz parfumé importé,D01,Alimentaire,kg,393.5
01/04/2018,Diourbel ,Riz parfumé importé,D01,Alimentaire,kg,396.0
Mai 2018,diourbel,Riz parfumé importé,D01,Alimentaire,kg,418.8
2018-06-01,Diourbel ,Riz parfumé importé,D01,Alimentaire,kg,407.4
2018-07-01,DIOURBEL,Riz parfumé importé,D01,Alimentaire,kg,436.2
Août 2018,diourbel,Riz parfumé importé,D01,Alimentaire,kg,430.8
01/09/2018,DIOURBEL,Riz parfumé importé,D01,Alimentaire,kg,"416,5"
Octobre 2018,diourbel,Riz parfumé importé,D01,Alimentaire,kg,402.8
01/11/2018,DIOURBEL,Riz parfumé importé,D01,Alimentaire,kg,383.0
2018-12-01,DIOURBEL,Riz parfumé importé,D01,Alimentaire,kg,387.1
2019-01-01,DIOURBEL,Riz parfumé importé,D01,Alimentaire,kg,380.9
01/02/2019,Diourbel ,Riz parfumé importé,D01,Alimentaire,kg,374.7
01/03/2019,diourbel,Riz parfumé importé,D01,Alimentaire,kg,407.8
Avril 2019,diourbel,Riz parfumé importé,D01,Alimentaire,kg,416.1
2019-05-01,DIOURBEL,Riz parfumé importé,D01,Alimentaire,kg,416.4
2019-06-01,DIOURBEL,Riz parfumé importé,D01,Alimentaire,kg,412.2
2019-07-01,diourbel,Riz parfumé importé,D01,Alimentaire,kg,418.0
01/08/2019,Diourbel ,Riz parfumé importé,D01,Alimentaire,kg,402.6
Septembre 2019,Diourbel ,Riz parfumé importé,D01,Alimentaire,kg,416.2
Octobre 2019,DIOURBEL,Riz parfumé importé,D01,Alimentaire,kg,385.0
2019-11-01,DIOURBEL,Riz parfumé importé,D01,Alimentaire,kg,390.6
01/12/2019,diourbel,Riz parfumé importé,D01,Alimentaire,kg,"376,4"
Janvier 2020,DIOURBEL,Riz parfumé importé,D01,Alimentaire,kg,377.9
2020-02-01,diourbel,Riz parfumé importé,D01,Alimentaire,kg,397.4
Mars 2020,Diourbel ,Riz parfumé importé,D01,Alimentaire,kg,403.5
2020-04-01,DIOURBEL,Riz parfumé importé,D01,Alimentaire,kg,425.9
2020-05-01,diourbel,Riz parfumé importé,D01,Alimentaire,kg,419.4
2020-06-01,diourbel,Riz parfumé importé,D01,Alimentaire,kg,"431,2"
Juillet 2020,diourbel,Riz parfumé importé,D01,Alimentaire,kg,417.6
Août 2020,diourbel,Riz parfumé importé,D01,Alimentaire,kg,413.8
Septembre 2020,diourbel,Riz parfumé importé,D01,Alimentaire,kg,"437,9"
Octobre 2020,DIOURBEL,Riz parfumé importé,D01,Alimentaire,kg,428.3
Novembre 2020,Diourbel ,Riz parfumé importé,D01,Alimentaire,kg,
01/12/2020,DIOURBEL,Riz parfumé importé,D01,Alimentaire,kg,388.5
Janvier 2021,DIOURBEL,Riz parfumé importé,D01,Alimentaire,kg,396.0
2021-02-01,DIOURBEL,Riz parfumé importé,D01,Alimentaire,kg,412.2
01/03/2021,DIOURBEL,Riz parfumé importé,D01,Alimentaire,kg,411.9
Avril 2021,diourbel,Riz parfumé importé,D01,Alimentaire,kg,431.2
Mai 2021,Diourbel ,Riz parfumé importé,D01,Alimentaire,kg,440.9
01/06/2021,DIOURBEL,Riz parfumé importé,D01,Alimentaire,kg,443.7
2021-07-01,DIOURBEL,Riz parfumé importé,D01,Alimentaire,kg,444.9
Août 2021,diourbel,Riz parfumé importé,D01,Alimentaire,kg,447.3
2021-09-01,diourbel,Riz parfumé importé,D01,Alimentaire,kg,426.8
Octobre 2021,diourbel,Riz parfumé importé,D01,Alimentaire,kg,"428,2"
Novembre 2021,DIOURBEL,Riz parfumé importé,D01,Alimentaire,kg,410.9
Décembre 2021,DIOURBEL,Riz parfumé importé,D01,Alimentaire,kg,410.5
2022-01-01,diourbel,Riz parfumé importé,D01,Alimentaire,kg,432.2
2022-02-01,Diourbel ,Riz parfumé importé,D01,Alimentaire,kg,
01/03/2022,diourbel,Riz parfumé importé,D01,Alimentaire,kg,458.6
01/04/2022,Diourbel ,Riz parfumé importé,D01,Alimentaire,kg,453.2
01/05/2022,diourbel,Riz parfumé importé,D01,Alimentaire,kg,"484,2"
2022-06-01,diourbel,Riz parfumé importé,D01,Alimentaire,kg,502.7
01/07/2022,diourbel,Riz parfumé importé,D01,Alimentaire,kg,527.5
Août 2022,diourbel,Riz parfumé importé,D01,Alimentaire,kg,487.1
Septembre 2022,DIOURBEL,Riz parfumé importé,D01,Alimentaire,kg,"499,9"
01/10/2022,diourbel,Riz parfumé importé,D01,Alimentaire,kg,506.8
2022-11-01,DIOURBEL,Riz parfumé importé,D01,Alimentaire,kg,477.5
2022-12-01,DIOURBEL,Riz parfumé importé,D01,Alimentaire,kg,467.5
2023-01-01,Diourbel ,Riz parfumé importé,D01,Alimentaire,kg,472.4
2023-02-01,DIOURBEL,Riz parfumé importé,D01,Alimentaire,kg,480.6
Mars 2023,DIOURBEL,Riz parfumé importé,D01,Alimentaire,kg,508.9
01/04/2023,diourbel,Riz parfumé importé,D01,Alimentaire,kg,514.9
Mai 2023,diourbel,Riz parfumé importé,D01,Alimentaire,kg,540.2
2023-06-01,Diourbel ,Riz parfumé importé,D01,Alimentaire,kg,532.9
Juillet 2023,diourbel,Riz parfumé importé,D01,Alimentaire,kg,"530,7"
2023-08-01,DIOURBEL,Riz parfumé importé,D01,Alimentaire,kg,531.1
2023-09-01,diourbel,Riz parfumé importé,D01,Alimentaire,kg,512.6
Octobre 2023,diourbel,Riz parfumé importé,D01,Alimentaire,kg,519.1
Novembre 2023,diourbel,Riz parfumé importé,D01,Alimentaire,kg,500.7
01/12/2023,Diourbel ,Riz parfumé importé,D01,Alimentaire,kg,480.1
01/01/2024,Diourbel ,Riz parfumé importé,D01,Alimentaire,kg,487.1
Février 2024,Diourbel ,Riz parfumé importé,D01,Alimentaire,kg,478.7
Mars 2024,diourbel,Riz parfumé importé,D01,Alimentaire,kg,510.4
2024-04-01,DIOURBEL,Riz parfumé importé,D01,Alimentaire,kg,512.6
2024-05-01,DIOURBEL,Riz parfumé importé,D01,Alimentaire,kg,543.6
2024-06-01,Diourbel ,Riz parfumé importé,D01,Alimentaire,kg,
01/07/2024,Diourbel ,Riz parfumé importé,D01,Alimentaire,kg,548.3
2024-08-01,DIOURBEL,Riz parfumé importé,D01,Alimentaire,kg,537.9
01/09/2024,DIOURBEL,Riz parfumé importé,D01,Alimentaire,kg,"534,6"
2024-10-01,DIOURBEL,Riz parfumé importé,D01,Alimentaire,kg,"517,5"
01/11/2024,Diourbel ,Riz parfumé importé,D01,Alimentaire,kg,"490,5"
Décembre 2024,DIOURBEL,Riz parfumé importé,D01,Alimentaire,kg,"499,8"
2025-01-01,DIOURBEL,Riz parfumé importé,D01,Alimentaire,kg,487.3
2025-02-01,diourbel,Riz parfumé importé,D01,Alimentaire,kg,504.9
01/03/2025,diourbel,Riz parfumé importé,D01,Alimentaire,kg,518.4
2025-04-01,diourbel,Riz parfumé importé,D01,Alimentaire,kg,519.6
01/05/2025,diourbel,Riz parfumé importé,D01,Alimentaire,kg,"533,1"
Juin 2025,DIOURBEL,Riz parfumé importé,D01,Alimentaire,kg,"560,4"
01/07/2025,DIOURBEL,Riz parfumé importé,D01,Alimentaire,kg,"552,5"
2025-08-01,DIOURBEL,Riz parfumé importé,D01,Alimentaire,kg,561.6
01/09/2025,Diourbel ,Riz parfumé importé,D01,Alimentaire,kg,541.0
Octobre 2025,diourbel,Riz parfumé importé,D01,Alimentaire,kg,543.8
2025-11-01,DIOURBEL,Riz parfumé importé,D01,Alimentaire,kg,"528,4"
Décembre 2025,Diourbel ,Riz parfumé importé,D01,Alimentaire,kg,509.2
Janvier 2026,diourbel,Riz parfumé importé,D01,Alimentaire,kg,486.8
2026-02-01,Diourbel ,Riz parfumé importé,D01,Alimentaire,kg,504.4
01/03/2026,Diourbel ,Riz parfumé importé,D01,Alimentaire,kg,532.2
2026-04-01,DIOURBEL,Riz parfumé importé,D01,Alimentaire,kg,"534,7"
01/05/2026,diourbel,Riz parfumé importé,D01,Alimentaire,kg,555.5
Janvier 2018,kaolack,Riz parfumé importé,D01,Alimentaire,kg,382.2
Février 2018,kaolack,Riz parfumé importé,D01,Alimentaire,kg,387.7
2018-03-01,kaolack,Riz parfumé importé,D01,Alimentaire,kg,409.4
01/04/2018,kaolack,Riz parfumé importé,D01,Alimentaire,kg,416.2
2018-05-01,KAOLACK,Riz parfumé importé,D01,Alimentaire,kg,416.6
2018-06-01,KAOLACK,Riz parfumé importé,D01,Alimentaire,kg,423.4
Juillet 2018,kaolack,Riz parfumé importé,D01,Alimentaire,kg,415.8
01/08/2018,Kaolack ,Riz parfumé importé,D01,Alimentaire,kg,415.2
01/09/2018,KAOLACK,Riz parfumé importé,D01,Alimentaire,kg,410.0
Octobre 2018,kaolack,Riz parfumé importé,D01,Alimentaire,kg,403.6
Novembre 2018,KAOLACK,Riz parfumé importé,D01,Alimentaire,kg,393.4
2018-12-01,kaolack,Riz parfumé importé,D01,Alimentaire,kg,373.7
2019-01-01,KAOLACK,Riz parfumé importé,D01,Alimentaire,kg,393.1
01/02/2019,kaolack,Riz parfumé importé,D01,Alimentaire,kg,390.0
Mars 2019,Kaolack ,Riz parfumé importé,D01,Alimentaire,kg,"392,1"
2019-04-01,kaolack,Riz parfumé importé,D01,Alimentaire,kg,422.1
01/05/2019,Kaolack ,Riz parfumé importé,D01,Alimentaire,kg,433.3
Juin 2019,KAOLACK,Riz parfumé importé,D01,Alimentaire,kg,429.2
Juillet 2019,KAOLACK,Riz parfumé importé,D01,Alimentaire,kg,433.4
01/08/2019,KAOLACK,Riz parfumé importé,D01,Alimentaire,kg,428.6
Septembre 2019,KAOLACK,Riz parfumé importé,D01,Alimentaire,kg,424.2
Octobre 2019,kaolack,Riz parfumé importé,D01,Alimentaire,kg,407.7
Novembre 2019,Kaolack ,Riz parfumé importé,D01,Alimentaire,kg,381.9
Décembre 2019,KAOLACK,Riz parfumé importé,D01,Alimentaire,kg,"402,3"
Janvier 2020,kaolack,Riz parfumé importé,D01,Alimentaire,kg,401.4
2020-02-01,KAOLACK,Riz parfumé importé,D01,Alimentaire,kg,395.5
2020-03-01,Kaolack ,Riz parfumé importé,D01,Alimentaire,kg,402.0
01/04/2020,kaolack,Riz parfumé importé,D01,Alimentaire,kg,427.4
Mai 2020,KAOLACK,Riz parfumé importé,D01,Alimentaire,kg,432.3
Juin 2020,kaolack,Riz parfumé importé,D01,Alimentaire,kg,445.2
Juillet 2020,KAOLACK,Riz parfumé importé,D01,Alimentaire,kg,"449,6"
2020-08-01,kaolack,Riz parfumé importé,D01,Alimentaire,kg,432.2
Septembre 2020,KAOLACK,Riz parfumé importé,D01,Alimentaire,kg,417.5
2020-10-01,Kaolack ,Riz parfumé importé,D01,Alimentaire,kg,418.6
2020-11-01,KAOLACK,Riz parfumé importé,D01,Alimentaire,kg,400.9
Décembre 2020,kaolack,Riz parfumé importé,D01,Alimentaire,kg,400.3
Janvier 2021,Kaolack ,Riz parfumé importé,D01,Alimentaire,kg,391.7
01/02/2021,KAOLACK,Riz parfumé importé,D01,Alimentaire,kg,407.2
2021-03-01,Kaolack ,Riz parfumé importé,D01,Alimentaire,kg,426.5
2021-04-01,Kaolack ,Riz parfumé importé,D01,Alimentaire,kg,438.9
Mai 2021,KAOLACK,Riz parfumé importé,D01,Alimentaire,kg,
2021-06-01,kaolack,Riz parfumé importé,D01,Alimentaire,kg,442.8
01/07/2021,Kaolack ,Riz parfumé importé,D01,Alimentaire,kg,454.4
2021-08-01,kaolack,Riz parfumé importé,D01,Alimentaire,kg,454.3
2021-09-01,Kaolack ,Riz parfumé importé,D01,Alimentaire,kg,443.4
Octobre 2021,Kaolack ,Riz parfumé importé,D01,Alimentaire,kg,424.3
Novembre 2021,kaolack,Riz parfumé importé,D01,Alimentaire,kg,421.6
01/12/2021,KAOLACK,Riz parfumé importé,D01,Alimentaire,kg,426.1
01/01/2022,kaolack,Riz parfumé importé,D01,Alimentaire,kg,426.6
01/02/2022,kaolack,Riz parfumé importé,D01,Alimentaire,kg,"423,2"
01/03/2022,Kaolack ,Riz parfumé importé,D01,Alimentaire,kg,456.8
Avril 2022,KAOLACK,Riz parfumé importé,D01,Alimentaire,kg,494.3
Mai 2022,Kaolack ,Riz parfumé importé,D01,Alimentaire,kg,481.2
2022-06-01,KAOLACK,Riz parfumé importé,D01,Alimentaire,kg,507.9
2022-07-01,kaolack,Riz parfumé importé,D01,Alimentaire,kg,510.9
Août 2022,kaolack,Riz parfumé importé,D01,Alimentaire,kg,513.2
01/09/2022,Kaolack ,Riz parfumé importé,D01,Alimentaire,kg,508.0
01/10/2022,KAOLACK,Riz parfumé importé,D01,Alimentaire,kg,508.9
Novembre 2022,Kaolack ,Riz parfumé importé,D01,Alimentaire,kg,490.9
01/12/2022,KAOLACK,Riz parfumé importé,D01,Alimentaire,kg,486.5
01/01/2023,Kaolack ,Riz parfumé importé,D01,Alimentaire,kg,473.0
01/02/2023,kaolack,Riz parfumé importé,D01,Alimentaire,kg,480.4
2023-03-01,kaolack,Riz parfumé importé,D01,Alimentaire,kg,491.9
Avril 2023,KAOLACK,Riz parfumé importé,D01,Alimentaire,kg,496.9
Mai 2023,kaolack,Riz parfumé importé,D01,Alimentaire,kg,534.6
Juin 2023,kaolack,Riz parfumé importé,D01,Alimentaire,kg,564.6
01/07/2023,KAOLACK,Riz parfumé importé,D01,Alimentaire,kg,549.2
2023-08-01,KAOLACK,Riz parfumé importé,D01,Alimentaire,kg,546.4
01/09/2023,kaolack,Riz parfumé importé,D01,Alimentaire,kg,525.8
2023-10-01,kaolack,Riz parfumé importé,D01,Alimentaire,kg,"516,9"
Novembre 2023,Kaolack ,Riz parfumé importé,D01,Alimentaire,kg,519.9
01/12/2023,kaolack,Riz parfumé importé,D01,Alimentaire,kg,511.4
2024-01-01,kaolack,Riz parfumé importé,D01,Alimentaire,kg,501.8
01/02/2024,kaolack,Riz parfumé importé,D01,Alimentaire,kg,503.0
Mars 2024,kaolack,Riz parfumé importé,D01,Alimentaire,kg,
2024-04-01,Kaolack ,Riz parfumé importé,D01,Alimentaire,kg,525.1
01/05/2024,Kaolack ,Riz parfumé importé,D01,Alimentaire,kg,528.7
Juin 2024,Kaolack ,Riz parfumé importé,D01,Alimentaire,kg,529.7
Juillet 2024,kaolack,Riz parfumé importé,D01,Alimentaire,kg,534.7
Août 2024,KAOLACK,Riz parfumé importé,D01,Alimentaire,kg,"542,0"
01/09/2024,kaolack,Riz parfumé importé,D01,Alimentaire,kg,529.1
01/10/2024,kaolack,Riz parfumé importé,D01,Alimentaire,kg,506.4
01/11/2024,KAOLACK,Riz parfumé importé,D01,Alimentaire,kg,512.3
01/12/2024,Kaolack ,Riz parfumé importé,D01,Alimentaire,kg,491.8
2025-01-01,kaolack,Riz parfumé importé,D01,Alimentaire,kg,"481,6"
2025-02-01,kaolack,Riz parfumé importé,D01,Alimentaire,kg,"498,5"
Mars 2025,kaolack,Riz parfumé importé,D01,Alimentaire,kg,"513,3"
01/04/2025,Kaolack ,Riz parfumé importé,D01,Alimentaire,kg,526.6
01/05/2025,Kaolack ,Riz parfumé importé,D01,Alimentaire,kg,558.8
01/06/2025,Kaolack ,Riz parfumé importé,D01,Alimentaire,kg,537.6
01/07/2025,Kaolack ,Riz parfumé importé,D01,Alimentaire,kg,539.3
Août 2025,Kaolack ,Riz parfumé importé,D01,Alimentaire,kg,557.0
01/09/2025,Kaolack ,Riz parfumé importé,D01,Alimentaire,kg,549.6
01/10/2025,KAOLACK,Riz parfumé importé,D01,Alimentaire,kg,"542,7"
01/11/2025,kaolack,Riz parfumé importé,D01,Alimentaire,kg,523.7
2025-12-01,KAOLACK,Riz parfumé importé,D01,Alimentaire,kg,"502,2"
2026-01-01,Kaolack ,Riz parfumé importé,D01,Alimentaire,kg,495.5
2026-02-01,kaolack,Riz parfumé importé,D01,Alimentaire,kg,502.7
2026-03-01,kaolack,Riz parfumé importé,D01,Alimentaire,kg,"541,5"
2026-04-01,kaolack,Riz parfumé importé,D01,Alimentaire,kg,"537,3"
2026-05-01,Kaolack ,Riz parfumé importé,D01,Alimentaire,kg,"554,7"
Janvier 2018,Kolda ,Riz parfumé importé,D01,Alimentaire,kg,
01/02/2018,KOLDA,Riz parfumé importé,D01,Alimentaire,kg,399.0
Mars 2018,Kolda ,Riz parfumé importé,D01,Alimentaire,kg,414.4
01/04/2018,Kolda ,Riz parfumé importé,D01,Alimentaire,kg,426.4
Mai 2018,KOLDA,Riz parfumé importé,D01,Alimentaire,kg,"437,1"
Juin 2018,kolda,Riz parfumé importé,D01,Alimentaire,kg,439.2
Juillet 2018,kolda,Riz parfumé importé,D01,Alimentaire,kg,438.5
2018-08-01,kolda,Riz parfumé importé,D01,Alimentaire,kg,432.4
2018-09-01,Kolda ,Riz parfumé importé,D01,Alimentaire,kg,417.2
2018-10-01,KOLDA,Riz parfumé importé,D01,Alimentaire,kg,413.7
Novembre 2018,Kolda ,Riz parfumé importé,D01,Alimentaire,kg,417.7
01/12/2018,kolda,Riz parfumé importé,D01,Alimentaire,kg,405.4
Janvier 2019,Kolda ,Riz parfumé importé,D01,Alimentaire,kg,401.8
Février 2019,Kolda ,Riz parfumé importé,D01,Alimentaire,kg,"411,6"
2019-03-01,kolda,Riz parfumé importé,D01,Alimentaire,kg,407.1
01/04/2019,KOLDA,Riz parfumé importé,D01,Alimentaire,kg,423.5
01/05/2019,Kolda ,Riz parfumé importé,D01,Alimentaire,kg,444.2
2019-06-01,kolda,Riz parfumé importé,D01,Alimentaire,kg,455.3
01/07/2019,kolda,Riz parfumé importé,D01,Alimentaire,kg,435.8
2019-08-01,KOLDA,Riz parfumé importé,D01,Alimentaire,kg,432.9
Septembre 2019,KOLDA,Riz parfumé importé,D01,Alimentaire,kg,446.1
2019-10-01,KOLDA,Riz parfumé importé,D01,Alimentaire,kg,417.0
2019-11-01,KOLDA,Riz parfumé importé,D01,Alimentaire,kg,421.2
2019-12-01,Kolda ,Riz parfumé importé,D01,Alimentaire,kg,402.3
Janvier 2020,kolda,Riz parfumé importé,D01,Alimentaire,kg,409.1
Février 2020,kolda,Riz parfumé importé,D01,Alimentaire,kg,411.3
Mars 2020,Kolda ,Riz parfumé importé,D01,Alimentaire,kg,433.1
Avril 2020,Kolda ,Riz parfumé importé,D01,Alimentaire,kg,450.2
Mai 2020,kolda,Riz parfumé importé,D01,Alimentaire,kg,440.9
01/06/2020,KOLDA,Riz parfumé importé,D01,Alimentaire,kg,
2020-07-01,kolda,Riz parfumé importé,D01,Alimentaire,kg,"467,3"
01/08/2020,Kolda ,Riz parfumé importé,D01,Alimentaire,kg,451.6
2020-09-01,kolda,Riz parfumé importé,D01,Alimentaire,kg,438.0
2020-10-01,KOLDA,Riz parfumé importé,D01,Alimentaire,kg,438.9
Novembre 2020,Kolda ,Riz parfumé importé,D01,Alimentaire,kg,429.0
2020-12-01,kolda,Riz parfumé importé,D01,Alimentaire,kg,409.6
2021-01-01,KOLDA,Riz parfumé importé,D01,Alimentaire,kg,418.6
01/02/2021,KOLDA,Riz parfumé importé,D01,Alimentaire,kg,413.7
2021-03-01,kolda,Riz parfumé importé,D01,Alimentaire,kg,427.7
Avril 2021,KOLDA,Riz parfumé importé,D01,Alimentaire,kg,450.2
Mai 2021,KOLDA,Riz parfumé importé,D01,Alimentaire,kg,461.8
01/06/2021,KOLDA,Riz parfumé importé,D01,Alimentaire,kg,460.6
2021-07-01,kolda,Riz parfumé importé,D01,Alimentaire,kg,463.8
Août 2021,Kolda ,Riz parfumé importé,D01,Alimentaire,kg,
01/09/2021,kolda,Riz parfumé importé,D01,Alimentaire,kg,459.7
2021-10-01,Kolda ,Riz parfumé importé,D01,Alimentaire,kg,426.6
Novembre 2021,kolda,Riz parfumé importé,D01,Alimentaire,kg,425.3
Décembre 2021,kolda,Riz parfumé importé,D01,Alimentaire,kg,
01/01/2022,kolda,Riz parfumé importé,D01,Alimentaire,kg,443.7
01/02/2022,KOLDA,Riz parfumé importé,D01,Alimentaire,kg,436.7
Mars 2022,Kolda ,Riz parfumé importé,D01,Alimentaire,kg,471.5
2022-04-01,KOLDA,Riz parfumé importé,D01,Alimentaire,kg,508.0
01/05/2022,Kolda ,Riz parfumé importé,D01,Alimentaire,kg,528.6
01/06/2022,kolda,Riz parfumé importé,D01,Alimentaire,kg,506.7
01/07/2022,KOLDA,Riz parfumé importé,D01,Alimentaire,kg,534.7
2022-08-01,kolda,Riz parfumé importé,D01,Alimentaire,kg,520.0
2022-09-01,KOLDA,Riz parfumé importé,D01,Alimentaire,kg,511.6
2022-10-01,kolda,Riz parfumé importé,D01,Alimentaire,kg,514.2
01/11/2022,KOLDA,Riz parfumé importé,D01,Alimentaire,kg,520.1
Décembre 2022,kolda,Riz parfumé importé,D01,Alimentaire,kg,497.2
01/01/2023,KOLDA,Riz parfumé importé,D01,Alimentaire,kg,484.0
2023-02-01,KOLDA,Riz parfumé importé,D01,Alimentaire,kg,508.1
Mars 2023,KOLDA,Riz parfumé importé,D01,Alimentaire,kg,493.2
01/04/2023,KOLDA,Riz parfumé importé,D01,Alimentaire,kg,526.0
Mai 2023,Kolda ,Riz parfumé importé,D01,Alimentaire,kg,541.6
2023-06-01,Kolda ,Riz parfumé importé,D01,Alimentaire,kg,562.5
2023-07-01,Kolda ,Riz parfumé importé,D01,Alimentaire,kg,561.4
Août 2023,Kolda ,Riz parfumé importé,D01,Alimentaire,kg,556.7
2023-09-01,KOLDA,Riz parfumé importé,D01,Alimentaire,kg,547.2
2023-10-01,Kolda ,Riz parfumé importé,D01,Alimentaire,kg,538.2
01/11/2023,Kolda ,Riz parfumé importé,D01,Alimentaire,kg,533.7
2023-12-01,KOLDA,Riz parfumé importé,D01,Alimentaire,kg,510.7
01/01/2024,Kolda ,Riz parfumé importé,D01,Alimentaire,kg,501.8
01/02/2024,Kolda ,Riz parfumé importé,D01,Alimentaire,kg,516.8
2024-03-01,kolda,Riz parfumé importé,D01,Alimentaire,kg,534.7
01/04/2024,kolda,Riz parfumé importé,D01,Alimentaire,kg,535.6
2024-05-01,Kolda ,Riz parfumé importé,D01,Alimentaire,kg,555.3
2024-06-01,KOLDA,Riz parfumé importé,D01,Alimentaire,kg,578.1
2024-07-01,Kolda ,Riz parfumé importé,D01,Alimentaire,kg,554.1
2024-08-01,KOLDA,Riz parfumé importé,D01,Alimentaire,kg,581.1
01/09/2024,Kolda ,Riz parfumé importé,D01,Alimentaire,kg,"536,5"
01/10/2024,KOLDA,Riz parfumé importé,D01,Alimentaire,kg,536.6
2024-11-01,Kolda ,Riz parfumé importé,D01,Alimentaire,kg,
01/12/2024,kolda,Riz parfumé importé,D01,Alimentaire,kg,535.1
Janvier 2025,kolda,Riz parfumé importé,D01,Alimentaire,kg,505.6
2025-02-01,kolda,Riz parfumé importé,D01,Alimentaire,kg,514.9
2025-03-01,KOLDA,Riz parfumé importé,D01,Alimentaire,kg,531.1
Avril 2025,Kolda ,Riz parfumé importé,D01,Alimentaire,kg,553.3
01/05/2025,Kolda ,Riz parfumé importé,D01,Alimentaire,kg,564.5
2025-06-01,kolda,Riz parfumé importé,D01,Alimentaire,kg,577.3
01/07/2025,KOLDA,Riz parfumé importé,D01,Alimentaire,kg,540.6
01/08/2025,Kolda ,Riz parfumé importé,D01,Alimentaire,kg,577.5
2025-09-01,kolda,Riz parfumé importé,D01,Alimentaire,kg,568.3
2025-10-01,Kolda ,Riz parfumé importé,D01,Alimentaire,kg,"569,1"
Novembre 2025,KOLDA,Riz parfumé importé,D01,Alimentaire,kg,562.7
Décembre 2025,kolda,Riz parfumé importé,D01,Alimentaire,kg,"527,8"
Janvier 2026,kolda,Riz parfumé importé,D01,Alimentaire,kg,"521,6"
2026-02-01,Kolda ,Riz parfumé importé,D01,Alimentaire,kg,513.8
Mars 2026,KOLDA,Riz parfumé importé,D01,Alimentaire,kg,552.3
01/04/2026,kolda,Riz parfumé importé,D01,Alimentaire,kg,"553,7"
01/05/2026,Kolda ,Riz parfumé importé,D01,Alimentaire,kg,561.5
Janvier 2018,dakar,Mil (souna),D01,Alimentaire,kg,226.9
01/02/2018,dakar,Mil (souna),D01,Alimentaire,kg,240.8
2018-03-01,DAKAR,Mil (souna),D01,Alimentaire,kg,245.5
2018-04-01,dakar,Mil (souna),D01,Alimentaire,kg,263.8
Mai 2018,Dakar ,Mil (souna),D01,Alimentaire,kg,261.8
01/06/2018,dakar,Mil (souna),D01,Alimentaire,kg,276.5
01/07/2018,DAKAR,Mil (souna),D01,Alimentaire,kg,266.0
01/08/2018,dakar,Mil (souna),D01,Alimentaire,kg,263.8
2018-09-01,dakar,Mil (souna),D01,Alimentaire,kg,252.9
01/10/2018,Dakar ,Mil (souna),D01,Alimentaire,kg,243.5
Novembre 2018,DAKAR,Mil (souna),D01,Alimentaire,kg,232.3
2018-12-01,Dakar ,Mil (souna),D01,Alimentaire,kg,
Janvier 2019,Dakar ,Mil (souna),D01,Alimentaire,kg,234.0
2019-02-01,Dakar ,Mil (souna),D01,Alimentaire,kg,
2019-03-01,dakar,Mil (souna),D01,Alimentaire,kg,
2019-04-01,dakar,Mil (souna),D01,Alimentaire,kg,"249,6"
01/05/2019,dakar,Mil (souna),D01,Alimentaire,kg,271.7
2019-06-01,Dakar ,Mil (souna),D01,Alimentaire,kg,"272,4"
01/07/2019,DAKAR,Mil (souna),D01,Alimentaire,kg,272.4
01/08/2019,dakar,Mil (souna),D01,Alimentaire,kg,269.0
01/09/2019,DAKAR,Mil (souna),D01,Alimentaire,kg,252.8
Octobre 2019,dakar,Mil (souna),D01,Alimentaire,kg,242.0
01/11/2019,Dakar ,Mil (souna),D01,Alimentaire,kg,233.5
2019-12-01,Dakar ,Mil (souna),D01,Alimentaire,kg,236.0
Janvier 2020,DAKAR,Mil (souna),D01,Alimentaire,kg,234.5
2020-02-01,dakar,Mil (souna),D01,Alimentaire,kg,236.0
Mars 2020,DAKAR,Mil (souna),D01,Alimentaire,kg,247.6
2020-04-01,dakar,Mil (souna),D01,Alimentaire,kg,267.5
Mai 2020,DAKAR,Mil (souna),D01,Alimentaire,kg,"271,6"
2020-06-01,Dakar ,Mil (souna),D01,Alimentaire,kg,275.2
01/07/2020,dakar,Mil (souna),D01,Alimentaire,kg,286.8
Août 2020,DAKAR,Mil (souna),D01,Alimentaire,kg,279.3
01/09/2020,Dakar ,Mil (souna),D01,Alimentaire,kg,262.0
2020-10-01,Dakar ,Mil (souna),D01,Alimentaire,kg,253.0
2020-11-01,dakar,Mil (souna),D01,Alimentaire,kg,242.5
Décembre 2020,dakar,Mil (souna),D01,Alimentaire,kg,239.4
01/01/2021,DAKAR,Mil (souna),D01,Alimentaire,kg,242.9
Février 2021,dakar,Mil (souna),D01,Alimentaire,kg,235.0
2021-03-01,Dakar ,Mil (souna),D01,Alimentaire,kg,258.7
01/04/2021,Dakar ,Mil (souna),D01,Alimentaire,kg,276.2
01/05/2021,Dakar ,Mil (souna),D01,Alimentaire,kg,"282,4"
Juin 2021,DAKAR,Mil (souna),D01,Alimentaire,kg,"291,5"
Juillet 2021,Dakar ,Mil (souna),D01,Alimentaire,kg,294.7
01/08/2021,DAKAR,Mil (souna),D01,Alimentaire,kg,283.6
2021-09-01,DAKAR,Mil (souna),D01,Alimentaire,kg,280.0
Octobre 2021,dakar,Mil (souna),D01,Alimentaire,kg,265.5
2021-11-01,dakar,Mil (souna),D01,Alimentaire,kg,249.3
2021-12-01,DAKAR,Mil (souna),D01,Alimentaire,kg,"244,3"
Janvier 2022,DAKAR,Mil (souna),D01,Alimentaire,kg,238.9
Février 2022,DAKAR,Mil (souna),D01,Alimentaire,kg,263.2
Mars 2022,dakar,Mil (souna),D01,Alimentaire,kg,"273,6"
2022-04-01,Dakar ,Mil (souna),D01,Alimentaire,kg,300.7
Mai 2022,Dakar ,Mil (souna),D01,Alimentaire,kg,316.6
01/06/2022,DAKAR,Mil (souna),D01,Alimentaire,kg,330.6
2022-07-01,DAKAR,Mil (souna),D01,Alimentaire,kg,337.2
Août 2022,dakar,Mil (souna),D01,Alimentaire,kg,
Septembre 2022,Dakar ,Mil (souna),D01,Alimentaire,kg,"327,0"
01/10/2022,DAKAR,Mil (souna),D01,Alimentaire,kg,302.7
2022-11-01,dakar,Mil (souna),D01,Alimentaire,kg,284.6
2022-12-01,DAKAR,Mil (souna),D01,Alimentaire,kg,278.1
01/01/2023,dakar,Mil (souna),D01,Alimentaire,kg,280.6
2023-02-01,dakar,Mil (souna),D01,Alimentaire,kg,296.4
2023-03-01,DAKAR,Mil (souna),D01,Alimentaire,kg,302.3
2023-04-01,Dakar ,Mil (souna),D01,Alimentaire,kg,"323,1"
Mai 2023,Dakar ,Mil (souna),D01,Alimentaire,kg,338.7
01/06/2023,dakar,Mil (souna),D01,Alimentaire,kg,345.2
01/07/2023,Dakar ,Mil (souna),D01,Alimentaire,kg,"353,5"
01/08/2023,DAKAR,Mil (souna),D01,Alimentaire,kg,344.1
2023-09-01,Dakar ,Mil (souna),D01,Alimentaire,kg,335.3
01/10/2023,dakar,Mil (souna),D01,Alimentaire,kg,312.5
Novembre 2023,dakar,Mil (souna),D01,Alimentaire,kg,"311,3"
Décembre 2023,dakar,Mil (souna),D01,Alimentaire,kg,283.5
2024-01-01,dakar,Mil (souna),D01,Alimentaire,kg,282.5
2024-02-01,dakar,Mil (souna),D01,Alimentaire,kg,292.5
Mars 2024,Dakar ,Mil (souna),D01,Alimentaire,kg,"314,0"
Avril 2024,DAKAR,Mil (souna),D01,Alimentaire,kg,337.5
Mai 2024,Dakar ,Mil (souna),D01,Alimentaire,kg,338.9
01/06/2024,DAKAR,Mil (souna),D01,Alimentaire,kg,"347,0"
01/07/2024,DAKAR,Mil (souna),D01,Alimentaire,kg,348.1
Août 2024,dakar,Mil (souna),D01,Alimentaire,kg,"345,2"
Septembre 2024,dakar,Mil (souna),D01,Alimentaire,kg,"325,8"
Octobre 2024,dakar,Mil (souna),D01,Alimentaire,kg,312.6
2024-11-01,DAKAR,Mil (souna),D01,Alimentaire,kg,297.5
Décembre 2024,Dakar ,Mil (souna),D01,Alimentaire,kg,290.1
2025-01-01,dakar,Mil (souna),D01,Alimentaire,kg,301.0
2025-02-01,dakar,Mil (souna),D01,Alimentaire,kg,304.7
01/03/2025,Dakar ,Mil (souna),D01,Alimentaire,kg,314.6
01/04/2025,Dakar ,Mil (souna),D01,Alimentaire,kg,344.4
01/05/2025,dakar,Mil (souna),D01,Alimentaire,kg,346.6
Juin 2025,dakar,Mil (souna),D01,Alimentaire,kg,369.2
Juillet 2025,DAKAR,Mil (souna),D01,Alimentaire,kg,369.0
Août 2025,dakar,Mil (souna),D01,Alimentaire,kg,351.4
2025-09-01,DAKAR,Mil (souna),D01,Alimentaire,kg,328.9
2025-10-01,dakar,Mil (souna),D01,Alimentaire,kg,340.9
2025-11-01,dakar,Mil (souna),D01,Alimentaire,kg,318.1
01/12/2025,DAKAR,Mil (souna),D01,Alimentaire,kg,301.3
Janvier 2026,dakar,Mil (souna),D01,Alimentaire,kg,301.1
Février 2026,Dakar ,Mil (souna),D01,Alimentaire,kg,311.5
2026-03-01,dakar,Mil (souna),D01,Alimentaire,kg,333.1
2026-04-01,dakar,Mil (souna),D01,Alimentaire,kg,336.4
01/05/2026,dakar,Mil (souna),D01,Alimentaire,kg,
01/01/2018,thiès,Mil (souna),D01,Alimentaire,kg,209.7
2018-02-01,THIÈS,Mil (souna),D01,Alimentaire,kg,223.9
Mars 2018,thiès,Mil (souna),D01,Alimentaire,kg,230.6
2018-04-01,THIÈS,Mil (souna),D01,Alimentaire,kg,243.0
01/05/2018,Thiès ,Mil (souna),D01,Alimentaire,kg,250.0
Juin 2018,thiès,Mil (souna),D01,Alimentaire,kg,254.2
2018-07-01,THIÈS,Mil (souna),D01,Alimentaire,kg,249.9
Août 2018,thiès,Mil (souna),D01,Alimentaire,kg,251.7
01/09/2018,Thiès ,Mil (souna),D01,Alimentaire,kg,244.7
Octobre 2018,Thiès ,Mil (souna),D01,Alimentaire,kg,224.2
01/11/2018,THIÈS,Mil (souna),D01,Alimentaire,kg,220.4
Décembre 2018,THIÈS,Mil (souna),D01,Alimentaire,kg,215.6
01/01/2019,THIÈS,Mil (souna),D01,Alimentaire,kg,216.9
2019-02-01,thiès,Mil (souna),D01,Alimentaire,kg,216.4
Mars 2019,Thiès ,Mil (souna),D01,Alimentaire,kg,227.2
Avril 2019,Thiès ,Mil (souna),D01,Alimentaire,kg,240.6
01/05/2019,THIÈS,Mil (souna),D01,Alimentaire,kg,243.0
Juin 2019,THIÈS,Mil (souna),D01,Alimentaire,kg,266.0
Juillet 2019,thiès,Mil (souna),D01,Alimentaire,kg,259.5
01/08/2019,thiès,Mil (souna),D01,Alimentaire,kg,250.8
Septembre 2019,thiès,Mil (souna),D01,Alimentaire,kg,230.1
01/10/2019,thiès,Mil (souna),D01,Alimentaire,kg,221.2
Novembre 2019,Thiès ,Mil (souna),D01,Alimentaire,kg,220.7
01/12/2019,thiès,Mil (souna),D01,Alimentaire,kg,224.9
01/01/2020,Thiès ,Mil (souna),D01,Alimentaire,kg,218.0
2020-02-01,Thiès ,Mil (souna),D01,Alimentaire,kg,232.2
2020-03-01,thiès,Mil (souna),D01,Alimentaire,kg,237.0
01/04/2020,Thiès ,Mil (souna),D01,Alimentaire,kg,"251,9"
Mai 2020,Thiès ,Mil (souna),D01,Alimentaire,kg,268.5
2020-06-01,THIÈS,Mil (souna),D01,Alimentaire,kg,266.2
2020-07-01,THIÈS,Mil (souna),D01,Alimentaire,kg,263.4
2020-08-01,THIÈS,Mil (souna),D01,Alimentaire,kg,267.3
01/09/2020,thiès,Mil (souna),D01,Alimentaire,kg,249.3
01/10/2020,Thiès ,Mil (souna),D01,Alimentaire,kg,"242,5"
2020-11-01,Thiès ,Mil (souna),D01,Alimentaire,kg,224.8
Décembre 2020,thiès,Mil (souna),D01,Alimentaire,kg,"229,5"
01/01/2021,Thiès ,Mil (souna),D01,Alimentaire,kg,"227,7"
2021-02-01,THIÈS,Mil (souna),D01,Alimentaire,kg,235.9
Mars 2021,thiès,Mil (souna),D01,Alimentaire,kg,245.8
Avril 2021,thiès,Mil (souna),D01,Alimentaire,kg,255.2
01/05/2021,Thiès ,Mil (souna),D01,Alimentaire,kg,268.6
Juin 2021,Thiès ,Mil (souna),D01,Alimentaire,kg,272.3
01/07/2021,thiès,Mil (souna),D01,Alimentaire,kg,"279,2"
2021-08-01,thiès,Mil (souna),D01,Alimentaire,kg,266.1
2021-09-01,Thiès ,Mil (souna),D01,Alimentaire,kg,"248,8"
2021-10-01,thiès,Mil (souna),D01,Alimentaire,kg,
2021-11-01,THIÈS,Mil (souna),D01,Alimentaire,kg,227.6
01/12/2021,thiès,Mil (souna),D01,Alimentaire,kg,234.2
01/01/2022,thiès,Mil (souna),D01,Alimentaire,kg,233.5
01/02/2022,thiès,Mil (souna),D01,Alimentaire,kg,251.4
Mars 2022,Thiès ,Mil (souna),D01,Alimentaire,kg,266.0
2022-04-01,thiès,Mil (souna),D01,Alimentaire,kg,282.0
Mai 2022,THIÈS,Mil (souna),D01,Alimentaire,kg,300.4
2022-06-01,thiès,Mil (souna),D01,Alimentaire,kg,308.5
Juillet 2022,thiès,Mil (souna),D01,Alimentaire,kg,292.7
2022-08-01,THIÈS,Mil (souna),D01,Alimentaire,kg,302.6
2022-09-01,Thiès ,Mil (souna),D01,Alimentaire,kg,297.6
2022-10-01,THIÈS,Mil (souna),D01,Alimentaire,kg,293.6
2022-11-01,thiès,Mil (souna),D01,Alimentaire,kg,285.0
Décembre 2022,Thiès ,Mil (souna),D01,Alimentaire,kg,258.1
01/01/2023,THIÈS,Mil (souna),D01,Alimentaire,kg,264.8
2023-02-01,thiès,Mil (souna),D01,Alimentaire,kg,267.7
01/03/2023,THIÈS,Mil (souna),D01,Alimentaire,kg,2995.0
01/04/2023,thiès,Mil (souna),D01,Alimentaire,kg,312.8
Mai 2023,THIÈS,Mil (souna),D01,Alimentaire,kg,"322,8"
Juin 2023,Thiès ,Mil (souna),D01,Alimentaire,kg,329.7
Juillet 2023,THIÈS,Mil (souna),D01,Alimentaire,kg,337.2
2023-08-01,thiès,Mil (souna),D01,Alimentaire,kg,328.3
01/09/2023,THIÈS,Mil (souna),D01,Alimentaire,kg,
01/10/2023,thiès,Mil (souna),D01,Alimentaire,kg,299.5
01/11/2023,Thiès ,Mil (souna),D01,Alimentaire,kg,284.8
Décembre 2023,Thiès ,Mil (souna),D01,Alimentaire,kg,279.2
Janvier 2024,THIÈS,Mil (souna),D01,Alimentaire,kg,278.6
Février 2024,Thiès ,Mil (souna),D01,Alimentaire,kg,281.7
2024-03-01,Thiès ,Mil (souna),D01,Alimentaire,kg,294.1
01/04/2024,thiès,Mil (souna),D01,Alimentaire,kg,318.0
Mai 2024,Thiès ,Mil (souna),D01,Alimentaire,kg,334.4
2024-06-01,THIÈS,Mil (souna),D01,Alimentaire,kg,325.6
Juillet 2024,THIÈS,Mil (souna),D01,Alimentaire,kg,"328,1"
2024-08-01,Thiès ,Mil (souna),D01,Alimentaire,kg,324.2
2024-09-01,Thiès ,Mil (souna),D01,Alimentaire,kg,
2024-10-01,Thiès ,Mil (souna),D01,Alimentaire,kg,294.9
Novembre 2024,THIÈS,Mil (souna),D01,Alimentaire,kg,299.2
Décembre 2024,THIÈS,Mil (souna),D01,Alimentaire,kg,279.2
Janvier 2025,thiès,Mil (souna),D01,Alimentaire,kg,280.4
2025-02-01,THIÈS,Mil (souna),D01,Alimentaire,kg,"297,0"
Mars 2025,Thiès ,Mil (souna),D01,Alimentaire,kg,298.5
2025-04-01,Thiès ,Mil (souna),D01,Alimentaire,kg,316.5
2025-05-01,Thiès ,Mil (souna),D01,Alimentaire,kg,322.5
2025-06-01,Thiès ,Mil (souna),D01,Alimentaire,kg,337.5
2025-07-01,THIÈS,Mil (souna),D01,Alimentaire,kg,"328,5"
01/08/2025,Thiès ,Mil (souna),D01,Alimentaire,kg,336.1
Septembre 2025,THIÈS,Mil (souna),D01,Alimentaire,kg,322.5
2025-10-01,THIÈS,Mil (souna),D01,Alimentaire,kg,305.9
2025-11-01,THIÈS,Mil (souna),D01,Alimentaire,kg,297.2
01/12/2025,Thiès ,Mil (souna),D01,Alimentaire,kg,290.5
2026-01-01,Thiès ,Mil (souna),D01,Alimentaire,kg,272.4
Février 2026,thiès,Mil (souna),D01,Alimentaire,kg,291.0
01/03/2026,THIÈS,Mil (souna),D01,Alimentaire,kg,310.5
01/04/2026,thiès,Mil (souna),D01,Alimentaire,kg,"310,1"
2026-05-01,thiès,Mil (souna),D01,Alimentaire,kg,339.4
Janvier 2018,saint-louis,Mil (souna),D01,Alimentaire,kg,
Février 2018,saint-louis,Mil (souna),D01,Alimentaire,kg,217.1
Mars 2018,SAINT-LOUIS,Mil (souna),D01,Alimentaire,kg,222.0
01/04/2018,saint-louis,Mil (souna),D01,Alimentaire,kg,244.9
2018-05-01,Saint-Louis ,Mil (souna),D01,Alimentaire,kg,241.3
2018-06-01,saint-louis,Mil (souna),D01,Alimentaire,kg,243.3
2018-07-01,SAINT-LOUIS,Mil (souna),D01,Alimentaire,kg,251.1
01/08/2018,saint-louis,Mil (souna),D01,Alimentaire,kg,242.0
2018-09-01,saint-louis,Mil (souna),D01,Alimentaire,kg,227.0
2018-10-01,saint-louis,Mil (souna),D01,Alimentaire,kg,225.7
2018-11-01,saint-louis,Mil (souna),D01,Alimentaire,kg,206.2
2018-12-01,saint-louis,Mil (souna),D01,Alimentaire,kg,206.2
2019-01-01,SAINT-LOUIS,Mil (souna),D01,Alimentaire,kg,211.2
01/02/2019,saint-louis,Mil (souna),D01,Alimentaire,kg,223.4
Mars 2019,SAINT-LOUIS,Mil (souna),D01,Alimentaire,kg,235.7
01/04/2019,saint-louis,Mil (souna),D01,Alimentaire,kg,"246,1"
2019-05-01,saint-louis,Mil (souna),D01,Alimentaire,kg,249.2
01/06/2019,saint-louis,Mil (souna),D01,Alimentaire,kg,242.4
2019-07-01,saint-louis,Mil (souna),D01,Alimentaire,kg,255.8
01/08/2019,Saint-Louis ,Mil (souna),D01,Alimentaire,kg,254.5
2019-09-01,SAINT-LOUIS,Mil (souna),D01,Alimentaire,kg,"242,9"
01/10/2019,saint-louis,Mil (souna),D01,Alimentaire,kg,228.2
Novembre 2019,saint-louis,Mil (souna),D01,Alimentaire,kg,212.2
01/12/2019,saint-louis,Mil (souna),D01,Alimentaire,kg,210.8
Janvier 2020,saint-louis,Mil (souna),D01,Alimentaire,kg,
01/02/2020,SAINT-LOUIS,Mil (souna),D01,Alimentaire,kg,218.5
Mars 2020,SAINT-LOUIS,Mil (souna),D01,Alimentaire,kg,230.3
Avril 2020,SAINT-LOUIS,Mil (souna),D01,Alimentaire,kg,252.5
01/05/2020,SAINT-LOUIS,Mil (souna),D01,Alimentaire,kg,256.0
01/06/2020,Saint-Louis ,Mil (souna),D01,Alimentaire,kg,257.8
01/07/2020,SAINT-LOUIS,Mil (souna),D01,Alimentaire,kg,271.2
2020-08-01,Saint-Louis ,Mil (souna),D01,Alimentaire,kg,258.4
2020-09-01,Saint-Louis ,Mil (souna),D01,Alimentaire,kg,243.4
Octobre 2020,SAINT-LOUIS,Mil (souna),D01,Alimentaire,kg,228.4
01/11/2020,saint-louis,Mil (souna),D01,Alimentaire,kg,"233,7"
Décembre 2020,saint-louis,Mil (souna),D01,Alimentaire,kg,219.7
01/01/2021,saint-louis,Mil (souna),D01,Alimentaire,kg,229.3
2021-02-01,saint-louis,Mil (souna),D01,Alimentaire,kg,234.5
01/03/2021,saint-louis,Mil (souna),D01,Alimentaire,kg,239.0
01/04/2021,Saint-Louis ,Mil (souna),D01,Alimentaire,kg,251.4
01/05/2021,saint-louis,Mil (souna),D01,Alimentaire,kg,"272,3"
Juin 2021,SAINT-LOUIS,Mil (souna),D01,Alimentaire,kg,278.6
01/07/2021,saint-louis,Mil (souna),D01,Alimentaire,kg,259.7
2021-08-01,Saint-Louis ,Mil (souna),D01,Alimentaire,kg,266.0
2021-09-01,Saint-Louis ,Mil (souna),D01,Alimentaire,kg,"252,0"
Octobre 2021,SAINT-LOUIS,Mil (souna),D01,Alimentaire,kg,236.3
01/11/2021,saint-louis,Mil (souna),D01,Alimentaire,kg,233.5
01/12/2021,Saint-Louis ,Mil (souna),D01,Alimentaire,kg,221.7
2022-01-01,SAINT-LOUIS,Mil (souna),D01,Alimentaire,kg,"233,2"
Février 2022,SAINT-LOUIS,Mil (souna),D01,Alimentaire,kg,"242,2"
01/03/2022,SAINT-LOUIS,Mil (souna),D01,Alimentaire,kg,
Avril 2022,SAINT-LOUIS,Mil (souna),D01,Alimentaire,kg,277.8
Mai 2022,Saint-Louis ,Mil (souna),D01,Alimentaire,kg,287.4
Juin 2022,SAINT-LOUIS,Mil (souna),D01,Alimentaire,kg,312.5
2022-07-01,SAINT-LOUIS,Mil (souna),D01,Alimentaire,kg,307.8
01/08/2022,SAINT-LOUIS,Mil (souna),D01,Alimentaire,kg,310.8
01/09/2022,saint-louis,Mil (souna),D01,Alimentaire,kg,289.7
Octobre 2022,Saint-Louis ,Mil (souna),D01,Alimentaire,kg,276.9
Novembre 2022,SAINT-LOUIS,Mil (souna),D01,Alimentaire,kg,281.1
2022-12-01,saint-louis,Mil (souna),D01,Alimentaire,kg,
Janvier 2023,saint-louis,Mil (souna),D01,Alimentaire,kg,261.8
2023-02-01,SAINT-LOUIS,Mil (souna),D01,Alimentaire,kg,276.1
Mars 2023,SAINT-LOUIS,Mil (souna),D01,Alimentaire,kg,279.3
Avril 2023,Saint-Louis ,Mil (souna),D01,Alimentaire,kg,306.3
2023-05-01,SAINT-LOUIS,Mil (souna),D01,Alimentaire,kg,319.4
01/06/2023,SAINT-LOUIS,Mil (souna),D01,Alimentaire,kg,331.9
01/07/2023,saint-louis,Mil (souna),D01,Alimentaire,kg,
Août 2023,SAINT-LOUIS,Mil (souna),D01,Alimentaire,kg,
Septembre 2023,SAINT-LOUIS,Mil (souna),D01,Alimentaire,kg,"303,8"
2023-10-01,SAINT-LOUIS,Mil (souna),D01,Alimentaire,kg,287.3
Novembre 2023,saint-louis,Mil (souna),D01,Alimentaire,kg,294.4
2023-12-01,saint-louis,Mil (souna),D01,Alimentaire,kg,
01/01/2024,SAINT-LOUIS,Mil (souna),D01,Alimentaire,kg,262.3
2024-02-01,Saint-Louis ,Mil (souna),D01,Alimentaire,kg,281.7
2024-03-01,SAINT-LOUIS,Mil (souna),D01,Alimentaire,kg,301.2
01/04/2024,SAINT-LOUIS,Mil (souna),D01,Alimentaire,kg,307.5
2024-05-01,SAINT-LOUIS,Mil (souna),D01,Alimentaire,kg,325.2
2024-06-01,Saint-Louis ,Mil (souna),D01,Alimentaire,kg,
Juillet 2024,saint-louis,Mil (souna),D01,Alimentaire,kg,321.7
01/08/2024,SAINT-LOUIS,Mil (souna),D01,Alimentaire,kg,305.3
01/09/2024,SAINT-LOUIS,Mil (souna),D01,Alimentaire,kg,310.4
Octobre 2024,SAINT-LOUIS,Mil (souna),D01,Alimentaire,kg,284.5
2024-11-01,saint-louis,Mil (souna),D01,Alimentaire,kg,"276,8"
Décembre 2024,Saint-Louis ,Mil (souna),D01,Alimentaire,kg,275.5
2025-01-01,saint-louis,Mil (souna),D01,Alimentaire,kg,"279,1"
Février 2025,Saint-Louis ,Mil (souna),D01,Alimentaire,kg,"281,7"
2025-03-01,SAINT-LOUIS,Mil (souna),D01,Alimentaire,kg,"300,1"
2025-04-01,saint-louis,Mil (souna),D01,Alimentaire,kg,315.7
2025-05-01,Saint-Louis ,Mil (souna),D01,Alimentaire,kg,324.4
01/06/2025,SAINT-LOUIS,Mil (souna),D01,Alimentaire,kg,326.3
Juillet 2025,saint-louis,Mil (souna),D01,Alimentaire,kg,337.3
Août 2025,SAINT-LOUIS,Mil (souna),D01,Alimentaire,kg,330.2
Septembre 2025,Saint-Louis ,Mil (souna),D01,Alimentaire,kg,320.7
2025-10-01,Saint-Louis ,Mil (souna),D01,Alimentaire,kg,304.8
Novembre 2025,saint-louis,Mil (souna),D01,Alimentaire,kg,286.5
01/12/2025,saint-louis,Mil (souna),D01,Alimentaire,kg,285.7
2026-01-01,Saint-Louis ,Mil (souna),D01,Alimentaire,kg,274.6
Février 2026,saint-louis,Mil (souna),D01,Alimentaire,kg,282.7
Mars 2026,Saint-Louis ,Mil (souna),D01,Alimentaire,kg,
2026-04-01,SAINT-LOUIS,Mil (souna),D01,Alimentaire,kg,312.4
01/05/2026,Saint-Louis ,Mil (souna),D01,Alimentaire,kg,335.6
Janvier 2018,Diourbel ,Mil (souna),D01,Alimentaire,kg,202.5
Février 2018,Diourbel ,Mil (souna),D01,Alimentaire,kg,"210,1"
2018-03-01,DIOURBEL,Mil (souna),D01,Alimentaire,kg,222.3
Avril 2018,diourbel,Mil (souna),D01,Alimentaire,kg,242.0
2018-05-01,diourbel,Mil (souna),D01,Alimentaire,kg,248.4
01/06/2018,diourbel,Mil (souna),D01,Alimentaire,kg,"239,7"
2018-07-01,Diourbel ,Mil (souna),D01,Alimentaire,kg,"253,3"
Août 2018,diourbel,Mil (souna),D01,Alimentaire,kg,"246,8"
Septembre 2018,DIOURBEL,Mil (souna),D01,Alimentaire,kg,225.1
2018-10-01,Diourbel ,Mil (souna),D01,Alimentaire,kg,208.8
01/11/2018,diourbel,Mil (souna),D01,Alimentaire,kg,"211,2"
2018-12-01,Diourbel ,Mil (souna),D01,Alimentaire,kg,212.0
Janvier 2019,diourbel,Mil (souna),D01,Alimentaire,kg,217.1
2019-02-01,diourbel,Mil (souna),D01,Alimentaire,kg,212.8
01/03/2019,diourbel,Mil (souna),D01,Alimentaire,kg,234.2
2019-04-01,Diourbel ,Mil (souna),D01,Alimentaire,kg,"226,5"
Mai 2019,Diourbel ,Mil (souna),D01,Alimentaire,kg,244.4
2019-06-01,diourbel,Mil (souna),D01,Alimentaire,kg,248.8
01/07/2019,diourbel,Mil (souna),D01,Alimentaire,kg,"255,7"
2019-08-01,DIOURBEL,Mil (souna),D01,Alimentaire,kg,249.8
01/09/2019,DIOURBEL,Mil (souna),D01,Alimentaire,kg,237.9
Octobre 2019,Diourbel ,Mil (souna),D01,Alimentaire,kg,"216,7"
Novembre 2019,diourbel,Mil (souna),D01,Alimentaire,kg,217.8
2019-12-01,diourbel,Mil (souna),D01,Alimentaire,kg,212.0
Janvier 2020,diourbel,Mil (souna),D01,Alimentaire,kg,207.3
2020-02-01,DIOURBEL,Mil (souna),D01,Alimentaire,kg,212.3
Mars 2020,DIOURBEL,Mil (souna),D01,Alimentaire,kg,237.0
Avril 2020,DIOURBEL,Mil (souna),D01,Alimentaire,kg,243.2
2020-05-01,Diourbel ,Mil (souna),D01,Alimentaire,kg,"247,7"
01/06/2020,diourbel,Mil (souna),D01,Alimentaire,kg,258.9
Juillet 2020,DIOURBEL,Mil (souna),D01,Alimentaire,kg,261.0
2020-08-01,diourbel,Mil (souna),D01,Alimentaire,kg,"251,8"
2020-09-01,DIOURBEL,Mil (souna),D01,Alimentaire,kg,"234,1"
01/10/2020,Diourbel ,Mil (souna),D01,Alimentaire,kg,238.9
Novembre 2020,DIOURBEL,Mil (souna),D01,Alimentaire,kg,225.6
2020-12-01,DIOURBEL,Mil (souna),D01,Alimentaire,kg,215.1
01/01/2021,Diourbel ,Mil (souna),D01,Alimentaire,kg,218.3
Février 2021,Diourbel ,Mil (souna),D01,Alimentaire,kg,"228,5"
2021-03-01,Diourbel ,Mil (souna),D01,Alimentaire,kg,232.5
2021-04-01,diourbel,Mil (souna),D01,Alimentaire,kg,"251,7"
2021-05-01,diourbel,Mil (souna),D01,Alimentaire,kg,253.7
01/06/2021,DIOURBEL,Mil (souna),D01,Alimentaire,kg,"266,1"
01/07/2021,DIOURBEL,Mil (souna),D01,Alimentaire,kg,259.5
2021-08-01,Diourbel ,Mil (souna),D01,Alimentaire,kg,253.3
01/09/2021,Diourbel ,Mil (souna),D01,Alimentaire,kg,256.9
Octobre 2021,Diourbel ,Mil (souna),D01,Alimentaire,kg,237.9
Novembre 2021,Diourbel ,Mil (souna),D01,Alimentaire,kg,229.7
Décembre 2021,Diourbel ,Mil (souna),D01,Alimentaire,kg,215.4
Janvier 2022,diourbel,Mil (souna),D01,Alimentaire,kg,229.1
01/02/2022,Diourbel ,Mil (souna),D01,Alimentaire,kg,"244,7"
2022-03-01,Diourbel ,Mil (souna),D01,Alimentaire,kg,258.3
2022-04-01,DIOURBEL,Mil (souna),D01,Alimentaire,kg,262.1
01/05/2022,Diourbel ,Mil (souna),D01,Alimentaire,kg,"290,0"
01/06/2022,diourbel,Mil (souna),D01,Alimentaire,kg,"300,5"
Juillet 2022,DIOURBEL,Mil (souna),D01,Alimentaire,kg,
2022-08-01,diourbel,Mil (souna),D01,Alimentaire,kg,291.6
Septembre 2022,DIOURBEL,Mil (souna),D01,Alimentaire,kg,273.4
2022-10-01,DIOURBEL,Mil (souna),D01,Alimentaire,kg,270.2
01/11/2022,diourbel,Mil (souna),D01,Alimentaire,kg,"261,6"
01/12/2022,Diourbel ,Mil (souna),D01,Alimentaire,kg,"261,1"
Janvier 2023,diourbel,Mil (souna),D01,Alimentaire,kg,244.6
Février 2023,DIOURBEL,Mil (souna),D01,Alimentaire,kg,265.7
2023-03-01,Diourbel ,Mil (souna),D01,Alimentaire,kg,290.0
Avril 2023,DIOURBEL,Mil (souna),D01,Alimentaire,kg,297.5
Mai 2023,diourbel,Mil (souna),D01,Alimentaire,kg,316.5
2023-06-01,DIOURBEL,Mil (souna),D01,Alimentaire,kg,308.3
Juillet 2023,DIOURBEL,Mil (souna),D01,Alimentaire,kg,308.1
2023-08-01,DIOURBEL,Mil (souna),D01,Alimentaire,kg,"319,8"
01/09/2023,diourbel,Mil (souna),D01,Alimentaire,kg,300.5
2023-10-01,Diourbel ,Mil (souna),D01,Alimentaire,kg,288.5
2023-11-01,Diourbel ,Mil (souna),D01,Alimentaire,kg,272.0
01/12/2023,Diourbel ,Mil (souna),D01,Alimentaire,kg,"267,3"
Janvier 2024,DIOURBEL,Mil (souna),D01,Alimentaire,kg,259.8
01/02/2024,DIOURBEL,Mil (souna),D01,Alimentaire,kg,280.8
01/03/2024,diourbel,Mil (souna),D01,Alimentaire,kg,302.9
01/04/2024,Diourbel ,Mil (souna),D01,Alimentaire,kg,304.5
2024-05-01,DIOURBEL,Mil (souna),D01,Alimentaire,kg,310.0
2024-06-01,Diourbel ,Mil (souna),D01,Alimentaire,kg,304.4
2024-07-01,Diourbel ,Mil (souna),D01,Alimentaire,kg,309.2
2024-08-01,DIOURBEL,Mil (souna),D01,Alimentaire,kg,322.0
Septembre 2024,DIOURBEL,Mil (souna),D01,Alimentaire,kg,294.8
01/10/2024,DIOURBEL,Mil (souna),D01,Alimentaire,kg,287.0
2024-11-01,DIOURBEL,Mil (souna),D01,Alimentaire,kg,283.4
01/12/2024,Diourbel ,Mil (souna),D01,Alimentaire,kg,
01/01/2025,Diourbel ,Mil (souna),D01,Alimentaire,kg,268.0
2025-02-01,Diourbel ,Mil (souna),D01,Alimentaire,kg,276.1
Mars 2025,DIOURBEL,Mil (souna),D01,Alimentaire,kg,292.6
Avril 2025,Diourbel ,Mil (souna),D01,Alimentaire,kg,303.7
Mai 2025,Diourbel ,Mil (souna),D01,Alimentaire,kg,
Juin 2025,Diourbel ,Mil (souna),D01,Alimentaire,kg,
01/07/2025,diourbel,Mil (souna),D01,Alimentaire,kg,329.7
Août 2025,DIOURBEL,Mil (souna),D01,Alimentaire,kg,"334,9"
01/09/2025,Diourbel ,Mil (souna),D01,Alimentaire,kg,313.0
2025-10-01,DIOURBEL,Mil (souna),D01,Alimentaire,kg,305.2
2025-11-01,DIOURBEL,Mil (souna),D01,Alimentaire,kg,282.7
Décembre 2025,DIOURBEL,Mil (souna),D01,Alimentaire,kg,280.4
01/01/2026,DIOURBEL,Mil (souna),D01,Alimentaire,kg,266.5
Février 2026,diourbel,Mil (souna),D01,Alimentaire,kg,283.3
2026-03-01,DIOURBEL,Mil (souna),D01,Alimentaire,kg,"301,1"
01/04/2026,Diourbel ,Mil (souna),D01,Alimentaire,kg,312.3
2026-05-01,Diourbel ,Mil (souna),D01,Alimentaire,kg,340.4
2018-01-01,KAOLACK,Mil (souna),D01,Alimentaire,kg,216.5
2018-02-01,Kaolack ,Mil (souna),D01,Alimentaire,kg,221.6
2018-03-01,KAOLACK,Mil (souna),D01,Alimentaire,kg,229.6
01/04/2018,KAOLACK,Mil (souna),D01,Alimentaire,kg,245.2
2018-05-01,kaolack,Mil (souna),D01,Alimentaire,kg,238.7
2018-06-01,KAOLACK,Mil (souna),D01,Alimentaire,kg,257.2
Juillet 2018,KAOLACK,Mil (souna),D01,Alimentaire,kg,244.2
2018-08-01,KAOLACK,Mil (souna),D01,Alimentaire,kg,240.1
01/09/2018,kaolack,Mil (souna),D01,Alimentaire,kg,235.5
Octobre 2018,KAOLACK,Mil (souna),D01,Alimentaire,kg,227.7
Novembre 2018,KAOLACK,Mil (souna),D01,Alimentaire,kg,208.7
2018-12-01,KAOLACK,Mil (souna),D01,Alimentaire,kg,"207,3"
2019-01-01,Kaolack ,Mil (souna),D01,Alimentaire,kg,213.0
Février 2019,Kaolack ,Mil (souna),D01,Alimentaire,kg,217.9
01/03/2019,Kaolack ,Mil (souna),D01,Alimentaire,kg,232.5
01/04/2019,KAOLACK,Mil (souna),D01,Alimentaire,kg,256.0
01/05/2019,KAOLACK,Mil (souna),D01,Alimentaire,kg,250.8
01/06/2019,Kaolack ,Mil (souna),D01,Alimentaire,kg,249.8
01/07/2019,kaolack,Mil (souna),D01,Alimentaire,kg,245.9
2019-08-01,KAOLACK,Mil (souna),D01,Alimentaire,kg,244.4
2019-09-01,KAOLACK,Mil (souna),D01,Alimentaire,kg,231.4
2019-10-01,Kaolack ,Mil (souna),D01,Alimentaire,kg,227.1
2019-11-01,Kaolack ,Mil (souna),D01,Alimentaire,kg,218.3
Décembre 2019,kaolack,Mil (souna),D01,Alimentaire,kg,210.0
Janvier 2020,KAOLACK,Mil (souna),D01,Alimentaire,kg,225.3
01/02/2020,KAOLACK,Mil (souna),D01,Alimentaire,kg,220.4
2020-03-01,KAOLACK,Mil (souna),D01,Alimentaire,kg,234.0
2020-04-01,Kaolack ,Mil (souna),D01,Alimentaire,kg,249.7
Mai 2020,Kaolack ,Mil (souna),D01,Alimentaire,kg,261.5
01/06/2020,KAOLACK,Mil (souna),D01,Alimentaire,kg,269.4
Juillet 2020,Kaolack ,Mil (souna),D01,Alimentaire,kg,264.0
01/08/2020,Kaolack ,Mil (souna),D01,Alimentaire,kg,260.1
Septembre 2020,Kaolack ,Mil (souna),D01,Alimentaire,kg,
2020-10-01,Kaolack ,Mil (souna),D01,Alimentaire,kg,236.9
Novembre 2020,kaolack,Mil (souna),D01,Alimentaire,kg,"227,4"
01/12/2020,Kaolack ,Mil (souna),D01,Alimentaire,kg,225.4
01/01/2021,Kaolack ,Mil (souna),D01,Alimentaire,kg,214.5
01/02/2021,Kaolack ,Mil (souna),D01,Alimentaire,kg,225.0
2021-03-01,kaolack,Mil (souna),D01,Alimentaire,kg,"244,2"
01/04/2021,KAOLACK,Mil (souna),D01,Alimentaire,kg,"239,3"
Mai 2021,kaolack,Mil (souna),D01,Alimentaire,kg,"265,9"
Juin 2021,kaolack,Mil (souna),D01,Alimentaire,kg,275.0
Juillet 2021,kaolack,Mil (souna),D01,Alimentaire,kg,265.3
01/08/2021,Kaolack ,Mil (souna),D01,Alimentaire,kg,259.6
Septembre 2021,kaolack,Mil (souna),D01,Alimentaire,kg,245.9
Octobre 2021,KAOLACK,Mil (souna),D01,Alimentaire,kg,237.5
2021-11-01,KAOLACK,Mil (souna),D01,Alimentaire,kg,228.8
01/12/2021,kaolack,Mil (souna),D01,Alimentaire,kg,223.6
Janvier 2022,KAOLACK,Mil (souna),D01,Alimentaire,kg,230.8
01/02/2022,KAOLACK,Mil (souna),D01,Alimentaire,kg,243.6
2022-03-01,KAOLACK,Mil (souna),D01,Alimentaire,kg,258.5
01/04/2022,kaolack,Mil (souna),D01,Alimentaire,kg,287.1
01/05/2022,kaolack,Mil (souna),D01,Alimentaire,kg,289.5
01/06/2022,kaolack,Mil (souna),D01,Alimentaire,kg,303.5
2022-07-01,KAOLACK,Mil (souna),D01,Alimentaire,kg,299.8
2022-08-01,KAOLACK,Mil (souna),D01,Alimentaire,kg,295.0
01/09/2022,Kaolack ,Mil (souna),D01,Alimentaire,kg,279.3
Octobre 2022,Kaolack ,Mil (souna),D01,Alimentaire,kg,269.8
01/11/2022,KAOLACK,Mil (souna),D01,Alimentaire,kg,263.7
Décembre 2022,Kaolack ,Mil (souna),D01,Alimentaire,kg,260.9
Janvier 2023,kaolack,Mil (souna),D01,Alimentaire,kg,2670.0
2023-02-01,KAOLACK,Mil (souna),D01,Alimentaire,kg,261.2
2023-03-01,kaolack,Mil (souna),D01,Alimentaire,kg,281.8
01/04/2023,KAOLACK,Mil (souna),D01,Alimentaire,kg,292.3
01/05/2023,kaolack,Mil (souna),D01,Alimentaire,kg,312.5
Juin 2023,Kaolack ,Mil (souna),D01,Alimentaire,kg,"329,0"
01/07/2023,Kaolack ,Mil (souna),D01,Alimentaire,kg,318.7
Août 2023,KAOLACK,Mil (souna),D01,Alimentaire,kg,313.8
Septembre 2023,Kaolack ,Mil (souna),D01,Alimentaire,kg,311.8
01/10/2023,kaolack,Mil (souna),D01,Alimentaire,kg,293.5
01/11/2023,KAOLACK,Mil (souna),D01,Alimentaire,kg,276.8
2023-12-01,Kaolack ,Mil (souna),D01,Alimentaire,kg,270.3
Janvier 2024,Kaolack ,Mil (souna),D01,Alimentaire,kg,264.2
Février 2024,KAOLACK,Mil (souna),D01,Alimentaire,kg,279.5
Mars 2024,KAOLACK,Mil (souna),D01,Alimentaire,kg,293.2
2024-04-01,KAOLACK,Mil (souna),D01,Alimentaire,kg,296.4
2024-05-01,Kaolack ,Mil (souna),D01,Alimentaire,kg,318.3
Juin 2024,KAOLACK,Mil (souna),D01,Alimentaire,kg,323.2
01/07/2024,KAOLACK,Mil (souna),D01,Alimentaire,kg,326.8
01/08/2024,KAOLACK,Mil (souna),D01,Alimentaire,kg,
01/09/2024,KAOLACK,Mil (souna),D01,Alimentaire,kg,307.0
01/10/2024,kaolack,Mil (souna),D01,Alimentaire,kg,290.3
01/11/2024,Kaolack ,Mil (souna),D01,Alimentaire,kg,287.9
2024-12-01,KAOLACK,Mil (souna),D01,Alimentaire,kg,
Janvier 2025,Kaolack ,Mil (souna),D01,Alimentaire,kg,264.7
01/02/2025,Kaolack ,Mil (souna),D01,Alimentaire,kg,263.2
01/03/2025,Kaolack ,Mil (souna),D01,Alimentaire,kg,294.8
01/04/2025,Kaolack ,Mil (souna),D01,Alimentaire,kg,305.6
Mai 2025,kaolack,Mil (souna),D01,Alimentaire,kg,326.8
2025-06-01,KAOLACK,Mil (souna),D01,Alimentaire,kg,318.8
2025-07-01,Kaolack ,Mil (souna),D01,Alimentaire,kg,327.5
2025-08-01,kaolack,Mil (souna),D01,Alimentaire,kg,327.6
Septembre 2025,kaolack,Mil (souna),D01,Alimentaire,kg,307.0
2025-10-01,kaolack,Mil (souna),D01,Alimentaire,kg,303.9
2025-11-01,KAOLACK,Mil (souna),D01,Alimentaire,kg,288.6
Décembre 2025,kaolack,Mil (souna),D01,Alimentaire,kg,280.2
2026-01-01,Kaolack ,Mil (souna),D01,Alimentaire,kg,276.4
01/02/2026,kaolack,Mil (souna),D01,Alimentaire,kg,289.4
01/03/2026,kaolack,Mil (souna),D01,Alimentaire,kg,300.7
01/04/2026,KAOLACK,Mil (souna),D01,Alimentaire,kg,"310,0"
01/05/2026,kaolack,Mil (souna),D01,Alimentaire,kg,325.1
01/01/2018,KOLDA,Mil (souna),D01,Alimentaire,kg,220.8
01/02/2018,kolda,Mil (souna),D01,Alimentaire,kg,219.7
Mars 2018,KOLDA,Mil (souna),D01,Alimentaire,kg,
01/04/2018,Kolda ,Mil (souna),D01,Alimentaire,kg,"243,4"
01/05/2018,KOLDA,Mil (souna),D01,Alimentaire,kg,254.0
Juin 2018,KOLDA,Mil (souna),D01,Alimentaire,kg,254.1
2018-07-01,kolda,Mil (souna),D01,Alimentaire,kg,248.5
Août 2018,kolda,Mil (souna),D01,Alimentaire,kg,254.1
2018-09-01,Kolda ,Mil (souna),D01,Alimentaire,kg,245.8
2018-10-01,kolda,Mil (souna),D01,Alimentaire,kg,221.9
2018-11-01,kolda,Mil (souna),D01,Alimentaire,kg,"222,9"
01/12/2018,Kolda ,Mil (souna),D01,Alimentaire,kg,221.6
Janvier 2019,Kolda ,Mil (souna),D01,Alimentaire,kg,222.8
01/02/2019,Kolda ,Mil (souna),D01,Alimentaire,kg,224.7
01/03/2019,kolda,Mil (souna),D01,Alimentaire,kg,232.3
01/04/2019,Kolda ,Mil (souna),D01,Alimentaire,kg,248.5
Mai 2019,KOLDA,Mil (souna),D01,Alimentaire,kg,258.9
Juin 2019,Kolda ,Mil (souna),D01,Alimentaire,kg,"263,1"
Juillet 2019,Kolda ,Mil (souna),D01,Alimentaire,kg,260.6
01/08/2019,kolda,Mil (souna),D01,Alimentaire,kg,249.2
Septembre 2019,KOLDA,Mil (souna),D01,Alimentaire,kg,"246,3"
2019-10-01,Kolda ,Mil (souna),D01,Alimentaire,kg,235.2
Novembre 2019,KOLDA,Mil (souna),D01,Alimentaire,kg,224.9
Décembre 2019,KOLDA,Mil (souna),D01,Alimentaire,kg,220.1
01/01/2020,Kolda ,Mil (souna),D01,Alimentaire,kg,231.9
01/02/2020,kolda,Mil (souna),D01,Alimentaire,kg,228.8
2020-03-01,kolda,Mil (souna),D01,Alimentaire,kg,249.1
01/04/2020,Kolda ,Mil (souna),D01,Alimentaire,kg,251.6
2020-05-01,Kolda ,Mil (souna),D01,Alimentaire,kg,"271,9"
01/06/2020,Kolda ,Mil (souna),D01,Alimentaire,kg,278.8
01/07/2020,KOLDA,Mil (souna),D01,Alimentaire,kg,269.6
01/08/2020,KOLDA,Mil (souna),D01,Alimentaire,kg,272.6
Septembre 2020,Kolda ,Mil (souna),D01,Alimentaire,kg,255.1
Octobre 2020,KOLDA,Mil (souna),D01,Alimentaire,kg,
01/11/2020,KOLDA,Mil (souna),D01,Alimentaire,kg,229.6
01/12/2020,kolda,Mil (souna),D01,Alimentaire,kg,231.7
2021-01-01,kolda,Mil (souna),D01,Alimentaire,kg,234.1
01/02/2021,KOLDA,Mil (souna),D01,Alimentaire,kg,232.3
Mars 2021,Kolda ,Mil (souna),D01,Alimentaire,kg,248.2
2021-04-01,kolda,Mil (souna),D01,Alimentaire,kg,262.8
01/05/2021,kolda,Mil (souna),D01,Alimentaire,kg,269.9
01/06/2021,kolda,Mil (souna),D01,Alimentaire,kg,"292,0"
2021-07-01,Kolda ,Mil (souna),D01,Alimentaire,kg,279.3
2021-08-01,kolda,Mil (souna),D01,Alimentaire,kg,270.8
Septembre 2021,Kolda ,Mil (souna),D01,Alimentaire,kg,266.5
01/10/2021,KOLDA,Mil (souna),D01,Alimentaire,kg,"246,8"
01/11/2021,Kolda ,Mil (souna),D01,Alimentaire,kg,244.1
2021-12-01,Kolda ,Mil (souna),D01,Alimentaire,kg,227.0
2022-01-01,KOLDA,Mil (souna),D01,Alimentaire,kg,"240,4"
2022-02-01,Kolda ,Mil (souna),D01,Alimentaire,kg,259.0
2022-03-01,KOLDA,Mil (souna),D01,Alimentaire,kg,277.7
Avril 2022,kolda,Mil (souna),D01,Alimentaire,kg,282.2
01/05/2022,Kolda ,Mil (souna),D01,Alimentaire,kg,296.9
Juin 2022,KOLDA,Mil (souna),D01,Alimentaire,kg,315.7
01/07/2022,kolda,Mil (souna),D01,Alimentaire,kg,310.2
Août 2022,Kolda ,Mil (souna),D01,Alimentaire,kg,307.5
2022-09-01,kolda,Mil (souna),D01,Alimentaire,kg,
Octobre 2022,KOLDA,Mil (souna),D01,Alimentaire,kg,
01/11/2022,KOLDA,Mil (souna),D01,Alimentaire,kg,268.8
2022-12-01,kolda,Mil (souna),D01,Alimentaire,kg,262.3
Janvier 2023,KOLDA,Mil (souna),D01,Alimentaire,kg,270.7
01/02/2023,KOLDA,Mil (souna),D01,Alimentaire,kg,"270,1"
2023-03-01,Kolda ,Mil (souna),D01,Alimentaire,kg,293.3
Avril 2023,kolda,Mil (souna),D01,Alimentaire,kg,302.5
01/05/2023,kolda,Mil (souna),D01,Alimentaire,kg,"336,0"
01/06/2023,KOLDA,Mil (souna),D01,Alimentaire,kg,348.0
01/07/2023,Kolda ,Mil (souna),D01,Alimentaire,kg,326.0
2023-08-01,kolda,Mil (souna),D01,Alimentaire,kg,327.0
2023-09-01,KOLDA,Mil (souna),D01,Alimentaire,kg,307.7
Octobre 2023,Kolda ,Mil (souna),D01,Alimentaire,kg,299.4
01/11/2023,KOLDA,Mil (souna),D01,Alimentaire,kg,301.6
Décembre 2023,kolda,Mil (souna),D01,Alimentaire,kg,276.5
2024-01-01,kolda,Mil (souna),D01,Alimentaire,kg,276.6
01/02/2024,KOLDA,Mil (souna),D01,Alimentaire,kg,281.6
01/03/2024,Kolda ,Mil (souna),D01,Alimentaire,kg,307.5
2024-04-01,Kolda ,Mil (souna),D01,Alimentaire,kg,295.0
Mai 2024,KOLDA,Mil (souna),D01,Alimentaire,kg,"3256,0"
2024-06-01,KOLDA,Mil (souna),D01,Alimentaire,kg,335.2
01/07/2024,KOLDA,Mil (souna),D01,Alimentaire,kg,330.4
Août 2024,kolda,Mil (souna),D01,Alimentaire,kg,332.5
Septembre 2024,kolda,Mil (souna),D01,Alimentaire,kg,322.6
2024-10-01,kolda,Mil (souna),D01,Alimentaire,kg,294.0
01/11/2024,KOLDA,Mil (souna),D01,Alimentaire,kg,305.0
01/12/2024,Kolda ,Mil (souna),D01,Alimentaire,kg,273.0
Janvier 2025,kolda,Mil (souna),D01,Alimentaire,kg,288.8
2025-02-01,kolda,Mil (souna),D01,Alimentaire,kg,292.1
01/03/2025,kolda,Mil (souna),D01,Alimentaire,kg,302.6
Avril 2025,Kolda ,Mil (souna),D01,Alimentaire,kg,319.2
Mai 2025,KOLDA,Mil (souna),D01,Alimentaire,kg,335.6
Juin 2025,Kolda ,Mil (souna),D01,Alimentaire,kg,345.2
Juillet 2025,kolda,Mil (souna),D01,Alimentaire,kg,337.4
Août 2025,kolda,Mil (souna),D01,Alimentaire,kg,334.6
01/09/2025,KOLDA,Mil (souna),D01,Alimentaire,kg,319.6
Octobre 2025,Kolda ,Mil (souna),D01,Alimentaire,kg,304.6
01/11/2025,Kolda ,Mil (souna),D01,Alimentaire,kg,297.3
Décembre 2025,kolda,Mil (souna),D01,Alimentaire,kg,283.7
Janvier 2026,Kolda ,Mil (souna),D01,Alimentaire,kg,280.6
2026-02-01,Kolda ,Mil (souna),D01,Alimentaire,kg,296.7
Mars 2026,Kolda ,Mil (souna),D01,Alimentaire,kg,311.6
Avril 2026,KOLDA,Mil (souna),D01,Alimentaire,kg,339.3
Mai 2026,Kolda ,Mil (souna),D01,Alimentaire,kg,
Janvier 2018,DAKAR,Maïs,D01,Alimentaire,kg,212.6
2018-02-01,dakar,Maïs,D01,Alimentaire,kg,215.8
2018-03-01,DAKAR,Maïs,D01,Alimentaire,kg,227.9
2018-04-01,DAKAR,Maïs,D01,Alimentaire,kg,237.0
01/05/2018,Dakar ,Maïs,D01,Alimentaire,kg,
01/06/2018,dakar,Maïs,D01,Alimentaire,kg,246.7
01/07/2018,Dakar ,Maïs,D01,Alimentaire,kg,241.4
Août 2018,DAKAR,Maïs,D01,Alimentaire,kg,242.5
Septembre 2018,Dakar ,Maïs,D01,Alimentaire,kg,222.2
2018-10-01,Dakar ,Maïs,D01,Alimentaire,kg,"224,9"
Novembre 2018,dakar,Maïs,D01,Alimentaire,kg,213.7
01/12/2018,DAKAR,Maïs,D01,Alimentaire,kg,207.8
Janvier 2019,DAKAR,Maïs,D01,Alimentaire,kg,211.7
01/02/2019,dakar,Maïs,D01,Alimentaire,kg,217.3
01/03/2019,dakar,Maïs,D01,Alimentaire,kg,232.5
2019-04-01,dakar,Maïs,D01,Alimentaire,kg,251.7
2019-05-01,DAKAR,Maïs,D01,Alimentaire,kg,250.6
Juin 2019,dakar,Maïs,D01,Alimentaire,kg,246.2
2019-07-01,dakar,Maïs,D01,Alimentaire,kg,251.4
2019-08-01,dakar,Maïs,D01,Alimentaire,kg,246.0
2019-09-01,DAKAR,Maïs,D01,Alimentaire,kg,
Octobre 2019,dakar,Maïs,D01,Alimentaire,kg,218.6
01/11/2019,Dakar ,Maïs,D01,Alimentaire,kg,216.1
01/12/2019,dakar,Maïs,D01,Alimentaire,kg,215.9
01/01/2020,DAKAR,Maïs,D01,Alimentaire,kg,"209,8"
01/02/2020,Dakar ,Maïs,D01,Alimentaire,kg,219.7
01/03/2020,DAKAR,Maïs,D01,Alimentaire,kg,235.2
01/04/2020,Dakar ,Maïs,D01,Alimentaire,kg,243.5
2020-05-01,DAKAR,Maïs,D01,Alimentaire,kg,259.7
2020-06-01,DAKAR,Maïs,D01,Alimentaire,kg,
Juillet 2020,dakar,Maïs,D01,Alimentaire,kg,269.5
01/08/2020,Dakar ,Maïs,D01,Alimentaire,kg,243.6
Septembre 2020,dakar,Maïs,D01,Alimentaire,kg,232.2
Octobre 2020,DAKAR,Maïs,D01,Alimentaire,kg,231.5
Novembre 2020,Dakar ,Maïs,D01,Alimentaire,kg,218.5
01/12/2020,DAKAR,Maïs,D01,Alimentaire,kg,219.0
Janvier 2021,dakar,Maïs,D01,Alimentaire,kg,"221,7"
2021-02-01,DAKAR,Maïs,D01,Alimentaire,kg,227.5
01/03/2021,Dakar ,Maïs,D01,Alimentaire,kg,"234,2"
Avril 2021,dakar,Maïs,D01,Alimentaire,kg,251.5
2021-05-01,DAKAR,Maïs,D01,Alimentaire,kg,257.3
2021-06-01,dakar,Maïs,D01,Alimentaire,kg,270.3
2021-07-01,DAKAR,Maïs,D01,Alimentaire,kg,263.0
01/08/2021,dakar,Maïs,D01,Alimentaire,kg,253.3
01/09/2021,dakar,Maïs,D01,Alimentaire,kg,"240,8"
01/10/2021,Dakar ,Maïs,D01,Alimentaire,kg,238.4
2021-11-01,Dakar ,Maïs,D01,Alimentaire,kg,225.3
01/12/2021,dakar,Maïs,D01,Alimentaire,kg,221.1
Janvier 2022,DAKAR,Maïs,D01,Alimentaire,kg,236.8
2022-02-01,DAKAR,Maïs,D01,Alimentaire,kg,235.4
Mars 2022,dakar,Maïs,D01,Alimentaire,kg,265.1
2022-04-01,dakar,Maïs,D01,Alimentaire,kg,273.9
2022-05-01,dakar,Maïs,D01,Alimentaire,kg,"286,7"
2022-06-01,Dakar ,Maïs,D01,Alimentaire,kg,289.9
2022-07-01,Dakar ,Maïs,D01,Alimentaire,kg,302.8
01/08/2022,dakar,Maïs,D01,Alimentaire,kg,"294,5"
01/09/2022,DAKAR,Maïs,D01,Alimentaire,kg,282.8
01/10/2022,dakar,Maïs,D01,Alimentaire,kg,278.7
2022-11-01,DAKAR,Maïs,D01,Alimentaire,kg,261.2
01/12/2022,dakar,Maïs,D01,Alimentaire,kg,252.0
Janvier 2023,dakar,Maïs,D01,Alimentaire,kg,255.6
2023-02-01,dakar,Maïs,D01,Alimentaire,kg,271.8
Mars 2023,dakar,Maïs,D01,Alimentaire,kg,282.4
2023-04-01,DAKAR,Maïs,D01,Alimentaire,kg,"302,7"
01/05/2023,DAKAR,Maïs,D01,Alimentaire,kg,303.2
01/06/2023,Dakar ,Maïs,D01,Alimentaire,kg,"319,9"
Juillet 2023,dakar,Maïs,D01,Alimentaire,kg,315.5
01/08/2023,DAKAR,Maïs,D01,Alimentaire,kg,304.1
01/09/2023,Dakar ,Maïs,D01,Alimentaire,kg,302.7
Octobre 2023,DAKAR,Maïs,D01,Alimentaire,kg,289.5
2023-11-01,dakar,Maïs,D01,Alimentaire,kg,277.7
2023-12-01,Dakar ,Maïs,D01,Alimentaire,kg,270.3
01/01/2024,dakar,Maïs,D01,Alimentaire,kg,
2024-02-01,Dakar ,Maïs,D01,Alimentaire,kg,275.3
2024-03-01,dakar,Maïs,D01,Alimentaire,kg,285.4
01/04/2024,dakar,Maïs,D01,Alimentaire,kg,292.8
2024-05-01,dakar,Maïs,D01,Alimentaire,kg,
01/06/2024,dakar,Maïs,D01,Alimentaire,kg,313.0
01/07/2024,dakar,Maïs,D01,Alimentaire,kg,311.4
01/08/2024,Dakar ,Maïs,D01,Alimentaire,kg,"309,8"
01/09/2024,Dakar ,Maïs,D01,Alimentaire,kg,306.0
2024-10-01,dakar,Maïs,D01,Alimentaire,kg,"292,2"
01/11/2024,dakar,Maïs,D01,Alimentaire,kg,"279,8"
2024-12-01,dakar,Maïs,D01,Alimentaire,kg,268.7
01/01/2025,Dakar ,Maïs,D01,Alimentaire,kg,275.5
Février 2025,dakar,Maïs,D01,Alimentaire,kg,266.8
Mars 2025,dakar,Maïs,D01,Alimentaire,kg,297.3
2025-04-01,dakar,Maïs,D01,Alimentaire,kg,295.1
2025-05-01,dakar,Maïs,D01,Alimentaire,kg,309.8
Juin 2025,dakar,Maïs,D01,Alimentaire,kg,322.6
Juillet 2025,Dakar ,Maïs,D01,Alimentaire,kg,340.5
2025-08-01,Dakar ,Maïs,D01,Alimentaire,kg,"331,0"
Septembre 2025,DAKAR,Maïs,D01,Alimentaire,kg,"315,2"
2025-10-01,DAKAR,Maïs,D01,Alimentaire,kg,302.5
01/11/2025,Dakar ,Maïs,D01,Alimentaire,kg,281.1
2025-12-01,DAKAR,Maïs,D01,Alimentaire,kg,"281,8"
2026-01-01,dakar,Maïs,D01,Alimentaire,kg,270.3
Février 2026,dakar,Maïs,D01,Alimentaire,kg,278.4
01/03/2026,DAKAR,Maïs,D01,Alimentaire,kg,298.5
2026-04-01,dakar,Maïs,D01,Alimentaire,kg,308.0
Mai 2026,dakar,Maïs,D01,Alimentaire,kg,"328,3"
2018-01-01,Thiès ,Maïs,D01,Alimentaire,kg,"191,0"
2018-02-01,Thiès ,Maïs,D01,Alimentaire,kg,203.9
Mars 2018,Thiès ,Maïs,D01,Alimentaire,kg,207.8
01/04/2018,thiès,Maïs,D01,Alimentaire,kg,218.7
2018-05-01,Thiès ,Maïs,D01,Alimentaire,kg,229.4
Juin 2018,Thiès ,Maïs,D01,Alimentaire,kg,226.8
2018-07-01,Thiès ,Maïs,D01,Alimentaire,kg,231.9
01/08/2018,thiès,Maïs,D01,Alimentaire,kg,225.0
2018-09-01,THIÈS,Maïs,D01,Alimentaire,kg,214.9
01/10/2018,thiès,Maïs,D01,Alimentaire,kg,206.9
Novembre 2018,THIÈS,Maïs,D01,Alimentaire,kg,201.1
Décembre 2018,THIÈS,Maïs,D01,Alimentaire,kg,195.0
01/01/2019,THIÈS,Maïs,D01,Alimentaire,kg,200.7
01/02/2019,thiès,Maïs,D01,Alimentaire,kg,204.5
Mars 2019,Thiès ,Maïs,D01,Alimentaire,kg,"211,2"
Avril 2019,THIÈS,Maïs,D01,Alimentaire,kg,230.1
Mai 2019,THIÈS,Maïs,D01,Alimentaire,kg,232.7
01/06/2019,THIÈS,Maïs,D01,Alimentaire,kg,233.1
01/07/2019,THIÈS,Maïs,D01,Alimentaire,kg,"234,9"
Août 2019,thiès,Maïs,D01,Alimentaire,kg,"224,3"
2019-09-01,thiès,Maïs,D01,Alimentaire,kg,218.7
Octobre 2019,thiès,Maïs,D01,Alimentaire,kg,210.2
Novembre 2019,THIÈS,Maïs,D01,Alimentaire,kg,199.1
01/12/2019,thiès,Maïs,D01,Alimentaire,kg,202.0
Janvier 2020,thiès,Maïs,D01,Alimentaire,kg,"202,4"
01/02/2020,THIÈS,Maïs,D01,Alimentaire,kg,"208,8"
Mars 2020,Thiès ,Maïs,D01,Alimentaire,kg,216.9
01/04/2020,THIÈS,Maïs,D01,Alimentaire,kg,243.1
2020-05-01,THIÈS,Maïs,D01,Alimentaire,kg,235.1
Juin 2020,THIÈS,Maïs,D01,Alimentaire,kg,"233,3"
Juillet 2020,thiès,Maïs,D01,Alimentaire,kg,235.1
2020-08-01,thiès,Maïs,D01,Alimentaire,kg,240.8
Septembre 2020,THIÈS,Maïs,D01,Alimentaire,kg,"234,4"
01/10/2020,thiès,Maïs,D01,Alimentaire,kg,215.7
Novembre 2020,THIÈS,Maïs,D01,Alimentaire,kg,216.3
2020-12-01,Thiès ,Maïs,D01,Alimentaire,kg,209.8
2021-01-01,THIÈS,Maïs,D01,Alimentaire,kg,208.7
2021-02-01,Thiès ,Maïs,D01,Alimentaire,kg,214.3
Mars 2021,thiès,Maïs,D01,Alimentaire,kg,225.6
Avril 2021,Thiès ,Maïs,D01,Alimentaire,kg,"239,3"
Mai 2021,thiès,Maïs,D01,Alimentaire,kg,246.2
01/06/2021,THIÈS,Maïs,D01,Alimentaire,kg,246.1
Juillet 2021,thiès,Maïs,D01,Alimentaire,kg,248.1
2021-08-01,thiès,Maïs,D01,Alimentaire,kg,253.4
Septembre 2021,Thiès ,Maïs,D01,Alimentaire,kg,236.3
01/10/2021,thiès,Maïs,D01,Alimentaire,kg,229.6
Novembre 2021,THIÈS,Maïs,D01,Alimentaire,kg,"220,5"
Décembre 2021,THIÈS,Maïs,D01,Alimentaire,kg,215.5
01/01/2022,Thiès ,Maïs,D01,Alimentaire,kg,221.6
2022-02-01,THIÈS,Maïs,D01,Alimentaire,kg,234.4
2022-03-01,Thiès ,Maïs,D01,Alimentaire,kg,246.7
Avril 2022,THIÈS,Maïs,D01,Alimentaire,kg,259.0
01/05/2022,THIÈS,Maïs,D01,Alimentaire,kg,267.0
2022-06-01,Thiès ,Maïs,D01,Alimentaire,kg,281.4
Juillet 2022,thiès,Maïs,D01,Alimentaire,kg,281.0
01/08/2022,thiès,Maïs,D01,Alimentaire,kg,276.1
2022-09-01,THIÈS,Maïs,D01,Alimentaire,kg,285.0
Octobre 2022,THIÈS,Maïs,D01,Alimentaire,kg,253.9
01/11/2022,THIÈS,Maïs,D01,Alimentaire,kg,259.9
Décembre 2022,THIÈS,Maïs,D01,Alimentaire,kg,241.5
Janvier 2023,THIÈS,Maïs,D01,Alimentaire,kg,247.4
Février 2023,thiès,Maïs,D01,Alimentaire,kg,267.7
Mars 2023,THIÈS,Maïs,D01,Alimentaire,kg,261.3
Avril 2023,thiès,Maïs,D01,Alimentaire,kg,275.6
Mai 2023,Thiès ,Maïs,D01,Alimentaire,kg,291.3
01/06/2023,THIÈS,Maïs,D01,Alimentaire,kg,293.3
Juillet 2023,Thiès ,Maïs,D01,Alimentaire,kg,"303,6"
Août 2023,thiès,Maïs,D01,Alimentaire,kg,289.3
2023-09-01,thiès,Maïs,D01,Alimentaire,kg,287.1
2023-10-01,Thiès ,Maïs,D01,Alimentaire,kg,266.2
01/11/2023,Thiès ,Maïs,D01,Alimentaire,kg,255.7
2023-12-01,Thiès ,Maïs,D01,Alimentaire,kg,253.6
01/01/2024,Thiès ,Maïs,D01,Alimentaire,kg,"245,6"
2024-02-01,THIÈS,Maïs,D01,Alimentaire,kg,268.5
Mars 2024,thiès,Maïs,D01,Alimentaire,kg,263.2
Avril 2024,thiès,Maïs,D01,Alimentaire,kg,277.8
2024-05-01,thiès,Maïs,D01,Alimentaire,kg,"296,7"
Juin 2024,Thiès ,Maïs,D01,Alimentaire,kg,296.6
2024-07-01,thiès,Maïs,D01,Alimentaire,kg,290.8
Août 2024,thiès,Maïs,D01,Alimentaire,kg,305.7
Septembre 2024,Thiès ,Maïs,D01,Alimentaire,kg,278.8
Octobre 2024,Thiès ,Maïs,D01,Alimentaire,kg,"273,6"
01/11/2024,Thiès ,Maïs,D01,Alimentaire,kg,265.7
2024-12-01,thiès,Maïs,D01,Alimentaire,kg,260.1
Janvier 2025,THIÈS,Maïs,D01,Alimentaire,kg,259.0
2025-02-01,Thiès ,Maïs,D01,Alimentaire,kg,260.0
01/03/2025,Thiès ,Maïs,D01,Alimentaire,kg,274.3
2025-04-01,THIÈS,Maïs,D01,Alimentaire,kg,287.9
Mai 2025,THIÈS,Maïs,D01,Alimentaire,kg,305.3
01/06/2025,thiès,Maïs,D01,Alimentaire,kg,300.3
01/07/2025,THIÈS,Maïs,D01,Alimentaire,kg,320.3
2025-08-01,thiès,Maïs,D01,Alimentaire,kg,
Septembre 2025,thiès,Maïs,D01,Alimentaire,kg,"293,1"
2025-10-01,THIÈS,Maïs,D01,Alimentaire,kg,"276,8"
Novembre 2025,Thiès ,Maïs,D01,Alimentaire,kg,268.3
Décembre 2025,THIÈS,Maïs,D01,Alimentaire,kg,260.4
2026-01-01,THIÈS,Maïs,D01,Alimentaire,kg,"252,8"
Février 2026,Thiès ,Maïs,D01,Alimentaire,kg,"264,8"
2026-03-01,THIÈS,Maïs,D01,Alimentaire,kg,275.2
Avril 2026,THIÈS,Maïs,D01,Alimentaire,kg,297.5
Mai 2026,Thiès ,Maïs,D01,Alimentaire,kg,299.6
2018-01-01,Saint-Louis ,Maïs,D01,Alimentaire,kg,192.2
2018-02-01,SAINT-LOUIS,Maïs,D01,Alimentaire,kg,199.0
2018-03-01,SAINT-LOUIS,Maïs,D01,Alimentaire,kg,212.5
Avril 2018,Saint-Louis ,Maïs,D01,Alimentaire,kg,218.1
Mai 2018,saint-louis,Maïs,D01,Alimentaire,kg,224.1
2018-06-01,saint-louis,Maïs,D01,Alimentaire,kg,221.9
Juillet 2018,saint-louis,Maïs,D01,Alimentaire,kg,222.5
Août 2018,saint-louis,Maïs,D01,Alimentaire,kg,216.9
01/09/2018,Saint-Louis ,Maïs,D01,Alimentaire,kg,220.1
2018-10-01,SAINT-LOUIS,Maïs,D01,Alimentaire,kg,207.9
01/11/2018,SAINT-LOUIS,Maïs,D01,Alimentaire,kg,195.2
01/12/2018,Saint-Louis ,Maïs,D01,Alimentaire,kg,"192,8"
Janvier 2019,SAINT-LOUIS,Maïs,D01,Alimentaire,kg,194.4
01/02/2019,Saint-Louis ,Maïs,D01,Alimentaire,kg,"199,0"
2019-03-01,saint-louis,Maïs,D01,Alimentaire,kg,212.5
2019-04-01,SAINT-LOUIS,Maïs,D01,Alimentaire,kg,218.4
01/05/2019,saint-louis,Maïs,D01,Alimentaire,kg,236.7
01/06/2019,saint-louis,Maïs,D01,Alimentaire,kg,237.2
01/07/2019,saint-louis,Maïs,D01,Alimentaire,kg,236.8
Août 2019,Saint-Louis ,Maïs,D01,Alimentaire,kg,228.5
2019-09-01,SAINT-LOUIS,Maïs,D01,Alimentaire,kg,"215,4"
Octobre 2019,SAINT-LOUIS,Maïs,D01,Alimentaire,kg,210.8
01/11/2019,saint-louis,Maïs,D01,Alimentaire,kg,199.7
Décembre 2019,saint-louis,Maïs,D01,Alimentaire,kg,203.8
Janvier 2020,Saint-Louis ,Maïs,D01,Alimentaire,kg,203.1
Février 2020,Saint-Louis ,Maïs,D01,Alimentaire,kg,208.3
Mars 2020,Saint-Louis ,Maïs,D01,Alimentaire,kg,216.6
01/04/2020,saint-louis,Maïs,D01,Alimentaire,kg,234.0
01/05/2020,saint-louis,Maïs,D01,Alimentaire,kg,228.0
01/06/2020,Saint-Louis ,Maïs,D01,Alimentaire,kg,248.5
2020-07-01,Saint-Louis ,Maïs,D01,Alimentaire,kg,238.3
Août 2020,SAINT-LOUIS,Maïs,D01,Alimentaire,kg,227.0
Septembre 2020,saint-louis,Maïs,D01,Alimentaire,kg,221.5
01/10/2020,Saint-Louis ,Maïs,D01,Alimentaire,kg,208.3
Novembre 2020,SAINT-LOUIS,Maïs,D01,Alimentaire,kg,2104.0
01/12/2020,Saint-Louis ,Maïs,D01,Alimentaire,kg,199.4
2021-01-01,Saint-Louis ,Maïs,D01,Alimentaire,kg,207.0
Février 2021,SAINT-LOUIS,Maïs,D01,Alimentaire,kg,217.0
01/03/2021,saint-louis,Maïs,D01,Alimentaire,kg,"218,4"
Avril 2021,saint-louis,Maïs,D01,Alimentaire,kg,230.4
2021-05-01,saint-louis,Maïs,D01,Alimentaire,kg,234.3
01/06/2021,saint-louis,Maïs,D01,Alimentaire,kg,243.8
Juillet 2021,Saint-Louis ,Maïs,D01,Alimentaire,kg,257.9
2021-08-01,Saint-Louis ,Maïs,D01,Alimentaire,kg,"243,8"
Septembre 2021,saint-louis,Maïs,D01,Alimentaire,kg,230.3
01/10/2021,SAINT-LOUIS,Maïs,D01,Alimentaire,kg,219.6
2021-11-01,Saint-Louis ,Maïs,D01,Alimentaire,kg,214.6
Décembre 2021,saint-louis,Maïs,D01,Alimentaire,kg,211.7
Janvier 2022,Saint-Louis ,Maïs,D01,Alimentaire,kg,215.9
01/02/2022,Saint-Louis ,Maïs,D01,Alimentaire,kg,229.2
01/03/2022,SAINT-LOUIS,Maïs,D01,Alimentaire,kg,235.0
Avril 2022,saint-louis,Maïs,D01,Alimentaire,kg,248.9
2022-05-01,SAINT-LOUIS,Maïs,D01,Alimentaire,kg,268.6
01/06/2022,saint-louis,Maïs,D01,Alimentaire,kg,268.7
01/07/2022,Saint-Louis ,Maïs,D01,Alimentaire,kg,"281,1"
2022-08-01,saint-louis,Maïs,D01,Alimentaire,kg,273.6
2022-09-01,SAINT-LOUIS,Maïs,D01,Alimentaire,kg,256.7
01/10/2022,Saint-Louis ,Maïs,D01,Alimentaire,kg,258.6
Novembre 2022,SAINT-LOUIS,Maïs,D01,Alimentaire,kg,242.7
01/12/2022,SAINT-LOUIS,Maïs,D01,Alimentaire,kg,245.4
2023-01-01,saint-louis,Maïs,D01,Alimentaire,kg,241.8
Février 2023,Saint-Louis ,Maïs,D01,Alimentaire,kg,260.1
2023-03-01,Saint-Louis ,Maïs,D01,Alimentaire,kg,268.1
2023-04-01,saint-louis,Maïs,D01,Alimentaire,kg,269.7
2023-05-01,Saint-Louis ,Maïs,D01,Alimentaire,kg,275.4
Juin 2023,Saint-Louis ,Maïs,D01,Alimentaire,kg,289.5
Juillet 2023,saint-louis,Maïs,D01,Alimentaire,kg,286.7
2023-08-01,SAINT-LOUIS,Maïs,D01,Alimentaire,kg,"298,5"
01/09/2023,Saint-Louis ,Maïs,D01,Alimentaire,kg,279.1
Octobre 2023,saint-louis,Maïs,D01,Alimentaire,kg,
Novembre 2023,SAINT-LOUIS,Maïs,D01,Alimentaire,kg,259.8
Décembre 2023,Saint-Louis ,Maïs,D01,Alimentaire,kg,250.0
2024-01-01,saint-louis,Maïs,D01,Alimentaire,kg,249.6
2024-02-01,Saint-Louis ,Maïs,D01,Alimentaire,kg,262.3
2024-03-01,SAINT-LOUIS,Maïs,D01,Alimentaire,kg,269.1
Avril 2024,SAINT-LOUIS,Maïs,D01,Alimentaire,kg,273.5
01/05/2024,saint-louis,Maïs,D01,Alimentaire,kg,299.2
01/06/2024,saint-louis,Maïs,D01,Alimentaire,kg,"293,9"
01/07/2024,Saint-Louis ,Maïs,D01,Alimentaire,kg,292.7
01/08/2024,SAINT-LOUIS,Maïs,D01,Alimentaire,kg,272.9
2024-09-01,Saint-Louis ,Maïs,D01,Alimentaire,kg,283.8
Octobre 2024,SAINT-LOUIS,Maïs,D01,Alimentaire,kg,271.1
01/11/2024,Saint-Louis ,Maïs,D01,Alimentaire,kg,"263,3"
Décembre 2024,Saint-Louis ,Maïs,D01,Alimentaire,kg,250.6
Janvier 2025,saint-louis,Maïs,D01,Alimentaire,kg,"249,9"
Février 2025,Saint-Louis ,Maïs,D01,Alimentaire,kg,258.5
Mars 2025,saint-louis,Maïs,D01,Alimentaire,kg,274.5
Avril 2025,saint-louis,Maïs,D01,Alimentaire,kg,288.5
2025-05-01,SAINT-LOUIS,Maïs,D01,Alimentaire,kg,294.9
2025-06-01,SAINT-LOUIS,Maïs,D01,Alimentaire,kg,308.6
Juillet 2025,saint-louis,Maïs,D01,Alimentaire,kg,302.7
2025-08-01,SAINT-LOUIS,Maïs,D01,Alimentaire,kg,294.6
Septembre 2025,SAINT-LOUIS,Maïs,D01,Alimentaire,kg,289.9
2025-10-01,saint-louis,Maïs,D01,Alimentaire,kg,271.5
Novembre 2025,saint-louis,Maïs,D01,Alimentaire,kg,272.6
01/12/2025,SAINT-LOUIS,Maïs,D01,Alimentaire,kg,253.0
2026-01-01,Saint-Louis ,Maïs,D01,Alimentaire,kg,248.8
01/02/2026,Saint-Louis ,Maïs,D01,Alimentaire,kg,252.4
2026-03-01,Saint-Louis ,Maïs,D01,Alimentaire,kg,"275,5"
2026-04-01,SAINT-LOUIS,Maïs,D01,Alimentaire,kg,"298,3"
01/05/2026,Saint-Louis ,Maïs,D01,Alimentaire,kg,299.1
01/01/2018,DIOURBEL,Maïs,D01,Alimentaire,kg,195.2
2018-02-01,DIOURBEL,Maïs,D01,Alimentaire,kg,206.8
2018-03-01,Diourbel ,Maïs,D01,Alimentaire,kg,206.8
01/04/2018,Diourbel ,Maïs,D01,Alimentaire,kg,210.6
01/05/2018,DIOURBEL,Maïs,D01,Alimentaire,kg,"218,4"
01/06/2018,diourbel,Maïs,D01,Alimentaire,kg,225.0
Juillet 2018,diourbel,Maïs,D01,Alimentaire,kg,"221,4"
01/08/2018,Diourbel ,Maïs,D01,Alimentaire,kg,
2018-09-01,diourbel,Maïs,D01,Alimentaire,kg,215.4
Octobre 2018,diourbel,Maïs,D01,Alimentaire,kg,206.8
Novembre 2018,DIOURBEL,Maïs,D01,Alimentaire,kg,189.2
2018-12-01,Diourbel ,Maïs,D01,Alimentaire,kg,188.9
Janvier 2019,diourbel,Maïs,D01,Alimentaire,kg,192.8
Février 2019,Diourbel ,Maïs,D01,Alimentaire,kg,"201,9"
01/03/2019,diourbel,Maïs,D01,Alimentaire,kg,212.1
Avril 2019,DIOURBEL,Maïs,D01,Alimentaire,kg,"228,0"
Mai 2019,Diourbel ,Maïs,D01,Alimentaire,kg,221.7
Juin 2019,DIOURBEL,Maïs,D01,Alimentaire,kg,226.0
Juillet 2019,DIOURBEL,Maïs,D01,Alimentaire,kg,229.9
2019-08-01,diourbel,Maïs,D01,Alimentaire,kg,219.1
2019-09-01,diourbel,Maïs,D01,Alimentaire,kg,213.4
01/10/2019,Diourbel ,Maïs,D01,Alimentaire,kg,
Novembre 2019,diourbel,Maïs,D01,Alimentaire,kg,187.7
01/12/2019,diourbel,Maïs,D01,Alimentaire,kg,194.9
2020-01-01,DIOURBEL,Maïs,D01,Alimentaire,kg,197.7
Février 2020,diourbel,Maïs,D01,Alimentaire,kg,209.2
01/03/2020,DIOURBEL,Maïs,D01,Alimentaire,kg,212.8
Avril 2020,DIOURBEL,Maïs,D01,Alimentaire,kg,217.1
01/05/2020,DIOURBEL,Maïs,D01,Alimentaire,kg,"230,0"
Juin 2020,diourbel,Maïs,D01,Alimentaire,kg,226.2
Juillet 2020,DIOURBEL,Maïs,D01,Alimentaire,kg,229.9
01/08/2020,DIOURBEL,Maïs,D01,Alimentaire,kg,233.0
Septembre 2020,DIOURBEL,Maïs,D01,Alimentaire,kg,
2020-10-01,Diourbel ,Maïs,D01,Alimentaire,kg,216.0
Novembre 2020,Diourbel ,Maïs,D01,Alimentaire,kg,196.5
01/12/2020,DIOURBEL,Maïs,D01,Alimentaire,kg,199.6
Janvier 2021,diourbel,Maïs,D01,Alimentaire,kg,"201,2"
2021-02-01,DIOURBEL,Maïs,D01,Alimentaire,kg,213.0
01/03/2021,diourbel,Maïs,D01,Alimentaire,kg,221.0
2021-04-01,diourbel,Maïs,D01,Alimentaire,kg,231.1
2021-05-01,DIOURBEL,Maïs,D01,Alimentaire,kg,244.2
01/06/2021,diourbel,Maïs,D01,Alimentaire,kg,240.2
2021-07-01,DIOURBEL,Maïs,D01,Alimentaire,kg,248.0
2021-08-01,diourbel,Maïs,D01,Alimentaire,kg,231.4
01/09/2021,Diourbel ,Maïs,D01,Alimentaire,kg,223.1
Octobre 2021,DIOURBEL,Maïs,D01,Alimentaire,kg,222.2
Novembre 2021,Diourbel ,Maïs,D01,Alimentaire,kg,205.2
2021-12-01,Diourbel ,Maïs,D01,Alimentaire,kg,210.3
2022-01-01,Diourbel ,Maïs,D01,Alimentaire,kg,214.9
01/02/2022,Diourbel ,Maïs,D01,Alimentaire,kg,228.2
01/03/2022,DIOURBEL,Maïs,D01,Alimentaire,kg,235.6
2022-04-01,DIOURBEL,Maïs,D01,Alimentaire,kg,250.2
2022-05-01,DIOURBEL,Maïs,D01,Alimentaire,kg,"265,3"
2022-06-01,diourbel,Maïs,D01,Alimentaire,kg,267.3
01/07/2022,Diourbel ,Maïs,D01,Alimentaire,kg,269.0
01/08/2022,diourbel,Maïs,D01,Alimentaire,kg,272.1
01/09/2022,DIOURBEL,Maïs,D01,Alimentaire,kg,
01/10/2022,DIOURBEL,Maïs,D01,Alimentaire,kg,252.0
2022-11-01,DIOURBEL,Maïs,D01,Alimentaire,kg,247.0
Décembre 2022,diourbel,Maïs,D01,Alimentaire,kg,246.0
2023-01-01,DIOURBEL,Maïs,D01,Alimentaire,kg,237.2
01/02/2023,DIOURBEL,Maïs,D01,Alimentaire,kg,"244,7"
2023-03-01,DIOURBEL,Maïs,D01,Alimentaire,kg,249.7
01/04/2023,DIOURBEL,Maïs,D01,Alimentaire,kg,271.1
01/05/2023,Diourbel ,Maïs,D01,Alimentaire,kg,286.4
01/06/2023,DIOURBEL,Maïs,D01,Alimentaire,kg,294.3
Juillet 2023,Diourbel ,Maïs,D01,Alimentaire,kg,290.0
01/08/2023,DIOURBEL,Maïs,D01,Alimentaire,kg,289.0
2023-09-01,diourbel,Maïs,D01,Alimentaire,kg,278.9
01/10/2023,DIOURBEL,Maïs,D01,Alimentaire,kg,"271,1"
01/11/2023,diourbel,Maïs,D01,Alimentaire,kg,262.4
Décembre 2023,Diourbel ,Maïs,D01,Alimentaire,kg,254.9
01/01/2024,Diourbel ,Maïs,D01,Alimentaire,kg,245.1
Février 2024,diourbel,Maïs,D01,Alimentaire,kg,"246,0"
01/03/2024,diourbel,Maïs,D01,Alimentaire,kg,266.8
01/04/2024,diourbel,Maïs,D01,Alimentaire,kg,279.4
2024-05-01,Diourbel ,Maïs,D01,Alimentaire,kg,294.4
2024-06-01,diourbel,Maïs,D01,Alimentaire,kg,298.6
2024-07-01,diourbel,Maïs,D01,Alimentaire,kg,302.2
01/08/2024,DIOURBEL,Maïs,D01,Alimentaire,kg,288.4
Septembre 2024,Diourbel ,Maïs,D01,Alimentaire,kg,277.2
2024-10-01,diourbel,Maïs,D01,Alimentaire,kg,259.0
Novembre 2024,DIOURBEL,Maïs,D01,Alimentaire,kg,"260,4"
Décembre 2024,DIOURBEL,Maïs,D01,Alimentaire,kg,246.0
01/01/2025,diourbel,Maïs,D01,Alimentaire,kg,250.0
2025-02-01,Diourbel ,Maïs,D01,Alimentaire,kg,256.7
01/03/2025,Diourbel ,Maïs,D01,Alimentaire,kg,270.4
Avril 2025,Diourbel ,Maïs,D01,Alimentaire,kg,280.0
2025-05-01,Diourbel ,Maïs,D01,Alimentaire,kg,297.2
01/06/2025,diourbel,Maïs,D01,Alimentaire,kg,282.0
2025-07-01,Diourbel ,Maïs,D01,Alimentaire,kg,299.7
01/08/2025,DIOURBEL,Maïs,D01,Alimentaire,kg,300.1
2025-09-01,diourbel,Maïs,D01,Alimentaire,kg,295.0
2025-10-01,diourbel,Maïs,D01,Alimentaire,kg,278.9
Novembre 2025,Diourbel ,Maïs,D01,Alimentaire,kg,"276,2"
Décembre 2025,DIOURBEL,Maïs,D01,Alimentaire,kg,"258,0"
2026-01-01,DIOURBEL,Maïs,D01,Alimentaire,kg,"250,1"
01/02/2026,Diourbel ,Maïs,D01,Alimentaire,kg,261.7
2026-03-01,diourbel,Maïs,D01,Alimentaire,kg,272.3
01/04/2026,diourbel,Maïs,D01,Alimentaire,kg,280.1
2026-05-01,DIOURBEL,Maïs,D01,Alimentaire,kg,292.2
Janvier 2018,kaolack,Maïs,D01,Alimentaire,kg,190.4
2018-02-01,kaolack,Maïs,D01,Alimentaire,kg,201.6
01/03/2018,kaolack,Maïs,D01,Alimentaire,kg,207.3
01/04/2018,Kaolack ,Maïs,D01,Alimentaire,kg,214.5
2018-05-01,KAOLACK,Maïs,D01,Alimentaire,kg,220.9
01/06/2018,Kaolack ,Maïs,D01,Alimentaire,kg,229.6
2018-07-01,kaolack,Maïs,D01,Alimentaire,kg,230.1
01/08/2018,kaolack,Maïs,D01,Alimentaire,kg,216.5
01/09/2018,Kaolack ,Maïs,D01,Alimentaire,kg,207.9
01/10/2018,KAOLACK,Maïs,D01,Alimentaire,kg,208.6
01/11/2018,Kaolack ,Maïs,D01,Alimentaire,kg,192.2
01/12/2018,kaolack,Maïs,D01,Alimentaire,kg,196.2
Janvier 2019,Kaolack ,Maïs,D01,Alimentaire,kg,203.0
Février 2019,KAOLACK,Maïs,D01,Alimentaire,kg,2081.0
2019-03-01,Kaolack ,Maïs,D01,Alimentaire,kg,212.6
2019-04-01,KAOLACK,Maïs,D01,Alimentaire,kg,221.6
2019-05-01,kaolack,Maïs,D01,Alimentaire,kg,"236,3"
2019-06-01,Kaolack ,Maïs,D01,Alimentaire,kg,219.5
Juillet 2019,kaolack,Maïs,D01,Alimentaire,kg,227.4
Août 2019,kaolack,Maïs,D01,Alimentaire,kg,"228,2"
01/09/2019,KAOLACK,Maïs,D01,Alimentaire,kg,214.7
Octobre 2019,KAOLACK,Maïs,D01,Alimentaire,kg,212.4
01/11/2019,KAOLACK,Maïs,D01,Alimentaire,kg,199.9
01/12/2019,Kaolack ,Maïs,D01,Alimentaire,kg,196.9
Janvier 2020,KAOLACK,Maïs,D01,Alimentaire,kg,"199,3"
2020-02-01,KAOLACK,Maïs,D01,Alimentaire,kg,204.0
2020-03-01,kaolack,Maïs,D01,Alimentaire,kg,212.6
2020-04-01,kaolack,Maïs,D01,Alimentaire,kg,226.2
2020-05-01,Kaolack ,Maïs,D01,Alimentaire,kg,229.9
2020-06-01,KAOLACK,Maïs,D01,Alimentaire,kg,243.1
Juillet 2020,KAOLACK,Maïs,D01,Alimentaire,kg,241.1
Août 2020,KAOLACK,Maïs,D01,Alimentaire,kg,"237,5"
01/09/2020,KAOLACK,Maïs,D01,Alimentaire,kg,218.7
01/10/2020,kaolack,Maïs,D01,Alimentaire,kg,207.0
2020-11-01,KAOLACK,Maïs,D01,Alimentaire,kg,206.6
2020-12-01,Kaolack ,Maïs,D01,Alimentaire,kg,214.4
01/01/2021,Kaolack ,Maïs,D01,Alimentaire,kg,210.5
2021-02-01,kaolack,Maïs,D01,Alimentaire,kg,208.8
Mars 2021,KAOLACK,Maïs,D01,Alimentaire,kg,222.1
2021-04-01,Kaolack ,Maïs,D01,Alimentaire,kg,233.9
Mai 2021,Kaolack ,Maïs,D01,Alimentaire,kg,232.8
2021-06-01,Kaolack ,Maïs,D01,Alimentaire,kg,251.2
2021-07-01,Kaolack ,Maïs,D01,Alimentaire,kg,243.2
01/08/2021,Kaolack ,Maïs,D01,Alimentaire,kg,"238,4"
2021-09-01,Kaolack ,Maïs,D01,Alimentaire,kg,"230,5"
01/10/2021,Kaolack ,Maïs,D01,Alimentaire,kg,"226,2"
2021-11-01,kaolack,Maïs,D01,Alimentaire,kg,210.5
Décembre 2021,Kaolack ,Maïs,D01,Alimentaire,kg,202.9
01/01/2022,KAOLACK,Maïs,D01,Alimentaire,kg,218.1
Février 2022,Kaolack ,Maïs,D01,Alimentaire,kg,216.4
01/03/2022,kaolack,Maïs,D01,Alimentaire,kg,236.9
Avril 2022,KAOLACK,Maïs,D01,Alimentaire,kg,258.5
01/05/2022,Kaolack ,Maïs,D01,Alimentaire,kg,268.4
Juin 2022,KAOLACK,Maïs,D01,Alimentaire,kg,279.4
Juillet 2022,Kaolack ,Maïs,D01,Alimentaire,kg,279.1
Août 2022,Kaolack ,Maïs,D01,Alimentaire,kg,"285,4"
Septembre 2022,KAOLACK,Maïs,D01,Alimentaire,kg,261.9
Octobre 2022,Kaolack ,Maïs,D01,Alimentaire,kg,258.7
Novembre 2022,KAOLACK,Maïs,D01,Alimentaire,kg,247.7
2022-12-01,Kaolack ,Maïs,D01,Alimentaire,kg,245.5
2023-01-01,Kaolack ,Maïs,D01,Alimentaire,kg,241.5
2023-02-01,kaolack,Maïs,D01,Alimentaire,kg,258.1
01/03/2023,kaolack,Maïs,D01,Alimentaire,kg,"258,4"
2023-04-01,Kaolack ,Maïs,D01,Alimentaire,kg,281.8
2023-05-01,Kaolack ,Maïs,D01,Alimentaire,kg,289.0
01/06/2023,Kaolack ,Maïs,D01,Alimentaire,kg,
2023-07-01,KAOLACK,Maïs,D01,Alimentaire,kg,295.5
Août 2023,kaolack,Maïs,D01,Alimentaire,kg,288.0
Septembre 2023,KAOLACK,Maïs,D01,Alimentaire,kg,279.7
2023-10-01,KAOLACK,Maïs,D01,Alimentaire,kg,266.9
01/11/2023,KAOLACK,Maïs,D01,Alimentaire,kg,256.3
Décembre 2023,kaolack,Maïs,D01,Alimentaire,kg,248.0
2024-01-01,Kaolack ,Maïs,D01,Alimentaire,kg,240.1
Février 2024,KAOLACK,Maïs,D01,Alimentaire,kg,259.7
01/03/2024,KAOLACK,Maïs,D01,Alimentaire,kg,259.5
01/04/2024,KAOLACK,Maïs,D01,Alimentaire,kg,"276,8"
2024-05-01,KAOLACK,Maïs,D01,Alimentaire,kg,292.1
01/06/2024,kaolack,Maïs,D01,Alimentaire,kg,299.1
01/07/2024,Kaolack ,Maïs,D01,Alimentaire,kg,283.4
2024-08-01,KAOLACK,Maïs,D01,Alimentaire,kg,287.3
Septembre 2024,Kaolack ,Maïs,D01,Alimentaire,kg,"281,3"
01/10/2024,Kaolack ,Maïs,D01,Alimentaire,kg,269.4
Novembre 2024,KAOLACK,Maïs,D01,Alimentaire,kg,268.5
2024-12-01,kaolack,Maïs,D01,Alimentaire,kg,"247,2"
Janvier 2025,Kaolack ,Maïs,D01,Alimentaire,kg,241.2
01/02/2025,Kaolack ,Maïs,D01,Alimentaire,kg,263.3
01/03/2025,KAOLACK,Maïs,D01,Alimentaire,kg,267.7
2025-04-01,KAOLACK,Maïs,D01,Alimentaire,kg,"273,5"
Mai 2025,kaolack,Maïs,D01,Alimentaire,kg,293.8
2025-06-01,Kaolack ,Maïs,D01,Alimentaire,kg,308.8
Juillet 2025,Kaolack ,Maïs,D01,Alimentaire,kg,
01/08/2025,kaolack,Maïs,D01,Alimentaire,kg,3099.0
01/09/2025,kaolack,Maïs,D01,Alimentaire,kg,282.5
01/10/2025,kaolack,Maïs,D01,Alimentaire,kg,"278,2"
2025-11-01,kaolack,Maïs,D01,Alimentaire,kg,"263,4"
01/12/2025,kaolack,Maïs,D01,Alimentaire,kg,260.0
2026-01-01,KAOLACK,Maïs,D01,Alimentaire,kg,252.0
Février 2026,kaolack,Maïs,D01,Alimentaire,kg,253.9
01/03/2026,kaolack,Maïs,D01,Alimentaire,kg,290.7
2026-04-01,kaolack,Maïs,D01,Alimentaire,kg,284.7
2026-05-01,Kaolack ,Maïs,D01,Alimentaire,kg,295.3
Janvier 2018,Kolda ,Maïs,D01,Alimentaire,kg,205.6
2018-02-01,Kolda ,Maïs,D01,Alimentaire,kg,214.1
2018-03-01,Kolda ,Maïs,D01,Alimentaire,kg,219.5
2018-04-01,kolda,Maïs,D01,Alimentaire,kg,
2018-05-01,KOLDA,Maïs,D01,Alimentaire,kg,232.4
2018-06-01,kolda,Maïs,D01,Alimentaire,kg,226.6
Juillet 2018,Kolda ,Maïs,D01,Alimentaire,kg,238.9
2018-08-01,Kolda ,Maïs,D01,Alimentaire,kg,221.9
Septembre 2018,kolda,Maïs,D01,Alimentaire,kg,217.5
Octobre 2018,kolda,Maïs,D01,Alimentaire,kg,212.0
01/11/2018,KOLDA,Maïs,D01,Alimentaire,kg,206.5
2018-12-01,KOLDA,Maïs,D01,Alimentaire,kg,199.9
Janvier 2019,KOLDA,Maïs,D01,Alimentaire,kg,209.8
2019-02-01,KOLDA,Maïs,D01,Alimentaire,kg,211.8
01/03/2019,kolda,Maïs,D01,Alimentaire,kg,219.8
2019-04-01,KOLDA,Maïs,D01,Alimentaire,kg,220.8
Mai 2019,KOLDA,Maïs,D01,Alimentaire,kg,242.2
01/06/2019,Kolda ,Maïs,D01,Alimentaire,kg,234.6
2019-07-01,Kolda ,Maïs,D01,Alimentaire,kg,"246,0"
01/08/2019,Kolda ,Maïs,D01,Alimentaire,kg,241.8
Septembre 2019,kolda,Maïs,D01,Alimentaire,kg,226.2
Octobre 2019,kolda,Maïs,D01,Alimentaire,kg,219.1
Novembre 2019,Kolda ,Maïs,D01,Alimentaire,kg,"194,5"
2019-12-01,kolda,Maïs,D01,Alimentaire,kg,"202,6"
Janvier 2020,KOLDA,Maïs,D01,Alimentaire,kg,212.2
01/02/2020,Kolda ,Maïs,D01,Alimentaire,kg,"217,4"
Mars 2020,kolda,Maïs,D01,Alimentaire,kg,217.2
01/04/2020,kolda,Maïs,D01,Alimentaire,kg,231.6
01/05/2020,KOLDA,Maïs,D01,Alimentaire,kg,229.6
2020-06-01,kolda,Maïs,D01,Alimentaire,kg,249.1
01/07/2020,kolda,Maïs,D01,Alimentaire,kg,237.2
2020-08-01,Kolda ,Maïs,D01,Alimentaire,kg,246.2
01/09/2020,kolda,Maïs,D01,Alimentaire,kg,237.2
01/10/2020,kolda,Maïs,D01,Alimentaire,kg,219.8
Novembre 2020,Kolda ,Maïs,D01,Alimentaire,kg,216.3
01/12/2020,KOLDA,Maïs,D01,Alimentaire,kg,209.0
01/01/2021,Kolda ,Maïs,D01,Alimentaire,kg,213.6
2021-02-01,KOLDA,Maïs,D01,Alimentaire,kg,213.7
01/03/2021,KOLDA,Maïs,D01,Alimentaire,kg,
01/04/2021,kolda,Maïs,D01,Alimentaire,kg,230.9
Mai 2021,KOLDA,Maïs,D01,Alimentaire,kg,238.8
2021-06-01,KOLDA,Maïs,D01,Alimentaire,kg,252.6
2021-07-01,kolda,Maïs,D01,Alimentaire,kg,251.7
01/08/2021,Kolda ,Maïs,D01,Alimentaire,kg,248.7
Septembre 2021,KOLDA,Maïs,D01,Alimentaire,kg,235.5
Octobre 2021,KOLDA,Maïs,D01,Alimentaire,kg,237.7
Novembre 2021,Kolda ,Maïs,D01,Alimentaire,kg,222.1
01/12/2021,Kolda ,Maïs,D01,Alimentaire,kg,218.6
2022-01-01,kolda,Maïs,D01,Alimentaire,kg,225.3
01/02/2022,kolda,Maïs,D01,Alimentaire,kg,238.4
2022-03-01,Kolda ,Maïs,D01,Alimentaire,kg,249.7
Avril 2022,KOLDA,Maïs,D01,Alimentaire,kg,"263,8"
Mai 2022,Kolda ,Maïs,D01,Alimentaire,kg,278.8
01/06/2022,kolda,Maïs,D01,Alimentaire,kg,273.1
2022-07-01,kolda,Maïs,D01,Alimentaire,kg,275.3
2022-08-01,kolda,Maïs,D01,Alimentaire,kg,"281,6"
Septembre 2022,Kolda ,Maïs,D01,Alimentaire,kg,273.4
2022-10-01,Kolda ,Maïs,D01,Alimentaire,kg,268.9
2022-11-01,Kolda ,Maïs,D01,Alimentaire,kg,259.0
01/12/2022,kolda,Maïs,D01,Alimentaire,kg,252.4
2023-01-01,KOLDA,Maïs,D01,Alimentaire,kg,244.2
Février 2023,KOLDA,Maïs,D01,Alimentaire,kg,258.4
2023-03-01,Kolda ,Maïs,D01,Alimentaire,kg,"263,2"
Avril 2023,KOLDA,Maïs,D01,Alimentaire,kg,286.1
Mai 2023,kolda,Maïs,D01,Alimentaire,kg,284.7
2023-06-01,kolda,Maïs,D01,Alimentaire,kg,305.0
01/07/2023,Kolda ,Maïs,D01,Alimentaire,kg,293.9
Août 2023,kolda,Maïs,D01,Alimentaire,kg,2945.0
Septembre 2023,Kolda ,Maïs,D01,Alimentaire,kg,292.8
Octobre 2023,kolda,Maïs,D01,Alimentaire,kg,278.8
Novembre 2023,Kolda ,Maïs,D01,Alimentaire,kg,260.4
2023-12-01,KOLDA,Maïs,D01,Alimentaire,kg,255.1
01/01/2024,Kolda ,Maïs,D01,Alimentaire,kg,249.6
Février 2024,Kolda ,Maïs,D01,Alimentaire,kg,255.5
2024-03-01,Kolda ,Maïs,D01,Alimentaire,kg,276.2
2024-04-01,kolda,Maïs,D01,Alimentaire,kg,291.1
2024-05-01,KOLDA,Maïs,D01,Alimentaire,kg,301.3
Juin 2024,kolda,Maïs,D01,Alimentaire,kg,308.3
Juillet 2024,Kolda ,Maïs,D01,Alimentaire,kg,304.3
2024-08-01,KOLDA,Maïs,D01,Alimentaire,kg,296.5
2024-09-01,kolda,Maïs,D01,Alimentaire,kg,282.5
01/10/2024,KOLDA,Maïs,D01,Alimentaire,kg,276.3
Novembre 2024,Kolda ,Maïs,D01,Alimentaire,kg,"263,6"
Décembre 2024,kolda,Maïs,D01,Alimentaire,kg,255.9
Janvier 2025,Kolda ,Maïs,D01,Alimentaire,kg,260.9
Février 2025,KOLDA,Maïs,D01,Alimentaire,kg,"267,7"
01/03/2025,KOLDA,Maïs,D01,Alimentaire,kg,297.4
2025-04-01,Kolda ,Maïs,D01,Alimentaire,kg,"285,7"
01/05/2025,kolda,Maïs,D01,Alimentaire,kg,304.5
01/06/2025,KOLDA,Maïs,D01,Alimentaire,kg,303.2
Juillet 2025,Kolda ,Maïs,D01,Alimentaire,kg,310.0
01/08/2025,kolda,Maïs,D01,Alimentaire,kg,"304,5"
Septembre 2025,Kolda ,Maïs,D01,Alimentaire,kg,"302,6"
2025-10-01,kolda,Maïs,D01,Alimentaire,kg,285.0
Novembre 2025,Kolda ,Maïs,D01,Alimentaire,kg,"278,5"
01/12/2025,kolda,Maïs,D01,Alimentaire,kg,"266,7"
01/01/2026,kolda,Maïs,D01,Alimentaire,kg,254.4
Février 2026,kolda,Maïs,D01,Alimentaire,kg,
01/03/2026,KOLDA,Maïs,D01,Alimentaire,kg,282.8
2026-04-01,Kolda ,Maïs,D01,Alimentaire,kg,"298,2"
01/05/2026,kolda,Maïs,D01,Alimentaire,kg,312.4
Janvier 2018,DAKAR,Huile végétale raffinée,D01,Alimentaire,litre,10090.0
Février 2018,dakar,Huile végétale raffinée,D01,Alimentaire,litre,1025.4
01/03/2018,dakar,Huile végétale raffinée,D01,Alimentaire,litre,
01/04/2018,Dakar ,Huile végétale raffinée,D01,Alimentaire,litre,1105.7
2018-05-01,dakar,Huile végétale raffinée,D01,Alimentaire,litre,1107.8
Juin 2018,dakar,Huile végétale raffinée,D01,Alimentaire,litre,1157.2
01/07/2018,DAKAR,Huile végétale raffinée,D01,Alimentaire,litre,1169.1
2018-08-01,dakar,Huile végétale raffinée,D01,Alimentaire,litre,1117.2
Septembre 2018,DAKAR,Huile végétale raffinée,D01,Alimentaire,litre,1069.0
Octobre 2018,dakar,Huile végétale raffinée,D01,Alimentaire,litre,1057.1
2018-11-01,Dakar ,Huile végétale raffinée,D01,Alimentaire,litre,1036.0
01/12/2018,Dakar ,Huile végétale raffinée,D01,Alimentaire,litre,1006.7
Janvier 2019,DAKAR,Huile végétale raffinée,D01,Alimentaire,litre,1012.0
Février 2019,dakar,Huile végétale raffinée,D01,Alimentaire,litre,1052.9
2019-03-01,Dakar ,Huile végétale raffinée,D01,Alimentaire,litre,
2019-04-01,DAKAR,Huile végétale raffinée,D01,Alimentaire,litre,1098.8
Mai 2019,dakar,Huile végétale raffinée,D01,Alimentaire,litre,"1099,4"
Juin 2019,dakar,Huile végétale raffinée,D01,Alimentaire,litre,1165.2
Juillet 2019,DAKAR,Huile végétale raffinée,D01,Alimentaire,litre,1136.5
01/08/2019,dakar,Huile végétale raffinée,D01,Alimentaire,litre,1140.9
Septembre 2019,DAKAR,Huile végétale raffinée,D01,Alimentaire,litre,1108.7
01/10/2019,DAKAR,Huile végétale raffinée,D01,Alimentaire,litre,1030.3
Novembre 2019,DAKAR,Huile végétale raffinée,D01,Alimentaire,litre,"1043,3"
2019-12-01,Dakar ,Huile végétale raffinée,D01,Alimentaire,litre,1035.9
2020-01-01,Dakar ,Huile végétale raffinée,D01,Alimentaire,litre,1056.6
2020-02-01,DAKAR,Huile végétale raffinée,D01,Alimentaire,litre,1067.3
2020-03-01,DAKAR,Huile végétale raffinée,D01,Alimentaire,litre,1055.8
2020-04-01,dakar,Huile végétale raffinée,D01,Alimentaire,litre,1168.1
01/05/2020,DAKAR,Huile végétale raffinée,D01,Alimentaire,litre,1183.9
2020-06-01,dakar,Huile végétale raffinée,D01,Alimentaire,litre,1167.5
01/07/2020,dakar,Huile végétale raffinée,D01,Alimentaire,litre,"1177,9"
01/08/2020,dakar,Huile végétale raffinée,D01,Alimentaire,litre,1182.2
2020-09-01,dakar,Huile végétale raffinée,D01,Alimentaire,litre,1159.4
01/10/2020,dakar,Huile végétale raffinée,D01,Alimentaire,litre,1096.2
Novembre 2020,DAKAR,Huile végétale raffinée,D01,Alimentaire,litre,1093.5
01/12/2020,Dakar ,Huile végétale raffinée,D01,Alimentaire,litre,1020.0
2021-01-01,Dakar ,Huile végétale raffinée,D01,Alimentaire,litre,1046.3
Février 2021,DAKAR,Huile végétale raffinée,D01,Alimentaire,litre,1045.7
01/03/2021,dakar,Huile végétale raffinée,D01,Alimentaire,litre,1106.0
01/04/2021,DAKAR,Huile végétale raffinée,D01,Alimentaire,litre,1202.4
2021-05-01,dakar,Huile végétale raffinée,D01,Alimentaire,litre,1253.1
2021-06-01,Dakar ,Huile végétale raffinée,D01,Alimentaire,litre,1232.1
2021-07-01,dakar,Huile végétale raffinée,D01,Alimentaire,litre,1211.4
Août 2021,Dakar ,Huile végétale raffinée,D01,Alimentaire,litre,"12039,0"
2021-09-01,dakar,Huile végétale raffinée,D01,Alimentaire,litre,1189.1
01/10/2021,DAKAR,Huile végétale raffinée,D01,Alimentaire,litre,1106.8
Novembre 2021,Dakar ,Huile végétale raffinée,D01,Alimentaire,litre,"1099,9"
01/12/2021,DAKAR,Huile végétale raffinée,D01,Alimentaire,litre,1128.1
2022-01-01,dakar,Huile végétale raffinée,D01,Alimentaire,litre,1104.3
Février 2022,Dakar ,Huile végétale raffinée,D01,Alimentaire,litre,1148.3
2022-03-01,Dakar ,Huile végétale raffinée,D01,Alimentaire,litre,1218.9
Avril 2022,DAKAR,Huile végétale raffinée,D01,Alimentaire,litre,1285.5
Mai 2022,Dakar ,Huile végétale raffinée,D01,Alimentaire,litre,1317.4
01/06/2022,Dakar ,Huile végétale raffinée,D01,Alimentaire,litre,1374.9
2022-07-01,Dakar ,Huile végétale raffinée,D01,Alimentaire,litre,1403.2
01/08/2022,Dakar ,Huile végétale raffinée,D01,Alimentaire,litre,"1432,8"
2022-09-01,DAKAR,Huile végétale raffinée,D01,Alimentaire,litre,1351.8
Octobre 2022,DAKAR,Huile végétale raffinée,D01,Alimentaire,litre,1324.8
Novembre 2022,dakar,Huile végétale raffinée,D01,Alimentaire,litre,1340.8
Décembre 2022,DAKAR,Huile végétale raffinée,D01,Alimentaire,litre,1243.7
Janvier 2023,DAKAR,Huile végétale raffinée,D01,Alimentaire,litre,1225.3
2023-02-01,Dakar ,Huile végétale raffinée,D01,Alimentaire,litre,1295.5
2023-03-01,Dakar ,Huile végétale raffinée,D01,Alimentaire,litre,1364.0
01/04/2023,DAKAR,Huile végétale raffinée,D01,Alimentaire,litre,1397.9
01/05/2023,dakar,Huile végétale raffinée,D01,Alimentaire,litre,1433.3
Juin 2023,dakar,Huile végétale raffinée,D01,Alimentaire,litre,1424.2
01/07/2023,DAKAR,Huile végétale raffinée,D01,Alimentaire,litre,1468.3
Août 2023,DAKAR,Huile végétale raffinée,D01,Alimentaire,litre,1486.6
01/09/2023,dakar,Huile végétale raffinée,D01,Alimentaire,litre,1384.9
2023-10-01,dakar,Huile végétale raffinée,D01,Alimentaire,litre,1377.5
2023-11-01,Dakar ,Huile végétale raffinée,D01,Alimentaire,litre,1342.9
01/12/2023,Dakar ,Huile végétale raffinée,D01,Alimentaire,litre,"1285,2"
2024-01-01,DAKAR,Huile végétale raffinée,D01,Alimentaire,litre,1300.0
01/02/2024,dakar,Huile végétale raffinée,D01,Alimentaire,litre,1330.7
01/03/2024,dakar,Huile végétale raffinée,D01,Alimentaire,litre,1372.1
2024-04-01,DAKAR,Huile végétale raffinée,D01,Alimentaire,litre,"1380,0"
01/05/2024,Dakar ,Huile végétale raffinée,D01,Alimentaire,litre,1402.2
Juin 2024,dakar,Huile végétale raffinée,D01,Alimentaire,litre,"1483,1"
2024-07-01,Dakar ,Huile végétale raffinée,D01,Alimentaire,litre,1462.7
01/08/2024,dakar,Huile végétale raffinée,D01,Alimentaire,litre,1511.0
Septembre 2024,dakar,Huile végétale raffinée,D01,Alimentaire,litre,"1479,2"
2024-10-01,DAKAR,Huile végétale raffinée,D01,Alimentaire,litre,1445.6
Novembre 2024,dakar,Huile végétale raffinée,D01,Alimentaire,litre,"1335,4"
01/12/2024,Dakar ,Huile végétale raffinée,D01,Alimentaire,litre,1327.1
2025-01-01,dakar,Huile végétale raffinée,D01,Alimentaire,litre,1332.0
Février 2025,dakar,Huile végétale raffinée,D01,Alimentaire,litre,"1358,6"
01/03/2025,DAKAR,Huile végétale raffinée,D01,Alimentaire,litre,1373.7
Avril 2025,DAKAR,Huile végétale raffinée,D01,Alimentaire,litre,1471.8
01/05/2025,Dakar ,Huile végétale raffinée,D01,Alimentaire,litre,"1482,0"
Juin 2025,Dakar ,Huile végétale raffinée,D01,Alimentaire,litre,"1515,4"
Juillet 2025,dakar,Huile végétale raffinée,D01,Alimentaire,litre,1470.3
Août 2025,dakar,Huile végétale raffinée,D01,Alimentaire,litre,1518.4
01/09/2025,Dakar ,Huile végétale raffinée,D01,Alimentaire,litre,1461.4
Octobre 2025,DAKAR,Huile végétale raffinée,D01,Alimentaire,litre,"1447,9"
2025-11-01,dakar,Huile végétale raffinée,D01,Alimentaire,litre,1412.0
01/12/2025,DAKAR,Huile végétale raffinée,D01,Alimentaire,litre,1361.0
01/01/2026,DAKAR,Huile végétale raffinée,D01,Alimentaire,litre,1314.3
2026-02-01,dakar,Huile végétale raffinée,D01,Alimentaire,litre,1372.9
Mars 2026,Dakar ,Huile végétale raffinée,D01,Alimentaire,litre,1401.1
Avril 2026,DAKAR,Huile végétale raffinée,D01,Alimentaire,litre,1413.4
Mai 2026,dakar,Huile végétale raffinée,D01,Alimentaire,litre,1517.0
01/01/2018,THIÈS,Huile végétale raffinée,D01,Alimentaire,litre,940.9
01/02/2018,THIÈS,Huile végétale raffinée,D01,Alimentaire,litre,946.5
01/03/2018,Thiès ,Huile végétale raffinée,D01,Alimentaire,litre,"979,4"
Avril 2018,Thiès ,Huile végétale raffinée,D01,Alimentaire,litre,1037.8
Mai 2018,thiès,Huile végétale raffinée,D01,Alimentaire,litre,1057.8
2018-06-01,thiès,Huile végétale raffinée,D01,Alimentaire,litre,1029.8
01/07/2018,THIÈS,Huile végétale raffinée,D01,Alimentaire,litre,1066.4
2018-08-01,thiès,Huile végétale raffinée,D01,Alimentaire,litre,1082.7
Septembre 2018,Thiès ,Huile végétale raffinée,D01,Alimentaire,litre,1020.3
01/10/2018,thiès,Huile végétale raffinée,D01,Alimentaire,litre,994.3
01/11/2018,Thiès ,Huile végétale raffinée,D01,Alimentaire,litre,990.9
2018-12-01,THIÈS,Huile végétale raffinée,D01,Alimentaire,litre,970.9
2019-01-01,thiès,Huile végétale raffinée,D01,Alimentaire,litre,985.4
Février 2019,thiès,Huile végétale raffinée,D01,Alimentaire,litre,927.8
Mars 2019,Thiès ,Huile végétale raffinée,D01,Alimentaire,litre,1045.8
01/04/2019,THIÈS,Huile végétale raffinée,D01,Alimentaire,litre,"1057,1"
Mai 2019,THIÈS,Huile végétale raffinée,D01,Alimentaire,litre,"1125,5"
01/06/2019,Thiès ,Huile végétale raffinée,D01,Alimentaire,litre,1072.2
01/07/2019,THIÈS,Huile végétale raffinée,D01,Alimentaire,litre,1050.5
2019-08-01,thiès,Huile végétale raffinée,D01,Alimentaire,litre,1071.9
01/09/2019,THIÈS,Huile végétale raffinée,D01,Alimentaire,litre,1037.1
2019-10-01,thiès,Huile végétale raffinée,D01,Alimentaire,litre,"1023,4"
2019-11-01,THIÈS,Huile végétale raffinée,D01,Alimentaire,litre,1003.8
01/12/2019,THIÈS,Huile végétale raffinée,D01,Alimentaire,litre,
2020-01-01,thiès,Huile végétale raffinée,D01,Alimentaire,litre,979.5
Février 2020,THIÈS,Huile végétale raffinée,D01,Alimentaire,litre,1015.0
2020-03-01,THIÈS,Huile végétale raffinée,D01,Alimentaire,litre,1031.7
Avril 2020,thiès,Huile végétale raffinée,D01,Alimentaire,litre,1067.2
2020-05-01,thiès,Huile végétale raffinée,D01,Alimentaire,litre,1130.8
Juin 2020,thiès,Huile végétale raffinée,D01,Alimentaire,litre,"1157,0"
01/07/2020,Thiès ,Huile végétale raffinée,D01,Alimentaire,litre,1153.5
Août 2020,Thiès ,Huile végétale raffinée,D01,Alimentaire,litre,1106.4
01/09/2020,Thiès ,Huile végétale raffinée,D01,Alimentaire,litre,1032.9
01/10/2020,thiès,Huile végétale raffinée,D01,Alimentaire,litre,1041.2
2020-11-01,Thiès ,Huile végétale raffinée,D01,Alimentaire,litre,999.5
01/12/2020,Thiès ,Huile végétale raffinée,D01,Alimentaire,litre,995.5
01/01/2021,thiès,Huile végétale raffinée,D01,Alimentaire,litre,
Février 2021,thiès,Huile végétale raffinée,D01,Alimentaire,litre,1028.6
2021-03-01,Thiès ,Huile végétale raffinée,D01,Alimentaire,litre,"1040,4"
2021-04-01,Thiès ,Huile végétale raffinée,D01,Alimentaire,litre,1072.9
2021-05-01,thiès,Huile végétale raffinée,D01,Alimentaire,litre,1163.2
2021-06-01,THIÈS,Huile végétale raffinée,D01,Alimentaire,litre,1134.5
Juillet 2021,thiès,Huile végétale raffinée,D01,Alimentaire,litre,1157.6
2021-08-01,THIÈS,Huile végétale raffinée,D01,Alimentaire,litre,1162.6
Septembre 2021,THIÈS,Huile végétale raffinée,D01,Alimentaire,litre,1131.6
2021-10-01,Thiès ,Huile végétale raffinée,D01,Alimentaire,litre,1094.9
Novembre 2021,THIÈS,Huile végétale raffinée,D01,Alimentaire,litre,"10560,0"
01/12/2021,Thiès ,Huile végétale raffinée,D01,Alimentaire,litre,1049.5
2022-01-01,thiès,Huile végétale raffinée,D01,Alimentaire,litre,1093.3
01/02/2022,THIÈS,Huile végétale raffinée,D01,Alimentaire,litre,1109.1
Mars 2022,thiès,Huile végétale raffinée,D01,Alimentaire,litre,
Avril 2022,Thiès ,Huile végétale raffinée,D01,Alimentaire,litre,1193.2
2022-05-01,THIÈS,Huile végétale raffinée,D01,Alimentaire,litre,1276.1
01/06/2022,thiès,Huile végétale raffinée,D01,Alimentaire,litre,1278.8
01/07/2022,THIÈS,Huile végétale raffinée,D01,Alimentaire,litre,
01/08/2022,thiès,Huile végétale raffinée,D01,Alimentaire,litre,1299.0
Septembre 2022,Thiès ,Huile végétale raffinée,D01,Alimentaire,litre,"1280,7"
01/10/2022,Thiès ,Huile végétale raffinée,D01,Alimentaire,litre,1279.0
01/11/2022,THIÈS,Huile végétale raffinée,D01,Alimentaire,litre,1222.9
01/12/2022,thiès,Huile végétale raffinée,D01,Alimentaire,litre,1190.5
Janvier 2023,thiès,Huile végétale raffinée,D01,Alimentaire,litre,1208.7
Février 2023,thiès,Huile végétale raffinée,D01,Alimentaire,litre,1180.3
Mars 2023,THIÈS,Huile végétale raffinée,D01,Alimentaire,litre,1252.5
2023-04-01,Thiès ,Huile végétale raffinée,D01,Alimentaire,litre,1331.0
2023-05-01,THIÈS,Huile végétale raffinée,D01,Alimentaire,litre,1356.5
2023-06-01,THIÈS,Huile végétale raffinée,D01,Alimentaire,litre,1424.3
2023-07-01,Thiès ,Huile végétale raffinée,D01,Alimentaire,litre,1343.1
Août 2023,thiès,Huile végétale raffinée,D01,Alimentaire,litre,1322.4
Septembre 2023,THIÈS,Huile végétale raffinée,D01,Alimentaire,litre,"1360,2"
2023-10-01,Thiès ,Huile végétale raffinée,D01,Alimentaire,litre,1328.5
01/11/2023,THIÈS,Huile végétale raffinée,D01,Alimentaire,litre,1271.9
2023-12-01,Thiès ,Huile végétale raffinée,D01,Alimentaire,litre,
2024-01-01,Thiès ,Huile végétale raffinée,D01,Alimentaire,litre,1238.5
01/02/2024,thiès,Huile végétale raffinée,D01,Alimentaire,litre,1224.1
2024-03-01,thiès,Huile végétale raffinée,D01,Alimentaire,litre,"1265,1"
Avril 2024,thiès,Huile végétale raffinée,D01,Alimentaire,litre,1332.9
Mai 2024,thiès,Huile végétale raffinée,D01,Alimentaire,litre,1392.6
01/06/2024,Thiès ,Huile végétale raffinée,D01,Alimentaire,litre,"1359,4"
2024-07-01,thiès,Huile végétale raffinée,D01,Alimentaire,litre,1388.5
01/08/2024,THIÈS,Huile végétale raffinée,D01,Alimentaire,litre,1368.2
Septembre 2024,THIÈS,Huile végétale raffinée,D01,Alimentaire,litre,1356.0
2024-10-01,thiès,Huile végétale raffinée,D01,Alimentaire,litre,1311.3
Novembre 2024,thiès,Huile végétale raffinée,D01,Alimentaire,litre,1269.9
2024-12-01,thiès,Huile végétale raffinée,D01,Alimentaire,litre,1268.8
2025-01-01,thiès,Huile végétale raffinée,D01,Alimentaire,litre,1221.7
01/02/2025,thiès,Huile végétale raffinée,D01,Alimentaire,litre,"1255,2"
01/03/2025,THIÈS,Huile végétale raffinée,D01,Alimentaire,litre,"1263,7"
2025-04-01,THIÈS,Huile végétale raffinée,D01,Alimentaire,litre,1334.6
Mai 2025,THIÈS,Huile végétale raffinée,D01,Alimentaire,litre,1412.5
Juin 2025,Thiès ,Huile végétale raffinée,D01,Alimentaire,litre,1435.2
01/07/2025,thiès,Huile végétale raffinée,D01,Alimentaire,litre,1448.2
01/08/2025,Thiès ,Huile végétale raffinée,D01,Alimentaire,litre,1429.8
2025-09-01,THIÈS,Huile végétale raffinée,D01,Alimentaire,litre,1443.8
01/10/2025,THIÈS,Huile végétale raffinée,D01,Alimentaire,litre,1333.1
2025-11-01,THIÈS,Huile végétale raffinée,D01,Alimentaire,litre,1282.9
2025-12-01,thiès,Huile végétale raffinée,D01,Alimentaire,litre,1252.5
Janvier 2026,thiès,Huile végétale raffinée,D01,Alimentaire,litre,"1223,6"
01/02/2026,THIÈS,Huile végétale raffinée,D01,Alimentaire,litre,"1250,3"
Mars 2026,thiès,Huile végétale raffinée,D01,Alimentaire,litre,1329.5
2026-04-01,THIÈS,Huile végétale raffinée,D01,Alimentaire,litre,1407.7
01/05/2026,thiès,Huile végétale raffinée,D01,Alimentaire,litre,1458.6
2018-01-01,saint-louis,Huile végétale raffinée,D01,Alimentaire,litre,"951,6"
2018-02-01,SAINT-LOUIS,Huile végétale raffinée,D01,Alimentaire,litre,998.7
Mars 2018,SAINT-LOUIS,Huile végétale raffinée,D01,Alimentaire,litre,"977,9"
01/04/2018,Saint-Louis ,Huile végétale raffinée,D01,Alimentaire,litre,983.3
01/05/2018,Saint-Louis ,Huile végétale raffinée,D01,Alimentaire,litre,1066.0
Juin 2018,Saint-Louis ,Huile végétale raffinée,D01,Alimentaire,litre,1020.5
Juillet 2018,saint-louis,Huile végétale raffinée,D01,Alimentaire,litre,"1042,5"
2018-08-01,saint-louis,Huile végétale raffinée,D01,Alimentaire,litre,"1052,9"
01/09/2018,Saint-Louis ,Huile végétale raffinée,D01,Alimentaire,litre,1012.1
Octobre 2018,Saint-Louis ,Huile végétale raffinée,D01,Alimentaire,litre,"978,9"
2018-11-01,Saint-Louis ,Huile végétale raffinée,D01,Alimentaire,litre,933.5
Décembre 2018,saint-louis,Huile végétale raffinée,D01,Alimentaire,litre,941.2
01/01/2019,saint-louis,Huile végétale raffinée,D01,Alimentaire,litre,970.2
2019-02-01,SAINT-LOUIS,Huile végétale raffinée,D01,Alimentaire,litre,967.9
Mars 2019,SAINT-LOUIS,Huile végétale raffinée,D01,Alimentaire,litre,979.1
Avril 2019,saint-louis,Huile végétale raffinée,D01,Alimentaire,litre,1002.5
2019-05-01,Saint-Louis ,Huile végétale raffinée,D01,Alimentaire,litre,1039.5
Juin 2019,saint-louis,Huile végétale raffinée,D01,Alimentaire,litre,1081.4
Juillet 2019,saint-louis,Huile végétale raffinée,D01,Alimentaire,litre,"1079,9"
01/08/2019,Saint-Louis ,Huile végétale raffinée,D01,Alimentaire,litre,"1038,8"
01/09/2019,saint-louis,Huile végétale raffinée,D01,Alimentaire,litre,981.8
2019-10-01,saint-louis,Huile végétale raffinée,D01,Alimentaire,litre,1003.4
01/11/2019,Saint-Louis ,Huile végétale raffinée,D01,Alimentaire,litre,950.5
Décembre 2019,SAINT-LOUIS,Huile végétale raffinée,D01,Alimentaire,litre,966.0
Janvier 2020,saint-louis,Huile végétale raffinée,D01,Alimentaire,litre,
01/02/2020,Saint-Louis ,Huile végétale raffinée,D01,Alimentaire,litre,969.9
2020-03-01,saint-louis,Huile végétale raffinée,D01,Alimentaire,litre,1024.6
Avril 2020,SAINT-LOUIS,Huile végétale raffinée,D01,Alimentaire,litre,1108.3
Mai 2020,Saint-Louis ,Huile végétale raffinée,D01,Alimentaire,litre,1107.5
2020-06-01,saint-louis,Huile végétale raffinée,D01,Alimentaire,litre,
Juillet 2020,Saint-Louis ,Huile végétale raffinée,D01,Alimentaire,litre,"1120,0"
2020-08-01,SAINT-LOUIS,Huile végétale raffinée,D01,Alimentaire,litre,1055.2
Septembre 2020,Saint-Louis ,Huile végétale raffinée,D01,Alimentaire,litre,1039.1
Octobre 2020,Saint-Louis ,Huile végétale raffinée,D01,Alimentaire,litre,"977,0"
01/11/2020,SAINT-LOUIS,Huile végétale raffinée,D01,Alimentaire,litre,"1034,2"
01/12/2020,SAINT-LOUIS,Huile végétale raffinée,D01,Alimentaire,litre,1013.1
2021-01-01,saint-louis,Huile végétale raffinée,D01,Alimentaire,litre,1000.7
2021-02-01,Saint-Louis ,Huile végétale raffinée,D01,Alimentaire,litre,1016.3
2021-03-01,SAINT-LOUIS,Huile végétale raffinée,D01,Alimentaire,litre,1014.1
Avril 2021,saint-louis,Huile végétale raffinée,D01,Alimentaire,litre,1079.8
01/05/2021,SAINT-LOUIS,Huile végétale raffinée,D01,Alimentaire,litre,1158.5
2021-06-01,Saint-Louis ,Huile végétale raffinée,D01,Alimentaire,litre,1142.6
01/07/2021,Saint-Louis ,Huile végétale raffinée,D01,Alimentaire,litre,1127.4
Août 2021,Saint-Louis ,Huile végétale raffinée,D01,Alimentaire,litre,
01/09/2021,SAINT-LOUIS,Huile végétale raffinée,D01,Alimentaire,litre,1124.8
Octobre 2021,Saint-Louis ,Huile végétale raffinée,D01,Alimentaire,litre,1060.2
2021-11-01,saint-louis,Huile végétale raffinée,D01,Alimentaire,litre,"997,6"
2021-12-01,SAINT-LOUIS,Huile végétale raffinée,D01,Alimentaire,litre,
01/01/2022,saint-louis,Huile végétale raffinée,D01,Alimentaire,litre,1021.3
01/02/2022,saint-louis,Huile végétale raffinée,D01,Alimentaire,litre,1080.4
Mars 2022,saint-louis,Huile végétale raffinée,D01,Alimentaire,litre,"1137,1"
Avril 2022,Saint-Louis ,Huile végétale raffinée,D01,Alimentaire,litre,1175.9
2022-05-01,SAINT-LOUIS,Huile végétale raffinée,D01,Alimentaire,litre,1258.9
Juin 2022,saint-louis,Huile végétale raffinée,D01,Alimentaire,litre,"1277,7"
2022-07-01,SAINT-LOUIS,Huile végétale raffinée,D01,Alimentaire,litre,1315.6
01/08/2022,Saint-Louis ,Huile végétale raffinée,D01,Alimentaire,litre,1272.0
Septembre 2022,saint-louis,Huile végétale raffinée,D01,Alimentaire,litre,1336.1
Octobre 2022,Saint-Louis ,Huile végétale raffinée,D01,Alimentaire,litre,1218.2
2022-11-01,SAINT-LOUIS,Huile végétale raffinée,D01,Alimentaire,litre,1187.2
01/12/2022,SAINT-LOUIS,Huile végétale raffinée,D01,Alimentaire,litre,
Janvier 2023,Saint-Louis ,Huile végétale raffinée,D01,Alimentaire,litre,
2023-02-01,SAINT-LOUIS,Huile végétale raffinée,D01,Alimentaire,litre,1156.7
Mars 2023,saint-louis,Huile végétale raffinée,D01,Alimentaire,litre,"1248,1"
01/04/2023,SAINT-LOUIS,Huile végétale raffinée,D01,Alimentaire,litre,"1240,5"
2023-05-01,saint-louis,Huile végétale raffinée,D01,Alimentaire,litre,1338.8
2023-06-01,Saint-Louis ,Huile végétale raffinée,D01,Alimentaire,litre,1326.1
Juillet 2023,Saint-Louis ,Huile végétale raffinée,D01,Alimentaire,litre,1355.6
01/08/2023,saint-louis,Huile végétale raffinée,D01,Alimentaire,litre,1364.5
Septembre 2023,saint-louis,Huile végétale raffinée,D01,Alimentaire,litre,1380.3
01/10/2023,SAINT-LOUIS,Huile végétale raffinée,D01,Alimentaire,litre,1258.6
01/11/2023,SAINT-LOUIS,Huile végétale raffinée,D01,Alimentaire,litre,1253.9
Décembre 2023,Saint-Louis ,Huile végétale raffinée,D01,Alimentaire,litre,1193.6
Janvier 2024,saint-louis,Huile végétale raffinée,D01,Alimentaire,litre,1181.1
2024-02-01,SAINT-LOUIS,Huile végétale raffinée,D01,Alimentaire,litre,1208.2
Mars 2024,Saint-Louis ,Huile végétale raffinée,D01,Alimentaire,litre,1284.9
2024-04-01,saint-louis,Huile végétale raffinée,D01,Alimentaire,litre,1295.2
Mai 2024,SAINT-LOUIS,Huile végétale raffinée,D01,Alimentaire,litre,1407.9
2024-06-01,saint-louis,Huile végétale raffinée,D01,Alimentaire,litre,1382.4
01/07/2024,saint-louis,Huile végétale raffinée,D01,Alimentaire,litre,
2024-08-01,saint-louis,Huile végétale raffinée,D01,Alimentaire,litre,1344.4
Septembre 2024,SAINT-LOUIS,Huile végétale raffinée,D01,Alimentaire,litre,"1303,4"
Octobre 2024,SAINT-LOUIS,Huile végétale raffinée,D01,Alimentaire,litre,1312.6
Novembre 2024,Saint-Louis ,Huile végétale raffinée,D01,Alimentaire,litre,1223.2
01/12/2024,Saint-Louis ,Huile végétale raffinée,D01,Alimentaire,litre,1186.6
Janvier 2025,saint-louis,Huile végétale raffinée,D01,Alimentaire,litre,1202.1
2025-02-01,Saint-Louis ,Huile végétale raffinée,D01,Alimentaire,litre,1260.6
01/03/2025,Saint-Louis ,Huile végétale raffinée,D01,Alimentaire,litre,1317.4
Avril 2025,Saint-Louis ,Huile végétale raffinée,D01,Alimentaire,litre,1370.4
01/05/2025,Saint-Louis ,Huile végétale raffinée,D01,Alimentaire,litre,1391.7
2025-06-01,Saint-Louis ,Huile végétale raffinée,D01,Alimentaire,litre,1402.3
01/07/2025,Saint-Louis ,Huile végétale raffinée,D01,Alimentaire,litre,1432.0
01/08/2025,SAINT-LOUIS,Huile végétale raffinée,D01,Alimentaire,litre,1361.1
Septembre 2025,Saint-Louis ,Huile végétale raffinée,D01,Alimentaire,litre,1314.7
Octobre 2025,SAINT-LOUIS,Huile végétale raffinée,D01,Alimentaire,litre,1344.7
01/11/2025,saint-louis,Huile végétale raffinée,D01,Alimentaire,litre,1279.7
Décembre 2025,SAINT-LOUIS,Huile végétale raffinée,D01,Alimentaire,litre,1258.5
2026-01-01,SAINT-LOUIS,Huile végétale raffinée,D01,Alimentaire,litre,1225.3
2026-02-01,Saint-Louis ,Huile végétale raffinée,D01,Alimentaire,litre,1262.2
01/03/2026,saint-louis,Huile végétale raffinée,D01,Alimentaire,litre,1331.7
Avril 2026,SAINT-LOUIS,Huile végétale raffinée,D01,Alimentaire,litre,1375.2
Mai 2026,Saint-Louis ,Huile végétale raffinée,D01,Alimentaire,litre,1399.2
01/01/2018,Diourbel ,Huile végétale raffinée,D01,Alimentaire,litre,919.5
2018-02-01,DIOURBEL,Huile végétale raffinée,D01,Alimentaire,litre,945.1
Mars 2018,diourbel,Huile végétale raffinée,D01,Alimentaire,litre,958.3
01/04/2018,DIOURBEL,Huile végétale raffinée,D01,Alimentaire,litre,997.1
2018-05-01,Diourbel ,Huile végétale raffinée,D01,Alimentaire,litre,1081.9
01/06/2018,Diourbel ,Huile végétale raffinée,D01,Alimentaire,litre,1047.2
Juillet 2018,diourbel,Huile végétale raffinée,D01,Alimentaire,litre,1051.8
2018-08-01,Diourbel ,Huile végétale raffinée,D01,Alimentaire,litre,1011.7
01/09/2018,Diourbel ,Huile végétale raffinée,D01,Alimentaire,litre,1019.1
2018-10-01,DIOURBEL,Huile végétale raffinée,D01,Alimentaire,litre,982.4
Novembre 2018,diourbel,Huile végétale raffinée,D01,Alimentaire,litre,956.0
2018-12-01,Diourbel ,Huile végétale raffinée,D01,Alimentaire,litre,
Janvier 2019,diourbel,Huile végétale raffinée,D01,Alimentaire,litre,956.0
Février 2019,DIOURBEL,Huile végétale raffinée,D01,Alimentaire,litre,977.0
Mars 2019,Diourbel ,Huile végétale raffinée,D01,Alimentaire,litre,986.0
01/04/2019,diourbel,Huile végétale raffinée,D01,Alimentaire,litre,1010.2
Mai 2019,DIOURBEL,Huile végétale raffinée,D01,Alimentaire,litre,1059.1
2019-06-01,Diourbel ,Huile végétale raffinée,D01,Alimentaire,litre,1037.5
2019-07-01,Diourbel ,Huile végétale raffinée,D01,Alimentaire,litre,"1041,1"
2019-08-01,diourbel,Huile végétale raffinée,D01,Alimentaire,litre,1038.5
2019-09-01,Diourbel ,Huile végétale raffinée,D01,Alimentaire,litre,976.3
01/10/2019,DIOURBEL,Huile végétale raffinée,D01,Alimentaire,litre,996.1
01/11/2019,Diourbel ,Huile végétale raffinée,D01,Alimentaire,litre,934.8
Décembre 2019,Diourbel ,Huile végétale raffinée,D01,Alimentaire,litre,"929,5"
2020-01-01,DIOURBEL,Huile végétale raffinée,D01,Alimentaire,litre,"950,7"
01/02/2020,Diourbel ,Huile végétale raffinée,D01,Alimentaire,litre,975.2
Mars 2020,DIOURBEL,Huile végétale raffinée,D01,Alimentaire,litre,999.0
2020-04-01,diourbel,Huile végétale raffinée,D01,Alimentaire,litre,1040.9
Mai 2020,DIOURBEL,Huile végétale raffinée,D01,Alimentaire,litre,1073.3
01/06/2020,diourbel,Huile végétale raffinée,D01,Alimentaire,litre,1084.9
01/07/2020,diourbel,Huile végétale raffinée,D01,Alimentaire,litre,1078.2
2020-08-01,Diourbel ,Huile végétale raffinée,D01,Alimentaire,litre,1100.1
2020-09-01,DIOURBEL,Huile végétale raffinée,D01,Alimentaire,litre,1002.7
Octobre 2020,Diourbel ,Huile végétale raffinée,D01,Alimentaire,litre,
Novembre 2020,Diourbel ,Huile végétale raffinée,D01,Alimentaire,litre,975.2
01/12/2020,DIOURBEL,Huile végétale raffinée,D01,Alimentaire,litre,976.3
01/01/2021,Diourbel ,Huile végétale raffinée,D01,Alimentaire,litre,949.4
01/02/2021,Diourbel ,Huile végétale raffinée,D01,Alimentaire,litre,988.1
01/03/2021,DIOURBEL,Huile végétale raffinée,D01,Alimentaire,litre,1028.5
Avril 2021,DIOURBEL,Huile végétale raffinée,D01,Alimentaire,litre,1090.9
01/05/2021,Diourbel ,Huile végétale raffinée,D01,Alimentaire,litre,1108.7
2021-06-01,diourbel,Huile végétale raffinée,D01,Alimentaire,litre,1095.7
2021-07-01,DIOURBEL,Huile végétale raffinée,D01,Alimentaire,litre,1111.9
Août 2021,diourbel,Huile végétale raffinée,D01,Alimentaire,litre,1126.2
Septembre 2021,diourbel,Huile végétale raffinée,D01,Alimentaire,litre,1052.1
2021-10-01,Diourbel ,Huile végétale raffinée,D01,Alimentaire,litre,1043.8
2021-11-01,DIOURBEL,Huile végétale raffinée,D01,Alimentaire,litre,1018.0
2021-12-01,DIOURBEL,Huile végétale raffinée,D01,Alimentaire,litre,995.8
01/01/2022,Diourbel ,Huile végétale raffinée,D01,Alimentaire,litre,"1087,8"
01/02/2022,Diourbel ,Huile végétale raffinée,D01,Alimentaire,litre,1057.9
2022-03-01,Diourbel ,Huile végétale raffinée,D01,Alimentaire,litre,1125.2
2022-04-01,Diourbel ,Huile végétale raffinée,D01,Alimentaire,litre,1151.8
2022-05-01,DIOURBEL,Huile végétale raffinée,D01,Alimentaire,litre,1233.7
01/06/2022,Diourbel ,Huile végétale raffinée,D01,Alimentaire,litre,1278.1
2022-07-01,DIOURBEL,Huile végétale raffinée,D01,Alimentaire,litre,1253.7
01/08/2022,diourbel,Huile végétale raffinée,D01,Alimentaire,litre,1260.3
2022-09-01,diourbel,Huile végétale raffinée,D01,Alimentaire,litre,"1218,0"
Octobre 2022,Diourbel ,Huile végétale raffinée,D01,Alimentaire,litre,"1185,6"
Novembre 2022,diourbel,Huile végétale raffinée,D01,Alimentaire,litre,1215.3
01/12/2022,DIOURBEL,Huile végétale raffinée,D01,Alimentaire,litre,1138.0
Janvier 2023,DIOURBEL,Huile végétale raffinée,D01,Alimentaire,litre,1096.1
01/02/2023,diourbel,Huile végétale raffinée,D01,Alimentaire,litre,1221.3
2023-03-01,Diourbel ,Huile végétale raffinée,D01,Alimentaire,litre,1202.3
2023-04-01,Diourbel ,Huile végétale raffinée,D01,Alimentaire,litre,1263.7
2023-05-01,Diourbel ,Huile végétale raffinée,D01,Alimentaire,litre,1357.2
Juin 2023,DIOURBEL,Huile végétale raffinée,D01,Alimentaire,litre,1338.4
Juillet 2023,diourbel,Huile végétale raffinée,D01,Alimentaire,litre,1340.8
01/08/2023,diourbel,Huile végétale raffinée,D01,Alimentaire,litre,1295.0
2023-09-01,Diourbel ,Huile végétale raffinée,D01,Alimentaire,litre,1256.9
2023-10-01,DIOURBEL,Huile végétale raffinée,D01,Alimentaire,litre,1262.5
01/11/2023,Diourbel ,Huile végétale raffinée,D01,Alimentaire,litre,1247.5
2023-12-01,DIOURBEL,Huile végétale raffinée,D01,Alimentaire,litre,1200.0
2024-01-01,diourbel,Huile végétale raffinée,D01,Alimentaire,litre,1172.3
2024-02-01,Diourbel ,Huile végétale raffinée,D01,Alimentaire,litre,1207.5
01/03/2024,Diourbel ,Huile végétale raffinée,D01,Alimentaire,litre,1199.0
2024-04-01,diourbel,Huile végétale raffinée,D01,Alimentaire,litre,1299.9
Mai 2024,diourbel,Huile végétale raffinée,D01,Alimentaire,litre,1331.1
01/06/2024,Diourbel ,Huile végétale raffinée,D01,Alimentaire,litre,1403.4
2024-07-01,diourbel,Huile végétale raffinée,D01,Alimentaire,litre,1352.4
2024-08-01,diourbel,Huile végétale raffinée,D01,Alimentaire,litre,1308.5
Septembre 2024,DIOURBEL,Huile végétale raffinée,D01,Alimentaire,litre,"1303,1"
01/10/2024,Diourbel ,Huile végétale raffinée,D01,Alimentaire,litre,1263.9
Novembre 2024,Diourbel ,Huile végétale raffinée,D01,Alimentaire,litre,"1256,2"
Décembre 2024,diourbel,Huile végétale raffinée,D01,Alimentaire,litre,1201.4
Janvier 2025,DIOURBEL,Huile végétale raffinée,D01,Alimentaire,litre,"1167,8"
Février 2025,DIOURBEL,Huile végétale raffinée,D01,Alimentaire,litre,
Mars 2025,DIOURBEL,Huile végétale raffinée,D01,Alimentaire,litre,1272.7
Avril 2025,DIOURBEL,Huile végétale raffinée,D01,Alimentaire,litre,"1349,6"
Mai 2025,diourbel,Huile végétale raffinée,D01,Alimentaire,litre,1358.3
2025-06-01,diourbel,Huile végétale raffinée,D01,Alimentaire,litre,1405.7
01/07/2025,diourbel,Huile végétale raffinée,D01,Alimentaire,litre,1416.2
Août 2025,Diourbel ,Huile végétale raffinée,D01,Alimentaire,litre,1379.1
Septembre 2025,DIOURBEL,Huile végétale raffinée,D01,Alimentaire,litre,1322.4
2025-10-01,Diourbel ,Huile végétale raffinée,D01,Alimentaire,litre,1317.9
2025-11-01,DIOURBEL,Huile végétale raffinée,D01,Alimentaire,litre,1317.1
2025-12-01,diourbel,Huile végétale raffinée,D01,Alimentaire,litre,1254.1
Janvier 2026,Diourbel ,Huile végétale raffinée,D01,Alimentaire,litre,1221.8
01/02/2026,Diourbel ,Huile végétale raffinée,D01,Alimentaire,litre,"1225,4"
01/03/2026,diourbel,Huile végétale raffinée,D01,Alimentaire,litre,1282.0
2026-04-01,DIOURBEL,Huile végétale raffinée,D01,Alimentaire,litre,1329.0
2026-05-01,diourbel,Huile végétale raffinée,D01,Alimentaire,litre,1371.1
Janvier 2018,kaolack,Huile végétale raffinée,D01,Alimentaire,litre,959.2
2018-02-01,Kaolack ,Huile végétale raffinée,D01,Alimentaire,litre,908.1
2018-03-01,kaolack,Huile végétale raffinée,D01,Alimentaire,litre,980.5
2018-04-01,Kaolack ,Huile végétale raffinée,D01,Alimentaire,litre,1009.7
2018-05-01,Kaolack ,Huile végétale raffinée,D01,Alimentaire,litre,"1010,2"
01/06/2018,KAOLACK,Huile végétale raffinée,D01,Alimentaire,litre,1068.3
Juillet 2018,Kaolack ,Huile végétale raffinée,D01,Alimentaire,litre,"1037,9"
2018-08-01,kaolack,Huile végétale raffinée,D01,Alimentaire,litre,1029.4
01/09/2018,kaolack,Huile végétale raffinée,D01,Alimentaire,litre,1046.3
2018-10-01,KAOLACK,Huile végétale raffinée,D01,Alimentaire,litre,997.4
01/11/2018,kaolack,Huile végétale raffinée,D01,Alimentaire,litre,962.2
2018-12-01,kaolack,Huile végétale raffinée,D01,Alimentaire,litre,943.7
01/01/2019,KAOLACK,Huile végétale raffinée,D01,Alimentaire,litre,"943,2"
01/02/2019,Kaolack ,Huile végétale raffinée,D01,Alimentaire,litre,1001.1
01/03/2019,Kaolack ,Huile végétale raffinée,D01,Alimentaire,litre,1006.4
2019-04-01,KAOLACK,Huile végétale raffinée,D01,Alimentaire,litre,1007.6
2019-05-01,KAOLACK,Huile végétale raffinée,D01,Alimentaire,litre,1021.8
2019-06-01,kaolack,Huile végétale raffinée,D01,Alimentaire,litre,1079.6
Juillet 2019,Kaolack ,Huile végétale raffinée,D01,Alimentaire,litre,1065.9
2019-08-01,KAOLACK,Huile végétale raffinée,D01,Alimentaire,litre,1020.3
01/09/2019,Kaolack ,Huile végétale raffinée,D01,Alimentaire,litre,1030.7
01/10/2019,kaolack,Huile végétale raffinée,D01,Alimentaire,litre,984.7
01/11/2019,kaolack,Huile végétale raffinée,D01,Alimentaire,litre,"973,2"
2019-12-01,KAOLACK,Huile végétale raffinée,D01,Alimentaire,litre,956.4
01/01/2020,kaolack,Huile végétale raffinée,D01,Alimentaire,litre,952.9
Février 2020,Kaolack ,Huile végétale raffinée,D01,Alimentaire,litre,996.9
Mars 2020,KAOLACK,Huile végétale raffinée,D01,Alimentaire,litre,1006.2
2020-04-01,kaolack,Huile végétale raffinée,D01,Alimentaire,litre,1043.9
01/05/2020,KAOLACK,Huile végétale raffinée,D01,Alimentaire,litre,1074.1
2020-06-01,KAOLACK,Huile végétale raffinée,D01,Alimentaire,litre,1131.0
Juillet 2020,KAOLACK,Huile végétale raffinée,D01,Alimentaire,litre,1100.2
01/08/2020,Kaolack ,Huile végétale raffinée,D01,Alimentaire,litre,1117.8
Septembre 2020,Kaolack ,Huile végétale raffinée,D01,Alimentaire,litre,1095.3
Octobre 2020,KAOLACK,Huile végétale raffinée,D01,Alimentaire,litre,1008.3
2020-11-01,Kaolack ,Huile végétale raffinée,D01,Alimentaire,litre,936.5
01/12/2020,kaolack,Huile végétale raffinée,D01,Alimentaire,litre,998.6
01/01/2021,Kaolack ,Huile végétale raffinée,D01,Alimentaire,litre,981.1
2021-02-01,kaolack,Huile végétale raffinée,D01,Alimentaire,litre,990.9
Mars 2021,Kaolack ,Huile végétale raffinée,D01,Alimentaire,litre,1029.0
01/04/2021,KAOLACK,Huile végétale raffinée,D01,Alimentaire,litre,1070.1
2021-05-01,KAOLACK,Huile végétale raffinée,D01,Alimentaire,litre,1141.6
01/06/2021,KAOLACK,Huile végétale raffinée,D01,Alimentaire,litre,1137.4
Juillet 2021,Kaolack ,Huile végétale raffinée,D01,Alimentaire,litre,"1163,6"
01/08/2021,KAOLACK,Huile végétale raffinée,D01,Alimentaire,litre,1129.0
Septembre 2021,KAOLACK,Huile végétale raffinée,D01,Alimentaire,litre,1082.3
Octobre 2021,Kaolack ,Huile végétale raffinée,D01,Alimentaire,litre,1048.0
01/11/2021,kaolack,Huile végétale raffinée,D01,Alimentaire,litre,1040.3
Décembre 2021,Kaolack ,Huile végétale raffinée,D01,Alimentaire,litre,1030.5
01/01/2022,kaolack,Huile végétale raffinée,D01,Alimentaire,litre,1063.5
01/02/2022,KAOLACK,Huile végétale raffinée,D01,Alimentaire,litre,1072.1
Mars 2022,kaolack,Huile végétale raffinée,D01,Alimentaire,litre,1130.6
2022-04-01,KAOLACK,Huile végétale raffinée,D01,Alimentaire,litre,1195.6
Mai 2022,kaolack,Huile végétale raffinée,D01,Alimentaire,litre,"1223,9"
01/06/2022,Kaolack ,Huile végétale raffinée,D01,Alimentaire,litre,1240.4
01/07/2022,KAOLACK,Huile végétale raffinée,D01,Alimentaire,litre,1261.0
Août 2022,KAOLACK,Huile végétale raffinée,D01,Alimentaire,litre,1268.5
01/09/2022,Kaolack ,Huile végétale raffinée,D01,Alimentaire,litre,1269.6
Octobre 2022,KAOLACK,Huile végétale raffinée,D01,Alimentaire,litre,1256.7
01/11/2022,kaolack,Huile végétale raffinée,D01,Alimentaire,litre,1170.3
2022-12-01,Kaolack ,Huile végétale raffinée,D01,Alimentaire,litre,1148.7
01/01/2023,KAOLACK,Huile végétale raffinée,D01,Alimentaire,litre,1155.3
2023-02-01,KAOLACK,Huile végétale raffinée,D01,Alimentaire,litre,1210.7
Mars 2023,Kaolack ,Huile végétale raffinée,D01,Alimentaire,litre,1221.5
2023-04-01,Kaolack ,Huile végétale raffinée,D01,Alimentaire,litre,"1272,1"
01/05/2023,Kaolack ,Huile végétale raffinée,D01,Alimentaire,litre,1290.2
Juin 2023,KAOLACK,Huile végétale raffinée,D01,Alimentaire,litre,1369.1
2023-07-01,kaolack,Huile végétale raffinée,D01,Alimentaire,litre,1354.7
01/08/2023,Kaolack ,Huile végétale raffinée,D01,Alimentaire,litre,1323.8
01/09/2023,Kaolack ,Huile végétale raffinée,D01,Alimentaire,litre,1306.0
01/10/2023,kaolack,Huile végétale raffinée,D01,Alimentaire,litre,1308.6
Novembre 2023,kaolack,Huile végétale raffinée,D01,Alimentaire,litre,1226.1
2023-12-01,KAOLACK,Huile végétale raffinée,D01,Alimentaire,litre,1184.7
01/01/2024,KAOLACK,Huile végétale raffinée,D01,Alimentaire,litre,1225.9
2024-02-01,kaolack,Huile végétale raffinée,D01,Alimentaire,litre,1221.3
01/03/2024,KAOLACK,Huile végétale raffinée,D01,Alimentaire,litre,1274.5
Avril 2024,Kaolack ,Huile végétale raffinée,D01,Alimentaire,litre,1311.7
2024-05-01,KAOLACK,Huile végétale raffinée,D01,Alimentaire,litre,1339.5
01/06/2024,kaolack,Huile végétale raffinée,D01,Alimentaire,litre,1354.5
2024-07-01,kaolack,Huile végétale raffinée,D01,Alimentaire,litre,1388.9
2024-08-01,KAOLACK,Huile végétale raffinée,D01,Alimentaire,litre,1378.8
Septembre 2024,kaolack,Huile végétale raffinée,D01,Alimentaire,litre,1346.5
Octobre 2024,Kaolack ,Huile végétale raffinée,D01,Alimentaire,litre,1254.9
Novembre 2024,KAOLACK,Huile végétale raffinée,D01,Alimentaire,litre,1291.1
01/12/2024,KAOLACK,Huile végétale raffinée,D01,Alimentaire,litre,1204.5
01/01/2025,KAOLACK,Huile végétale raffinée,D01,Alimentaire,litre,1192.1
Février 2025,KAOLACK,Huile végétale raffinée,D01,Alimentaire,litre,1233.1
01/03/2025,Kaolack ,Huile végétale raffinée,D01,Alimentaire,litre,1300.4
Avril 2025,KAOLACK,Huile végétale raffinée,D01,Alimentaire,litre,1341.2
2025-05-01,KAOLACK,Huile végétale raffinée,D01,Alimentaire,litre,1363.2
2025-06-01,Kaolack ,Huile végétale raffinée,D01,Alimentaire,litre,1420.9
01/07/2025,Kaolack ,Huile végétale raffinée,D01,Alimentaire,litre,1406.4
2025-08-01,KAOLACK,Huile végétale raffinée,D01,Alimentaire,litre,1370.1
2025-09-01,kaolack,Huile végétale raffinée,D01,Alimentaire,litre,1339.0
2025-10-01,KAOLACK,Huile végétale raffinée,D01,Alimentaire,litre,1337.2
2025-11-01,KAOLACK,Huile végétale raffinée,D01,Alimentaire,litre,1297.2
Décembre 2025,Kaolack ,Huile végétale raffinée,D01,Alimentaire,litre,1219.3
01/01/2026,kaolack,Huile végétale raffinée,D01,Alimentaire,litre,1236.8
Février 2026,kaolack,Huile végétale raffinée,D01,Alimentaire,litre,1237.6
2026-03-01,KAOLACK,Huile végétale raffinée,D01,Alimentaire,litre,1341.9
2026-04-01,KAOLACK,Huile végétale raffinée,D01,Alimentaire,litre,1308.1
01/05/2026,kaolack,Huile végétale raffinée,D01,Alimentaire,litre,1381.7
Janvier 2018,kolda,Huile végétale raffinée,D01,Alimentaire,litre,957.2
Février 2018,Kolda ,Huile végétale raffinée,D01,Alimentaire,litre,967.6
Mars 2018,KOLDA,Huile végétale raffinée,D01,Alimentaire,litre,1005.0
01/04/2018,kolda,Huile végétale raffinée,D01,Alimentaire,litre,1084.6
Mai 2018,kolda,Huile végétale raffinée,D01,Alimentaire,litre,1078.9
2018-06-01,Kolda ,Huile végétale raffinée,D01,Alimentaire,litre,1074.5
01/07/2018,kolda,Huile végétale raffinée,D01,Alimentaire,litre,1050.9
2018-08-01,kolda,Huile végétale raffinée,D01,Alimentaire,litre,1036.9
2018-09-01,kolda,Huile végétale raffinée,D01,Alimentaire,litre,1033.8
01/10/2018,kolda,Huile végétale raffinée,D01,Alimentaire,litre,999.7
Novembre 2018,Kolda ,Huile végétale raffinée,D01,Alimentaire,litre,980.8
2018-12-01,KOLDA,Huile végétale raffinée,D01,Alimentaire,litre,926.0
Janvier 2019,kolda,Huile végétale raffinée,D01,Alimentaire,litre,978.3
01/02/2019,KOLDA,Huile végétale raffinée,D01,Alimentaire,litre,1017.5
Mars 2019,KOLDA,Huile végétale raffinée,D01,Alimentaire,litre,1059.2
2019-04-01,KOLDA,Huile végétale raffinée,D01,Alimentaire,litre,1019.3
Mai 2019,kolda,Huile végétale raffinée,D01,Alimentaire,litre,1071.3
2019-06-01,KOLDA,Huile végétale raffinée,D01,Alimentaire,litre,1086.7
01/07/2019,Kolda ,Huile végétale raffinée,D01,Alimentaire,litre,1108.5
Août 2019,kolda,Huile végétale raffinée,D01,Alimentaire,litre,
Septembre 2019,Kolda ,Huile végétale raffinée,D01,Alimentaire,litre,1094.1
2019-10-01,Kolda ,Huile végétale raffinée,D01,Alimentaire,litre,1026.2
2019-11-01,Kolda ,Huile végétale raffinée,D01,Alimentaire,litre,994.9
01/12/2019,kolda,Huile végétale raffinée,D01,Alimentaire,litre,1013.1
01/01/2020,Kolda ,Huile végétale raffinée,D01,Alimentaire,litre,998.7
2020-02-01,kolda,Huile végétale raffinée,D01,Alimentaire,litre,1027.8
2020-03-01,Kolda ,Huile végétale raffinée,D01,Alimentaire,litre,1036.8
2020-04-01,KOLDA,Huile végétale raffinée,D01,Alimentaire,litre,1060.7
2020-05-01,Kolda ,Huile végétale raffinée,D01,Alimentaire,litre,"1110,7"
01/06/2020,KOLDA,Huile végétale raffinée,D01,Alimentaire,litre,1195.6
2020-07-01,kolda,Huile végétale raffinée,D01,Alimentaire,litre,1160.4
Août 2020,kolda,Huile végétale raffinée,D01,Alimentaire,litre,"1133,0"
Septembre 2020,KOLDA,Huile végétale raffinée,D01,Alimentaire,litre,1073.9
2020-10-01,KOLDA,Huile végétale raffinée,D01,Alimentaire,litre,1079.3
Novembre 2020,kolda,Huile végétale raffinée,D01,Alimentaire,litre,1002.1
01/12/2020,KOLDA,Huile végétale raffinée,D01,Alimentaire,litre,981.3
2021-01-01,KOLDA,Huile végétale raffinée,D01,Alimentaire,litre,1011.7
2021-02-01,Kolda ,Huile végétale raffinée,D01,Alimentaire,litre,1085.2
01/03/2021,KOLDA,Huile végétale raffinée,D01,Alimentaire,litre,"1119,4"
Avril 2021,Kolda ,Huile végétale raffinée,D01,Alimentaire,litre,1107.5
2021-05-01,KOLDA,Huile végétale raffinée,D01,Alimentaire,litre,1136.9
2021-06-01,KOLDA,Huile végétale raffinée,D01,Alimentaire,litre,"1135,8"
01/07/2021,kolda,Huile végétale raffinée,D01,Alimentaire,litre,1176.8
Août 2021,kolda,Huile végétale raffinée,D01,Alimentaire,litre,1161.6
2021-09-01,Kolda ,Huile végétale raffinée,D01,Alimentaire,litre,1145.8
Octobre 2021,Kolda ,Huile végétale raffinée,D01,Alimentaire,litre,1113.9
01/11/2021,kolda,Huile végétale raffinée,D01,Alimentaire,litre,1061.2
2021-12-01,KOLDA,Huile végétale raffinée,D01,Alimentaire,litre,1061.7
Janvier 2022,KOLDA,Huile végétale raffinée,D01,Alimentaire,litre,1064.9
2022-02-01,Kolda ,Huile végétale raffinée,D01,Alimentaire,litre,1128.2
01/03/2022,Kolda ,Huile végétale raffinée,D01,Alimentaire,litre,1155.0
01/04/2022,KOLDA,Huile végétale raffinée,D01,Alimentaire,litre,1235.2
Mai 2022,kolda,Huile végétale raffinée,D01,Alimentaire,litre,1287.1
Juin 2022,KOLDA,Huile végétale raffinée,D01,Alimentaire,litre,1316.3
Juillet 2022,KOLDA,Huile végétale raffinée,D01,Alimentaire,litre,1348.5
01/08/2022,Kolda ,Huile végétale raffinée,D01,Alimentaire,litre,1278.7
2022-09-01,KOLDA,Huile végétale raffinée,D01,Alimentaire,litre,1270.1
2022-10-01,KOLDA,Huile végétale raffinée,D01,Alimentaire,litre,1262.8
01/11/2022,KOLDA,Huile végétale raffinée,D01,Alimentaire,litre,1209.9
01/12/2022,Kolda ,Huile végétale raffinée,D01,Alimentaire,litre,1194.3
2023-01-01,Kolda ,Huile végétale raffinée,D01,Alimentaire,litre,1196.1
2023-02-01,Kolda ,Huile végétale raffinée,D01,Alimentaire,litre,1266.7
01/03/2023,KOLDA,Huile végétale raffinée,D01,Alimentaire,litre,1282.3
Avril 2023,KOLDA,Huile végétale raffinée,D01,Alimentaire,litre,1356.3
Mai 2023,Kolda ,Huile végétale raffinée,D01,Alimentaire,litre,1383.4
Juin 2023,kolda,Huile végétale raffinée,D01,Alimentaire,litre,1389.4
01/07/2023,KOLDA,Huile végétale raffinée,D01,Alimentaire,litre,1411.3
Août 2023,KOLDA,Huile végétale raffinée,D01,Alimentaire,litre,1409.5
01/09/2023,Kolda ,Huile végétale raffinée,D01,Alimentaire,litre,1392.1
01/10/2023,Kolda ,Huile végétale raffinée,D01,Alimentaire,litre,1322.0
2023-11-01,KOLDA,Huile végétale raffinée,D01,Alimentaire,litre,1253.3
01/12/2023,kolda,Huile végétale raffinée,D01,Alimentaire,litre,1205.2
2024-01-01,kolda,Huile végétale raffinée,D01,Alimentaire,litre,1230.5
01/02/2024,kolda,Huile végétale raffinée,D01,Alimentaire,litre,1204.0
Mars 2024,kolda,Huile végétale raffinée,D01,Alimentaire,litre,1349.3
01/04/2024,KOLDA,Huile végétale raffinée,D01,Alimentaire,litre,1363.9
2024-05-01,kolda,Huile végétale raffinée,D01,Alimentaire,litre,1370.7
Juin 2024,Kolda ,Huile végétale raffinée,D01,Alimentaire,litre,1381.4
Juillet 2024,Kolda ,Huile végétale raffinée,D01,Alimentaire,litre,
01/08/2024,KOLDA,Huile végétale raffinée,D01,Alimentaire,litre,1364.5
2024-09-01,Kolda ,Huile végétale raffinée,D01,Alimentaire,litre,1337.1
2024-10-01,kolda,Huile végétale raffinée,D01,Alimentaire,litre,1310.8
2024-11-01,KOLDA,Huile végétale raffinée,D01,Alimentaire,litre,1306.1
Décembre 2024,KOLDA,Huile végétale raffinée,D01,Alimentaire,litre,"1272,1"
2025-01-01,Kolda ,Huile végétale raffinée,D01,Alimentaire,litre,1283.5
01/02/2025,kolda,Huile végétale raffinée,D01,Alimentaire,litre,1308.3
Mars 2025,KOLDA,Huile végétale raffinée,D01,Alimentaire,litre,1324.8
Avril 2025,Kolda ,Huile végétale raffinée,D01,Alimentaire,litre,1402.3
2025-05-01,Kolda ,Huile végétale raffinée,D01,Alimentaire,litre,1400.0
Juin 2025,kolda,Huile végétale raffinée,D01,Alimentaire,litre,1394.7
Juillet 2025,kolda,Huile végétale raffinée,D01,Alimentaire,litre,1433.0
01/08/2025,kolda,Huile végétale raffinée,D01,Alimentaire,litre,1412.3
2025-09-01,KOLDA,Huile végétale raffinée,D01,Alimentaire,litre,1388.9
Octobre 2025,KOLDA,Huile végétale raffinée,D01,Alimentaire,litre,1347.3
01/11/2025,KOLDA,Huile végétale raffinée,D01,Alimentaire,litre,1333.3
01/12/2025,kolda,Huile végétale raffinée,D01,Alimentaire,litre,1314.7
01/01/2026,KOLDA,Huile végétale raffinée,D01,Alimentaire,litre,1302.8
2026-02-01,KOLDA,Huile végétale raffinée,D01,Alimentaire,litre,1249.6
01/03/2026,Kolda ,Huile végétale raffinée,D01,Alimentaire,litre,1312.3
2026-04-01,Kolda ,Huile végétale raffinée,D01,Alimentaire,litre,1371.9
2026-05-01,KOLDA,Huile végétale raffinée,D01,Alimentaire,litre,1458.2
01/01/2018,dakar,Sucre cristallisé,D01,Alimentaire,kg,528.9
2018-02-01,DAKAR,Sucre cristallisé,D01,Alimentaire,kg,530.1
Mars 2018,Dakar ,Sucre cristallisé,D01,Alimentaire,kg,558.2
Avril 2018,Dakar ,Sucre cristallisé,D01,Alimentaire,kg,"576,0"
01/05/2018,DAKAR,Sucre cristallisé,D01,Alimentaire,kg,578.2
01/06/2018,DAKAR,Sucre cristallisé,D01,Alimentaire,kg,576.7
2018-07-01,DAKAR,Sucre cristallisé,D01,Alimentaire,kg,589.6
2018-08-01,DAKAR,Sucre cristallisé,D01,Alimentaire,kg,"576,7"
Septembre 2018,dakar,Sucre cristallisé,D01,Alimentaire,kg,563.9
01/10/2018,Dakar ,Sucre cristallisé,D01,Alimentaire,kg,546.2
Novembre 2018,Dakar ,Sucre cristallisé,D01,Alimentaire,kg,548.9
2018-12-01,DAKAR,Sucre cristallisé,D01,Alimentaire,kg,534.1
2019-01-01,dakar,Sucre cristallisé,D01,Alimentaire,kg,"547,3"
01/02/2019,Dakar ,Sucre cristallisé,D01,Alimentaire,kg,"557,9"
Mars 2019,Dakar ,Sucre cristallisé,D01,Alimentaire,kg,561.4
01/04/2019,dakar,Sucre cristallisé,D01,Alimentaire,kg,565.9
Mai 2019,Dakar ,Sucre cristallisé,D01,Alimentaire,kg,597.6
2019-06-01,DAKAR,Sucre cristallisé,D01,Alimentaire,kg,599.2
Juillet 2019,Dakar ,Sucre cristallisé,D01,Alimentaire,kg,"625,2"
01/08/2019,dakar,Sucre cristallisé,D01,Alimentaire,kg,"590,6"
2019-09-01,Dakar ,Sucre cristallisé,D01,Alimentaire,kg,582.0
01/10/2019,DAKAR,Sucre cristallisé,D01,Alimentaire,kg,562.1
Novembre 2019,DAKAR,Sucre cristallisé,D01,Alimentaire,kg,544.6
Décembre 2019,dakar,Sucre cristallisé,D01,Alimentaire,kg,535.1
2020-01-01,dakar,Sucre cristallisé,D01,Alimentaire,kg,549.8
Février 2020,dakar,Sucre cristallisé,D01,Alimentaire,kg,"561,5"
2020-03-01,Dakar ,Sucre cristallisé,D01,Alimentaire,kg,"584,0"
01/04/2020,Dakar ,Sucre cristallisé,D01,Alimentaire,kg,"592,1"
01/05/2020,DAKAR,Sucre cristallisé,D01,Alimentaire,kg,"599,0"
Juin 2020,dakar,Sucre cristallisé,D01,Alimentaire,kg,611.1
01/07/2020,DAKAR,Sucre cristallisé,D01,Alimentaire,kg,599.8
2020-08-01,Dakar ,Sucre cristallisé,D01,Alimentaire,kg,628.2
01/09/2020,DAKAR,Sucre cristallisé,D01,Alimentaire,kg,587.5
Octobre 2020,DAKAR,Sucre cristallisé,D01,Alimentaire,kg,588.9
Novembre 2020,dakar,Sucre cristallisé,D01,Alimentaire,kg,566.7
2020-12-01,Dakar ,Sucre cristallisé,D01,Alimentaire,kg,"558,4"
01/01/2021,dakar,Sucre cristallisé,D01,Alimentaire,kg,"558,4"
2021-02-01,DAKAR,Sucre cristallisé,D01,Alimentaire,kg,"560,2"
01/03/2021,DAKAR,Sucre cristallisé,D01,Alimentaire,kg,573.5
01/04/2021,Dakar ,Sucre cristallisé,D01,Alimentaire,kg,"623,9"
Mai 2021,dakar,Sucre cristallisé,D01,Alimentaire,kg,621.1
2021-06-01,dakar,Sucre cristallisé,D01,Alimentaire,kg,644.8
Juillet 2021,Dakar ,Sucre cristallisé,D01,Alimentaire,kg,649.3
Août 2021,DAKAR,Sucre cristallisé,D01,Alimentaire,kg,619.6
01/09/2021,dakar,Sucre cristallisé,D01,Alimentaire,kg,616.8
01/10/2021,dakar,Sucre cristallisé,D01,Alimentaire,kg,"596,8"
01/11/2021,DAKAR,Sucre cristallisé,D01,Alimentaire,kg,569.4
2021-12-01,Dakar ,Sucre cristallisé,D01,Alimentaire,kg,573.1
Janvier 2022,Dakar ,Sucre cristallisé,D01,Alimentaire,kg,597.8
01/02/2022,Dakar ,Sucre cristallisé,D01,Alimentaire,kg,602.3
2022-03-01,DAKAR,Sucre cristallisé,D01,Alimentaire,kg,628.6
01/04/2022,Dakar ,Sucre cristallisé,D01,Alimentaire,kg,658.2
Mai 2022,dakar,Sucre cristallisé,D01,Alimentaire,kg,715.8
Juin 2022,dakar,Sucre cristallisé,D01,Alimentaire,kg,680.0
2022-07-01,DAKAR,Sucre cristallisé,D01,Alimentaire,kg,720.9
Août 2022,dakar,Sucre cristallisé,D01,Alimentaire,kg,708.7
Septembre 2022,Dakar ,Sucre cristallisé,D01,Alimentaire,kg,694.7
2022-10-01,DAKAR,Sucre cristallisé,D01,Alimentaire,kg,688.1
01/11/2022,dakar,Sucre cristallisé,D01,Alimentaire,kg,690.7
Décembre 2022,dakar,Sucre cristallisé,D01,Alimentaire,kg,669.2
2023-01-01,dakar,Sucre cristallisé,D01,Alimentaire,kg,661.8
01/02/2023,DAKAR,Sucre cristallisé,D01,Alimentaire,kg,687.4
01/03/2023,DAKAR,Sucre cristallisé,D01,Alimentaire,kg,710.9
2023-04-01,Dakar ,Sucre cristallisé,D01,Alimentaire,kg,728.8
2023-05-01,dakar,Sucre cristallisé,D01,Alimentaire,kg,731.3
01/06/2023,Dakar ,Sucre cristallisé,D01,Alimentaire,kg,761.6
2023-07-01,dakar,Sucre cristallisé,D01,Alimentaire,kg,764.4
2023-08-01,dakar,Sucre cristallisé,D01,Alimentaire,kg,"737,4"
2023-09-01,DAKAR,Sucre cristallisé,D01,Alimentaire,kg,714.1
2023-10-01,dakar,Sucre cristallisé,D01,Alimentaire,kg,693.2
01/11/2023,Dakar ,Sucre cristallisé,D01,Alimentaire,kg,710.0
2023-12-01,DAKAR,Sucre cristallisé,D01,Alimentaire,kg,"687,8"
01/01/2024,DAKAR,Sucre cristallisé,D01,Alimentaire,kg,"661,6"
Février 2024,DAKAR,Sucre cristallisé,D01,Alimentaire,kg,702.8
01/03/2024,dakar,Sucre cristallisé,D01,Alimentaire,kg,708.5
Avril 2024,DAKAR,Sucre cristallisé,D01,Alimentaire,kg,746.9
2024-05-01,Dakar ,Sucre cristallisé,D01,Alimentaire,kg,"752,0"
Juin 2024,DAKAR,Sucre cristallisé,D01,Alimentaire,kg,742.4
2024-07-01,dakar,Sucre cristallisé,D01,Alimentaire,kg,767.8
2024-08-01,DAKAR,Sucre cristallisé,D01,Alimentaire,kg,763.1
Septembre 2024,dakar,Sucre cristallisé,D01,Alimentaire,kg,
01/10/2024,Dakar ,Sucre cristallisé,D01,Alimentaire,kg,"704,6"
Novembre 2024,Dakar ,Sucre cristallisé,D01,Alimentaire,kg,714.4
Décembre 2024,Dakar ,Sucre cristallisé,D01,Alimentaire,kg,
01/01/2025,dakar,Sucre cristallisé,D01,Alimentaire,kg,701.2
2025-02-01,dakar,Sucre cristallisé,D01,Alimentaire,kg,692.7
01/03/2025,DAKAR,Sucre cristallisé,D01,Alimentaire,kg,743.2
01/04/2025,Dakar ,Sucre cristallisé,D01,Alimentaire,kg,710.0
01/05/2025,Dakar ,Sucre cristallisé,D01,Alimentaire,kg,765.1
2025-06-01,Dakar ,Sucre cristallisé,D01,Alimentaire,kg,799.5
Juillet 2025,Dakar ,Sucre cristallisé,D01,Alimentaire,kg,767.1
01/08/2025,DAKAR,Sucre cristallisé,D01,Alimentaire,kg,772.1
Septembre 2025,DAKAR,Sucre cristallisé,D01,Alimentaire,kg,756.6
01/10/2025,dakar,Sucre cristallisé,D01,Alimentaire,kg,738.4
01/11/2025,DAKAR,Sucre cristallisé,D01,Alimentaire,kg,739.8
2025-12-01,Dakar ,Sucre cristallisé,D01,Alimentaire,kg,693.0
Janvier 2026,dakar,Sucre cristallisé,D01,Alimentaire,kg,687.6
2026-02-01,DAKAR,Sucre cristallisé,D01,Alimentaire,kg,712.6
2026-03-01,dakar,Sucre cristallisé,D01,Alimentaire,kg,727.2
Avril 2026,dakar,Sucre cristallisé,D01,Alimentaire,kg,737.1
01/05/2026,DAKAR,Sucre cristallisé,D01,Alimentaire,kg,788.1
01/01/2018,Thiès ,Sucre cristallisé,D01,Alimentaire,kg,508.3
2018-02-01,Thiès ,Sucre cristallisé,D01,Alimentaire,kg,496.8
2018-03-01,Thiès ,Sucre cristallisé,D01,Alimentaire,kg,505.7
01/04/2018,THIÈS,Sucre cristallisé,D01,Alimentaire,kg,523.1
2018-05-01,Thiès ,Sucre cristallisé,D01,Alimentaire,kg,551.6
01/06/2018,THIÈS,Sucre cristallisé,D01,Alimentaire,kg,556.1
Juillet 2018,Thiès ,Sucre cristallisé,D01,Alimentaire,kg,562.0
01/08/2018,Thiès ,Sucre cristallisé,D01,Alimentaire,kg,543.0
01/09/2018,THIÈS,Sucre cristallisé,D01,Alimentaire,kg,524.7
2018-10-01,THIÈS,Sucre cristallisé,D01,Alimentaire,kg,530.2
01/11/2018,Thiès ,Sucre cristallisé,D01,Alimentaire,kg,"502,8"
Décembre 2018,THIÈS,Sucre cristallisé,D01,Alimentaire,kg,503.2
01/01/2019,Thiès ,Sucre cristallisé,D01,Alimentaire,kg,490.2
Février 2019,Thiès ,Sucre cristallisé,D01,Alimentaire,kg,506.8
Mars 2019,THIÈS,Sucre cristallisé,D01,Alimentaire,kg,535.4
Avril 2019,Thiès ,Sucre cristallisé,D01,Alimentaire,kg,531.6
01/05/2019,THIÈS,Sucre cristallisé,D01,Alimentaire,kg,561.3
2019-06-01,thiès,Sucre cristallisé,D01,Alimentaire,kg,534.0
2019-07-01,THIÈS,Sucre cristallisé,D01,Alimentaire,kg,554.3
Août 2019,THIÈS,Sucre cristallisé,D01,Alimentaire,kg,551.9
01/09/2019,Thiès ,Sucre cristallisé,D01,Alimentaire,kg,560.3
Octobre 2019,THIÈS,Sucre cristallisé,D01,Alimentaire,kg,514.9
Novembre 2019,Thiès ,Sucre cristallisé,D01,Alimentaire,kg,"521,7"
01/12/2019,THIÈS,Sucre cristallisé,D01,Alimentaire,kg,518.2
2020-01-01,Thiès ,Sucre cristallisé,D01,Alimentaire,kg,508.2
Février 2020,Thiès ,Sucre cristallisé,D01,Alimentaire,kg,520.3
2020-03-01,THIÈS,Sucre cristallisé,D01,Alimentaire,kg,540.0
01/04/2020,thiès,Sucre cristallisé,D01,Alimentaire,kg,"538,7"
2020-05-01,thiès,Sucre cristallisé,D01,Alimentaire,kg,565.1
2020-06-01,thiès,Sucre cristallisé,D01,Alimentaire,kg,595.1
01/07/2020,THIÈS,Sucre cristallisé,D01,Alimentaire,kg,587.3
01/08/2020,Thiès ,Sucre cristallisé,D01,Alimentaire,kg,571.8
01/09/2020,Thiès ,Sucre cristallisé,D01,Alimentaire,kg,"561,6"
01/10/2020,thiès,Sucre cristallisé,D01,Alimentaire,kg,551.3
01/11/2020,thiès,Sucre cristallisé,D01,Alimentaire,kg,539.9
2020-12-01,THIÈS,Sucre cristallisé,D01,Alimentaire,kg,517.8
2021-01-01,Thiès ,Sucre cristallisé,D01,Alimentaire,kg,544.3
Février 2021,thiès,Sucre cristallisé,D01,Alimentaire,kg,551.1
Mars 2021,THIÈS,Sucre cristallisé,D01,Alimentaire,kg,559.2
01/04/2021,THIÈS,Sucre cristallisé,D01,Alimentaire,kg,559.3
2021-05-01,THIÈS,Sucre cristallisé,D01,Alimentaire,kg,572.6
Juin 2021,Thiès ,Sucre cristallisé,D01,Alimentaire,kg,591.0
Juillet 2021,THIÈS,Sucre cristallisé,D01,Alimentaire,kg,"596,7"
2021-08-01,thiès,Sucre cristallisé,D01,Alimentaire,kg,568.6
2021-09-01,Thiès ,Sucre cristallisé,D01,Alimentaire,kg,582.7
2021-10-01,THIÈS,Sucre cristallisé,D01,Alimentaire,kg,
Novembre 2021,THIÈS,Sucre cristallisé,D01,Alimentaire,kg,556.2
Décembre 2021,Thiès ,Sucre cristallisé,D01,Alimentaire,kg,535.4
01/01/2022,Thiès ,Sucre cristallisé,D01,Alimentaire,kg,548.5
2022-02-01,THIÈS,Sucre cristallisé,D01,Alimentaire,kg,577.4
01/03/2022,THIÈS,Sucre cristallisé,D01,Alimentaire,kg,595.1
2022-04-01,thiès,Sucre cristallisé,D01,Alimentaire,kg,628.6
2022-05-01,thiès,Sucre cristallisé,D01,Alimentaire,kg,"655,8"
2022-06-01,thiès,Sucre cristallisé,D01,Alimentaire,kg,680.5
2022-07-01,THIÈS,Sucre cristallisé,D01,Alimentaire,kg,658.1
2022-08-01,thiès,Sucre cristallisé,D01,Alimentaire,kg,675.0
Septembre 2022,THIÈS,Sucre cristallisé,D01,Alimentaire,kg,659.0
01/10/2022,Thiès ,Sucre cristallisé,D01,Alimentaire,kg,651.5
01/11/2022,thiès,Sucre cristallisé,D01,Alimentaire,kg,
01/12/2022,thiès,Sucre cristallisé,D01,Alimentaire,kg,634.4
Janvier 2023,thiès,Sucre cristallisé,D01,Alimentaire,kg,
Février 2023,thiès,Sucre cristallisé,D01,Alimentaire,kg,640.1
01/03/2023,thiès,Sucre cristallisé,D01,Alimentaire,kg,
Avril 2023,THIÈS,Sucre cristallisé,D01,Alimentaire,kg,673.0
01/05/2023,thiès,Sucre cristallisé,D01,Alimentaire,kg,673.3
2023-06-01,THIÈS,Sucre cristallisé,D01,Alimentaire,kg,730.5
Juillet 2023,THIÈS,Sucre cristallisé,D01,Alimentaire,kg,709.4
Août 2023,Thiès ,Sucre cristallisé,D01,Alimentaire,kg,"714,3"
01/09/2023,thiès,Sucre cristallisé,D01,Alimentaire,kg,"705,0"
01/10/2023,Thiès ,Sucre cristallisé,D01,Alimentaire,kg,664.5
Novembre 2023,thiès,Sucre cristallisé,D01,Alimentaire,kg,656.5
01/12/2023,Thiès ,Sucre cristallisé,D01,Alimentaire,kg,665.0
01/01/2024,THIÈS,Sucre cristallisé,D01,Alimentaire,kg,643.0
Février 2024,thiès,Sucre cristallisé,D01,Alimentaire,kg,641.9
2024-03-01,thiès,Sucre cristallisé,D01,Alimentaire,kg,664.6
01/04/2024,THIÈS,Sucre cristallisé,D01,Alimentaire,kg,"701,0"
Mai 2024,THIÈS,Sucre cristallisé,D01,Alimentaire,kg,717.4
2024-06-01,THIÈS,Sucre cristallisé,D01,Alimentaire,kg,694.7
2024-07-01,THIÈS,Sucre cristallisé,D01,Alimentaire,kg,741.2
01/08/2024,thiès,Sucre cristallisé,D01,Alimentaire,kg,724.1
2024-09-01,THIÈS,Sucre cristallisé,D01,Alimentaire,kg,696.1
01/10/2024,Thiès ,Sucre cristallisé,D01,Alimentaire,kg,668.1
2024-11-01,thiès,Sucre cristallisé,D01,Alimentaire,kg,686.7
01/12/2024,Thiès ,Sucre cristallisé,D01,Alimentaire,kg,655.6
01/01/2025,THIÈS,Sucre cristallisé,D01,Alimentaire,kg,"628,1"
2025-02-01,THIÈS,Sucre cristallisé,D01,Alimentaire,kg,"655,8"
01/03/2025,Thiès ,Sucre cristallisé,D01,Alimentaire,kg,720.1
2025-04-01,thiès,Sucre cristallisé,D01,Alimentaire,kg,699.8
2025-05-01,Thiès ,Sucre cristallisé,D01,Alimentaire,kg,"709,1"
01/06/2025,THIÈS,Sucre cristallisé,D01,Alimentaire,kg,718.4
2025-07-01,THIÈS,Sucre cristallisé,D01,Alimentaire,kg,762.9
Août 2025,thiès,Sucre cristallisé,D01,Alimentaire,kg,743.1
2025-09-01,thiès,Sucre cristallisé,D01,Alimentaire,kg,739.9
01/10/2025,THIÈS,Sucre cristallisé,D01,Alimentaire,kg,709.8
2025-11-01,THIÈS,Sucre cristallisé,D01,Alimentaire,kg,"712,0"
01/12/2025,THIÈS,Sucre cristallisé,D01,Alimentaire,kg,659.7
2026-01-01,THIÈS,Sucre cristallisé,D01,Alimentaire,kg,"652,2"
Février 2026,Thiès ,Sucre cristallisé,D01,Alimentaire,kg,669.3
2026-03-01,Thiès ,Sucre cristallisé,D01,Alimentaire,kg,708.1
01/04/2026,THIÈS,Sucre cristallisé,D01,Alimentaire,kg,"714,1"
Mai 2026,thiès,Sucre cristallisé,D01,Alimentaire,kg,"719,4"
01/01/2018,saint-louis,Sucre cristallisé,D01,Alimentaire,kg,494.1
Février 2018,SAINT-LOUIS,Sucre cristallisé,D01,Alimentaire,kg,"483,0"
2018-03-01,saint-louis,Sucre cristallisé,D01,Alimentaire,kg,487.6
2018-04-01,Saint-Louis ,Sucre cristallisé,D01,Alimentaire,kg,533.9
Mai 2018,saint-louis,Sucre cristallisé,D01,Alimentaire,kg,533.5
2018-06-01,Saint-Louis ,Sucre cristallisé,D01,Alimentaire,kg,541.9
01/07/2018,saint-louis,Sucre cristallisé,D01,Alimentaire,kg,554.0
2018-08-01,saint-louis,Sucre cristallisé,D01,Alimentaire,kg,"553,5"
01/09/2018,Saint-Louis ,Sucre cristallisé,D01,Alimentaire,kg,532.2
01/10/2018,Saint-Louis ,Sucre cristallisé,D01,Alimentaire,kg,"532,6"
Novembre 2018,Saint-Louis ,Sucre cristallisé,D01,Alimentaire,kg,"505,9"
01/12/2018,Saint-Louis ,Sucre cristallisé,D01,Alimentaire,kg,496.8
Janvier 2019,SAINT-LOUIS,Sucre cristallisé,D01,Alimentaire,kg,500.7
Février 2019,Saint-Louis ,Sucre cristallisé,D01,Alimentaire,kg,"491,9"
Mars 2019,Saint-Louis ,Sucre cristallisé,D01,Alimentaire,kg,526.8
Avril 2019,saint-louis,Sucre cristallisé,D01,Alimentaire,kg,505.2
01/05/2019,saint-louis,Sucre cristallisé,D01,Alimentaire,kg,
01/06/2019,Saint-Louis ,Sucre cristallisé,D01,Alimentaire,kg,"551,9"
2019-07-01,SAINT-LOUIS,Sucre cristallisé,D01,Alimentaire,kg,543.5
2019-08-01,saint-louis,Sucre cristallisé,D01,Alimentaire,kg,540.5
01/09/2019,Saint-Louis ,Sucre cristallisé,D01,Alimentaire,kg,553.0
01/10/2019,SAINT-LOUIS,Sucre cristallisé,D01,Alimentaire,kg,530.7
2019-11-01,SAINT-LOUIS,Sucre cristallisé,D01,Alimentaire,kg,500.1
Décembre 2019,SAINT-LOUIS,Sucre cristallisé,D01,Alimentaire,kg,495.1
Janvier 2020,SAINT-LOUIS,Sucre cristallisé,D01,Alimentaire,kg,494.9
2020-02-01,saint-louis,Sucre cristallisé,D01,Alimentaire,kg,523.6
2020-03-01,Saint-Louis ,Sucre cristallisé,D01,Alimentaire,kg,527.7
Avril 2020,SAINT-LOUIS,Sucre cristallisé,D01,Alimentaire,kg,525.3
2020-05-01,saint-louis,Sucre cristallisé,D01,Alimentaire,kg,562.9
2020-06-01,SAINT-LOUIS,Sucre cristallisé,D01,Alimentaire,kg,
2020-07-01,Saint-Louis ,Sucre cristallisé,D01,Alimentaire,kg,583.6
Août 2020,saint-louis,Sucre cristallisé,D01,Alimentaire,kg,564.2
2020-09-01,saint-louis,Sucre cristallisé,D01,Alimentaire,kg,547.8
2020-10-01,Saint-Louis ,Sucre cristallisé,D01,Alimentaire,kg,
01/11/2020,Saint-Louis ,Sucre cristallisé,D01,Alimentaire,kg,523.7
01/12/2020,SAINT-LOUIS,Sucre cristallisé,D01,Alimentaire,kg,
Janvier 2021,SAINT-LOUIS,Sucre cristallisé,D01,Alimentaire,kg,514.5
2021-02-01,SAINT-LOUIS,Sucre cristallisé,D01,Alimentaire,kg,536.2
2021-03-01,saint-louis,Sucre cristallisé,D01,Alimentaire,kg,527.6
01/04/2021,Saint-Louis ,Sucre cristallisé,D01,Alimentaire,kg,555.2
01/05/2021,saint-louis,Sucre cristallisé,D01,Alimentaire,kg,561.9
01/06/2021,saint-louis,Sucre cristallisé,D01,Alimentaire,kg,578.9
2021-07-01,Saint-Louis ,Sucre cristallisé,D01,Alimentaire,kg,601.7
01/08/2021,Saint-Louis ,Sucre cristallisé,D01,Alimentaire,kg,573.5
Septembre 2021,SAINT-LOUIS,Sucre cristallisé,D01,Alimentaire,kg,576.5
Octobre 2021,saint-louis,Sucre cristallisé,D01,Alimentaire,kg,570.9
Novembre 2021,Saint-Louis ,Sucre cristallisé,D01,Alimentaire,kg,541.3
2021-12-01,saint-louis,Sucre cristallisé,D01,Alimentaire,kg,545.2
Janvier 2022,SAINT-LOUIS,Sucre cristallisé,D01,Alimentaire,kg,554.9
Février 2022,SAINT-LOUIS,Sucre cristallisé,D01,Alimentaire,kg,566.6
01/03/2022,SAINT-LOUIS,Sucre cristallisé,D01,Alimentaire,kg,596.8
2022-04-01,saint-louis,Sucre cristallisé,D01,Alimentaire,kg,636.3
01/05/2022,Saint-Louis ,Sucre cristallisé,D01,Alimentaire,kg,630.1
Juin 2022,saint-louis,Sucre cristallisé,D01,Alimentaire,kg,643.3
01/07/2022,Saint-Louis ,Sucre cristallisé,D01,Alimentaire,kg,649.7
2022-08-01,SAINT-LOUIS,Sucre cristallisé,D01,Alimentaire,kg,675.1
2022-09-01,Saint-Louis ,Sucre cristallisé,D01,Alimentaire,kg,668.7
01/10/2022,SAINT-LOUIS,Sucre cristallisé,D01,Alimentaire,kg,636.1
Novembre 2022,saint-louis,Sucre cristallisé,D01,Alimentaire,kg,606.3
01/12/2022,saint-louis,Sucre cristallisé,D01,Alimentaire,kg,604.7
Janvier 2023,Saint-Louis ,Sucre cristallisé,D01,Alimentaire,kg,619.4
Février 2023,Saint-Louis ,Sucre cristallisé,D01,Alimentaire,kg,624.3
Mars 2023,saint-louis,Sucre cristallisé,D01,Alimentaire,kg,646.6
01/04/2023,saint-louis,Sucre cristallisé,D01,Alimentaire,kg,"659,3"
Mai 2023,Saint-Louis ,Sucre cristallisé,D01,Alimentaire,kg,701.0
2023-06-01,Saint-Louis ,Sucre cristallisé,D01,Alimentaire,kg,705.6
2023-07-01,saint-louis,Sucre cristallisé,D01,Alimentaire,kg,711.5
Août 2023,Saint-Louis ,Sucre cristallisé,D01,Alimentaire,kg,698.8
Septembre 2023,Saint-Louis ,Sucre cristallisé,D01,Alimentaire,kg,692.3
2023-10-01,SAINT-LOUIS,Sucre cristallisé,D01,Alimentaire,kg,677.4
01/11/2023,saint-louis,Sucre cristallisé,D01,Alimentaire,kg,"646,6"
2023-12-01,Saint-Louis ,Sucre cristallisé,D01,Alimentaire,kg,640.1
2024-01-01,SAINT-LOUIS,Sucre cristallisé,D01,Alimentaire,kg,
01/02/2024,Saint-Louis ,Sucre cristallisé,D01,Alimentaire,kg,654.4
01/03/2024,saint-louis,Sucre cristallisé,D01,Alimentaire,kg,661.8
Avril 2024,SAINT-LOUIS,Sucre cristallisé,D01,Alimentaire,kg,662.7
Mai 2024,saint-louis,Sucre cristallisé,D01,Alimentaire,kg,"682,4"
Juin 2024,saint-louis,Sucre cristallisé,D01,Alimentaire,kg,698.8
2024-07-01,SAINT-LOUIS,Sucre cristallisé,D01,Alimentaire,kg,709.6
Août 2024,SAINT-LOUIS,Sucre cristallisé,D01,Alimentaire,kg,698.0
01/09/2024,Saint-Louis ,Sucre cristallisé,D01,Alimentaire,kg,672.3
2024-10-01,Saint-Louis ,Sucre cristallisé,D01,Alimentaire,kg,659.0
01/11/2024,Saint-Louis ,Sucre cristallisé,D01,Alimentaire,kg,634.7
2024-12-01,saint-louis,Sucre cristallisé,D01,Alimentaire,kg,599.7
01/01/2025,Saint-Louis ,Sucre cristallisé,D01,Alimentaire,kg,635.6
Février 2025,saint-louis,Sucre cristallisé,D01,Alimentaire,kg,679.1
Mars 2025,Saint-Louis ,Sucre cristallisé,D01,Alimentaire,kg,"691,5"
2025-04-01,Saint-Louis ,Sucre cristallisé,D01,Alimentaire,kg,675.5
2025-05-01,saint-louis,Sucre cristallisé,D01,Alimentaire,kg,711.1
01/06/2025,saint-louis,Sucre cristallisé,D01,Alimentaire,kg,701.1
2025-07-01,Saint-Louis ,Sucre cristallisé,D01,Alimentaire,kg,706.7
Août 2025,SAINT-LOUIS,Sucre cristallisé,D01,Alimentaire,kg,702.5
2025-09-01,SAINT-LOUIS,Sucre cristallisé,D01,Alimentaire,kg,705.6
2025-10-01,saint-louis,Sucre cristallisé,D01,Alimentaire,kg,693.1
2025-11-01,SAINT-LOUIS,Sucre cristallisé,D01,Alimentaire,kg,687.6
01/12/2025,Saint-Louis ,Sucre cristallisé,D01,Alimentaire,kg,669.8
Janvier 2026,SAINT-LOUIS,Sucre cristallisé,D01,Alimentaire,kg,"636,0"
Février 2026,saint-louis,Sucre cristallisé,D01,Alimentaire,kg,
Mars 2026,Saint-Louis ,Sucre cristallisé,D01,Alimentaire,kg,"663,9"
01/04/2026,saint-louis,Sucre cristallisé,D01,Alimentaire,kg,680.1
2026-05-01,Saint-Louis ,Sucre cristallisé,D01,Alimentaire,kg,696.1
Janvier 2018,diourbel,Sucre cristallisé,D01,Alimentaire,kg,492.3
Février 2018,diourbel,Sucre cristallisé,D01,Alimentaire,kg,488.9
01/03/2018,diourbel,Sucre cristallisé,D01,Alimentaire,kg,484.7
Avril 2018,Diourbel ,Sucre cristallisé,D01,Alimentaire,kg,516.6
2018-05-01,Diourbel ,Sucre cristallisé,D01,Alimentaire,kg,516.1
01/06/2018,DIOURBEL,Sucre cristallisé,D01,Alimentaire,kg,
Juillet 2018,diourbel,Sucre cristallisé,D01,Alimentaire,kg,530.5
01/08/2018,Diourbel ,Sucre cristallisé,D01,Alimentaire,kg,537.4
Septembre 2018,diourbel,Sucre cristallisé,D01,Alimentaire,kg,529.9
Octobre 2018,diourbel,Sucre cristallisé,D01,Alimentaire,kg,"495,4"
Novembre 2018,Diourbel ,Sucre cristallisé,D01,Alimentaire,kg,494.0
2018-12-01,diourbel,Sucre cristallisé,D01,Alimentaire,kg,491.7
01/01/2019,DIOURBEL,Sucre cristallisé,D01,Alimentaire,kg,491.8
01/02/2019,DIOURBEL,Sucre cristallisé,D01,Alimentaire,kg,500.8
01/03/2019,DIOURBEL,Sucre cristallisé,D01,Alimentaire,kg,"495,5"
Avril 2019,Diourbel ,Sucre cristallisé,D01,Alimentaire,kg,528.9
2019-05-01,Diourbel ,Sucre cristallisé,D01,Alimentaire,kg,"530,5"
2019-06-01,diourbel,Sucre cristallisé,D01,Alimentaire,kg,"547,1"
2019-07-01,Diourbel ,Sucre cristallisé,D01,Alimentaire,kg,"553,8"
Août 2019,Diourbel ,Sucre cristallisé,D01,Alimentaire,kg,544.3
Septembre 2019,diourbel,Sucre cristallisé,D01,Alimentaire,kg,528.9
2019-10-01,Diourbel ,Sucre cristallisé,D01,Alimentaire,kg,
Novembre 2019,DIOURBEL,Sucre cristallisé,D01,Alimentaire,kg,506.2
2019-12-01,Diourbel ,Sucre cristallisé,D01,Alimentaire,kg,506.9
01/01/2020,DIOURBEL,Sucre cristallisé,D01,Alimentaire,kg,499.8
2020-02-01,Diourbel ,Sucre cristallisé,D01,Alimentaire,kg,510.2
Mars 2020,DIOURBEL,Sucre cristallisé,D01,Alimentaire,kg,532.1
Avril 2020,Diourbel ,Sucre cristallisé,D01,Alimentaire,kg,533.2
01/05/2020,diourbel,Sucre cristallisé,D01,Alimentaire,kg,538.5
Juin 2020,DIOURBEL,Sucre cristallisé,D01,Alimentaire,kg,568.4
Juillet 2020,diourbel,Sucre cristallisé,D01,Alimentaire,kg,561.5
2020-08-01,Diourbel ,Sucre cristallisé,D01,Alimentaire,kg,542.9
01/09/2020,DIOURBEL,Sucre cristallisé,D01,Alimentaire,kg,548.9
2020-10-01,DIOURBEL,Sucre cristallisé,D01,Alimentaire,kg,543.8
Novembre 2020,diourbel,Sucre cristallisé,D01,Alimentaire,kg,498.9
01/12/2020,DIOURBEL,Sucre cristallisé,D01,Alimentaire,kg,518.3
Janvier 2021,Diourbel ,Sucre cristallisé,D01,Alimentaire,kg,486.2
01/02/2021,diourbel,Sucre cristallisé,D01,Alimentaire,kg,516.7
01/03/2021,Diourbel ,Sucre cristallisé,D01,Alimentaire,kg,554.8
2021-04-01,diourbel,Sucre cristallisé,D01,Alimentaire,kg,548.2
Mai 2021,Diourbel ,Sucre cristallisé,D01,Alimentaire,kg,568.1
2021-06-01,DIOURBEL,Sucre cristallisé,D01,Alimentaire,kg,585.9
01/07/2021,diourbel,Sucre cristallisé,D01,Alimentaire,kg,558.3
01/08/2021,diourbel,Sucre cristallisé,D01,Alimentaire,kg,572.6
Septembre 2021,diourbel,Sucre cristallisé,D01,Alimentaire,kg,560.4
01/10/2021,DIOURBEL,Sucre cristallisé,D01,Alimentaire,kg,565.9
2021-11-01,diourbel,Sucre cristallisé,D01,Alimentaire,kg,520.2
2021-12-01,Diourbel ,Sucre cristallisé,D01,Alimentaire,kg,522.4
2022-01-01,DIOURBEL,Sucre cristallisé,D01,Alimentaire,kg,530.6
01/02/2022,Diourbel ,Sucre cristallisé,D01,Alimentaire,kg,545.2
Mars 2022,Diourbel ,Sucre cristallisé,D01,Alimentaire,kg,592.1
Avril 2022,DIOURBEL,Sucre cristallisé,D01,Alimentaire,kg,604.7
Mai 2022,Diourbel ,Sucre cristallisé,D01,Alimentaire,kg,621.5
Juin 2022,diourbel,Sucre cristallisé,D01,Alimentaire,kg,"639,2"
Juillet 2022,diourbel,Sucre cristallisé,D01,Alimentaire,kg,
Août 2022,DIOURBEL,Sucre cristallisé,D01,Alimentaire,kg,645.7
2022-09-01,DIOURBEL,Sucre cristallisé,D01,Alimentaire,kg,627.7
2022-10-01,DIOURBEL,Sucre cristallisé,D01,Alimentaire,kg,629.9
2022-11-01,DIOURBEL,Sucre cristallisé,D01,Alimentaire,kg,619.2
2022-12-01,diourbel,Sucre cristallisé,D01,Alimentaire,kg,594.5
01/01/2023,Diourbel ,Sucre cristallisé,D01,Alimentaire,kg,605.2
01/02/2023,Diourbel ,Sucre cristallisé,D01,Alimentaire,kg,618.6
Mars 2023,DIOURBEL,Sucre cristallisé,D01,Alimentaire,kg,627.4
01/04/2023,diourbel,Sucre cristallisé,D01,Alimentaire,kg,654.3
Mai 2023,DIOURBEL,Sucre cristallisé,D01,Alimentaire,kg,705.8
01/06/2023,DIOURBEL,Sucre cristallisé,D01,Alimentaire,kg,719.4
Juillet 2023,diourbel,Sucre cristallisé,D01,Alimentaire,kg,678.0
Août 2023,DIOURBEL,Sucre cristallisé,D01,Alimentaire,kg,673.4
01/09/2023,Diourbel ,Sucre cristallisé,D01,Alimentaire,kg,660.4
Octobre 2023,DIOURBEL,Sucre cristallisé,D01,Alimentaire,kg,"675,0"
Novembre 2023,DIOURBEL,Sucre cristallisé,D01,Alimentaire,kg,643.6
2023-12-01,Diourbel ,Sucre cristallisé,D01,Alimentaire,kg,628.7
2024-01-01,DIOURBEL,Sucre cristallisé,D01,Alimentaire,kg,644.8
2024-02-01,DIOURBEL,Sucre cristallisé,D01,Alimentaire,kg,
Mars 2024,Diourbel ,Sucre cristallisé,D01,Alimentaire,kg,655.5
01/04/2024,Diourbel ,Sucre cristallisé,D01,Alimentaire,kg,672.4
01/05/2024,Diourbel ,Sucre cristallisé,D01,Alimentaire,kg,675.1
2024-06-01,diourbel,Sucre cristallisé,D01,Alimentaire,kg,708.9
01/07/2024,diourbel,Sucre cristallisé,D01,Alimentaire,kg,684.4
01/08/2024,Diourbel ,Sucre cristallisé,D01,Alimentaire,kg,"707,5"
01/09/2024,Diourbel ,Sucre cristallisé,D01,Alimentaire,kg,"669,3"
2024-10-01,diourbel,Sucre cristallisé,D01,Alimentaire,kg,657.6
Novembre 2024,DIOURBEL,Sucre cristallisé,D01,Alimentaire,kg,638.2
01/12/2024,Diourbel ,Sucre cristallisé,D01,Alimentaire,kg,618.3
2025-01-01,Diourbel ,Sucre cristallisé,D01,Alimentaire,kg,"622,2"
2025-02-01,Diourbel ,Sucre cristallisé,D01,Alimentaire,kg,608.0
2025-03-01,diourbel,Sucre cristallisé,D01,Alimentaire,kg,654.3
2025-04-01,diourbel,Sucre cristallisé,D01,Alimentaire,kg,671.6
Mai 2025,Diourbel ,Sucre cristallisé,D01,Alimentaire,kg,709.3
Juin 2025,diourbel,Sucre cristallisé,D01,Alimentaire,kg,"717,3"
Juillet 2025,Diourbel ,Sucre cristallisé,D01,Alimentaire,kg,704.6
2025-08-01,Diourbel ,Sucre cristallisé,D01,Alimentaire,kg,702.3
01/09/2025,DIOURBEL,Sucre cristallisé,D01,Alimentaire,kg,694.7
2025-10-01,DIOURBEL,Sucre cristallisé,D01,Alimentaire,kg,705.4
2025-11-01,DIOURBEL,Sucre cristallisé,D01,Alimentaire,kg,662.6
01/12/2025,diourbel,Sucre cristallisé,D01,Alimentaire,kg,
01/01/2026,Diourbel ,Sucre cristallisé,D01,Alimentaire,kg,616.4
Février 2026,Diourbel ,Sucre cristallisé,D01,Alimentaire,kg,626.3
2026-03-01,DIOURBEL,Sucre cristallisé,D01,Alimentaire,kg,672.5
Avril 2026,DIOURBEL,Sucre cristallisé,D01,Alimentaire,kg,691.1
2026-05-01,Diourbel ,Sucre cristallisé,D01,Alimentaire,kg,724.8
2018-01-01,KAOLACK,Sucre cristallisé,D01,Alimentaire,kg,501.2
2018-02-01,kaolack,Sucre cristallisé,D01,Alimentaire,kg,521.1
2018-03-01,KAOLACK,Sucre cristallisé,D01,Alimentaire,kg,508.0
01/04/2018,KAOLACK,Sucre cristallisé,D01,Alimentaire,kg,519.8
2018-05-01,kaolack,Sucre cristallisé,D01,Alimentaire,kg,520.9
2018-06-01,Kaolack ,Sucre cristallisé,D01,Alimentaire,kg,
01/07/2018,Kaolack ,Sucre cristallisé,D01,Alimentaire,kg,"543,5"
2018-08-01,kaolack,Sucre cristallisé,D01,Alimentaire,kg,"542,7"
Septembre 2018,kaolack,Sucre cristallisé,D01,Alimentaire,kg,512.0
2018-10-01,Kaolack ,Sucre cristallisé,D01,Alimentaire,kg,513.8
Novembre 2018,kaolack,Sucre cristallisé,D01,Alimentaire,kg,500.3
01/12/2018,KAOLACK,Sucre cristallisé,D01,Alimentaire,kg,492.7
Janvier 2019,Kaolack ,Sucre cristallisé,D01,Alimentaire,kg,489.0
2019-02-01,KAOLACK,Sucre cristallisé,D01,Alimentaire,kg,514.3
2019-03-01,KAOLACK,Sucre cristallisé,D01,Alimentaire,kg,535.4
2019-04-01,KAOLACK,Sucre cristallisé,D01,Alimentaire,kg,516.8
2019-05-01,kaolack,Sucre cristallisé,D01,Alimentaire,kg,549.0
01/06/2019,KAOLACK,Sucre cristallisé,D01,Alimentaire,kg,517.3
01/07/2019,kaolack,Sucre cristallisé,D01,Alimentaire,kg,"556,8"
Août 2019,kaolack,Sucre cristallisé,D01,Alimentaire,kg,522.4
Septembre 2019,KAOLACK,Sucre cristallisé,D01,Alimentaire,kg,525.1
Octobre 2019,kaolack,Sucre cristallisé,D01,Alimentaire,kg,503.1
01/11/2019,kaolack,Sucre cristallisé,D01,Alimentaire,kg,502.3
01/12/2019,KAOLACK,Sucre cristallisé,D01,Alimentaire,kg,505.6
Janvier 2020,Kaolack ,Sucre cristallisé,D01,Alimentaire,kg,486.5
Février 2020,Kaolack ,Sucre cristallisé,D01,Alimentaire,kg,"510,1"
01/03/2020,Kaolack ,Sucre cristallisé,D01,Alimentaire,kg,"522,3"
Avril 2020,KAOLACK,Sucre cristallisé,D01,Alimentaire,kg,561.3
2020-05-01,kaolack,Sucre cristallisé,D01,Alimentaire,kg,"563,8"
Juin 2020,kaolack,Sucre cristallisé,D01,Alimentaire,kg,555.3
Juillet 2020,KAOLACK,Sucre cristallisé,D01,Alimentaire,kg,564.3
01/08/2020,Kaolack ,Sucre cristallisé,D01,Alimentaire,kg,579.6
01/09/2020,kaolack,Sucre cristallisé,D01,Alimentaire,kg,556.9
2020-10-01,kaolack,Sucre cristallisé,D01,Alimentaire,kg,524.3
01/11/2020,Kaolack ,Sucre cristallisé,D01,Alimentaire,kg,518.2
2020-12-01,KAOLACK,Sucre cristallisé,D01,Alimentaire,kg,510.7
Janvier 2021,kaolack,Sucre cristallisé,D01,Alimentaire,kg,511.9
2021-02-01,Kaolack ,Sucre cristallisé,D01,Alimentaire,kg,508.3
2021-03-01,Kaolack ,Sucre cristallisé,D01,Alimentaire,kg,533.3
01/04/2021,kaolack,Sucre cristallisé,D01,Alimentaire,kg,"573,0"
Mai 2021,kaolack,Sucre cristallisé,D01,Alimentaire,kg,568.5
Juin 2021,KAOLACK,Sucre cristallisé,D01,Alimentaire,kg,581.8
01/07/2021,KAOLACK,Sucre cristallisé,D01,Alimentaire,kg,585.7
2021-08-01,KAOLACK,Sucre cristallisé,D01,Alimentaire,kg,603.2
Septembre 2021,Kaolack ,Sucre cristallisé,D01,Alimentaire,kg,565.6
01/10/2021,Kaolack ,Sucre cristallisé,D01,Alimentaire,kg,563.3
01/11/2021,KAOLACK,Sucre cristallisé,D01,Alimentaire,kg,532.4
Décembre 2021,KAOLACK,Sucre cristallisé,D01,Alimentaire,kg,529.1
01/01/2022,kaolack,Sucre cristallisé,D01,Alimentaire,kg,546.4
01/02/2022,Kaolack ,Sucre cristallisé,D01,Alimentaire,kg,553.7
Mars 2022,kaolack,Sucre cristallisé,D01,Alimentaire,kg,582.6
2022-04-01,KAOLACK,Sucre cristallisé,D01,Alimentaire,kg,621.4
Mai 2022,kaolack,Sucre cristallisé,D01,Alimentaire,kg,624.8
Juin 2022,KAOLACK,Sucre cristallisé,D01,Alimentaire,kg,652.6
01/07/2022,kaolack,Sucre cristallisé,D01,Alimentaire,kg,669.2
01/08/2022,Kaolack ,Sucre cristallisé,D01,Alimentaire,kg,647.7
2022-09-01,KAOLACK,Sucre cristallisé,D01,Alimentaire,kg,"664,8"
2022-10-01,Kaolack ,Sucre cristallisé,D01,Alimentaire,kg,640.7
Novembre 2022,kaolack,Sucre cristallisé,D01,Alimentaire,kg,628.0
01/12/2022,KAOLACK,Sucre cristallisé,D01,Alimentaire,kg,585.4
Janvier 2023,KAOLACK,Sucre cristallisé,D01,Alimentaire,kg,605.0
2023-02-01,KAOLACK,Sucre cristallisé,D01,Alimentaire,kg,626.6
2023-03-01,Kaolack ,Sucre cristallisé,D01,Alimentaire,kg,663.4
Avril 2023,Kaolack ,Sucre cristallisé,D01,Alimentaire,kg,670.5
01/05/2023,kaolack,Sucre cristallisé,D01,Alimentaire,kg,698.9
2023-06-01,kaolack,Sucre cristallisé,D01,Alimentaire,kg,680.4
2023-07-01,kaolack,Sucre cristallisé,D01,Alimentaire,kg,"697,9"
Août 2023,kaolack,Sucre cristallisé,D01,Alimentaire,kg,709.9
2023-09-01,kaolack,Sucre cristallisé,D01,Alimentaire,kg,669.5
2023-10-01,KAOLACK,Sucre cristallisé,D01,Alimentaire,kg,680.8
2023-11-01,Kaolack ,Sucre cristallisé,D01,Alimentaire,kg,665.1
Décembre 2023,Kaolack ,Sucre cristallisé,D01,Alimentaire,kg,635.6
01/01/2024,Kaolack ,Sucre cristallisé,D01,Alimentaire,kg,622.4
2024-02-01,KAOLACK,Sucre cristallisé,D01,Alimentaire,kg,623.9
Mars 2024,kaolack,Sucre cristallisé,D01,Alimentaire,kg,676.2
Avril 2024,KAOLACK,Sucre cristallisé,D01,Alimentaire,kg,680.8
Mai 2024,kaolack,Sucre cristallisé,D01,Alimentaire,kg,694.8
2024-06-01,KAOLACK,Sucre cristallisé,D01,Alimentaire,kg,695.6
2024-07-01,kaolack,Sucre cristallisé,D01,Alimentaire,kg,703.9
Août 2024,KAOLACK,Sucre cristallisé,D01,Alimentaire,kg,"698,5"
Septembre 2024,kaolack,Sucre cristallisé,D01,Alimentaire,kg,689.8
Octobre 2024,kaolack,Sucre cristallisé,D01,Alimentaire,kg,680.6
01/11/2024,kaolack,Sucre cristallisé,D01,Alimentaire,kg,648.8
01/12/2024,kaolack,Sucre cristallisé,D01,Alimentaire,kg,617.7
2025-01-01,Kaolack ,Sucre cristallisé,D01,Alimentaire,kg,635.1
2025-02-01,kaolack,Sucre cristallisé,D01,Alimentaire,kg,"623,1"
2025-03-01,KAOLACK,Sucre cristallisé,D01,Alimentaire,kg,659.9
01/04/2025,kaolack,Sucre cristallisé,D01,Alimentaire,kg,678.6
01/05/2025,kaolack,Sucre cristallisé,D01,Alimentaire,kg,"712,4"
01/06/2025,KAOLACK,Sucre cristallisé,D01,Alimentaire,kg,747.1
01/07/2025,kaolack,Sucre cristallisé,D01,Alimentaire,kg,694.0
01/08/2025,Kaolack ,Sucre cristallisé,D01,Alimentaire,kg,748.6
Septembre 2025,kaolack,Sucre cristallisé,D01,Alimentaire,kg,701.9
01/10/2025,kaolack,Sucre cristallisé,D01,Alimentaire,kg,697.0
Novembre 2025,Kaolack ,Sucre cristallisé,D01,Alimentaire,kg,"661,4"
Décembre 2025,KAOLACK,Sucre cristallisé,D01,Alimentaire,kg,670.8
01/01/2026,Kaolack ,Sucre cristallisé,D01,Alimentaire,kg,"637,6"
Février 2026,KAOLACK,Sucre cristallisé,D01,Alimentaire,kg,651.3
2026-03-01,kaolack,Sucre cristallisé,D01,Alimentaire,kg,649.1
01/04/2026,kaolack,Sucre cristallisé,D01,Alimentaire,kg,696.4
2026-05-01,KAOLACK,Sucre cristallisé,D01,Alimentaire,kg,"726,0"
2018-01-01,Kolda ,Sucre cristallisé,D01,Alimentaire,kg,"506,1"
2018-02-01,KOLDA,Sucre cristallisé,D01,Alimentaire,kg,527.1
2018-03-01,kolda,Sucre cristallisé,D01,Alimentaire,kg,538.9
01/04/2018,kolda,Sucre cristallisé,D01,Alimentaire,kg,534.3
Mai 2018,Kolda ,Sucre cristallisé,D01,Alimentaire,kg,571.5
Juin 2018,KOLDA,Sucre cristallisé,D01,Alimentaire,kg,"561,9"
Juillet 2018,KOLDA,Sucre cristallisé,D01,Alimentaire,kg,562.1
2018-08-01,kolda,Sucre cristallisé,D01,Alimentaire,kg,555.9
01/09/2018,Kolda ,Sucre cristallisé,D01,Alimentaire,kg,543.4
01/10/2018,Kolda ,Sucre cristallisé,D01,Alimentaire,kg,500.6
2018-11-01,KOLDA,Sucre cristallisé,D01,Alimentaire,kg,514.2
2018-12-01,kolda,Sucre cristallisé,D01,Alimentaire,kg,495.0
01/01/2019,KOLDA,Sucre cristallisé,D01,Alimentaire,kg,530.1
Février 2019,Kolda ,Sucre cristallisé,D01,Alimentaire,kg,536.8
01/03/2019,kolda,Sucre cristallisé,D01,Alimentaire,kg,541.8
01/04/2019,kolda,Sucre cristallisé,D01,Alimentaire,kg,544.8
Mai 2019,KOLDA,Sucre cristallisé,D01,Alimentaire,kg,549.2
01/06/2019,kolda,Sucre cristallisé,D01,Alimentaire,kg,561.0
Juillet 2019,kolda,Sucre cristallisé,D01,Alimentaire,kg,591.1
Août 2019,KOLDA,Sucre cristallisé,D01,Alimentaire,kg,554.3
2019-09-01,KOLDA,Sucre cristallisé,D01,Alimentaire,kg,523.7
01/10/2019,Kolda ,Sucre cristallisé,D01,Alimentaire,kg,546.1
01/11/2019,Kolda ,Sucre cristallisé,D01,Alimentaire,kg,538.2
2019-12-01,kolda,Sucre cristallisé,D01,Alimentaire,kg,532.2
2020-01-01,Kolda ,Sucre cristallisé,D01,Alimentaire,kg,534.2
01/02/2020,Kolda ,Sucre cristallisé,D01,Alimentaire,kg,544.9
01/03/2020,kolda,Sucre cristallisé,D01,Alimentaire,kg,547.1
01/04/2020,KOLDA,Sucre cristallisé,D01,Alimentaire,kg,540.1
Mai 2020,kolda,Sucre cristallisé,D01,Alimentaire,kg,"579,2"
Juin 2020,Kolda ,Sucre cristallisé,D01,Alimentaire,kg,596.3
2020-07-01,KOLDA,Sucre cristallisé,D01,Alimentaire,kg,588.4
2020-08-01,kolda,Sucre cristallisé,D01,Alimentaire,kg,580.1
01/09/2020,Kolda ,Sucre cristallisé,D01,Alimentaire,kg,557.7
01/10/2020,kolda,Sucre cristallisé,D01,Alimentaire,kg,542.1
Novembre 2020,kolda,Sucre cristallisé,D01,Alimentaire,kg,559.5
Décembre 2020,KOLDA,Sucre cristallisé,D01,Alimentaire,kg,551.4
Janvier 2021,kolda,Sucre cristallisé,D01,Alimentaire,kg,536.0
2021-02-01,KOLDA,Sucre cristallisé,D01,Alimentaire,kg,548.1
01/03/2021,KOLDA,Sucre cristallisé,D01,Alimentaire,kg,549.0
2021-04-01,kolda,Sucre cristallisé,D01,Alimentaire,kg,584.9
01/05/2021,KOLDA,Sucre cristallisé,D01,Alimentaire,kg,614.2
2021-06-01,kolda,Sucre cristallisé,D01,Alimentaire,kg,585.4
Juillet 2021,kolda,Sucre cristallisé,D01,Alimentaire,kg,610.6
01/08/2021,kolda,Sucre cristallisé,D01,Alimentaire,kg,604.7
Septembre 2021,Kolda ,Sucre cristallisé,D01,Alimentaire,kg,591.9
2021-10-01,kolda,Sucre cristallisé,D01,Alimentaire,kg,"589,7"
Novembre 2021,Kolda ,Sucre cristallisé,D01,Alimentaire,kg,580.9
01/12/2021,kolda,Sucre cristallisé,D01,Alimentaire,kg,548.3
2022-01-01,Kolda ,Sucre cristallisé,D01,Alimentaire,kg,573.4
01/02/2022,Kolda ,Sucre cristallisé,D01,Alimentaire,kg,583.5
2022-03-01,kolda,Sucre cristallisé,D01,Alimentaire,kg,598.2
2022-04-01,Kolda ,Sucre cristallisé,D01,Alimentaire,kg,635.8
2022-05-01,kolda,Sucre cristallisé,D01,Alimentaire,kg,
Juin 2022,Kolda ,Sucre cristallisé,D01,Alimentaire,kg,678.8
Juillet 2022,Kolda ,Sucre cristallisé,D01,Alimentaire,kg,671.4
01/08/2022,kolda,Sucre cristallisé,D01,Alimentaire,kg,675.8
Septembre 2022,KOLDA,Sucre cristallisé,D01,Alimentaire,kg,667.7
2022-10-01,Kolda ,Sucre cristallisé,D01,Alimentaire,kg,651.4
2022-11-01,kolda,Sucre cristallisé,D01,Alimentaire,kg,656.7
2022-12-01,Kolda ,Sucre cristallisé,D01,Alimentaire,kg,636.9
Janvier 2023,Kolda ,Sucre cristallisé,D01,Alimentaire,kg,643.7
Février 2023,KOLDA,Sucre cristallisé,D01,Alimentaire,kg,633.1
Mars 2023,KOLDA,Sucre cristallisé,D01,Alimentaire,kg,656.2
Avril 2023,Kolda ,Sucre cristallisé,D01,Alimentaire,kg,708.0
2023-05-01,KOLDA,Sucre cristallisé,D01,Alimentaire,kg,705.6
01/06/2023,Kolda ,Sucre cristallisé,D01,Alimentaire,kg,722.6
01/07/2023,kolda,Sucre cristallisé,D01,Alimentaire,kg,722.2
Août 2023,Kolda ,Sucre cristallisé,D01,Alimentaire,kg,734.0
Septembre 2023,kolda,Sucre cristallisé,D01,Alimentaire,kg,722.5
01/10/2023,KOLDA,Sucre cristallisé,D01,Alimentaire,kg,707.1
2023-11-01,KOLDA,Sucre cristallisé,D01,Alimentaire,kg,679.3
Décembre 2023,Kolda ,Sucre cristallisé,D01,Alimentaire,kg,643.3
Janvier 2024,KOLDA,Sucre cristallisé,D01,Alimentaire,kg,673.8
Février 2024,KOLDA,Sucre cristallisé,D01,Alimentaire,kg,670.4
2024-03-01,KOLDA,Sucre cristallisé,D01,Alimentaire,kg,670.1
2024-04-01,kolda,Sucre cristallisé,D01,Alimentaire,kg,716.2
Mai 2024,Kolda ,Sucre cristallisé,D01,Alimentaire,kg,707.1
Juin 2024,Kolda ,Sucre cristallisé,D01,Alimentaire,kg,746.9
Juillet 2024,Kolda ,Sucre cristallisé,D01,Alimentaire,kg,750.0
01/08/2024,Kolda ,Sucre cristallisé,D01,Alimentaire,kg,707.8
Septembre 2024,Kolda ,Sucre cristallisé,D01,Alimentaire,kg,717.0
2024-10-01,kolda,Sucre cristallisé,D01,Alimentaire,kg,"705,6"
Novembre 2024,Kolda ,Sucre cristallisé,D01,Alimentaire,kg,"718,4"
01/12/2024,kolda,Sucre cristallisé,D01,Alimentaire,kg,649.3
2025-01-01,KOLDA,Sucre cristallisé,D01,Alimentaire,kg,675.5
Février 2025,KOLDA,Sucre cristallisé,D01,Alimentaire,kg,669.0
01/03/2025,KOLDA,Sucre cristallisé,D01,Alimentaire,kg,"670,8"
2025-04-01,kolda,Sucre cristallisé,D01,Alimentaire,kg,708.3
Mai 2025,kolda,Sucre cristallisé,D01,Alimentaire,kg,730.7
Juin 2025,kolda,Sucre cristallisé,D01,Alimentaire,kg,728.5
2025-07-01,kolda,Sucre cristallisé,D01,Alimentaire,kg,752.5
Août 2025,kolda,Sucre cristallisé,D01,Alimentaire,kg,755.9
Septembre 2025,Kolda ,Sucre cristallisé,D01,Alimentaire,kg,733.9
2025-10-01,Kolda ,Sucre cristallisé,D01,Alimentaire,kg,"709,1"
01/11/2025,KOLDA,Sucre cristallisé,D01,Alimentaire,kg,702.9
Décembre 2025,KOLDA,Sucre cristallisé,D01,Alimentaire,kg,681.1
2026-01-01,Kolda ,Sucre cristallisé,D01,Alimentaire,kg,662.7
Février 2026,Kolda ,Sucre cristallisé,D01,Alimentaire,kg,690.4
01/03/2026,KOLDA,Sucre cristallisé,D01,Alimentaire,kg,"703,2"
Avril 2026,kolda,Sucre cristallisé,D01,Alimentaire,kg,700.0
Mai 2026,kolda,Sucre cristallisé,D01,Alimentaire,kg,731.1
01/01/2018,dakar,Pain (baguette 190g),D01,Alimentaire,unité,"140,6"
01/02/2018,Dakar ,Pain (baguette 190g),D01,Alimentaire,unité,144.0
01/03/2018,DAKAR,Pain (baguette 190g),D01,Alimentaire,unité,146.4
01/04/2018,dakar,Pain (baguette 190g),D01,Alimentaire,unité,150.2
Mai 2018,DAKAR,Pain (baguette 190g),D01,Alimentaire,unité,147.8
01/06/2018,Dakar ,Pain (baguette 190g),D01,Alimentaire,unité,151.3
01/07/2018,dakar,Pain (baguette 190g),D01,Alimentaire,unité,145.1
Août 2018,Dakar ,Pain (baguette 190g),D01,Alimentaire,unité,150.0
Septembre 2018,Dakar ,Pain (baguette 190g),D01,Alimentaire,unité,143.8
01/10/2018,Dakar ,Pain (baguette 190g),D01,Alimentaire,unité,144.3
01/11/2018,Dakar ,Pain (baguette 190g),D01,Alimentaire,unité,150.8
01/12/2018,Dakar ,Pain (baguette 190g),D01,Alimentaire,unité,141.4
01/01/2019,dakar,Pain (baguette 190g),D01,Alimentaire,unité,139.0
01/02/2019,dakar,Pain (baguette 190g),D01,Alimentaire,unité,143.5
2019-03-01,dakar,Pain (baguette 190g),D01,Alimentaire,unité,142.7
01/04/2019,dakar,Pain (baguette 190g),D01,Alimentaire,unité,"143,9"
01/05/2019,dakar,Pain (baguette 190g),D01,Alimentaire,unité,155.5
2019-06-01,Dakar ,Pain (baguette 190g),D01,Alimentaire,unité,154.1
Juillet 2019,dakar,Pain (baguette 190g),D01,Alimentaire,unité,152.5
Août 2019,dakar,Pain (baguette 190g),D01,Alimentaire,unité,149.5
2019-09-01,dakar,Pain (baguette 190g),D01,Alimentaire,unité,147.9
2019-10-01,dakar,Pain (baguette 190g),D01,Alimentaire,unité,150.9
01/11/2019,Dakar ,Pain (baguette 190g),D01,Alimentaire,unité,144.8
Décembre 2019,dakar,Pain (baguette 190g),D01,Alimentaire,unité,133.5
01/01/2020,dakar,Pain (baguette 190g),D01,Alimentaire,unité,151.2
Février 2020,DAKAR,Pain (baguette 190g),D01,Alimentaire,unité,146.1
2020-03-01,dakar,Pain (baguette 190g),D01,Alimentaire,unité,149.0
01/04/2020,dakar,Pain (baguette 190g),D01,Alimentaire,unité,154.3
Mai 2020,DAKAR,Pain (baguette 190g),D01,Alimentaire,unité,155.5
Juin 2020,Dakar ,Pain (baguette 190g),D01,Alimentaire,unité,158.7
2020-07-01,Dakar ,Pain (baguette 190g),D01,Alimentaire,unité,155.7
Août 2020,DAKAR,Pain (baguette 190g),D01,Alimentaire,unité,152.2
2020-09-01,Dakar ,Pain (baguette 190g),D01,Alimentaire,unité,154.8
2020-10-01,DAKAR,Pain (baguette 190g),D01,Alimentaire,unité,"155,6"
Novembre 2020,dakar,Pain (baguette 190g),D01,Alimentaire,unité,146.8
Décembre 2020,DAKAR,Pain (baguette 190g),D01,Alimentaire,unité,"144,7"
2021-01-01,dakar,Pain (baguette 190g),D01,Alimentaire,unité,151.3
Février 2021,dakar,Pain (baguette 190g),D01,Alimentaire,unité,"147,7"
Mars 2021,DAKAR,Pain (baguette 190g),D01,Alimentaire,unité,150.4
2021-04-01,DAKAR,Pain (baguette 190g),D01,Alimentaire,unité,153.6
2021-05-01,Dakar ,Pain (baguette 190g),D01,Alimentaire,unité,157.7
2021-06-01,Dakar ,Pain (baguette 190g),D01,Alimentaire,unité,"155,2"
Juillet 2021,DAKAR,Pain (baguette 190g),D01,Alimentaire,unité,159.3
01/08/2021,DAKAR,Pain (baguette 190g),D01,Alimentaire,unité,161.1
01/09/2021,DAKAR,Pain (baguette 190g),D01,Alimentaire,unité,159.3
01/10/2021,DAKAR,Pain (baguette 190g),D01,Alimentaire,unité,159.8
01/11/2021,Dakar ,Pain (baguette 190g),D01,Alimentaire,unité,159.4
01/12/2021,DAKAR,Pain (baguette 190g),D01,Alimentaire,unité,156.8
2022-01-01,DAKAR,Pain (baguette 190g),D01,Alimentaire,unité,158.7
01/02/2022,DAKAR,Pain (baguette 190g),D01,Alimentaire,unité,158.8
2022-03-01,dakar,Pain (baguette 190g),D01,Alimentaire,unité,162.0
Avril 2022,Dakar ,Pain (baguette 190g),D01,Alimentaire,unité,169.6
2022-05-01,dakar,Pain (baguette 190g),D01,Alimentaire,unité,177.1
2022-06-01,Dakar ,Pain (baguette 190g),D01,Alimentaire,unité,182.4
01/07/2022,Dakar ,Pain (baguette 190g),D01,Alimentaire,unité,184.2
01/08/2022,Dakar ,Pain (baguette 190g),D01,Alimentaire,unité,1824.0
01/09/2022,DAKAR,Pain (baguette 190g),D01,Alimentaire,unité,"185,3"
Octobre 2022,Dakar ,Pain (baguette 190g),D01,Alimentaire,unité,185.8
Novembre 2022,dakar,Pain (baguette 190g),D01,Alimentaire,unité,183.0
01/12/2022,DAKAR,Pain (baguette 190g),D01,Alimentaire,unité,174.4
Janvier 2023,DAKAR,Pain (baguette 190g),D01,Alimentaire,unité,171.0
01/02/2023,Dakar ,Pain (baguette 190g),D01,Alimentaire,unité,173.2
2023-03-01,DAKAR,Pain (baguette 190g),D01,Alimentaire,unité,177.3
2023-04-01,dakar,Pain (baguette 190g),D01,Alimentaire,unité,185.0
2023-05-01,Dakar ,Pain (baguette 190g),D01,Alimentaire,unité,"190,4"
2023-06-01,Dakar ,Pain (baguette 190g),D01,Alimentaire,unité,186.3
Juillet 2023,DAKAR,Pain (baguette 190g),D01,Alimentaire,unité,190.9
01/08/2023,dakar,Pain (baguette 190g),D01,Alimentaire,unité,193.4
01/09/2023,Dakar ,Pain (baguette 190g),D01,Alimentaire,unité,187.7
01/10/2023,dakar,Pain (baguette 190g),D01,Alimentaire,unité,190.8
2023-11-01,dakar,Pain (baguette 190g),D01,Alimentaire,unité,"185,9"
Décembre 2023,DAKAR,Pain (baguette 190g),D01,Alimentaire,unité,178.3
2024-01-01,Dakar ,Pain (baguette 190g),D01,Alimentaire,unité,179.0
01/02/2024,DAKAR,Pain (baguette 190g),D01,Alimentaire,unité,181.7
Mars 2024,dakar,Pain (baguette 190g),D01,Alimentaire,unité,
Avril 2024,dakar,Pain (baguette 190g),D01,Alimentaire,unité,"185,8"
01/05/2024,dakar,Pain (baguette 190g),D01,Alimentaire,unité,192.0
Juin 2024,dakar,Pain (baguette 190g),D01,Alimentaire,unité,189.9
2024-07-01,Dakar ,Pain (baguette 190g),D01,Alimentaire,unité,187.5
2024-08-01,Dakar ,Pain (baguette 190g),D01,Alimentaire,unité,187.4
01/09/2024,DAKAR,Pain (baguette 190g),D01,Alimentaire,unité,190.3
2024-10-01,DAKAR,Pain (baguette 190g),D01,Alimentaire,unité,185.0
2024-11-01,dakar,Pain (baguette 190g),D01,Alimentaire,unité,186.8
Décembre 2024,dakar,Pain (baguette 190g),D01,Alimentaire,unité,188.2
Janvier 2025,Dakar ,Pain (baguette 190g),D01,Alimentaire,unité,175.9
2025-02-01,dakar,Pain (baguette 190g),D01,Alimentaire,unité,181.9
2025-03-01,dakar,Pain (baguette 190g),D01,Alimentaire,unité,"194,2"
01/04/2025,DAKAR,Pain (baguette 190g),D01,Alimentaire,unité,191.9
2025-05-01,Dakar ,Pain (baguette 190g),D01,Alimentaire,unité,193.0
2025-06-01,DAKAR,Pain (baguette 190g),D01,Alimentaire,unité,196.9
Juillet 2025,dakar,Pain (baguette 190g),D01,Alimentaire,unité,200.7
Août 2025,dakar,Pain (baguette 190g),D01,Alimentaire,unité,"205,6"
Septembre 2025,DAKAR,Pain (baguette 190g),D01,Alimentaire,unité,
2025-10-01,dakar,Pain (baguette 190g),D01,Alimentaire,unité,193.1
Novembre 2025,dakar,Pain (baguette 190g),D01,Alimentaire,unité,188.9
2025-12-01,DAKAR,Pain (baguette 190g),D01,Alimentaire,unité,188.6
Janvier 2026,DAKAR,Pain (baguette 190g),D01,Alimentaire,unité,176.7
01/02/2026,DAKAR,Pain (baguette 190g),D01,Alimentaire,unité,183.0
2026-03-01,Dakar ,Pain (baguette 190g),D01,Alimentaire,unité,185.9
Avril 2026,DAKAR,Pain (baguette 190g),D01,Alimentaire,unité,197.2
01/05/2026,Dakar ,Pain (baguette 190g),D01,Alimentaire,unité,194.8
2018-01-01,Thiès ,Pain (baguette 190g),D01,Alimentaire,unité,133.2
Février 2018,thiès,Pain (baguette 190g),D01,Alimentaire,unité,"128,6"
Mars 2018,Thiès ,Pain (baguette 190g),D01,Alimentaire,unité,135.0
01/04/2018,THIÈS,Pain (baguette 190g),D01,Alimentaire,unité,133.6
01/05/2018,THIÈS,Pain (baguette 190g),D01,Alimentaire,unité,137.9
2018-06-01,Thiès ,Pain (baguette 190g),D01,Alimentaire,unité,146.8
01/07/2018,thiès,Pain (baguette 190g),D01,Alimentaire,unité,143.6
Août 2018,Thiès ,Pain (baguette 190g),D01,Alimentaire,unité,140.0
01/09/2018,Thiès ,Pain (baguette 190g),D01,Alimentaire,unité,147.5
Octobre 2018,THIÈS,Pain (baguette 190g),D01,Alimentaire,unité,133.8
2018-11-01,THIÈS,Pain (baguette 190g),D01,Alimentaire,unité,137.3
2018-12-01,Thiès ,Pain (baguette 190g),D01,Alimentaire,unité,128.6
2019-01-01,THIÈS,Pain (baguette 190g),D01,Alimentaire,unité,"132,8"
2019-02-01,thiès,Pain (baguette 190g),D01,Alimentaire,unité,130.6
Mars 2019,THIÈS,Pain (baguette 190g),D01,Alimentaire,unité,136.8
01/04/2019,THIÈS,Pain (baguette 190g),D01,Alimentaire,unité,138.6
2019-05-01,THIÈS,Pain (baguette 190g),D01,Alimentaire,unité,139.9
01/06/2019,THIÈS,Pain (baguette 190g),D01,Alimentaire,unité,145.5
Juillet 2019,Thiès ,Pain (baguette 190g),D01,Alimentaire,unité,141.3
Août 2019,THIÈS,Pain (baguette 190g),D01,Alimentaire,unité,143.1
2019-09-01,Thiès ,Pain (baguette 190g),D01,Alimentaire,unité,"142,7"
Octobre 2019,Thiès ,Pain (baguette 190g),D01,Alimentaire,unité,
01/11/2019,thiès,Pain (baguette 190g),D01,Alimentaire,unité,133.8
Décembre 2019,thiès,Pain (baguette 190g),D01,Alimentaire,unité,134.4
01/01/2020,thiès,Pain (baguette 190g),D01,Alimentaire,unité,137.7
Février 2020,Thiès ,Pain (baguette 190g),D01,Alimentaire,unité,141.2
Mars 2020,Thiès ,Pain (baguette 190g),D01,Alimentaire,unité,139.0
Avril 2020,Thiès ,Pain (baguette 190g),D01,Alimentaire,unité,141.6
2020-05-01,THIÈS,Pain (baguette 190g),D01,Alimentaire,unité,142.8
Juin 2020,Thiès ,Pain (baguette 190g),D01,Alimentaire,unité,148.5
2020-07-01,THIÈS,Pain (baguette 190g),D01,Alimentaire,unité,147.3
Août 2020,thiès,Pain (baguette 190g),D01,Alimentaire,unité,146.4
01/09/2020,THIÈS,Pain (baguette 190g),D01,Alimentaire,unité,145.0
2020-10-01,thiès,Pain (baguette 190g),D01,Alimentaire,unité,144.3
2020-11-01,Thiès ,Pain (baguette 190g),D01,Alimentaire,unité,"138,7"
Décembre 2020,Thiès ,Pain (baguette 190g),D01,Alimentaire,unité,136.4
01/01/2021,Thiès ,Pain (baguette 190g),D01,Alimentaire,unité,140.5
2021-02-01,thiès,Pain (baguette 190g),D01,Alimentaire,unité,132.1
Mars 2021,thiès,Pain (baguette 190g),D01,Alimentaire,unité,141.3
Avril 2021,THIÈS,Pain (baguette 190g),D01,Alimentaire,unité,
2021-05-01,Thiès ,Pain (baguette 190g),D01,Alimentaire,unité,152.6
2021-06-01,Thiès ,Pain (baguette 190g),D01,Alimentaire,unité,149.9
Juillet 2021,THIÈS,Pain (baguette 190g),D01,Alimentaire,unité,150.2
01/08/2021,thiès,Pain (baguette 190g),D01,Alimentaire,unité,
2021-09-01,thiès,Pain (baguette 190g),D01,Alimentaire,unité,147.8
01/10/2021,thiès,Pain (baguette 190g),D01,Alimentaire,unité,146.1
Novembre 2021,Thiès ,Pain (baguette 190g),D01,Alimentaire,unité,"145,4"
01/12/2021,THIÈS,Pain (baguette 190g),D01,Alimentaire,unité,"142,4"
Janvier 2022,Thiès ,Pain (baguette 190g),D01,Alimentaire,unité,"145,8"
2022-02-01,thiès,Pain (baguette 190g),D01,Alimentaire,unité,147.3
Mars 2022,thiès,Pain (baguette 190g),D01,Alimentaire,unité,151.2
01/04/2022,THIÈS,Pain (baguette 190g),D01,Alimentaire,unité,160.1
Mai 2022,THIÈS,Pain (baguette 190g),D01,Alimentaire,unité,166.1
01/06/2022,THIÈS,Pain (baguette 190g),D01,Alimentaire,unité,164.4
Juillet 2022,Thiès ,Pain (baguette 190g),D01,Alimentaire,unité,"174,2"
2022-08-01,THIÈS,Pain (baguette 190g),D01,Alimentaire,unité,175.1
2022-09-01,thiès,Pain (baguette 190g),D01,Alimentaire,unité,175.5
Octobre 2022,Thiès ,Pain (baguette 190g),D01,Alimentaire,unité,"172,0"
2022-11-01,THIÈS,Pain (baguette 190g),D01,Alimentaire,unité,171.8
Décembre 2022,Thiès ,Pain (baguette 190g),D01,Alimentaire,unité,171.8
2023-01-01,THIÈS,Pain (baguette 190g),D01,Alimentaire,unité,163.1
Février 2023,THIÈS,Pain (baguette 190g),D01,Alimentaire,unité,162.7
01/03/2023,THIÈS,Pain (baguette 190g),D01,Alimentaire,unité,164.4
01/04/2023,THIÈS,Pain (baguette 190g),D01,Alimentaire,unité,179.7
01/05/2023,thiès,Pain (baguette 190g),D01,Alimentaire,unité,184.0
01/06/2023,THIÈS,Pain (baguette 190g),D01,Alimentaire,unité,177.5
01/07/2023,thiès,Pain (baguette 190g),D01,Alimentaire,unité,179.3
01/08/2023,thiès,Pain (baguette 190g),D01,Alimentaire,unité,180.3
Septembre 2023,THIÈS,Pain (baguette 190g),D01,Alimentaire,unité,184.7
Octobre 2023,THIÈS,Pain (baguette 190g),D01,Alimentaire,unité,173.9
01/11/2023,THIÈS,Pain (baguette 190g),D01,Alimentaire,unité,"169,5"
01/12/2023,THIÈS,Pain (baguette 190g),D01,Alimentaire,unité,"178,0"
2024-01-01,thiès,Pain (baguette 190g),D01,Alimentaire,unité,169.7
Février 2024,Thiès ,Pain (baguette 190g),D01,Alimentaire,unité,171.6
2024-03-01,thiès,Pain (baguette 190g),D01,Alimentaire,unité,172.0
01/04/2024,thiès,Pain (baguette 190g),D01,Alimentaire,unité,177.7
Mai 2024,THIÈS,Pain (baguette 190g),D01,Alimentaire,unité,"174,0"
Juin 2024,THIÈS,Pain (baguette 190g),D01,Alimentaire,unité,178.8
01/07/2024,THIÈS,Pain (baguette 190g),D01,Alimentaire,unité,183.3
01/08/2024,thiès,Pain (baguette 190g),D01,Alimentaire,unité,174.1
2024-09-01,Thiès ,Pain (baguette 190g),D01,Alimentaire,unité,179.9
01/10/2024,THIÈS,Pain (baguette 190g),D01,Alimentaire,unité,177.9
2024-11-01,Thiès ,Pain (baguette 190g),D01,Alimentaire,unité,176.4
Décembre 2024,thiès,Pain (baguette 190g),D01,Alimentaire,unité,169.9
Janvier 2025,thiès,Pain (baguette 190g),D01,Alimentaire,unité,167.3
2025-02-01,thiès,Pain (baguette 190g),D01,Alimentaire,unité,166.3
2025-03-01,Thiès ,Pain (baguette 190g),D01,Alimentaire,unité,"176,2"
01/04/2025,Thiès ,Pain (baguette 190g),D01,Alimentaire,unité,178.5
01/05/2025,Thiès ,Pain (baguette 190g),D01,Alimentaire,unité,178.4
01/06/2025,thiès,Pain (baguette 190g),D01,Alimentaire,unité,186.6
2025-07-01,THIÈS,Pain (baguette 190g),D01,Alimentaire,unité,186.7
Août 2025,thiès,Pain (baguette 190g),D01,Alimentaire,unité,185.8
2025-09-01,Thiès ,Pain (baguette 190g),D01,Alimentaire,unité,178.5
01/10/2025,THIÈS,Pain (baguette 190g),D01,Alimentaire,unité,187.5
Novembre 2025,thiès,Pain (baguette 190g),D01,Alimentaire,unité,"178,7"
Décembre 2025,thiès,Pain (baguette 190g),D01,Alimentaire,unité,177.8
01/01/2026,thiès,Pain (baguette 190g),D01,Alimentaire,unité,
2026-02-01,Thiès ,Pain (baguette 190g),D01,Alimentaire,unité,
Mars 2026,thiès,Pain (baguette 190g),D01,Alimentaire,unité,182.8
2026-04-01,THIÈS,Pain (baguette 190g),D01,Alimentaire,unité,184.1
2026-05-01,THIÈS,Pain (baguette 190g),D01,Alimentaire,unité,189.9
2018-01-01,saint-louis,Pain (baguette 190g),D01,Alimentaire,unité,131.1
Février 2018,Saint-Louis ,Pain (baguette 190g),D01,Alimentaire,unité,131.9
01/03/2018,saint-louis,Pain (baguette 190g),D01,Alimentaire,unité,"127,9"
01/04/2018,Saint-Louis ,Pain (baguette 190g),D01,Alimentaire,unité,134.0
Mai 2018,SAINT-LOUIS,Pain (baguette 190g),D01,Alimentaire,unité,136.4
Juin 2018,SAINT-LOUIS,Pain (baguette 190g),D01,Alimentaire,unité,141.9
Juillet 2018,Saint-Louis ,Pain (baguette 190g),D01,Alimentaire,unité,137.5
2018-08-01,saint-louis,Pain (baguette 190g),D01,Alimentaire,unité,"138,9"
01/09/2018,Saint-Louis ,Pain (baguette 190g),D01,Alimentaire,unité,137.1
01/10/2018,Saint-Louis ,Pain (baguette 190g),D01,Alimentaire,unité,137.4
Novembre 2018,SAINT-LOUIS,Pain (baguette 190g),D01,Alimentaire,unité,"131,8"
01/12/2018,Saint-Louis ,Pain (baguette 190g),D01,Alimentaire,unité,132.8
2019-01-01,saint-louis,Pain (baguette 190g),D01,Alimentaire,unité,127.0
Février 2019,saint-louis,Pain (baguette 190g),D01,Alimentaire,unité,128.0
01/03/2019,saint-louis,Pain (baguette 190g),D01,Alimentaire,unité,127.9
Avril 2019,SAINT-LOUIS,Pain (baguette 190g),D01,Alimentaire,unité,"138,5"
01/05/2019,Saint-Louis ,Pain (baguette 190g),D01,Alimentaire,unité,140.5
01/06/2019,saint-louis,Pain (baguette 190g),D01,Alimentaire,unité,142.7
2019-07-01,SAINT-LOUIS,Pain (baguette 190g),D01,Alimentaire,unité,138.8
2019-08-01,SAINT-LOUIS,Pain (baguette 190g),D01,Alimentaire,unité,138.4
2019-09-01,Saint-Louis ,Pain (baguette 190g),D01,Alimentaire,unité,137.9
2019-10-01,Saint-Louis ,Pain (baguette 190g),D01,Alimentaire,unité,
01/11/2019,saint-louis,Pain (baguette 190g),D01,Alimentaire,unité,138.3
2019-12-01,Saint-Louis ,Pain (baguette 190g),D01,Alimentaire,unité,134.3
2020-01-01,saint-louis,Pain (baguette 190g),D01,Alimentaire,unité,134.9
Février 2020,Saint-Louis ,Pain (baguette 190g),D01,Alimentaire,unité,138.8
Mars 2020,SAINT-LOUIS,Pain (baguette 190g),D01,Alimentaire,unité,"136,8"
2020-04-01,SAINT-LOUIS,Pain (baguette 190g),D01,Alimentaire,unité,139.3
Mai 2020,Saint-Louis ,Pain (baguette 190g),D01,Alimentaire,unité,142.8
2020-06-01,Saint-Louis ,Pain (baguette 190g),D01,Alimentaire,unité,142.4
2020-07-01,saint-louis,Pain (baguette 190g),D01,Alimentaire,unité,145.4
01/08/2020,Saint-Louis ,Pain (baguette 190g),D01,Alimentaire,unité,141.8
2020-09-01,saint-louis,Pain (baguette 190g),D01,Alimentaire,unité,"146,0"
2020-10-01,Saint-Louis ,Pain (baguette 190g),D01,Alimentaire,unité,"142,1"
Novembre 2020,saint-louis,Pain (baguette 190g),D01,Alimentaire,unité,
Décembre 2020,Saint-Louis ,Pain (baguette 190g),D01,Alimentaire,unité,132.0
2021-01-01,saint-louis,Pain (baguette 190g),D01,Alimentaire,unité,142.4
2021-02-01,saint-louis,Pain (baguette 190g),D01,Alimentaire,unité,"134,2"
Mars 2021,SAINT-LOUIS,Pain (baguette 190g),D01,Alimentaire,unité,137.5
Avril 2021,SAINT-LOUIS,Pain (baguette 190g),D01,Alimentaire,unité,
2021-05-01,SAINT-LOUIS,Pain (baguette 190g),D01,Alimentaire,unité,150.6
Juin 2021,SAINT-LOUIS,Pain (baguette 190g),D01,Alimentaire,unité,149.6
2021-07-01,saint-louis,Pain (baguette 190g),D01,Alimentaire,unité,148.9
01/08/2021,SAINT-LOUIS,Pain (baguette 190g),D01,Alimentaire,unité,"146,7"
Septembre 2021,saint-louis,Pain (baguette 190g),D01,Alimentaire,unité,143.3
01/10/2021,SAINT-LOUIS,Pain (baguette 190g),D01,Alimentaire,unité,148.4
01/11/2021,SAINT-LOUIS,Pain (baguette 190g),D01,Alimentaire,unité,145.2
Décembre 2021,Saint-Louis ,Pain (baguette 190g),D01,Alimentaire,unité,145.2
01/01/2022,SAINT-LOUIS,Pain (baguette 190g),D01,Alimentaire,unité,146.0
Février 2022,saint-louis,Pain (baguette 190g),D01,Alimentaire,unité,140.2
Mars 2022,SAINT-LOUIS,Pain (baguette 190g),D01,Alimentaire,unité,148.6
2022-04-01,SAINT-LOUIS,Pain (baguette 190g),D01,Alimentaire,unité,159.0
Mai 2022,SAINT-LOUIS,Pain (baguette 190g),D01,Alimentaire,unité,161.4
Juin 2022,SAINT-LOUIS,Pain (baguette 190g),D01,Alimentaire,unité,"164,9"
Juillet 2022,SAINT-LOUIS,Pain (baguette 190g),D01,Alimentaire,unité,"165,3"
01/08/2022,saint-louis,Pain (baguette 190g),D01,Alimentaire,unité,173.1
01/09/2022,SAINT-LOUIS,Pain (baguette 190g),D01,Alimentaire,unité,"171,1"
01/10/2022,Saint-Louis ,Pain (baguette 190g),D01,Alimentaire,unité,170.1
Novembre 2022,saint-louis,Pain (baguette 190g),D01,Alimentaire,unité,"165,0"
01/12/2022,saint-louis,Pain (baguette 190g),D01,Alimentaire,unité,162.7
2023-01-01,Saint-Louis ,Pain (baguette 190g),D01,Alimentaire,unité,"157,3"
Février 2023,Saint-Louis ,Pain (baguette 190g),D01,Alimentaire,unité,163.3
2023-03-01,saint-louis,Pain (baguette 190g),D01,Alimentaire,unité,
01/04/2023,Saint-Louis ,Pain (baguette 190g),D01,Alimentaire,unité,"165,7"
2023-05-01,saint-louis,Pain (baguette 190g),D01,Alimentaire,unité,
01/06/2023,Saint-Louis ,Pain (baguette 190g),D01,Alimentaire,unité,"186,6"
01/07/2023,Saint-Louis ,Pain (baguette 190g),D01,Alimentaire,unité,172.8
2023-08-01,Saint-Louis ,Pain (baguette 190g),D01,Alimentaire,unité,174.4
Septembre 2023,saint-louis,Pain (baguette 190g),D01,Alimentaire,unité,178.4
01/10/2023,saint-louis,Pain (baguette 190g),D01,Alimentaire,unité,182.0
01/11/2023,saint-louis,Pain (baguette 190g),D01,Alimentaire,unité,
2023-12-01,Saint-Louis ,Pain (baguette 190g),D01,Alimentaire,unité,170.4
Janvier 2024,Saint-Louis ,Pain (baguette 190g),D01,Alimentaire,unité,165.0
Février 2024,SAINT-LOUIS,Pain (baguette 190g),D01,Alimentaire,unité,165.8
01/03/2024,SAINT-LOUIS,Pain (baguette 190g),D01,Alimentaire,unité,170.4
01/04/2024,Saint-Louis ,Pain (baguette 190g),D01,Alimentaire,unité,"171,2"
01/05/2024,saint-louis,Pain (baguette 190g),D01,Alimentaire,unité,179.3
Juin 2024,saint-louis,Pain (baguette 190g),D01,Alimentaire,unité,173.4
2024-07-01,Saint-Louis ,Pain (baguette 190g),D01,Alimentaire,unité,"183,4"
Août 2024,SAINT-LOUIS,Pain (baguette 190g),D01,Alimentaire,unité,179.8
Septembre 2024,SAINT-LOUIS,Pain (baguette 190g),D01,Alimentaire,unité,"177,5"
Octobre 2024,Saint-Louis ,Pain (baguette 190g),D01,Alimentaire,unité,170.8
Novembre 2024,Saint-Louis ,Pain (baguette 190g),D01,Alimentaire,unité,171.4
Décembre 2024,Saint-Louis ,Pain (baguette 190g),D01,Alimentaire,unité,173.3
2025-01-01,Saint-Louis ,Pain (baguette 190g),D01,Alimentaire,unité,167.4
2025-02-01,Saint-Louis ,Pain (baguette 190g),D01,Alimentaire,unité,170.9
2025-03-01,Saint-Louis ,Pain (baguette 190g),D01,Alimentaire,unité,170.0
01/04/2025,Saint-Louis ,Pain (baguette 190g),D01,Alimentaire,unité,176.8
01/05/2025,saint-louis,Pain (baguette 190g),D01,Alimentaire,unité,175.7
2025-06-01,Saint-Louis ,Pain (baguette 190g),D01,Alimentaire,unité,"183,9"
01/07/2025,SAINT-LOUIS,Pain (baguette 190g),D01,Alimentaire,unité,186.3
2025-08-01,saint-louis,Pain (baguette 190g),D01,Alimentaire,unité,"185,9"
01/09/2025,SAINT-LOUIS,Pain (baguette 190g),D01,Alimentaire,unité,180.4
01/10/2025,Saint-Louis ,Pain (baguette 190g),D01,Alimentaire,unité,180.9
Novembre 2025,saint-louis,Pain (baguette 190g),D01,Alimentaire,unité,182.4
Décembre 2025,SAINT-LOUIS,Pain (baguette 190g),D01,Alimentaire,unité,174.1
01/01/2026,saint-louis,Pain (baguette 190g),D01,Alimentaire,unité,168.0
Février 2026,SAINT-LOUIS,Pain (baguette 190g),D01,Alimentaire,unité,178.2
2026-03-01,SAINT-LOUIS,Pain (baguette 190g),D01,Alimentaire,unité,172.6
2026-04-01,saint-louis,Pain (baguette 190g),D01,Alimentaire,unité,183.3
Mai 2026,saint-louis,Pain (baguette 190g),D01,Alimentaire,unité,178.6
Janvier 2018,diourbel,Pain (baguette 190g),D01,Alimentaire,unité,129.9
2018-02-01,DIOURBEL,Pain (baguette 190g),D01,Alimentaire,unité,130.7
2018-03-01,Diourbel ,Pain (baguette 190g),D01,Alimentaire,unité,129.2
2018-04-01,DIOURBEL,Pain (baguette 190g),D01,Alimentaire,unité,129.5
2018-05-01,Diourbel ,Pain (baguette 190g),D01,Alimentaire,unité,129.6
01/06/2018,DIOURBEL,Pain (baguette 190g),D01,Alimentaire,unité,134.7
2018-07-01,DIOURBEL,Pain (baguette 190g),D01,Alimentaire,unité,138.2
Août 2018,diourbel,Pain (baguette 190g),D01,Alimentaire,unité,133.2
01/09/2018,Diourbel ,Pain (baguette 190g),D01,Alimentaire,unité,"134,7"
Octobre 2018,Diourbel ,Pain (baguette 190g),D01,Alimentaire,unité,128.3
01/11/2018,diourbel,Pain (baguette 190g),D01,Alimentaire,unité,129.5
Décembre 2018,DIOURBEL,Pain (baguette 190g),D01,Alimentaire,unité,"125,7"
2019-01-01,Diourbel ,Pain (baguette 190g),D01,Alimentaire,unité,129.3
01/02/2019,DIOURBEL,Pain (baguette 190g),D01,Alimentaire,unité,128.9
2019-03-01,diourbel,Pain (baguette 190g),D01,Alimentaire,unité,128.8
Avril 2019,Diourbel ,Pain (baguette 190g),D01,Alimentaire,unité,132.5
01/05/2019,diourbel,Pain (baguette 190g),D01,Alimentaire,unité,134.0
2019-06-01,Diourbel ,Pain (baguette 190g),D01,Alimentaire,unité,134.5
Juillet 2019,Diourbel ,Pain (baguette 190g),D01,Alimentaire,unité,
Août 2019,Diourbel ,Pain (baguette 190g),D01,Alimentaire,unité,136.9
2019-09-01,diourbel,Pain (baguette 190g),D01,Alimentaire,unité,130.2
Octobre 2019,Diourbel ,Pain (baguette 190g),D01,Alimentaire,unité,"132,2"
Novembre 2019,DIOURBEL,Pain (baguette 190g),D01,Alimentaire,unité,134.1
01/12/2019,DIOURBEL,Pain (baguette 190g),D01,Alimentaire,unité,128.2
01/01/2020,DIOURBEL,Pain (baguette 190g),D01,Alimentaire,unité,135.9
Février 2020,DIOURBEL,Pain (baguette 190g),D01,Alimentaire,unité,130.9
01/03/2020,DIOURBEL,Pain (baguette 190g),D01,Alimentaire,unité,136.8
01/04/2020,Diourbel ,Pain (baguette 190g),D01,Alimentaire,unité,141.1
2020-05-01,diourbel,Pain (baguette 190g),D01,Alimentaire,unité,142.3
Juin 2020,diourbel,Pain (baguette 190g),D01,Alimentaire,unité,139.1
Juillet 2020,diourbel,Pain (baguette 190g),D01,Alimentaire,unité,141.0
2020-08-01,diourbel,Pain (baguette 190g),D01,Alimentaire,unité,146.2
01/09/2020,diourbel,Pain (baguette 190g),D01,Alimentaire,unité,138.6
2020-10-01,DIOURBEL,Pain (baguette 190g),D01,Alimentaire,unité,141.1
01/11/2020,Diourbel ,Pain (baguette 190g),D01,Alimentaire,unité,134.9
2020-12-01,Diourbel ,Pain (baguette 190g),D01,Alimentaire,unité,"134,7"
Janvier 2021,DIOURBEL,Pain (baguette 190g),D01,Alimentaire,unité,131.4
Février 2021,DIOURBEL,Pain (baguette 190g),D01,Alimentaire,unité,134.7
Mars 2021,DIOURBEL,Pain (baguette 190g),D01,Alimentaire,unité,1363.0
Avril 2021,diourbel,Pain (baguette 190g),D01,Alimentaire,unité,"142,3"
Mai 2021,Diourbel ,Pain (baguette 190g),D01,Alimentaire,unité,144.8
2021-06-01,Diourbel ,Pain (baguette 190g),D01,Alimentaire,unité,148.0
Juillet 2021,Diourbel ,Pain (baguette 190g),D01,Alimentaire,unité,"145,9"
Août 2021,diourbel,Pain (baguette 190g),D01,Alimentaire,unité,144.0
2021-09-01,Diourbel ,Pain (baguette 190g),D01,Alimentaire,unité,145.6
2021-10-01,DIOURBEL,Pain (baguette 190g),D01,Alimentaire,unité,139.9
Novembre 2021,Diourbel ,Pain (baguette 190g),D01,Alimentaire,unité,
01/12/2021,DIOURBEL,Pain (baguette 190g),D01,Alimentaire,unité,138.9
2022-01-01,Diourbel ,Pain (baguette 190g),D01,Alimentaire,unité,"141,7"
01/02/2022,DIOURBEL,Pain (baguette 190g),D01,Alimentaire,unité,147.1
Mars 2022,Diourbel ,Pain (baguette 190g),D01,Alimentaire,unité,"149,9"
01/04/2022,diourbel,Pain (baguette 190g),D01,Alimentaire,unité,150.0
01/05/2022,diourbel,Pain (baguette 190g),D01,Alimentaire,unité,156.8
01/06/2022,DIOURBEL,Pain (baguette 190g),D01,Alimentaire,unité,167.7
2022-07-01,DIOURBEL,Pain (baguette 190g),D01,Alimentaire,unité,166.7
2022-08-01,Diourbel ,Pain (baguette 190g),D01,Alimentaire,unité,161.7
01/09/2022,DIOURBEL,Pain (baguette 190g),D01,Alimentaire,unité,"168,1"
2022-10-01,DIOURBEL,Pain (baguette 190g),D01,Alimentaire,unité,164.0
Novembre 2022,diourbel,Pain (baguette 190g),D01,Alimentaire,unité,161.7
01/12/2022,Diourbel ,Pain (baguette 190g),D01,Alimentaire,unité,156.0
01/01/2023,diourbel,Pain (baguette 190g),D01,Alimentaire,unité,162.4
01/02/2023,DIOURBEL,Pain (baguette 190g),D01,Alimentaire,unité,154.9
Mars 2023,DIOURBEL,Pain (baguette 190g),D01,Alimentaire,unité,161.7
01/04/2023,Diourbel ,Pain (baguette 190g),D01,Alimentaire,unité,168.8
2023-05-01,DIOURBEL,Pain (baguette 190g),D01,Alimentaire,unité,"177,9"
01/06/2023,diourbel,Pain (baguette 190g),D01,Alimentaire,unité,"177,4"
2023-07-01,Diourbel ,Pain (baguette 190g),D01,Alimentaire,unité,173.5
01/08/2023,diourbel,Pain (baguette 190g),D01,Alimentaire,unité,"181,5"
01/09/2023,DIOURBEL,Pain (baguette 190g),D01,Alimentaire,unité,"170,2"
01/10/2023,Diourbel ,Pain (baguette 190g),D01,Alimentaire,unité,174.0
01/11/2023,Diourbel ,Pain (baguette 190g),D01,Alimentaire,unité,172.8
01/12/2023,diourbel,Pain (baguette 190g),D01,Alimentaire,unité,162.6
Janvier 2024,Diourbel ,Pain (baguette 190g),D01,Alimentaire,unité,165.9
Février 2024,Diourbel ,Pain (baguette 190g),D01,Alimentaire,unité,163.3
Mars 2024,Diourbel ,Pain (baguette 190g),D01,Alimentaire,unité,169.9
2024-04-01,diourbel,Pain (baguette 190g),D01,Alimentaire,unité,"164,5"
01/05/2024,DIOURBEL,Pain (baguette 190g),D01,Alimentaire,unité,175.3
2024-06-01,Diourbel ,Pain (baguette 190g),D01,Alimentaire,unité,175.0
01/07/2024,Diourbel ,Pain (baguette 190g),D01,Alimentaire,unité,181.5
Août 2024,Diourbel ,Pain (baguette 190g),D01,Alimentaire,unité,"176,7"
01/09/2024,diourbel,Pain (baguette 190g),D01,Alimentaire,unité,180.0
Octobre 2024,Diourbel ,Pain (baguette 190g),D01,Alimentaire,unité,175.6
Novembre 2024,DIOURBEL,Pain (baguette 190g),D01,Alimentaire,unité,171.7
Décembre 2024,DIOURBEL,Pain (baguette 190g),D01,Alimentaire,unité,169.3
Janvier 2025,diourbel,Pain (baguette 190g),D01,Alimentaire,unité,"168,2"
Février 2025,Diourbel ,Pain (baguette 190g),D01,Alimentaire,unité,168.9
Mars 2025,DIOURBEL,Pain (baguette 190g),D01,Alimentaire,unité,162.6
2025-04-01,DIOURBEL,Pain (baguette 190g),D01,Alimentaire,unité,"170,8"
2025-05-01,Diourbel ,Pain (baguette 190g),D01,Alimentaire,unité,182.9
01/06/2025,diourbel,Pain (baguette 190g),D01,Alimentaire,unité,176.2
Juillet 2025,Diourbel ,Pain (baguette 190g),D01,Alimentaire,unité,"185,3"
01/08/2025,diourbel,Pain (baguette 190g),D01,Alimentaire,unité,184.5
2025-09-01,diourbel,Pain (baguette 190g),D01,Alimentaire,unité,178.3
Octobre 2025,DIOURBEL,Pain (baguette 190g),D01,Alimentaire,unité,172.2
Novembre 2025,Diourbel ,Pain (baguette 190g),D01,Alimentaire,unité,175.7
01/12/2025,DIOURBEL,Pain (baguette 190g),D01,Alimentaire,unité,179.4
Janvier 2026,diourbel,Pain (baguette 190g),D01,Alimentaire,unité,163.5
Février 2026,diourbel,Pain (baguette 190g),D01,Alimentaire,unité,166.4
Mars 2026,Diourbel ,Pain (baguette 190g),D01,Alimentaire,unité,169.8
2026-04-01,Diourbel ,Pain (baguette 190g),D01,Alimentaire,unité,181.0
2026-05-01,Diourbel ,Pain (baguette 190g),D01,Alimentaire,unité,179.2
01/01/2018,KAOLACK,Pain (baguette 190g),D01,Alimentaire,unité,127.9
Février 2018,KAOLACK,Pain (baguette 190g),D01,Alimentaire,unité,133.9
Mars 2018,Kaolack ,Pain (baguette 190g),D01,Alimentaire,unité,133.4
2018-04-01,Kaolack ,Pain (baguette 190g),D01,Alimentaire,unité,"131,7"
Mai 2018,kaolack,Pain (baguette 190g),D01,Alimentaire,unité,132.9
01/06/2018,Kaolack ,Pain (baguette 190g),D01,Alimentaire,unité,141.0
Juillet 2018,KAOLACK,Pain (baguette 190g),D01,Alimentaire,unité,138.2
Août 2018,kaolack,Pain (baguette 190g),D01,Alimentaire,unité,133.2
2018-09-01,KAOLACK,Pain (baguette 190g),D01,Alimentaire,unité,131.0
01/10/2018,Kaolack ,Pain (baguette 190g),D01,Alimentaire,unité,130.6
2018-11-01,Kaolack ,Pain (baguette 190g),D01,Alimentaire,unité,128.2
01/12/2018,KAOLACK,Pain (baguette 190g),D01,Alimentaire,unité,124.7
Janvier 2019,Kaolack ,Pain (baguette 190g),D01,Alimentaire,unité,127.9
Février 2019,KAOLACK,Pain (baguette 190g),D01,Alimentaire,unité,129.1
Mars 2019,Kaolack ,Pain (baguette 190g),D01,Alimentaire,unité,132.1
01/04/2019,KAOLACK,Pain (baguette 190g),D01,Alimentaire,unité,140.3
2019-05-01,Kaolack ,Pain (baguette 190g),D01,Alimentaire,unité,137.2
01/06/2019,kaolack,Pain (baguette 190g),D01,Alimentaire,unité,139.0
01/07/2019,KAOLACK,Pain (baguette 190g),D01,Alimentaire,unité,141.4
01/08/2019,KAOLACK,Pain (baguette 190g),D01,Alimentaire,unité,138.6
2019-09-01,kaolack,Pain (baguette 190g),D01,Alimentaire,unité,138.7
Octobre 2019,KAOLACK,Pain (baguette 190g),D01,Alimentaire,unité,136.1
01/11/2019,kaolack,Pain (baguette 190g),D01,Alimentaire,unité,133.4
01/12/2019,Kaolack ,Pain (baguette 190g),D01,Alimentaire,unité,138.8
2020-01-01,Kaolack ,Pain (baguette 190g),D01,Alimentaire,unité,135.7
2020-02-01,kaolack,Pain (baguette 190g),D01,Alimentaire,unité,131.6
01/03/2020,Kaolack ,Pain (baguette 190g),D01,Alimentaire,unité,137.8
01/04/2020,Kaolack ,Pain (baguette 190g),D01,Alimentaire,unité,137.4
Mai 2020,kaolack,Pain (baguette 190g),D01,Alimentaire,unité,"143,7"
Juin 2020,KAOLACK,Pain (baguette 190g),D01,Alimentaire,unité,140.6
01/07/2020,Kaolack ,Pain (baguette 190g),D01,Alimentaire,unité,142.0
2020-08-01,KAOLACK,Pain (baguette 190g),D01,Alimentaire,unité,145.3
2020-09-01,kaolack,Pain (baguette 190g),D01,Alimentaire,unité,145.2
2020-10-01,Kaolack ,Pain (baguette 190g),D01,Alimentaire,unité,141.3
2020-11-01,kaolack,Pain (baguette 190g),D01,Alimentaire,unité,139.8
Décembre 2020,kaolack,Pain (baguette 190g),D01,Alimentaire,unité,136.8
2021-01-01,kaolack,Pain (baguette 190g),D01,Alimentaire,unité,137.0
Février 2021,kaolack,Pain (baguette 190g),D01,Alimentaire,unité,136.4
01/03/2021,Kaolack ,Pain (baguette 190g),D01,Alimentaire,unité,142.4
01/04/2021,Kaolack ,Pain (baguette 190g),D01,Alimentaire,unité,146.0
Mai 2021,Kaolack ,Pain (baguette 190g),D01,Alimentaire,unité,145.8
Juin 2021,KAOLACK,Pain (baguette 190g),D01,Alimentaire,unité,147.8
2021-07-01,KAOLACK,Pain (baguette 190g),D01,Alimentaire,unité,"153,6"
Août 2021,kaolack,Pain (baguette 190g),D01,Alimentaire,unité,148.2
2021-09-01,Kaolack ,Pain (baguette 190g),D01,Alimentaire,unité,146.8
01/10/2021,kaolack,Pain (baguette 190g),D01,Alimentaire,unité,145.8
01/11/2021,KAOLACK,Pain (baguette 190g),D01,Alimentaire,unité,"141,9"
2021-12-01,KAOLACK,Pain (baguette 190g),D01,Alimentaire,unité,138.4
01/01/2022,KAOLACK,Pain (baguette 190g),D01,Alimentaire,unité,145.2
01/02/2022,Kaolack ,Pain (baguette 190g),D01,Alimentaire,unité,147.2
Mars 2022,Kaolack ,Pain (baguette 190g),D01,Alimentaire,unité,157.2
Avril 2022,kaolack,Pain (baguette 190g),D01,Alimentaire,unité,159.2
01/05/2022,kaolack,Pain (baguette 190g),D01,Alimentaire,unité,159.9
Juin 2022,KAOLACK,Pain (baguette 190g),D01,Alimentaire,unité,168.3
Juillet 2022,Kaolack ,Pain (baguette 190g),D01,Alimentaire,unité,169.2
2022-08-01,kaolack,Pain (baguette 190g),D01,Alimentaire,unité,173.5
Septembre 2022,Kaolack ,Pain (baguette 190g),D01,Alimentaire,unité,166.9
Octobre 2022,kaolack,Pain (baguette 190g),D01,Alimentaire,unité,"168,2"
2022-11-01,kaolack,Pain (baguette 190g),D01,Alimentaire,unité,165.9
Décembre 2022,kaolack,Pain (baguette 190g),D01,Alimentaire,unité,161.5
2023-01-01,kaolack,Pain (baguette 190g),D01,Alimentaire,unité,"158,0"
01/02/2023,Kaolack ,Pain (baguette 190g),D01,Alimentaire,unité,164.8
Mars 2023,kaolack,Pain (baguette 190g),D01,Alimentaire,unité,167.6
Avril 2023,Kaolack ,Pain (baguette 190g),D01,Alimentaire,unité,174.5
Mai 2023,Kaolack ,Pain (baguette 190g),D01,Alimentaire,unité,174.2
Juin 2023,kaolack,Pain (baguette 190g),D01,Alimentaire,unité,175.8
2023-07-01,KAOLACK,Pain (baguette 190g),D01,Alimentaire,unité,181.1
Août 2023,Kaolack ,Pain (baguette 190g),D01,Alimentaire,unité,175.1
01/09/2023,Kaolack ,Pain (baguette 190g),D01,Alimentaire,unité,180.6
Octobre 2023,Kaolack ,Pain (baguette 190g),D01,Alimentaire,unité,178.7
01/11/2023,Kaolack ,Pain (baguette 190g),D01,Alimentaire,unité,177.3
2023-12-01,KAOLACK,Pain (baguette 190g),D01,Alimentaire,unité,"168,5"
01/01/2024,Kaolack ,Pain (baguette 190g),D01,Alimentaire,unité,163.7
Février 2024,KAOLACK,Pain (baguette 190g),D01,Alimentaire,unité,167.0
Mars 2024,KAOLACK,Pain (baguette 190g),D01,Alimentaire,unité,170.6
01/04/2024,KAOLACK,Pain (baguette 190g),D01,Alimentaire,unité,170.7
2024-05-01,KAOLACK,Pain (baguette 190g),D01,Alimentaire,unité,180.6
Juin 2024,KAOLACK,Pain (baguette 190g),D01,Alimentaire,unité,180.3
Juillet 2024,KAOLACK,Pain (baguette 190g),D01,Alimentaire,unité,176.0
Août 2024,kaolack,Pain (baguette 190g),D01,Alimentaire,unité,185.4
Septembre 2024,kaolack,Pain (baguette 190g),D01,Alimentaire,unité,177.8
Octobre 2024,kaolack,Pain (baguette 190g),D01,Alimentaire,unité,
01/11/2024,KAOLACK,Pain (baguette 190g),D01,Alimentaire,unité,
Décembre 2024,Kaolack ,Pain (baguette 190g),D01,Alimentaire,unité,173.4
01/01/2025,KAOLACK,Pain (baguette 190g),D01,Alimentaire,unité,173.4
Février 2025,kaolack,Pain (baguette 190g),D01,Alimentaire,unité,172.5
2025-03-01,KAOLACK,Pain (baguette 190g),D01,Alimentaire,unité,176.7
2025-04-01,KAOLACK,Pain (baguette 190g),D01,Alimentaire,unité,180.3
2025-05-01,KAOLACK,Pain (baguette 190g),D01,Alimentaire,unité,181.8
01/06/2025,Kaolack ,Pain (baguette 190g),D01,Alimentaire,unité,183.8
Juillet 2025,KAOLACK,Pain (baguette 190g),D01,Alimentaire,unité,"186,0"
2025-08-01,kaolack,Pain (baguette 190g),D01,Alimentaire,unité,186.5
Septembre 2025,kaolack,Pain (baguette 190g),D01,Alimentaire,unité,"180,1"
Octobre 2025,KAOLACK,Pain (baguette 190g),D01,Alimentaire,unité,183.9
Novembre 2025,kaolack,Pain (baguette 190g),D01,Alimentaire,unité,"184,8"
01/12/2025,KAOLACK,Pain (baguette 190g),D01,Alimentaire,unité,173.3
2026-01-01,KAOLACK,Pain (baguette 190g),D01,Alimentaire,unité,167.0
01/02/2026,Kaolack ,Pain (baguette 190g),D01,Alimentaire,unité,172.4
2026-03-01,kaolack,Pain (baguette 190g),D01,Alimentaire,unité,172.8
2026-04-01,kaolack,Pain (baguette 190g),D01,Alimentaire,unité,173.8
Mai 2026,KAOLACK,Pain (baguette 190g),D01,Alimentaire,unité,186.1
01/01/2018,kolda,Pain (baguette 190g),D01,Alimentaire,unité,"133,0"
Février 2018,Kolda ,Pain (baguette 190g),D01,Alimentaire,unité,134.9
01/03/2018,Kolda ,Pain (baguette 190g),D01,Alimentaire,unité,135.0
01/04/2018,KOLDA,Pain (baguette 190g),D01,Alimentaire,unité,"142,5"
Mai 2018,Kolda ,Pain (baguette 190g),D01,Alimentaire,unité,143.6
01/06/2018,KOLDA,Pain (baguette 190g),D01,Alimentaire,unité,142.0
Juillet 2018,Kolda ,Pain (baguette 190g),D01,Alimentaire,unité,139.7
2018-08-01,kolda,Pain (baguette 190g),D01,Alimentaire,unité,141.4
01/09/2018,Kolda ,Pain (baguette 190g),D01,Alimentaire,unité,142.3
Octobre 2018,kolda,Pain (baguette 190g),D01,Alimentaire,unité,"138,9"
Novembre 2018,Kolda ,Pain (baguette 190g),D01,Alimentaire,unité,136.5
Décembre 2018,Kolda ,Pain (baguette 190g),D01,Alimentaire,unité,135.2
2019-01-01,KOLDA,Pain (baguette 190g),D01,Alimentaire,unité,"137,5"
01/02/2019,Kolda ,Pain (baguette 190g),D01,Alimentaire,unité,136.1
2019-03-01,kolda,Pain (baguette 190g),D01,Alimentaire,unité,139.3
Avril 2019,KOLDA,Pain (baguette 190g),D01,Alimentaire,unité,"137,7"
01/05/2019,kolda,Pain (baguette 190g),D01,Alimentaire,unité,150.1
2019-06-01,KOLDA,Pain (baguette 190g),D01,Alimentaire,unité,143.7
Juillet 2019,kolda,Pain (baguette 190g),D01,Alimentaire,unité,145.6
Août 2019,kolda,Pain (baguette 190g),D01,Alimentaire,unité,145.9
2019-09-01,kolda,Pain (baguette 190g),D01,Alimentaire,unité,141.3
2019-10-01,kolda,Pain (baguette 190g),D01,Alimentaire,unité,140.2
2019-11-01,kolda,Pain (baguette 190g),D01,Alimentaire,unité,137.8
2019-12-01,Kolda ,Pain (baguette 190g),D01,Alimentaire,unité,133.8
01/01/2020,kolda,Pain (baguette 190g),D01,Alimentaire,unité,139.3
Février 2020,KOLDA,Pain (baguette 190g),D01,Alimentaire,unité,134.7
2020-03-01,kolda,Pain (baguette 190g),D01,Alimentaire,unité,
01/04/2020,Kolda ,Pain (baguette 190g),D01,Alimentaire,unité,146.9
01/05/2020,kolda,Pain (baguette 190g),D01,Alimentaire,unité,149.4
Juin 2020,KOLDA,Pain (baguette 190g),D01,Alimentaire,unité,144.5
01/07/2020,Kolda ,Pain (baguette 190g),D01,Alimentaire,unité,148.0
Août 2020,kolda,Pain (baguette 190g),D01,Alimentaire,unité,153.6
Septembre 2020,kolda,Pain (baguette 190g),D01,Alimentaire,unité,
2020-10-01,KOLDA,Pain (baguette 190g),D01,Alimentaire,unité,148.3
2020-11-01,Kolda ,Pain (baguette 190g),D01,Alimentaire,unité,145.3
2020-12-01,KOLDA,Pain (baguette 190g),D01,Alimentaire,unité,142.1
2021-01-01,kolda,Pain (baguette 190g),D01,Alimentaire,unité,139.0
01/02/2021,kolda,Pain (baguette 190g),D01,Alimentaire,unité,145.6
2021-03-01,kolda,Pain (baguette 190g),D01,Alimentaire,unité,142.0
01/04/2021,KOLDA,Pain (baguette 190g),D01,Alimentaire,unité,144.6
2021-05-01,Kolda ,Pain (baguette 190g),D01,Alimentaire,unité,147.4
01/06/2021,kolda,Pain (baguette 190g),D01,Alimentaire,unité,156.5
Juillet 2021,Kolda ,Pain (baguette 190g),D01,Alimentaire,unité,154.0
01/08/2021,Kolda ,Pain (baguette 190g),D01,Alimentaire,unité,153.9
01/09/2021,Kolda ,Pain (baguette 190g),D01,Alimentaire,unité,"151,8"
01/10/2021,kolda,Pain (baguette 190g),D01,Alimentaire,unité,146.1
2021-11-01,Kolda ,Pain (baguette 190g),D01,Alimentaire,unité,145.3
01/12/2021,kolda,Pain (baguette 190g),D01,Alimentaire,unité,143.9
Janvier 2022,kolda,Pain (baguette 190g),D01,Alimentaire,unité,145.1
2022-02-01,kolda,Pain (baguette 190g),D01,Alimentaire,unité,151.0
Mars 2022,Kolda ,Pain (baguette 190g),D01,Alimentaire,unité,153.7
2022-04-01,KOLDA,Pain (baguette 190g),D01,Alimentaire,unité,164.2
2022-05-01,Kolda ,Pain (baguette 190g),D01,Alimentaire,unité,169.8
2022-06-01,KOLDA,Pain (baguette 190g),D01,Alimentaire,unité,167.4
2022-07-01,Kolda ,Pain (baguette 190g),D01,Alimentaire,unité,173.1
2022-08-01,KOLDA,Pain (baguette 190g),D01,Alimentaire,unité,181.6
Septembre 2022,Kolda ,Pain (baguette 190g),D01,Alimentaire,unité,171.3
Octobre 2022,Kolda ,Pain (baguette 190g),D01,Alimentaire,unité,175.0
Novembre 2022,Kolda ,Pain (baguette 190g),D01,Alimentaire,unité,172.5
2022-12-01,Kolda ,Pain (baguette 190g),D01,Alimentaire,unité,170.8
Janvier 2023,kolda,Pain (baguette 190g),D01,Alimentaire,unité,
Février 2023,Kolda ,Pain (baguette 190g),D01,Alimentaire,unité,167.2
2023-03-01,kolda,Pain (baguette 190g),D01,Alimentaire,unité,172.4
01/04/2023,KOLDA,Pain (baguette 190g),D01,Alimentaire,unité,176.5
Mai 2023,kolda,Pain (baguette 190g),D01,Alimentaire,unité,180.1
2023-06-01,KOLDA,Pain (baguette 190g),D01,Alimentaire,unité,178.7
2023-07-01,kolda,Pain (baguette 190g),D01,Alimentaire,unité,189.3
01/08/2023,KOLDA,Pain (baguette 190g),D01,Alimentaire,unité,188.2
01/09/2023,KOLDA,Pain (baguette 190g),D01,Alimentaire,unité,"179,2"
01/10/2023,Kolda ,Pain (baguette 190g),D01,Alimentaire,unité,"180,1"
Novembre 2023,Kolda ,Pain (baguette 190g),D01,Alimentaire,unité,178.3
01/12/2023,kolda,Pain (baguette 190g),D01,Alimentaire,unité,169.2
Janvier 2024,kolda,Pain (baguette 190g),D01,Alimentaire,unité,164.8
2024-02-01,kolda,Pain (baguette 190g),D01,Alimentaire,unité,"170,3"
2024-03-01,kolda,Pain (baguette 190g),D01,Alimentaire,unité,"174,1"
2024-04-01,Kolda ,Pain (baguette 190g),D01,Alimentaire,unité,173.6
2024-05-01,KOLDA,Pain (baguette 190g),D01,Alimentaire,unité,182.8
2024-06-01,kolda,Pain (baguette 190g),D01,Alimentaire,unité,188.9
Juillet 2024,KOLDA,Pain (baguette 190g),D01,Alimentaire,unité,"188,8"
2024-08-01,Kolda ,Pain (baguette 190g),D01,Alimentaire,unité,"184,6"
2024-09-01,kolda,Pain (baguette 190g),D01,Alimentaire,unité,177.0
2024-10-01,Kolda ,Pain (baguette 190g),D01,Alimentaire,unité,184.5
2024-11-01,kolda,Pain (baguette 190g),D01,Alimentaire,unité,
2024-12-01,KOLDA,Pain (baguette 190g),D01,Alimentaire,unité,175.9
2025-01-01,KOLDA,Pain (baguette 190g),D01,Alimentaire,unité,"180,0"
01/02/2025,Kolda ,Pain (baguette 190g),D01,Alimentaire,unité,172.2
2025-03-01,KOLDA,Pain (baguette 190g),D01,Alimentaire,unité,"168,1"
2025-04-01,Kolda ,Pain (baguette 190g),D01,Alimentaire,unité,178.4
Mai 2025,kolda,Pain (baguette 190g),D01,Alimentaire,unité,188.0
2025-06-01,KOLDA,Pain (baguette 190g),D01,Alimentaire,unité,189.3
2025-07-01,KOLDA,Pain (baguette 190g),D01,Alimentaire,unité,185.9
2025-08-01,Kolda ,Pain (baguette 190g),D01,Alimentaire,unité,185.0
01/09/2025,KOLDA,Pain (baguette 190g),D01,Alimentaire,unité,188.0
Octobre 2025,KOLDA,Pain (baguette 190g),D01,Alimentaire,unité,183.1
Novembre 2025,Kolda ,Pain (baguette 190g),D01,Alimentaire,unité,187.9
Décembre 2025,kolda,Pain (baguette 190g),D01,Alimentaire,unité,"178,7"
2026-01-01,Kolda ,Pain (baguette 190g),D01,Alimentaire,unité,171.9
01/02/2026,KOLDA,Pain (baguette 190g),D01,Alimentaire,unité,"174,2"
01/03/2026,Kolda ,Pain (baguette 190g),D01,Alimentaire,unité,182.3
Avril 2026,KOLDA,Pain (baguette 190g),D01,Alimentaire,unité,185.0
01/05/2026,KOLDA,Pain (baguette 190g),D01,Alimentaire,unité,189.2
Janvier 2018,DAKAR,Farine de blé,D01,Alimentaire,kg,"394,8"
Février 2018,DAKAR,Farine de blé,D01,Alimentaire,kg,397.8
Mars 2018,dakar,Farine de blé,D01,Alimentaire,kg,399.2
Avril 2018,DAKAR,Farine de blé,D01,Alimentaire,kg,412.5
Mai 2018,dakar,Farine de blé,D01,Alimentaire,kg,425.1
Juin 2018,dakar,Farine de blé,D01,Alimentaire,kg,452.2
01/07/2018,Dakar ,Farine de blé,D01,Alimentaire,kg,"422,7"
01/08/2018,DAKAR,Farine de blé,D01,Alimentaire,kg,425.6
01/09/2018,DAKAR,Farine de blé,D01,Alimentaire,kg,420.6
Octobre 2018,DAKAR,Farine de blé,D01,Alimentaire,kg,406.3
2018-11-01,dakar,Farine de blé,D01,Alimentaire,kg,407.8
01/12/2018,dakar,Farine de blé,D01,Alimentaire,kg,391.2
01/01/2019,DAKAR,Farine de blé,D01,Alimentaire,kg,395.3
01/02/2019,dakar,Farine de blé,D01,Alimentaire,kg,409.1
01/03/2019,dakar,Farine de blé,D01,Alimentaire,kg,427.0
2019-04-01,dakar,Farine de blé,D01,Alimentaire,kg,435.4
Mai 2019,dakar,Farine de blé,D01,Alimentaire,kg,432.4
2019-06-01,dakar,Farine de blé,D01,Alimentaire,kg,"439,3"
2019-07-01,Dakar ,Farine de blé,D01,Alimentaire,kg,440.6
2019-08-01,Dakar ,Farine de blé,D01,Alimentaire,kg,436.1
01/09/2019,Dakar ,Farine de blé,D01,Alimentaire,kg,417.9
2019-10-01,dakar,Farine de blé,D01,Alimentaire,kg,"421,7"
Novembre 2019,DAKAR,Farine de blé,D01,Alimentaire,kg,"405,9"
Décembre 2019,DAKAR,Farine de blé,D01,Alimentaire,kg,398.1
01/01/2020,dakar,Farine de blé,D01,Alimentaire,kg,394.6
Février 2020,dakar,Farine de blé,D01,Alimentaire,kg,412.1
2020-03-01,dakar,Farine de blé,D01,Alimentaire,kg,406.8
2020-04-01,DAKAR,Farine de blé,D01,Alimentaire,kg,430.8
01/05/2020,Dakar ,Farine de blé,D01,Alimentaire,kg,442.8
Juin 2020,DAKAR,Farine de blé,D01,Alimentaire,kg,458.3
01/07/2020,dakar,Farine de blé,D01,Alimentaire,kg,473.6
Août 2020,dakar,Farine de blé,D01,Alimentaire,kg,455.5
01/09/2020,dakar,Farine de blé,D01,Alimentaire,kg,452.7
01/10/2020,DAKAR,Farine de blé,D01,Alimentaire,kg,433.4
Novembre 2020,dakar,Farine de blé,D01,Alimentaire,kg,426.8
Décembre 2020,DAKAR,Farine de blé,D01,Alimentaire,kg,"426,4"
01/01/2021,Dakar ,Farine de blé,D01,Alimentaire,kg,408.6
Février 2021,Dakar ,Farine de blé,D01,Alimentaire,kg,"414,9"
01/03/2021,Dakar ,Farine de blé,D01,Alimentaire,kg,439.0
01/04/2021,Dakar ,Farine de blé,D01,Alimentaire,kg,446.7
2021-05-01,Dakar ,Farine de blé,D01,Alimentaire,kg,461.0
2021-06-01,DAKAR,Farine de blé,D01,Alimentaire,kg,464.8
Juillet 2021,Dakar ,Farine de blé,D01,Alimentaire,kg,462.4
2021-08-01,dakar,Farine de blé,D01,Alimentaire,kg,477.8
01/09/2021,DAKAR,Farine de blé,D01,Alimentaire,kg,443.1
Octobre 2021,Dakar ,Farine de blé,D01,Alimentaire,kg,447.7
01/11/2021,Dakar ,Farine de blé,D01,Alimentaire,kg,436.3
2021-12-01,DAKAR,Farine de blé,D01,Alimentaire,kg,412.7
Janvier 2022,Dakar ,Farine de blé,D01,Alimentaire,kg,430.4
2022-02-01,Dakar ,Farine de blé,D01,Alimentaire,kg,444.7
Mars 2022,dakar,Farine de blé,D01,Alimentaire,kg,474.0
2022-04-01,DAKAR,Farine de blé,D01,Alimentaire,kg,485.6
01/05/2022,Dakar ,Farine de blé,D01,Alimentaire,kg,507.9
01/06/2022,Dakar ,Farine de blé,D01,Alimentaire,kg,507.6
01/07/2022,DAKAR,Farine de blé,D01,Alimentaire,kg,553.3
01/08/2022,DAKAR,Farine de blé,D01,Alimentaire,kg,528.4
01/09/2022,DAKAR,Farine de blé,D01,Alimentaire,kg,526.5
Octobre 2022,DAKAR,Farine de blé,D01,Alimentaire,kg,507.0
Novembre 2022,dakar,Farine de blé,D01,Alimentaire,kg,498.3
01/12/2022,Dakar ,Farine de blé,D01,Alimentaire,kg,507.3
Janvier 2023,Dakar ,Farine de blé,D01,Alimentaire,kg,469.7
Février 2023,Dakar ,Farine de blé,D01,Alimentaire,kg,501.1
01/03/2023,DAKAR,Farine de blé,D01,Alimentaire,kg,501.1
01/04/2023,DAKAR,Farine de blé,D01,Alimentaire,kg,526.8
2023-05-01,DAKAR,Farine de blé,D01,Alimentaire,kg,540.7
01/06/2023,Dakar ,Farine de blé,D01,Alimentaire,kg,547.6
2023-07-01,DAKAR,Farine de blé,D01,Alimentaire,kg,561.0
2023-08-01,Dakar ,Farine de blé,D01,Alimentaire,kg,526.7
Septembre 2023,dakar,Farine de blé,D01,Alimentaire,kg,542.7
2023-10-01,dakar,Farine de blé,D01,Alimentaire,kg,534.1
01/11/2023,Dakar ,Farine de blé,D01,Alimentaire,kg,510.9
Décembre 2023,DAKAR,Farine de blé,D01,Alimentaire,kg,"521,8"
01/01/2024,dakar,Farine de blé,D01,Alimentaire,kg,496.0
Février 2024,DAKAR,Farine de blé,D01,Alimentaire,kg,"507,5"
Mars 2024,DAKAR,Farine de blé,D01,Alimentaire,kg,517.0
01/04/2024,Dakar ,Farine de blé,D01,Alimentaire,kg,"537,8"
Mai 2024,dakar,Farine de blé,D01,Alimentaire,kg,567.4
Juin 2024,DAKAR,Farine de blé,D01,Alimentaire,kg,589.7
01/07/2024,DAKAR,Farine de blé,D01,Alimentaire,kg,"571,9"
Août 2024,DAKAR,Farine de blé,D01,Alimentaire,kg,569.9
2024-09-01,Dakar ,Farine de blé,D01,Alimentaire,kg,567.1
2024-10-01,DAKAR,Farine de blé,D01,Alimentaire,kg,"540,1"
01/11/2024,Dakar ,Farine de blé,D01,Alimentaire,kg,
01/12/2024,DAKAR,Farine de blé,D01,Alimentaire,kg,518.0
01/01/2025,dakar,Farine de blé,D01,Alimentaire,kg,"509,5"
Février 2025,dakar,Farine de blé,D01,Alimentaire,kg,"521,0"
01/03/2025,DAKAR,Farine de blé,D01,Alimentaire,kg,
Avril 2025,dakar,Farine de blé,D01,Alimentaire,kg,552.5
Mai 2025,DAKAR,Farine de blé,D01,Alimentaire,kg,547.7
2025-06-01,DAKAR,Farine de blé,D01,Alimentaire,kg,"557,0"
01/07/2025,DAKAR,Farine de blé,D01,Alimentaire,kg,580.7
2025-08-01,DAKAR,Farine de blé,D01,Alimentaire,kg,"560,9"
01/09/2025,Dakar ,Farine de blé,D01,Alimentaire,kg,564.9
01/10/2025,DAKAR,Farine de blé,D01,Alimentaire,kg,"556,1"
2025-11-01,dakar,Farine de blé,D01,Alimentaire,kg,547.3
2025-12-01,DAKAR,Farine de blé,D01,Alimentaire,kg,517.4
01/01/2026,DAKAR,Farine de blé,D01,Alimentaire,kg,"519,6"
2026-02-01,DAKAR,Farine de blé,D01,Alimentaire,kg,521.6
2026-03-01,dakar,Farine de blé,D01,Alimentaire,kg,545.8
01/04/2026,Dakar ,Farine de blé,D01,Alimentaire,kg,"543,8"
Mai 2026,dakar,Farine de blé,D01,Alimentaire,kg,570.0
01/01/2018,THIÈS,Farine de blé,D01,Alimentaire,kg,379.3
Février 2018,THIÈS,Farine de blé,D01,Alimentaire,kg,"383,1"
2018-03-01,THIÈS,Farine de blé,D01,Alimentaire,kg,"378,4"
Avril 2018,THIÈS,Farine de blé,D01,Alimentaire,kg,390.7
01/05/2018,thiès,Farine de blé,D01,Alimentaire,kg,396.2
Juin 2018,thiès,Farine de blé,D01,Alimentaire,kg,404.3
2018-07-01,Thiès ,Farine de blé,D01,Alimentaire,kg,398.4
01/08/2018,THIÈS,Farine de blé,D01,Alimentaire,kg,403.8
01/09/2018,Thiès ,Farine de blé,D01,Alimentaire,kg,401.0
Octobre 2018,THIÈS,Farine de blé,D01,Alimentaire,kg,379.6
Novembre 2018,Thiès ,Farine de blé,D01,Alimentaire,kg,376.0
Décembre 2018,Thiès ,Farine de blé,D01,Alimentaire,kg,369.7
Janvier 2019,THIÈS,Farine de blé,D01,Alimentaire,kg,382.6
Février 2019,THIÈS,Farine de blé,D01,Alimentaire,kg,375.1
2019-03-01,THIÈS,Farine de blé,D01,Alimentaire,kg,384.3
2019-04-01,Thiès ,Farine de blé,D01,Alimentaire,kg,392.7
Mai 2019,THIÈS,Farine de blé,D01,Alimentaire,kg,399.8
01/06/2019,THIÈS,Farine de blé,D01,Alimentaire,kg,419.3
Juillet 2019,THIÈS,Farine de blé,D01,Alimentaire,kg,414.2
Août 2019,THIÈS,Farine de blé,D01,Alimentaire,kg,410.6
01/09/2019,Thiès ,Farine de blé,D01,Alimentaire,kg,411.3
2019-10-01,THIÈS,Farine de blé,D01,Alimentaire,kg,400.9
Novembre 2019,thiès,Farine de blé,D01,Alimentaire,kg,368.8
2019-12-01,thiès,Farine de blé,D01,Alimentaire,kg,"380,8"
2020-01-01,Thiès ,Farine de blé,D01,Alimentaire,kg,383.7
2020-02-01,Thiès ,Farine de blé,D01,Alimentaire,kg,384.7
2020-03-01,Thiès ,Farine de blé,D01,Alimentaire,kg,"401,5"
01/04/2020,thiès,Farine de blé,D01,Alimentaire,kg,397.0
Mai 2020,Thiès ,Farine de blé,D01,Alimentaire,kg,434.8
Juin 2020,THIÈS,Farine de blé,D01,Alimentaire,kg,434.3
01/07/2020,thiès,Farine de blé,D01,Alimentaire,kg,423.1
2020-08-01,Thiès ,Farine de blé,D01,Alimentaire,kg,419.9
01/09/2020,Thiès ,Farine de blé,D01,Alimentaire,kg,"400,9"
Octobre 2020,THIÈS,Farine de blé,D01,Alimentaire,kg,401.2
2020-11-01,thiès,Farine de blé,D01,Alimentaire,kg,390.0
2020-12-01,Thiès ,Farine de blé,D01,Alimentaire,kg,"377,6"
2021-01-01,THIÈS,Farine de blé,D01,Alimentaire,kg,397.2
Février 2021,thiès,Farine de blé,D01,Alimentaire,kg,407.9
2021-03-01,thiès,Farine de blé,D01,Alimentaire,kg,408.4
Avril 2021,THIÈS,Farine de blé,D01,Alimentaire,kg,418.8
2021-05-01,Thiès ,Farine de blé,D01,Alimentaire,kg,436.8
01/06/2021,thiès,Farine de blé,D01,Alimentaire,kg,440.5
Juillet 2021,Thiès ,Farine de blé,D01,Alimentaire,kg,431.9
2021-08-01,thiès,Farine de blé,D01,Alimentaire,kg,430.9
2021-09-01,thiès,Farine de blé,D01,Alimentaire,kg,424.9
Octobre 2021,Thiès ,Farine de blé,D01,Alimentaire,kg,418.7
Novembre 2021,Thiès ,Farine de blé,D01,Alimentaire,kg,407.4
Décembre 2021,thiès,Farine de blé,D01,Alimentaire,kg,403.7
2022-01-01,thiès,Farine de blé,D01,Alimentaire,kg,
Février 2022,Thiès ,Farine de blé,D01,Alimentaire,kg,430.8
2022-03-01,Thiès ,Farine de blé,D01,Alimentaire,kg,442.2
01/04/2022,Thiès ,Farine de blé,D01,Alimentaire,kg,485.1
Mai 2022,THIÈS,Farine de blé,D01,Alimentaire,kg,476.2
Juin 2022,THIÈS,Farine de blé,D01,Alimentaire,kg,496.5
2022-07-01,THIÈS,Farine de blé,D01,Alimentaire,kg,527.0
01/08/2022,thiès,Farine de blé,D01,Alimentaire,kg,"499,7"
2022-09-01,THIÈS,Farine de blé,D01,Alimentaire,kg,"491,1"
01/10/2022,Thiès ,Farine de blé,D01,Alimentaire,kg,
Novembre 2022,Thiès ,Farine de blé,D01,Alimentaire,kg,490.8
2022-12-01,THIÈS,Farine de blé,D01,Alimentaire,kg,450.3
2023-01-01,Thiès ,Farine de blé,D01,Alimentaire,kg,464.7
2023-02-01,thiès,Farine de blé,D01,Alimentaire,kg,465.7
2023-03-01,THIÈS,Farine de blé,D01,Alimentaire,kg,"482,7"
01/04/2023,THIÈS,Farine de blé,D01,Alimentaire,kg,486.8
Mai 2023,THIÈS,Farine de blé,D01,Alimentaire,kg,530.5
2023-06-01,thiès,Farine de blé,D01,Alimentaire,kg,524.1
01/07/2023,THIÈS,Farine de blé,D01,Alimentaire,kg,"516,0"
Août 2023,THIÈS,Farine de blé,D01,Alimentaire,kg,"537,0"
01/09/2023,Thiès ,Farine de blé,D01,Alimentaire,kg,510.0
2023-10-01,thiès,Farine de blé,D01,Alimentaire,kg,508.2
2023-11-01,thiès,Farine de blé,D01,Alimentaire,kg,503.8
2023-12-01,THIÈS,Farine de blé,D01,Alimentaire,kg,"482,3"
2024-01-01,thiès,Farine de blé,D01,Alimentaire,kg,452.7
2024-02-01,thiès,Farine de blé,D01,Alimentaire,kg,487.7
01/03/2024,THIÈS,Farine de blé,D01,Alimentaire,kg,492.6
01/04/2024,thiès,Farine de blé,D01,Alimentaire,kg,504.9
Mai 2024,THIÈS,Farine de blé,D01,Alimentaire,kg,"520,5"
Juin 2024,Thiès ,Farine de blé,D01,Alimentaire,kg,513.1
2024-07-01,Thiès ,Farine de blé,D01,Alimentaire,kg,533.7
01/08/2024,Thiès ,Farine de blé,D01,Alimentaire,kg,511.9
Septembre 2024,thiès,Farine de blé,D01,Alimentaire,kg,514.3
2024-10-01,Thiès ,Farine de blé,D01,Alimentaire,kg,508.6
Novembre 2024,THIÈS,Farine de blé,D01,Alimentaire,kg,508.9
2024-12-01,Thiès ,Farine de blé,D01,Alimentaire,kg,473.1
01/01/2025,THIÈS,Farine de blé,D01,Alimentaire,kg,493.2
Février 2025,THIÈS,Farine de blé,D01,Alimentaire,kg,497.3
01/03/2025,THIÈS,Farine de blé,D01,Alimentaire,kg,497.7
01/04/2025,thiès,Farine de blé,D01,Alimentaire,kg,506.7
01/05/2025,THIÈS,Farine de blé,D01,Alimentaire,kg,"517,8"
01/06/2025,THIÈS,Farine de blé,D01,Alimentaire,kg,546.1
Juillet 2025,THIÈS,Farine de blé,D01,Alimentaire,kg,537.7
Août 2025,THIÈS,Farine de blé,D01,Alimentaire,kg,554.2
2025-09-01,Thiès ,Farine de blé,D01,Alimentaire,kg,525.8
01/10/2025,THIÈS,Farine de blé,D01,Alimentaire,kg,513.7
Novembre 2025,THIÈS,Farine de blé,D01,Alimentaire,kg,516.9
01/12/2025,THIÈS,Farine de blé,D01,Alimentaire,kg,"490,3"
01/01/2026,thiès,Farine de blé,D01,Alimentaire,kg,481.6
Février 2026,Thiès ,Farine de blé,D01,Alimentaire,kg,502.6
Mars 2026,thiès,Farine de blé,D01,Alimentaire,kg,511.6
2026-04-01,THIÈS,Farine de blé,D01,Alimentaire,kg,526.9
Mai 2026,THIÈS,Farine de blé,D01,Alimentaire,kg,541.8
Janvier 2018,Saint-Louis ,Farine de blé,D01,Alimentaire,kg,353.2
2018-02-01,saint-louis,Farine de blé,D01,Alimentaire,kg,373.1
Mars 2018,saint-louis,Farine de blé,D01,Alimentaire,kg,380.0
01/04/2018,Saint-Louis ,Farine de blé,D01,Alimentaire,kg,396.0
2018-05-01,Saint-Louis ,Farine de blé,D01,Alimentaire,kg,403.0
01/06/2018,SAINT-LOUIS,Farine de blé,D01,Alimentaire,kg,401.9
01/07/2018,Saint-Louis ,Farine de blé,D01,Alimentaire,kg,"412,0"
01/08/2018,Saint-Louis ,Farine de blé,D01,Alimentaire,kg,396.5
2018-09-01,Saint-Louis ,Farine de blé,D01,Alimentaire,kg,392.0
Octobre 2018,SAINT-LOUIS,Farine de blé,D01,Alimentaire,kg,377.5
01/11/2018,Saint-Louis ,Farine de blé,D01,Alimentaire,kg,374.4
2018-12-01,SAINT-LOUIS,Farine de blé,D01,Alimentaire,kg,363.0
01/01/2019,saint-louis,Farine de blé,D01,Alimentaire,kg,381.2
01/02/2019,SAINT-LOUIS,Farine de blé,D01,Alimentaire,kg,389.1
2019-03-01,saint-louis,Farine de blé,D01,Alimentaire,kg,389.6
Avril 2019,Saint-Louis ,Farine de blé,D01,Alimentaire,kg,4056.0
01/05/2019,saint-louis,Farine de blé,D01,Alimentaire,kg,390.5
Juin 2019,saint-louis,Farine de blé,D01,Alimentaire,kg,397.0
Juillet 2019,SAINT-LOUIS,Farine de blé,D01,Alimentaire,kg,406.4
2019-08-01,Saint-Louis ,Farine de blé,D01,Alimentaire,kg,404.4
2019-09-01,Saint-Louis ,Farine de blé,D01,Alimentaire,kg,393.5
Octobre 2019,SAINT-LOUIS,Farine de blé,D01,Alimentaire,kg,372.0
01/11/2019,SAINT-LOUIS,Farine de blé,D01,Alimentaire,kg,384.2
2019-12-01,saint-louis,Farine de blé,D01,Alimentaire,kg,386.2
2020-01-01,saint-louis,Farine de blé,D01,Alimentaire,kg,385.8
01/02/2020,SAINT-LOUIS,Farine de blé,D01,Alimentaire,kg,390.8
01/03/2020,SAINT-LOUIS,Farine de blé,D01,Alimentaire,kg,"394,7"
2020-04-01,SAINT-LOUIS,Farine de blé,D01,Alimentaire,kg,398.2
2020-05-01,Saint-Louis ,Farine de blé,D01,Alimentaire,kg,416.7
01/06/2020,saint-louis,Farine de blé,D01,Alimentaire,kg,"441,2"
01/07/2020,SAINT-LOUIS,Farine de blé,D01,Alimentaire,kg,421.1
2020-08-01,SAINT-LOUIS,Farine de blé,D01,Alimentaire,kg,414.7
2020-09-01,Saint-Louis ,Farine de blé,D01,Alimentaire,kg,417.9
2020-10-01,saint-louis,Farine de blé,D01,Alimentaire,kg,407.0
01/11/2020,saint-louis,Farine de blé,D01,Alimentaire,kg,3813.0
2020-12-01,saint-louis,Farine de blé,D01,Alimentaire,kg,380.0
2021-01-01,SAINT-LOUIS,Farine de blé,D01,Alimentaire,kg,381.4
Février 2021,Saint-Louis ,Farine de blé,D01,Alimentaire,kg,392.4
Mars 2021,SAINT-LOUIS,Farine de blé,D01,Alimentaire,kg,411.4
01/04/2021,Saint-Louis ,Farine de blé,D01,Alimentaire,kg,408.4
2021-05-01,saint-louis,Farine de blé,D01,Alimentaire,kg,435.8
Juin 2021,SAINT-LOUIS,Farine de blé,D01,Alimentaire,kg,"434,9"
Juillet 2021,saint-louis,Farine de blé,D01,Alimentaire,kg,455.1
Août 2021,SAINT-LOUIS,Farine de blé,D01,Alimentaire,kg,432.8
2021-09-01,Saint-Louis ,Farine de blé,D01,Alimentaire,kg,420.2
01/10/2021,saint-louis,Farine de blé,D01,Alimentaire,kg,415.1
Novembre 2021,Saint-Louis ,Farine de blé,D01,Alimentaire,kg,398.5
2021-12-01,SAINT-LOUIS,Farine de blé,D01,Alimentaire,kg,381.8
2022-01-01,saint-louis,Farine de blé,D01,Alimentaire,kg,404.7
2022-02-01,SAINT-LOUIS,Farine de blé,D01,Alimentaire,kg,"416,6"
01/03/2022,SAINT-LOUIS,Farine de blé,D01,Alimentaire,kg,421.7
01/04/2022,saint-louis,Farine de blé,D01,Alimentaire,kg,453.9
2022-05-01,SAINT-LOUIS,Farine de blé,D01,Alimentaire,kg,453.2
Juin 2022,saint-louis,Farine de blé,D01,Alimentaire,kg,"482,5"
01/07/2022,SAINT-LOUIS,Farine de blé,D01,Alimentaire,kg,493.7
2022-08-01,saint-louis,Farine de blé,D01,Alimentaire,kg,491.3
Septembre 2022,SAINT-LOUIS,Farine de blé,D01,Alimentaire,kg,"480,4"
Octobre 2022,SAINT-LOUIS,Farine de blé,D01,Alimentaire,kg,475.5
2022-11-01,saint-louis,Farine de blé,D01,Alimentaire,kg,461.8
Décembre 2022,SAINT-LOUIS,Farine de blé,D01,Alimentaire,kg,454.2
2023-01-01,Saint-Louis ,Farine de blé,D01,Alimentaire,kg,454.3
Février 2023,SAINT-LOUIS,Farine de blé,D01,Alimentaire,kg,454.7
01/03/2023,saint-louis,Farine de blé,D01,Alimentaire,kg,479.8
2023-04-01,SAINT-LOUIS,Farine de blé,D01,Alimentaire,kg,496.2
2023-05-01,Saint-Louis ,Farine de blé,D01,Alimentaire,kg,507.2
Juin 2023,Saint-Louis ,Farine de blé,D01,Alimentaire,kg,544.2
01/07/2023,SAINT-LOUIS,Farine de blé,D01,Alimentaire,kg,519.5
01/08/2023,SAINT-LOUIS,Farine de blé,D01,Alimentaire,kg,
Septembre 2023,SAINT-LOUIS,Farine de blé,D01,Alimentaire,kg,503.2
01/10/2023,SAINT-LOUIS,Farine de blé,D01,Alimentaire,kg,487.6
2023-11-01,SAINT-LOUIS,Farine de blé,D01,Alimentaire,kg,494.7
Décembre 2023,Saint-Louis ,Farine de blé,D01,Alimentaire,kg,464.2
01/01/2024,saint-louis,Farine de blé,D01,Alimentaire,kg,461.1
2024-02-01,saint-louis,Farine de blé,D01,Alimentaire,kg,468.7
Mars 2024,SAINT-LOUIS,Farine de blé,D01,Alimentaire,kg,476.6
Avril 2024,SAINT-LOUIS,Farine de blé,D01,Alimentaire,kg,483.0
2024-05-01,saint-louis,Farine de blé,D01,Alimentaire,kg,509.1
01/06/2024,Saint-Louis ,Farine de blé,D01,Alimentaire,kg,531.3
Juillet 2024,saint-louis,Farine de blé,D01,Alimentaire,kg,"525,7"
Août 2024,saint-louis,Farine de blé,D01,Alimentaire,kg,534.5
2024-09-01,SAINT-LOUIS,Farine de blé,D01,Alimentaire,kg,517.1
Octobre 2024,Saint-Louis ,Farine de blé,D01,Alimentaire,kg,504.6
2024-11-01,Saint-Louis ,Farine de blé,D01,Alimentaire,kg,509.2
01/12/2024,Saint-Louis ,Farine de blé,D01,Alimentaire,kg,472.9
01/01/2025,Saint-Louis ,Farine de blé,D01,Alimentaire,kg,472.7
2025-02-01,Saint-Louis ,Farine de blé,D01,Alimentaire,kg,480.6
Mars 2025,SAINT-LOUIS,Farine de blé,D01,Alimentaire,kg,
2025-04-01,SAINT-LOUIS,Farine de blé,D01,Alimentaire,kg,5104.0
Mai 2025,SAINT-LOUIS,Farine de blé,D01,Alimentaire,kg,"518,4"
Juin 2025,saint-louis,Farine de blé,D01,Alimentaire,kg,541.3
01/07/2025,saint-louis,Farine de blé,D01,Alimentaire,kg,528.8
01/08/2025,SAINT-LOUIS,Farine de blé,D01,Alimentaire,kg,538.8
2025-09-01,Saint-Louis ,Farine de blé,D01,Alimentaire,kg,529.4
Octobre 2025,saint-louis,Farine de blé,D01,Alimentaire,kg,513.4
Novembre 2025,saint-louis,Farine de blé,D01,Alimentaire,kg,512.5
01/12/2025,Saint-Louis ,Farine de blé,D01,Alimentaire,kg,475.1
2026-01-01,saint-louis,Farine de blé,D01,Alimentaire,kg,475.9
01/02/2026,SAINT-LOUIS,Farine de blé,D01,Alimentaire,kg,481.0
Mars 2026,Saint-Louis ,Farine de blé,D01,Alimentaire,kg,531.5
Avril 2026,Saint-Louis ,Farine de blé,D01,Alimentaire,kg,519.3
2026-05-01,SAINT-LOUIS,Farine de blé,D01,Alimentaire,kg,525.2
Janvier 2018,diourbel,Farine de blé,D01,Alimentaire,kg,350.1
2018-02-01,diourbel,Farine de blé,D01,Alimentaire,kg,374.1
01/03/2018,DIOURBEL,Farine de blé,D01,Alimentaire,kg,370.4
01/04/2018,DIOURBEL,Farine de blé,D01,Alimentaire,kg,377.1
2018-05-01,Diourbel ,Farine de blé,D01,Alimentaire,kg,394.7
2018-06-01,diourbel,Farine de blé,D01,Alimentaire,kg,"402,6"
Juillet 2018,diourbel,Farine de blé,D01,Alimentaire,kg,402.6
01/08/2018,Diourbel ,Farine de blé,D01,Alimentaire,kg,392.9
Septembre 2018,diourbel,Farine de blé,D01,Alimentaire,kg,"385,3"
01/10/2018,Diourbel ,Farine de blé,D01,Alimentaire,kg,375.8
01/11/2018,diourbel,Farine de blé,D01,Alimentaire,kg,367.8
2018-12-01,Diourbel ,Farine de blé,D01,Alimentaire,kg,363.3
01/01/2019,DIOURBEL,Farine de blé,D01,Alimentaire,kg,371.4
Février 2019,Diourbel ,Farine de blé,D01,Alimentaire,kg,368.7
2019-03-01,DIOURBEL,Farine de blé,D01,Alimentaire,kg,370.9
01/04/2019,Diourbel ,Farine de blé,D01,Alimentaire,kg,386.4
01/05/2019,diourbel,Farine de blé,D01,Alimentaire,kg,402.8
Juin 2019,diourbel,Farine de blé,D01,Alimentaire,kg,388.1
2019-07-01,Diourbel ,Farine de blé,D01,Alimentaire,kg,388.5
2019-08-01,diourbel,Farine de blé,D01,Alimentaire,kg,405.2
2019-09-01,Diourbel ,Farine de blé,D01,Alimentaire,kg,400.9
2019-10-01,Diourbel ,Farine de blé,D01,Alimentaire,kg,369.2
Novembre 2019,Diourbel ,Farine de blé,D01,Alimentaire,kg,370.6
2019-12-01,DIOURBEL,Farine de blé,D01,Alimentaire,kg,361.7
01/01/2020,Diourbel ,Farine de blé,D01,Alimentaire,kg,368.5
2020-02-01,diourbel,Farine de blé,D01,Alimentaire,kg,379.0
Mars 2020,DIOURBEL,Farine de blé,D01,Alimentaire,kg,376.9
01/04/2020,Diourbel ,Farine de blé,D01,Alimentaire,kg,390.1
01/05/2020,Diourbel ,Farine de blé,D01,Alimentaire,kg,407.3
Juin 2020,Diourbel ,Farine de blé,D01,Alimentaire,kg,415.7
2020-07-01,Diourbel ,Farine de blé,D01,Alimentaire,kg,408.2
Août 2020,diourbel,Farine de blé,D01,Alimentaire,kg,418.6
01/09/2020,diourbel,Farine de blé,D01,Alimentaire,kg,"399,2"
01/10/2020,DIOURBEL,Farine de blé,D01,Alimentaire,kg,388.3
2020-11-01,diourbel,Farine de blé,D01,Alimentaire,kg,
2020-12-01,DIOURBEL,Farine de blé,D01,Alimentaire,kg,375.2
Janvier 2021,Diourbel ,Farine de blé,D01,Alimentaire,kg,385.8
Février 2021,Diourbel ,Farine de blé,D01,Alimentaire,kg,378.6
Mars 2021,Diourbel ,Farine de blé,D01,Alimentaire,kg,385.3
2021-04-01,diourbel,Farine de blé,D01,Alimentaire,kg,406.2
Mai 2021,Diourbel ,Farine de blé,D01,Alimentaire,kg,420.5
2021-06-01,DIOURBEL,Farine de blé,D01,Alimentaire,kg,
Juillet 2021,diourbel,Farine de blé,D01,Alimentaire,kg,416.3
01/08/2021,Diourbel ,Farine de blé,D01,Alimentaire,kg,425.0
Septembre 2021,Diourbel ,Farine de blé,D01,Alimentaire,kg,408.3
2021-10-01,Diourbel ,Farine de blé,D01,Alimentaire,kg,392.4
Novembre 2021,diourbel,Farine de blé,D01,Alimentaire,kg,
01/12/2021,DIOURBEL,Farine de blé,D01,Alimentaire,kg,"385,0"
01/01/2022,Diourbel ,Farine de blé,D01,Alimentaire,kg,409.7
01/02/2022,diourbel,Farine de blé,D01,Alimentaire,kg,412.6
Mars 2022,diourbel,Farine de blé,D01,Alimentaire,kg,431.4
01/04/2022,DIOURBEL,Farine de blé,D01,Alimentaire,kg,445.8
01/05/2022,Diourbel ,Farine de blé,D01,Alimentaire,kg,440.8
01/06/2022,DIOURBEL,Farine de blé,D01,Alimentaire,kg,"467,6"
2022-07-01,Diourbel ,Farine de blé,D01,Alimentaire,kg,482.6
Août 2022,Diourbel ,Farine de blé,D01,Alimentaire,kg,486.4
Septembre 2022,DIOURBEL,Farine de blé,D01,Alimentaire,kg,459.9
01/10/2022,diourbel,Farine de blé,D01,Alimentaire,kg,468.5
Novembre 2022,Diourbel ,Farine de blé,D01,Alimentaire,kg,
2022-12-01,diourbel,Farine de blé,D01,Alimentaire,kg,449.2
2023-01-01,Diourbel ,Farine de blé,D01,Alimentaire,kg,"446,7"
Février 2023,diourbel,Farine de blé,D01,Alimentaire,kg,462.8
Mars 2023,DIOURBEL,Farine de blé,D01,Alimentaire,kg,480.0
Avril 2023,DIOURBEL,Farine de blé,D01,Alimentaire,kg,490.5
2023-05-01,DIOURBEL,Farine de blé,D01,Alimentaire,kg,509.8
01/06/2023,diourbel,Farine de blé,D01,Alimentaire,kg,507.6
Juillet 2023,Diourbel ,Farine de blé,D01,Alimentaire,kg,542.0
2023-08-01,DIOURBEL,Farine de blé,D01,Alimentaire,kg,495.7
Septembre 2023,DIOURBEL,Farine de blé,D01,Alimentaire,kg,494.5
Octobre 2023,diourbel,Farine de blé,D01,Alimentaire,kg,498.5
2023-11-01,DIOURBEL,Farine de blé,D01,Alimentaire,kg,487.8
01/12/2023,diourbel,Farine de blé,D01,Alimentaire,kg,468.0
Janvier 2024,diourbel,Farine de blé,D01,Alimentaire,kg,465.5
Février 2024,DIOURBEL,Farine de blé,D01,Alimentaire,kg,447.2
Mars 2024,DIOURBEL,Farine de blé,D01,Alimentaire,kg,494.0
Avril 2024,DIOURBEL,Farine de blé,D01,Alimentaire,kg,490.9
Mai 2024,diourbel,Farine de blé,D01,Alimentaire,kg,518.6
Juin 2024,DIOURBEL,Farine de blé,D01,Alimentaire,kg,"493,3"
Juillet 2024,Diourbel ,Farine de blé,D01,Alimentaire,kg,518.3
2024-08-01,DIOURBEL,Farine de blé,D01,Alimentaire,kg,504.7
01/09/2024,DIOURBEL,Farine de blé,D01,Alimentaire,kg,5074.0
01/10/2024,diourbel,Farine de blé,D01,Alimentaire,kg,494.9
01/11/2024,diourbel,Farine de blé,D01,Alimentaire,kg,
2024-12-01,Diourbel ,Farine de blé,D01,Alimentaire,kg,456.7
Janvier 2025,DIOURBEL,Farine de blé,D01,Alimentaire,kg,"464,3"
Février 2025,Diourbel ,Farine de blé,D01,Alimentaire,kg,471.7
01/03/2025,Diourbel ,Farine de blé,D01,Alimentaire,kg,491.8
Avril 2025,diourbel,Farine de blé,D01,Alimentaire,kg,512.6
2025-05-01,diourbel,Farine de blé,D01,Alimentaire,kg,518.8
Juin 2025,diourbel,Farine de blé,D01,Alimentaire,kg,"513,4"
2025-07-01,Diourbel ,Farine de blé,D01,Alimentaire,kg,530.5
Août 2025,DIOURBEL,Farine de blé,D01,Alimentaire,kg,552.4
01/09/2025,Diourbel ,Farine de blé,D01,Alimentaire,kg,534.1
01/10/2025,DIOURBEL,Farine de blé,D01,Alimentaire,kg,477.3
Novembre 2025,Diourbel ,Farine de blé,D01,Alimentaire,kg,
2025-12-01,DIOURBEL,Farine de blé,D01,Alimentaire,kg,"491,2"
Janvier 2026,diourbel,Farine de blé,D01,Alimentaire,kg,"465,4"
01/02/2026,diourbel,Farine de blé,D01,Alimentaire,kg,
Mars 2026,diourbel,Farine de blé,D01,Alimentaire,kg,492.4
01/04/2026,diourbel,Farine de blé,D01,Alimentaire,kg,515.5
2026-05-01,DIOURBEL,Farine de blé,D01,Alimentaire,kg,511.4
01/01/2018,Kaolack ,Farine de blé,D01,Alimentaire,kg,372.3
01/02/2018,kaolack,Farine de blé,D01,Alimentaire,kg,367.9
Mars 2018,kaolack,Farine de blé,D01,Alimentaire,kg,369.8
01/04/2018,kaolack,Farine de blé,D01,Alimentaire,kg,395.8
01/05/2018,kaolack,Farine de blé,D01,Alimentaire,kg,383.9
2018-06-01,kaolack,Farine de blé,D01,Alimentaire,kg,397.0
2018-07-01,kaolack,Farine de blé,D01,Alimentaire,kg,397.0
01/08/2018,KAOLACK,Farine de blé,D01,Alimentaire,kg,413.8
01/09/2018,KAOLACK,Farine de blé,D01,Alimentaire,kg,382.8
01/10/2018,kaolack,Farine de blé,D01,Alimentaire,kg,361.6
2018-11-01,KAOLACK,Farine de blé,D01,Alimentaire,kg,364.8
Décembre 2018,kaolack,Farine de blé,D01,Alimentaire,kg,367.3
Janvier 2019,kaolack,Farine de blé,D01,Alimentaire,kg,373.0
2019-02-01,kaolack,Farine de blé,D01,Alimentaire,kg,389.1
2019-03-01,KAOLACK,Farine de blé,D01,Alimentaire,kg,391.7
Avril 2019,kaolack,Farine de blé,D01,Alimentaire,kg,393.0
Mai 2019,Kaolack ,Farine de blé,D01,Alimentaire,kg,393.8
Juin 2019,kaolack,Farine de blé,D01,Alimentaire,kg,419.8
01/07/2019,KAOLACK,Farine de blé,D01,Alimentaire,kg,404.0
Août 2019,kaolack,Farine de blé,D01,Alimentaire,kg,396.7
Septembre 2019,kaolack,Farine de blé,D01,Alimentaire,kg,389.8
2019-10-01,kaolack,Farine de blé,D01,Alimentaire,kg,373.1
01/11/2019,kaolack,Farine de blé,D01,Alimentaire,kg,370.2
2019-12-01,Kaolack ,Farine de blé,D01,Alimentaire,kg,366.7
Janvier 2020,kaolack,Farine de blé,D01,Alimentaire,kg,379.8
Février 2020,Kaolack ,Farine de blé,D01,Alimentaire,kg,377.6
2020-03-01,KAOLACK,Farine de blé,D01,Alimentaire,kg,381.0
2020-04-01,KAOLACK,Farine de blé,D01,Alimentaire,kg,390.1
2020-05-01,kaolack,Farine de blé,D01,Alimentaire,kg,415.8
2020-06-01,KAOLACK,Farine de blé,D01,Alimentaire,kg,421.9
2020-07-01,Kaolack ,Farine de blé,D01,Alimentaire,kg,417.3
Août 2020,Kaolack ,Farine de blé,D01,Alimentaire,kg,412.5
01/09/2020,kaolack,Farine de blé,D01,Alimentaire,kg,"409,9"
Octobre 2020,Kaolack ,Farine de blé,D01,Alimentaire,kg,406.6
01/11/2020,Kaolack ,Farine de blé,D01,Alimentaire,kg,"379,9"
Décembre 2020,KAOLACK,Farine de blé,D01,Alimentaire,kg,"380,8"
Janvier 2021,kaolack,Farine de blé,D01,Alimentaire,kg,"390,7"
2021-02-01,kaolack,Farine de blé,D01,Alimentaire,kg,383.8
2021-03-01,Kaolack ,Farine de blé,D01,Alimentaire,kg,400.4
01/04/2021,KAOLACK,Farine de blé,D01,Alimentaire,kg,412.7
01/05/2021,KAOLACK,Farine de blé,D01,Alimentaire,kg,413.2
Juin 2021,Kaolack ,Farine de blé,D01,Alimentaire,kg,433.3
2021-07-01,Kaolack ,Farine de blé,D01,Alimentaire,kg,"432,9"
2021-08-01,KAOLACK,Farine de blé,D01,Alimentaire,kg,432.6
01/09/2021,kaolack,Farine de blé,D01,Alimentaire,kg,408.9
2021-10-01,Kaolack ,Farine de blé,D01,Alimentaire,kg,408.4
Novembre 2021,KAOLACK,Farine de blé,D01,Alimentaire,kg,410.2
2021-12-01,kaolack,Farine de blé,D01,Alimentaire,kg,410.3
Janvier 2022,Kaolack ,Farine de blé,D01,Alimentaire,kg,415.0
01/02/2022,Kaolack ,Farine de blé,D01,Alimentaire,kg,406.8
Mars 2022,KAOLACK,Farine de blé,D01,Alimentaire,kg,437.2
2022-04-01,Kaolack ,Farine de blé,D01,Alimentaire,kg,447.9
Mai 2022,kaolack,Farine de blé,D01,Alimentaire,kg,473.0
Juin 2022,kaolack,Farine de blé,D01,Alimentaire,kg,475.9
01/07/2022,KAOLACK,Farine de blé,D01,Alimentaire,kg,472.0
2022-08-01,Kaolack ,Farine de blé,D01,Alimentaire,kg,"484,5"
2022-09-01,KAOLACK,Farine de blé,D01,Alimentaire,kg,488.9
2022-10-01,Kaolack ,Farine de blé,D01,Alimentaire,kg,476.6
01/11/2022,KAOLACK,Farine de blé,D01,Alimentaire,kg,
Décembre 2022,Kaolack ,Farine de blé,D01,Alimentaire,kg,453.7
01/01/2023,KAOLACK,Farine de blé,D01,Alimentaire,kg,455.2
Février 2023,kaolack,Farine de blé,D01,Alimentaire,kg,465.6
Mars 2023,KAOLACK,Farine de blé,D01,Alimentaire,kg,472.2
Avril 2023,KAOLACK,Farine de blé,D01,Alimentaire,kg,491.9
Mai 2023,KAOLACK,Farine de blé,D01,Alimentaire,kg,524.0
Juin 2023,Kaolack ,Farine de blé,D01,Alimentaire,kg,
Juillet 2023,KAOLACK,Farine de blé,D01,Alimentaire,kg,518.7
2023-08-01,KAOLACK,Farine de blé,D01,Alimentaire,kg,514.4
01/09/2023,kaolack,Farine de blé,D01,Alimentaire,kg,502.7
01/10/2023,Kaolack ,Farine de blé,D01,Alimentaire,kg,490.4
Novembre 2023,KAOLACK,Farine de blé,D01,Alimentaire,kg,"487,6"
2023-12-01,KAOLACK,Farine de blé,D01,Alimentaire,kg,463.5
Janvier 2024,kaolack,Farine de blé,D01,Alimentaire,kg,462.7
01/02/2024,kaolack,Farine de blé,D01,Alimentaire,kg,464.0
Mars 2024,KAOLACK,Farine de blé,D01,Alimentaire,kg,"484,7"
Avril 2024,Kaolack ,Farine de blé,D01,Alimentaire,kg,503.9
01/05/2024,kaolack,Farine de blé,D01,Alimentaire,kg,"509,1"
Juin 2024,Kaolack ,Farine de blé,D01,Alimentaire,kg,498.7
2024-07-01,kaolack,Farine de blé,D01,Alimentaire,kg,527.2
2024-08-01,kaolack,Farine de blé,D01,Alimentaire,kg,516.9
01/09/2024,Kaolack ,Farine de blé,D01,Alimentaire,kg,"496,8"
01/10/2024,KAOLACK,Farine de blé,D01,Alimentaire,kg,504.6
2024-11-01,Kaolack ,Farine de blé,D01,Alimentaire,kg,474.6
Décembre 2024,KAOLACK,Farine de blé,D01,Alimentaire,kg,481.3
2025-01-01,KAOLACK,Farine de blé,D01,Alimentaire,kg,469.1
01/02/2025,KAOLACK,Farine de blé,D01,Alimentaire,kg,456.6
2025-03-01,kaolack,Farine de blé,D01,Alimentaire,kg,493.7
2025-04-01,kaolack,Farine de blé,D01,Alimentaire,kg,"503,7"
2025-05-01,kaolack,Farine de blé,D01,Alimentaire,kg,"516,7"
01/06/2025,kaolack,Farine de blé,D01,Alimentaire,kg,524.4
Juillet 2025,kaolack,Farine de blé,D01,Alimentaire,kg,"533,5"
2025-08-01,KAOLACK,Farine de blé,D01,Alimentaire,kg,"525,3"
Septembre 2025,Kaolack ,Farine de blé,D01,Alimentaire,kg,"503,0"
01/10/2025,kaolack,Farine de blé,D01,Alimentaire,kg,525.7
Novembre 2025,KAOLACK,Farine de blé,D01,Alimentaire,kg,501.7
01/12/2025,Kaolack ,Farine de blé,D01,Alimentaire,kg,480.1
01/01/2026,kaolack,Farine de blé,D01,Alimentaire,kg,461.3
01/02/2026,Kaolack ,Farine de blé,D01,Alimentaire,kg,490.5
Mars 2026,kaolack,Farine de blé,D01,Alimentaire,kg,487.2
01/04/2026,kaolack,Farine de blé,D01,Alimentaire,kg,516.5
Mai 2026,Kaolack ,Farine de blé,D01,Alimentaire,kg,522.7
01/01/2018,Kolda ,Farine de blé,D01,Alimentaire,kg,"372,7"
2018-02-01,Kolda ,Farine de blé,D01,Alimentaire,kg,373.1
2018-03-01,kolda,Farine de blé,D01,Alimentaire,kg,385.5
01/04/2018,kolda,Farine de blé,D01,Alimentaire,kg,401.0
2018-05-01,kolda,Farine de blé,D01,Alimentaire,kg,412.2
2018-06-01,kolda,Farine de blé,D01,Alimentaire,kg,409.3
01/07/2018,kolda,Farine de blé,D01,Alimentaire,kg,4152.0
2018-08-01,KOLDA,Farine de blé,D01,Alimentaire,kg,418.3
Septembre 2018,Kolda ,Farine de blé,D01,Alimentaire,kg,388.6
Octobre 2018,KOLDA,Farine de blé,D01,Alimentaire,kg,391.4
Novembre 2018,KOLDA,Farine de blé,D01,Alimentaire,kg,375.0
01/12/2018,KOLDA,Farine de blé,D01,Alimentaire,kg,"369,0"
2019-01-01,KOLDA,Farine de blé,D01,Alimentaire,kg,382.3
Février 2019,kolda,Farine de blé,D01,Alimentaire,kg,381.2
01/03/2019,Kolda ,Farine de blé,D01,Alimentaire,kg,385.0
01/04/2019,KOLDA,Farine de blé,D01,Alimentaire,kg,416.2
01/05/2019,Kolda ,Farine de blé,D01,Alimentaire,kg,422.9
2019-06-01,Kolda ,Farine de blé,D01,Alimentaire,kg,404.8
01/07/2019,Kolda ,Farine de blé,D01,Alimentaire,kg,"409,1"
01/08/2019,kolda,Farine de blé,D01,Alimentaire,kg,421.3
Septembre 2019,Kolda ,Farine de blé,D01,Alimentaire,kg,404.8
01/10/2019,Kolda ,Farine de blé,D01,Alimentaire,kg,408.3
Novembre 2019,Kolda ,Farine de blé,D01,Alimentaire,kg,391.8
Décembre 2019,kolda,Farine de blé,D01,Alimentaire,kg,383.8
2020-01-01,KOLDA,Farine de blé,D01,Alimentaire,kg,379.7
2020-02-01,kolda,Farine de blé,D01,Alimentaire,kg,398.0
01/03/2020,Kolda ,Farine de blé,D01,Alimentaire,kg,394.5
Avril 2020,kolda,Farine de blé,D01,Alimentaire,kg,428.3
01/05/2020,KOLDA,Farine de blé,D01,Alimentaire,kg,"432,4"
2020-06-01,kolda,Farine de blé,D01,Alimentaire,kg,429.1
01/07/2020,KOLDA,Farine de blé,D01,Alimentaire,kg,444.1
Août 2020,Kolda ,Farine de blé,D01,Alimentaire,kg,450.6
2020-09-01,Kolda ,Farine de blé,D01,Alimentaire,kg,419.4
01/10/2020,kolda,Farine de blé,D01,Alimentaire,kg,414.3
01/11/2020,KOLDA,Farine de blé,D01,Alimentaire,kg,396.3
01/12/2020,KOLDA,Farine de blé,D01,Alimentaire,kg,394.3
2021-01-01,KOLDA,Farine de blé,D01,Alimentaire,kg,385.1
Février 2021,kolda,Farine de blé,D01,Alimentaire,kg,403.7
Mars 2021,KOLDA,Farine de blé,D01,Alimentaire,kg,415.1
01/04/2021,Kolda ,Farine de blé,D01,Alimentaire,kg,443.1
01/05/2021,Kolda ,Farine de blé,D01,Alimentaire,kg,423.7
01/06/2021,kolda,Farine de blé,D01,Alimentaire,kg,444.8
2021-07-01,Kolda ,Farine de blé,D01,Alimentaire,kg,459.6
2021-08-01,kolda,Farine de blé,D01,Alimentaire,kg,441.0
Septembre 2021,KOLDA,Farine de blé,D01,Alimentaire,kg,432.3
2021-10-01,Kolda ,Farine de blé,D01,Alimentaire,kg,415.9
Novembre 2021,kolda,Farine de blé,D01,Alimentaire,kg,"405,7"
01/12/2021,Kolda ,Farine de blé,D01,Alimentaire,kg,"393,1"
01/01/2022,Kolda ,Farine de blé,D01,Alimentaire,kg,413.8
2022-02-01,Kolda ,Farine de blé,D01,Alimentaire,kg,423.0
Mars 2022,kolda,Farine de blé,D01,Alimentaire,kg,449.8
01/04/2022,kolda,Farine de blé,D01,Alimentaire,kg,461.1
Mai 2022,KOLDA,Farine de blé,D01,Alimentaire,kg,482.5
Juin 2022,KOLDA,Farine de blé,D01,Alimentaire,kg,"496,1"
2022-07-01,KOLDA,Farine de blé,D01,Alimentaire,kg,505.8
Août 2022,KOLDA,Farine de blé,D01,Alimentaire,kg,499.9
01/09/2022,kolda,Farine de blé,D01,Alimentaire,kg,488.5
2022-10-01,Kolda ,Farine de blé,D01,Alimentaire,kg,491.6
01/11/2022,KOLDA,Farine de blé,D01,Alimentaire,kg,493.7
01/12/2022,kolda,Farine de blé,D01,Alimentaire,kg,
01/01/2023,Kolda ,Farine de blé,D01,Alimentaire,kg,461.9
2023-02-01,kolda,Farine de blé,D01,Alimentaire,kg,476.0
Mars 2023,KOLDA,Farine de blé,D01,Alimentaire,kg,"471,6"
2023-04-01,kolda,Farine de blé,D01,Alimentaire,kg,"507,2"
01/05/2023,Kolda ,Farine de blé,D01,Alimentaire,kg,520.2
Juin 2023,Kolda ,Farine de blé,D01,Alimentaire,kg,524.9
2023-07-01,Kolda ,Farine de blé,D01,Alimentaire,kg,
01/08/2023,kolda,Farine de blé,D01,Alimentaire,kg,527.3
01/09/2023,kolda,Farine de blé,D01,Alimentaire,kg,533.3
Octobre 2023,Kolda ,Farine de blé,D01,Alimentaire,kg,523.6
Novembre 2023,Kolda ,Farine de blé,D01,Alimentaire,kg,"493,5"
Décembre 2023,KOLDA,Farine de blé,D01,Alimentaire,kg,479.9
01/01/2024,KOLDA,Farine de blé,D01,Alimentaire,kg,475.9
01/02/2024,kolda,Farine de blé,D01,Alimentaire,kg,496.2
2024-03-01,KOLDA,Farine de blé,D01,Alimentaire,kg,502.4
Avril 2024,kolda,Farine de blé,D01,Alimentaire,kg,516.8
2024-05-01,kolda,Farine de blé,D01,Alimentaire,kg,535.2
01/06/2024,Kolda ,Farine de blé,D01,Alimentaire,kg,531.7
Juillet 2024,Kolda ,Farine de blé,D01,Alimentaire,kg,554.3
Août 2024,KOLDA,Farine de blé,D01,Alimentaire,kg,534.1
2024-09-01,Kolda ,Farine de blé,D01,Alimentaire,kg,516.0
Octobre 2024,Kolda ,Farine de blé,D01,Alimentaire,kg,"512,2"
01/11/2024,kolda,Farine de blé,D01,Alimentaire,kg,
01/12/2024,KOLDA,Farine de blé,D01,Alimentaire,kg,484.1
2025-01-01,Kolda ,Farine de blé,D01,Alimentaire,kg,495.7
Février 2025,KOLDA,Farine de blé,D01,Alimentaire,kg,489.2
01/03/2025,KOLDA,Farine de blé,D01,Alimentaire,kg,"501,7"
2025-04-01,kolda,Farine de blé,D01,Alimentaire,kg,532.9
2025-05-01,KOLDA,Farine de blé,D01,Alimentaire,kg,531.7
Juin 2025,kolda,Farine de blé,D01,Alimentaire,kg,560.4
2025-07-01,KOLDA,Farine de blé,D01,Alimentaire,kg,557.8
01/08/2025,KOLDA,Farine de blé,D01,Alimentaire,kg,"539,8"
Septembre 2025,Kolda ,Farine de blé,D01,Alimentaire,kg,540.3
Octobre 2025,KOLDA,Farine de blé,D01,Alimentaire,kg,525.2
2025-11-01,kolda,Farine de blé,D01,Alimentaire,kg,525.8
2025-12-01,Kolda ,Farine de blé,D01,Alimentaire,kg,523.6
2026-01-01,kolda,Farine de blé,D01,Alimentaire,kg,"485,2"
Février 2026,KOLDA,Farine de blé,D01,Alimentaire,kg,505.7
01/03/2026,Kolda ,Farine de blé,D01,Alimentaire,kg,518.3
Avril 2026,Kolda ,Farine de blé,D01,Alimentaire,kg,"533,7"
2026-05-01,KOLDA,Farine de blé,D01,Alimentaire,kg,"545,9"
Janvier 2018,Dakar ,Lait en poudre,D01,Alimentaire,kg,2808.3
2018-02-01,DAKAR,Lait en poudre,D01,Alimentaire,kg,2902.3
2018-03-01,Dakar ,Lait en poudre,D01,Alimentaire,kg,2918.1
01/04/2018,DAKAR,Lait en poudre,D01,Alimentaire,kg,2945.2
01/05/2018,DAKAR,Lait en poudre,D01,Alimentaire,kg,3120.7
01/06/2018,DAKAR,Lait en poudre,D01,Alimentaire,kg,3102.2
2018-07-01,Dakar ,Lait en poudre,D01,Alimentaire,kg,3087.1
01/08/2018,dakar,Lait en poudre,D01,Alimentaire,kg,3157.3
01/09/2018,dakar,Lait en poudre,D01,Alimentaire,kg,2911.3
Octobre 2018,DAKAR,Lait en poudre,D01,Alimentaire,kg,"3033,4"
Novembre 2018,DAKAR,Lait en poudre,D01,Alimentaire,kg,2848.8
01/12/2018,Dakar ,Lait en poudre,D01,Alimentaire,kg,"2875,3"
Janvier 2019,Dakar ,Lait en poudre,D01,Alimentaire,kg,2851.0
01/02/2019,Dakar ,Lait en poudre,D01,Alimentaire,kg,2858.8
01/03/2019,DAKAR,Lait en poudre,D01,Alimentaire,kg,"3044,9"
Avril 2019,Dakar ,Lait en poudre,D01,Alimentaire,kg,3146.5
01/05/2019,dakar,Lait en poudre,D01,Alimentaire,kg,3081.9
01/06/2019,DAKAR,Lait en poudre,D01,Alimentaire,kg,3156.4
01/07/2019,DAKAR,Lait en poudre,D01,Alimentaire,kg,3146.0
Août 2019,dakar,Lait en poudre,D01,Alimentaire,kg,"3222,9"
Septembre 2019,dakar,Lait en poudre,D01,Alimentaire,kg,2931.7
01/10/2019,DAKAR,Lait en poudre,D01,Alimentaire,kg,3018.0
2019-11-01,dakar,Lait en poudre,D01,Alimentaire,kg,2893.1
01/12/2019,DAKAR,Lait en poudre,D01,Alimentaire,kg,2761.5
01/01/2020,Dakar ,Lait en poudre,D01,Alimentaire,kg,2919.4
Février 2020,dakar,Lait en poudre,D01,Alimentaire,kg,"3088,7"
Mars 2020,dakar,Lait en poudre,D01,Alimentaire,kg,3004.2
2020-04-01,dakar,Lait en poudre,D01,Alimentaire,kg,"3172,4"
Mai 2020,Dakar ,Lait en poudre,D01,Alimentaire,kg,"3273,5"
Juin 2020,Dakar ,Lait en poudre,D01,Alimentaire,kg,3247.7
Juillet 2020,dakar,Lait en poudre,D01,Alimentaire,kg,3265.9
01/08/2020,Dakar ,Lait en poudre,D01,Alimentaire,kg,3115.9
2020-09-01,dakar,Lait en poudre,D01,Alimentaire,kg,3122.2
01/10/2020,DAKAR,Lait en poudre,D01,Alimentaire,kg,3152.8
Novembre 2020,dakar,Lait en poudre,D01,Alimentaire,kg,3035.7
01/12/2020,Dakar ,Lait en poudre,D01,Alimentaire,kg,"3012,1"
Janvier 2021,Dakar ,Lait en poudre,D01,Alimentaire,kg,3019.7
2021-02-01,DAKAR,Lait en poudre,D01,Alimentaire,kg,3184.9
Mars 2021,Dakar ,Lait en poudre,D01,Alimentaire,kg,3092.0
2021-04-01,Dakar ,Lait en poudre,D01,Alimentaire,kg,3303.0
Mai 2021,DAKAR,Lait en poudre,D01,Alimentaire,kg,3285.4
Juin 2021,dakar,Lait en poudre,D01,Alimentaire,kg,3443.0
Juillet 2021,Dakar ,Lait en poudre,D01,Alimentaire,kg,3258.8
01/08/2021,DAKAR,Lait en poudre,D01,Alimentaire,kg,3327.9
01/09/2021,Dakar ,Lait en poudre,D01,Alimentaire,kg,3236.4
Octobre 2021,dakar,Lait en poudre,D01,Alimentaire,kg,"3204,8"
2021-11-01,DAKAR,Lait en poudre,D01,Alimentaire,kg,"3212,7"
2021-12-01,DAKAR,Lait en poudre,D01,Alimentaire,kg,3122.9
2022-01-01,dakar,Lait en poudre,D01,Alimentaire,kg,3256.5
2022-02-01,Dakar ,Lait en poudre,D01,Alimentaire,kg,3217.2
01/03/2022,Dakar ,Lait en poudre,D01,Alimentaire,kg,3319.0
01/04/2022,DAKAR,Lait en poudre,D01,Alimentaire,kg,3506.1
01/05/2022,Dakar ,Lait en poudre,D01,Alimentaire,kg,3629.1
2022-06-01,Dakar ,Lait en poudre,D01,Alimentaire,kg,"3713,9"
01/07/2022,DAKAR,Lait en poudre,D01,Alimentaire,kg,37018.0
01/08/2022,DAKAR,Lait en poudre,D01,Alimentaire,kg,3870.9
2022-09-01,DAKAR,Lait en poudre,D01,Alimentaire,kg,3725.8
Octobre 2022,Dakar ,Lait en poudre,D01,Alimentaire,kg,3814.9
Novembre 2022,dakar,Lait en poudre,D01,Alimentaire,kg,3668.0
Décembre 2022,DAKAR,Lait en poudre,D01,Alimentaire,kg,3600.1
2023-01-01,Dakar ,Lait en poudre,D01,Alimentaire,kg,3586.9
01/02/2023,Dakar ,Lait en poudre,D01,Alimentaire,kg,3546.6
Mars 2023,Dakar ,Lait en poudre,D01,Alimentaire,kg,3724.9
01/04/2023,Dakar ,Lait en poudre,D01,Alimentaire,kg,3952.1
2023-05-01,Dakar ,Lait en poudre,D01,Alimentaire,kg,"3929,3"
01/06/2023,DAKAR,Lait en poudre,D01,Alimentaire,kg,4054.5
2023-07-01,DAKAR,Lait en poudre,D01,Alimentaire,kg,4057.5
01/08/2023,DAKAR,Lait en poudre,D01,Alimentaire,kg,4002.5
01/09/2023,dakar,Lait en poudre,D01,Alimentaire,kg,"3946,8"
Octobre 2023,dakar,Lait en poudre,D01,Alimentaire,kg,3914.6
Novembre 2023,dakar,Lait en poudre,D01,Alimentaire,kg,3872.8
01/12/2023,Dakar ,Lait en poudre,D01,Alimentaire,kg,3584.2
01/01/2024,Dakar ,Lait en poudre,D01,Alimentaire,kg,3663.8
2024-02-01,Dakar ,Lait en poudre,D01,Alimentaire,kg,3676.3
Mars 2024,dakar,Lait en poudre,D01,Alimentaire,kg,3737.4
2024-04-01,DAKAR,Lait en poudre,D01,Alimentaire,kg,3959.4
Mai 2024,dakar,Lait en poudre,D01,Alimentaire,kg,3889.5
Juin 2024,Dakar ,Lait en poudre,D01,Alimentaire,kg,3894.5
Juillet 2024,Dakar ,Lait en poudre,D01,Alimentaire,kg,4087.0
Août 2024,Dakar ,Lait en poudre,D01,Alimentaire,kg,3882.7
2024-09-01,dakar,Lait en poudre,D01,Alimentaire,kg,3795.2
Octobre 2024,Dakar ,Lait en poudre,D01,Alimentaire,kg,3959.7
01/11/2024,dakar,Lait en poudre,D01,Alimentaire,kg,3848.0
01/12/2024,DAKAR,Lait en poudre,D01,Alimentaire,kg,3743.7
Janvier 2025,Dakar ,Lait en poudre,D01,Alimentaire,kg,
01/02/2025,DAKAR,Lait en poudre,D01,Alimentaire,kg,3640.0
01/03/2025,dakar,Lait en poudre,D01,Alimentaire,kg,3740.5
2025-04-01,Dakar ,Lait en poudre,D01,Alimentaire,kg,"3913,6"
2025-05-01,DAKAR,Lait en poudre,D01,Alimentaire,kg,3932.1
Juin 2025,Dakar ,Lait en poudre,D01,Alimentaire,kg,
01/07/2025,Dakar ,Lait en poudre,D01,Alimentaire,kg,"4091,6"
2025-08-01,dakar,Lait en poudre,D01,Alimentaire,kg,"4125,6"
Septembre 2025,Dakar ,Lait en poudre,D01,Alimentaire,kg,4080.8
Octobre 2025,Dakar ,Lait en poudre,D01,Alimentaire,kg,4044.0
2025-11-01,Dakar ,Lait en poudre,D01,Alimentaire,kg,4000.7
2025-12-01,DAKAR,Lait en poudre,D01,Alimentaire,kg,3806.5
2026-01-01,Dakar ,Lait en poudre,D01,Alimentaire,kg,3721.3
2026-02-01,Dakar ,Lait en poudre,D01,Alimentaire,kg,3798.8
Mars 2026,DAKAR,Lait en poudre,D01,Alimentaire,kg,3706.2
2026-04-01,dakar,Lait en poudre,D01,Alimentaire,kg,4043.1
Mai 2026,Dakar ,Lait en poudre,D01,Alimentaire,kg,4095.7
01/01/2018,Thiès ,Lait en poudre,D01,Alimentaire,kg,2726.0
2018-02-01,Thiès ,Lait en poudre,D01,Alimentaire,kg,2649.8
Mars 2018,Thiès ,Lait en poudre,D01,Alimentaire,kg,2751.4
2018-04-01,THIÈS,Lait en poudre,D01,Alimentaire,kg,2767.9
Mai 2018,thiès,Lait en poudre,D01,Alimentaire,kg,2928.5
2018-06-01,THIÈS,Lait en poudre,D01,Alimentaire,kg,"2838,8"
01/07/2018,THIÈS,Lait en poudre,D01,Alimentaire,kg,2871.3
2018-08-01,THIÈS,Lait en poudre,D01,Alimentaire,kg,"2931,8"
01/09/2018,Thiès ,Lait en poudre,D01,Alimentaire,kg,2815.3
Octobre 2018,thiès,Lait en poudre,D01,Alimentaire,kg,2738.8
Novembre 2018,Thiès ,Lait en poudre,D01,Alimentaire,kg,2785.3
2018-12-01,thiès,Lait en poudre,D01,Alimentaire,kg,2752.3
2019-01-01,thiès,Lait en poudre,D01,Alimentaire,kg,2760.9
2019-02-01,thiès,Lait en poudre,D01,Alimentaire,kg,2794.4
Mars 2019,Thiès ,Lait en poudre,D01,Alimentaire,kg,2786.0
01/04/2019,THIÈS,Lait en poudre,D01,Alimentaire,kg,2850.4
Mai 2019,THIÈS,Lait en poudre,D01,Alimentaire,kg,2882.5
01/06/2019,Thiès ,Lait en poudre,D01,Alimentaire,kg,2967.8
01/07/2019,thiès,Lait en poudre,D01,Alimentaire,kg,2933.2
2019-08-01,Thiès ,Lait en poudre,D01,Alimentaire,kg,2913.3
2019-09-01,Thiès ,Lait en poudre,D01,Alimentaire,kg,2922.4
Octobre 2019,THIÈS,Lait en poudre,D01,Alimentaire,kg,2892.8
2019-11-01,Thiès ,Lait en poudre,D01,Alimentaire,kg,"2791,7"
01/12/2019,THIÈS,Lait en poudre,D01,Alimentaire,kg,2832.1
01/01/2020,Thiès ,Lait en poudre,D01,Alimentaire,kg,2735.0
01/02/2020,THIÈS,Lait en poudre,D01,Alimentaire,kg,2706.7
Mars 2020,Thiès ,Lait en poudre,D01,Alimentaire,kg,2912.9
Avril 2020,Thiès ,Lait en poudre,D01,Alimentaire,kg,2900.7
01/05/2020,thiès,Lait en poudre,D01,Alimentaire,kg,2999.4
Juin 2020,THIÈS,Lait en poudre,D01,Alimentaire,kg,2956.1
01/07/2020,THIÈS,Lait en poudre,D01,Alimentaire,kg,3018.4
2020-08-01,thiès,Lait en poudre,D01,Alimentaire,kg,2952.5
01/09/2020,Thiès ,Lait en poudre,D01,Alimentaire,kg,2962.4
Octobre 2020,Thiès ,Lait en poudre,D01,Alimentaire,kg,2898.3
Novembre 2020,thiès,Lait en poudre,D01,Alimentaire,kg,2865.6
01/12/2020,THIÈS,Lait en poudre,D01,Alimentaire,kg,2890.9
2021-01-01,thiès,Lait en poudre,D01,Alimentaire,kg,2879.6
Février 2021,Thiès ,Lait en poudre,D01,Alimentaire,kg,2785.0
2021-03-01,thiès,Lait en poudre,D01,Alimentaire,kg,2978.1
Avril 2021,Thiès ,Lait en poudre,D01,Alimentaire,kg,3025.9
Mai 2021,THIÈS,Lait en poudre,D01,Alimentaire,kg,
Juin 2021,thiès,Lait en poudre,D01,Alimentaire,kg,"3140,3"
2021-07-01,THIÈS,Lait en poudre,D01,Alimentaire,kg,
01/08/2021,thiès,Lait en poudre,D01,Alimentaire,kg,3084.7
2021-09-01,thiès,Lait en poudre,D01,Alimentaire,kg,3066.2
2021-10-01,THIÈS,Lait en poudre,D01,Alimentaire,kg,"3086,4"
01/11/2021,Thiès ,Lait en poudre,D01,Alimentaire,kg,2916.9
Décembre 2021,Thiès ,Lait en poudre,D01,Alimentaire,kg,"2863,7"
2022-01-01,thiès,Lait en poudre,D01,Alimentaire,kg,
2022-02-01,thiès,Lait en poudre,D01,Alimentaire,kg,3006.8
Mars 2022,THIÈS,Lait en poudre,D01,Alimentaire,kg,3073.8
Avril 2022,THIÈS,Lait en poudre,D01,Alimentaire,kg,"3283,8"
Mai 2022,thiès,Lait en poudre,D01,Alimentaire,kg,3525.6
Juin 2022,thiès,Lait en poudre,D01,Alimentaire,kg,"3514,0"
Juillet 2022,Thiès ,Lait en poudre,D01,Alimentaire,kg,3573.3
Août 2022,Thiès ,Lait en poudre,D01,Alimentaire,kg,3414.4
Septembre 2022,THIÈS,Lait en poudre,D01,Alimentaire,kg,3571.6
Octobre 2022,THIÈS,Lait en poudre,D01,Alimentaire,kg,3505.7
2022-11-01,thiès,Lait en poudre,D01,Alimentaire,kg,"3413,5"
01/12/2022,thiès,Lait en poudre,D01,Alimentaire,kg,3364.9
01/01/2023,Thiès ,Lait en poudre,D01,Alimentaire,kg,"3357,9"
01/02/2023,THIÈS,Lait en poudre,D01,Alimentaire,kg,3329.8
Mars 2023,thiès,Lait en poudre,D01,Alimentaire,kg,3511.6
2023-04-01,thiès,Lait en poudre,D01,Alimentaire,kg,3675.9
2023-05-01,thiès,Lait en poudre,D01,Alimentaire,kg,3671.5
01/06/2023,THIÈS,Lait en poudre,D01,Alimentaire,kg,"3692,1"
Juillet 2023,Thiès ,Lait en poudre,D01,Alimentaire,kg,3762.1
Août 2023,thiès,Lait en poudre,D01,Alimentaire,kg,3817.0
2023-09-01,THIÈS,Lait en poudre,D01,Alimentaire,kg,3618.6
01/10/2023,thiès,Lait en poudre,D01,Alimentaire,kg,3695.3
01/11/2023,THIÈS,Lait en poudre,D01,Alimentaire,kg,3549.9
01/12/2023,thiès,Lait en poudre,D01,Alimentaire,kg,3492.1
Janvier 2024,THIÈS,Lait en poudre,D01,Alimentaire,kg,"3400,6"
01/02/2024,THIÈS,Lait en poudre,D01,Alimentaire,kg,3441.5
Mars 2024,Thiès ,Lait en poudre,D01,Alimentaire,kg,3662.0
Avril 2024,thiès,Lait en poudre,D01,Alimentaire,kg,"3538,3"
01/05/2024,Thiès ,Lait en poudre,D01,Alimentaire,kg,3760.1
01/06/2024,thiès,Lait en poudre,D01,Alimentaire,kg,3910.4
01/07/2024,Thiès ,Lait en poudre,D01,Alimentaire,kg,3847.3
Août 2024,THIÈS,Lait en poudre,D01,Alimentaire,kg,"3669,6"
2024-09-01,Thiès ,Lait en poudre,D01,Alimentaire,kg,3628.5
Octobre 2024,thiès,Lait en poudre,D01,Alimentaire,kg,"3613,7"
01/11/2024,Thiès ,Lait en poudre,D01,Alimentaire,kg,3630.1
2024-12-01,THIÈS,Lait en poudre,D01,Alimentaire,kg,3514.6
Janvier 2025,THIÈS,Lait en poudre,D01,Alimentaire,kg,3392.4
2025-02-01,thiès,Lait en poudre,D01,Alimentaire,kg,3470.1
01/03/2025,THIÈS,Lait en poudre,D01,Alimentaire,kg,3555.8
Avril 2025,THIÈS,Lait en poudre,D01,Alimentaire,kg,3698.9
Mai 2025,Thiès ,Lait en poudre,D01,Alimentaire,kg,3957.4
Juin 2025,Thiès ,Lait en poudre,D01,Alimentaire,kg,3800.0
2025-07-01,Thiès ,Lait en poudre,D01,Alimentaire,kg,3819.9
Août 2025,thiès,Lait en poudre,D01,Alimentaire,kg,3789.8
01/09/2025,thiès,Lait en poudre,D01,Alimentaire,kg,3886.7
2025-10-01,Thiès ,Lait en poudre,D01,Alimentaire,kg,3782.7
Novembre 2025,thiès,Lait en poudre,D01,Alimentaire,kg,3669.9
2025-12-01,Thiès ,Lait en poudre,D01,Alimentaire,kg,"3589,7"
2026-01-01,thiès,Lait en poudre,D01,Alimentaire,kg,3442.4
2026-02-01,THIÈS,Lait en poudre,D01,Alimentaire,kg,"3588,1"
01/03/2026,thiès,Lait en poudre,D01,Alimentaire,kg,3872.2
Avril 2026,Thiès ,Lait en poudre,D01,Alimentaire,kg,3807.1
01/05/2026,thiès,Lait en poudre,D01,Alimentaire,kg,3845.1
Janvier 2018,Saint-Louis ,Lait en poudre,D01,Alimentaire,kg,2619.8
Février 2018,Saint-Louis ,Lait en poudre,D01,Alimentaire,kg,"2607,0"
Mars 2018,SAINT-LOUIS,Lait en poudre,D01,Alimentaire,kg,2767.4
2018-04-01,Saint-Louis ,Lait en poudre,D01,Alimentaire,kg,2825.1
2018-05-01,Saint-Louis ,Lait en poudre,D01,Alimentaire,kg,2815.7
2018-06-01,SAINT-LOUIS,Lait en poudre,D01,Alimentaire,kg,2946.9
01/07/2018,saint-louis,Lait en poudre,D01,Alimentaire,kg,"2883,0"
Août 2018,Saint-Louis ,Lait en poudre,D01,Alimentaire,kg,2901.6
2018-09-01,SAINT-LOUIS,Lait en poudre,D01,Alimentaire,kg,"2825,1"
01/10/2018,SAINT-LOUIS,Lait en poudre,D01,Alimentaire,kg,2739.1
2018-11-01,SAINT-LOUIS,Lait en poudre,D01,Alimentaire,kg,2643.2
01/12/2018,SAINT-LOUIS,Lait en poudre,D01,Alimentaire,kg,2652.9
Janvier 2019,SAINT-LOUIS,Lait en poudre,D01,Alimentaire,kg,2725.9
01/02/2019,Saint-Louis ,Lait en poudre,D01,Alimentaire,kg,2679.0
2019-03-01,Saint-Louis ,Lait en poudre,D01,Alimentaire,kg,2781.3
01/04/2019,Saint-Louis ,Lait en poudre,D01,Alimentaire,kg,2758.1
Mai 2019,saint-louis,Lait en poudre,D01,Alimentaire,kg,2921.4
Juin 2019,Saint-Louis ,Lait en poudre,D01,Alimentaire,kg,2931.7
01/07/2019,SAINT-LOUIS,Lait en poudre,D01,Alimentaire,kg,"2849,8"
Août 2019,SAINT-LOUIS,Lait en poudre,D01,Alimentaire,kg,2881.7
01/09/2019,SAINT-LOUIS,Lait en poudre,D01,Alimentaire,kg,2897.5
Octobre 2019,SAINT-LOUIS,Lait en poudre,D01,Alimentaire,kg,"2713,4"
Novembre 2019,Saint-Louis ,Lait en poudre,D01,Alimentaire,kg,2669.6
Décembre 2019,Saint-Louis ,Lait en poudre,D01,Alimentaire,kg,2689.2
Janvier 2020,Saint-Louis ,Lait en poudre,D01,Alimentaire,kg,2849.2
01/02/2020,Saint-Louis ,Lait en poudre,D01,Alimentaire,kg,"2730,6"
Mars 2020,Saint-Louis ,Lait en poudre,D01,Alimentaire,kg,2856.8
01/04/2020,saint-louis,Lait en poudre,D01,Alimentaire,kg,2917.1
01/05/2020,SAINT-LOUIS,Lait en poudre,D01,Alimentaire,kg,2935.7
01/06/2020,SAINT-LOUIS,Lait en poudre,D01,Alimentaire,kg,3028.4
2020-07-01,Saint-Louis ,Lait en poudre,D01,Alimentaire,kg,3000.4
Août 2020,saint-louis,Lait en poudre,D01,Alimentaire,kg,2976.9
01/09/2020,Saint-Louis ,Lait en poudre,D01,Alimentaire,kg,2845.7
01/10/2020,SAINT-LOUIS,Lait en poudre,D01,Alimentaire,kg,2876.1
Novembre 2020,saint-louis,Lait en poudre,D01,Alimentaire,kg,2868.2
2020-12-01,SAINT-LOUIS,Lait en poudre,D01,Alimentaire,kg,2781.8
2021-01-01,saint-louis,Lait en poudre,D01,Alimentaire,kg,2859.6
Février 2021,saint-louis,Lait en poudre,D01,Alimentaire,kg,2868.2
01/03/2021,saint-louis,Lait en poudre,D01,Alimentaire,kg,"2894,7"
01/04/2021,SAINT-LOUIS,Lait en poudre,D01,Alimentaire,kg,2936.5
01/05/2021,Saint-Louis ,Lait en poudre,D01,Alimentaire,kg,3015.2
Juin 2021,Saint-Louis ,Lait en poudre,D01,Alimentaire,kg,3003.5
01/07/2021,saint-louis,Lait en poudre,D01,Alimentaire,kg,3087.7
01/08/2021,saint-louis,Lait en poudre,D01,Alimentaire,kg,"3090,0"
2021-09-01,SAINT-LOUIS,Lait en poudre,D01,Alimentaire,kg,
01/10/2021,saint-louis,Lait en poudre,D01,Alimentaire,kg,3001.2
01/11/2021,saint-louis,Lait en poudre,D01,Alimentaire,kg,2863.7
Décembre 2021,saint-louis,Lait en poudre,D01,Alimentaire,kg,2797.2
Janvier 2022,saint-louis,Lait en poudre,D01,Alimentaire,kg,2941.8
Février 2022,Saint-Louis ,Lait en poudre,D01,Alimentaire,kg,"3079,4"
01/03/2022,SAINT-LOUIS,Lait en poudre,D01,Alimentaire,kg,
2022-04-01,saint-louis,Lait en poudre,D01,Alimentaire,kg,3292.2
2022-05-01,Saint-Louis ,Lait en poudre,D01,Alimentaire,kg,3362.7
01/06/2022,Saint-Louis ,Lait en poudre,D01,Alimentaire,kg,3513.6
Juillet 2022,Saint-Louis ,Lait en poudre,D01,Alimentaire,kg,3395.1
Août 2022,saint-louis,Lait en poudre,D01,Alimentaire,kg,3625.5
Septembre 2022,saint-louis,Lait en poudre,D01,Alimentaire,kg,3409.9
Octobre 2022,saint-louis,Lait en poudre,D01,Alimentaire,kg,3501.4
2022-11-01,Saint-Louis ,Lait en poudre,D01,Alimentaire,kg,3389.0
2022-12-01,Saint-Louis ,Lait en poudre,D01,Alimentaire,kg,"3294,9"
01/01/2023,SAINT-LOUIS,Lait en poudre,D01,Alimentaire,kg,3280.4
2023-02-01,SAINT-LOUIS,Lait en poudre,D01,Alimentaire,kg,3368.0
Mars 2023,SAINT-LOUIS,Lait en poudre,D01,Alimentaire,kg,3467.6
01/04/2023,SAINT-LOUIS,Lait en poudre,D01,Alimentaire,kg,"3611,0"
2023-05-01,SAINT-LOUIS,Lait en poudre,D01,Alimentaire,kg,"3735,3"
2023-06-01,Saint-Louis ,Lait en poudre,D01,Alimentaire,kg,"3725,5"
01/07/2023,SAINT-LOUIS,Lait en poudre,D01,Alimentaire,kg,"3846,3"
2023-08-01,saint-louis,Lait en poudre,D01,Alimentaire,kg,3703.5
2023-09-01,saint-louis,Lait en poudre,D01,Alimentaire,kg,"3732,7"
01/10/2023,SAINT-LOUIS,Lait en poudre,D01,Alimentaire,kg,3629.1
Novembre 2023,SAINT-LOUIS,Lait en poudre,D01,Alimentaire,kg,3505.8
01/12/2023,Saint-Louis ,Lait en poudre,D01,Alimentaire,kg,3435.5
2024-01-01,saint-louis,Lait en poudre,D01,Alimentaire,kg,3421.9
01/02/2024,SAINT-LOUIS,Lait en poudre,D01,Alimentaire,kg,3426.6
Mars 2024,saint-louis,Lait en poudre,D01,Alimentaire,kg,3529.3
01/04/2024,saint-louis,Lait en poudre,D01,Alimentaire,kg,3648.3
01/05/2024,saint-louis,Lait en poudre,D01,Alimentaire,kg,3666.4
Juin 2024,Saint-Louis ,Lait en poudre,D01,Alimentaire,kg,3503.6
2024-07-01,Saint-Louis ,Lait en poudre,D01,Alimentaire,kg,3863.8
01/08/2024,Saint-Louis ,Lait en poudre,D01,Alimentaire,kg,3691.4
01/09/2024,saint-louis,Lait en poudre,D01,Alimentaire,kg,3607.7
Octobre 2024,saint-louis,Lait en poudre,D01,Alimentaire,kg,"3532,6"
Novembre 2024,SAINT-LOUIS,Lait en poudre,D01,Alimentaire,kg,3540.4
2024-12-01,SAINT-LOUIS,Lait en poudre,D01,Alimentaire,kg,3407.5
01/01/2025,Saint-Louis ,Lait en poudre,D01,Alimentaire,kg,3378.2
Février 2025,Saint-Louis ,Lait en poudre,D01,Alimentaire,kg,3431.3
Mars 2025,SAINT-LOUIS,Lait en poudre,D01,Alimentaire,kg,3598.0
Avril 2025,Saint-Louis ,Lait en poudre,D01,Alimentaire,kg,3805.1
Mai 2025,SAINT-LOUIS,Lait en poudre,D01,Alimentaire,kg,3810.8
2025-06-01,SAINT-LOUIS,Lait en poudre,D01,Alimentaire,kg,3899.8
01/07/2025,SAINT-LOUIS,Lait en poudre,D01,Alimentaire,kg,3808.6
01/08/2025,saint-louis,Lait en poudre,D01,Alimentaire,kg,3827.6
2025-09-01,SAINT-LOUIS,Lait en poudre,D01,Alimentaire,kg,
Octobre 2025,saint-louis,Lait en poudre,D01,Alimentaire,kg,3679.8
01/11/2025,saint-louis,Lait en poudre,D01,Alimentaire,kg,3649.5
01/12/2025,SAINT-LOUIS,Lait en poudre,D01,Alimentaire,kg,3622.5
01/01/2026,SAINT-LOUIS,Lait en poudre,D01,Alimentaire,kg,"3520,4"
Février 2026,Saint-Louis ,Lait en poudre,D01,Alimentaire,kg,3518.2
01/03/2026,saint-louis,Lait en poudre,D01,Alimentaire,kg,3533.3
2026-04-01,Saint-Louis ,Lait en poudre,D01,Alimentaire,kg,3687.2
01/05/2026,SAINT-LOUIS,Lait en poudre,D01,Alimentaire,kg,3685.1
01/01/2018,DIOURBEL,Lait en poudre,D01,Alimentaire,kg,2618.6
01/02/2018,DIOURBEL,Lait en poudre,D01,Alimentaire,kg,2651.7
Mars 2018,Diourbel ,Lait en poudre,D01,Alimentaire,kg,2671.3
01/04/2018,DIOURBEL,Lait en poudre,D01,Alimentaire,kg,27580.0
2018-05-01,Diourbel ,Lait en poudre,D01,Alimentaire,kg,2822.3
Juin 2018,DIOURBEL,Lait en poudre,D01,Alimentaire,kg,2847.8
2018-07-01,Diourbel ,Lait en poudre,D01,Alimentaire,kg,2769.7
Août 2018,diourbel,Lait en poudre,D01,Alimentaire,kg,"2799,6"
2018-09-01,Diourbel ,Lait en poudre,D01,Alimentaire,kg,2788.3
01/10/2018,DIOURBEL,Lait en poudre,D01,Alimentaire,kg,2792.4
Novembre 2018,DIOURBEL,Lait en poudre,D01,Alimentaire,kg,2639.2
2018-12-01,Diourbel ,Lait en poudre,D01,Alimentaire,kg,2649.0
2019-01-01,Diourbel ,Lait en poudre,D01,Alimentaire,kg,2686.3
01/02/2019,diourbel,Lait en poudre,D01,Alimentaire,kg,"2654,8"
2019-03-01,DIOURBEL,Lait en poudre,D01,Alimentaire,kg,2777.4
2019-04-01,diourbel,Lait en poudre,D01,Alimentaire,kg,2843.0
Mai 2019,diourbel,Lait en poudre,D01,Alimentaire,kg,2910.9
Juin 2019,Diourbel ,Lait en poudre,D01,Alimentaire,kg,"2895,4"
Juillet 2019,diourbel,Lait en poudre,D01,Alimentaire,kg,
Août 2019,Diourbel ,Lait en poudre,D01,Alimentaire,kg,2815.5
01/09/2019,DIOURBEL,Lait en poudre,D01,Alimentaire,kg,"2920,2"
01/10/2019,diourbel,Lait en poudre,D01,Alimentaire,kg,2783.2
Novembre 2019,Diourbel ,Lait en poudre,D01,Alimentaire,kg,2758.5
01/12/2019,diourbel,Lait en poudre,D01,Alimentaire,kg,2635.0
2020-01-01,diourbel,Lait en poudre,D01,Alimentaire,kg,2736.4
2020-02-01,Diourbel ,Lait en poudre,D01,Alimentaire,kg,2803.5
01/03/2020,diourbel,Lait en poudre,D01,Alimentaire,kg,2725.1
Avril 2020,diourbel,Lait en poudre,D01,Alimentaire,kg,2848.5
01/05/2020,diourbel,Lait en poudre,D01,Alimentaire,kg,2800.2
01/06/2020,Diourbel ,Lait en poudre,D01,Alimentaire,kg,2962.1
2020-07-01,DIOURBEL,Lait en poudre,D01,Alimentaire,kg,"2932,8"
Août 2020,Diourbel ,Lait en poudre,D01,Alimentaire,kg,2939.8
Septembre 2020,DIOURBEL,Lait en poudre,D01,Alimentaire,kg,3068.2
2020-10-01,DIOURBEL,Lait en poudre,D01,Alimentaire,kg,2931.1
01/11/2020,DIOURBEL,Lait en poudre,D01,Alimentaire,kg,2694.7
01/12/2020,DIOURBEL,Lait en poudre,D01,Alimentaire,kg,2766.7
2021-01-01,Diourbel ,Lait en poudre,D01,Alimentaire,kg,2800.0
01/02/2021,DIOURBEL,Lait en poudre,D01,Alimentaire,kg,"2773,2"
2021-03-01,Diourbel ,Lait en poudre,D01,Alimentaire,kg,"2864,2"
01/04/2021,DIOURBEL,Lait en poudre,D01,Alimentaire,kg,2944.7
2021-05-01,diourbel,Lait en poudre,D01,Alimentaire,kg,2917.7
01/06/2021,diourbel,Lait en poudre,D01,Alimentaire,kg,2984.6
Juillet 2021,diourbel,Lait en poudre,D01,Alimentaire,kg,3067.6
2021-08-01,Diourbel ,Lait en poudre,D01,Alimentaire,kg,3040.1
2021-09-01,diourbel,Lait en poudre,D01,Alimentaire,kg,2942.8
Octobre 2021,Diourbel ,Lait en poudre,D01,Alimentaire,kg,"2878,1"
Novembre 2021,DIOURBEL,Lait en poudre,D01,Alimentaire,kg,
Décembre 2021,DIOURBEL,Lait en poudre,D01,Alimentaire,kg,2886.5
2022-01-01,DIOURBEL,Lait en poudre,D01,Alimentaire,kg,2904.5
2022-02-01,DIOURBEL,Lait en poudre,D01,Alimentaire,kg,"3080,9"
Mars 2022,diourbel,Lait en poudre,D01,Alimentaire,kg,3045.1
01/04/2022,DIOURBEL,Lait en poudre,D01,Alimentaire,kg,3219.7
Mai 2022,DIOURBEL,Lait en poudre,D01,Alimentaire,kg,3300.0
2022-06-01,diourbel,Lait en poudre,D01,Alimentaire,kg,3451.3
2022-07-01,Diourbel ,Lait en poudre,D01,Alimentaire,kg,3399.7
2022-08-01,Diourbel ,Lait en poudre,D01,Alimentaire,kg,3592.7
2022-09-01,DIOURBEL,Lait en poudre,D01,Alimentaire,kg,3318.3
Octobre 2022,DIOURBEL,Lait en poudre,D01,Alimentaire,kg,3510.6
Novembre 2022,diourbel,Lait en poudre,D01,Alimentaire,kg,3361.7
01/12/2022,Diourbel ,Lait en poudre,D01,Alimentaire,kg,3288.2
2023-01-01,diourbel,Lait en poudre,D01,Alimentaire,kg,3332.8
2023-02-01,Diourbel ,Lait en poudre,D01,Alimentaire,kg,3356.5
2023-03-01,Diourbel ,Lait en poudre,D01,Alimentaire,kg,3334.4
Avril 2023,Diourbel ,Lait en poudre,D01,Alimentaire,kg,3524.1
Mai 2023,Diourbel ,Lait en poudre,D01,Alimentaire,kg,3711.3
01/06/2023,DIOURBEL,Lait en poudre,D01,Alimentaire,kg,3579.9
Juillet 2023,diourbel,Lait en poudre,D01,Alimentaire,kg,
Août 2023,DIOURBEL,Lait en poudre,D01,Alimentaire,kg,3668.4
Septembre 2023,DIOURBEL,Lait en poudre,D01,Alimentaire,kg,3567.1
2023-10-01,diourbel,Lait en poudre,D01,Alimentaire,kg,3480.1
Novembre 2023,diourbel,Lait en poudre,D01,Alimentaire,kg,3475.1
Décembre 2023,Diourbel ,Lait en poudre,D01,Alimentaire,kg,3239.2
01/01/2024,DIOURBEL,Lait en poudre,D01,Alimentaire,kg,3308.5
01/02/2024,DIOURBEL,Lait en poudre,D01,Alimentaire,kg,3358.8
Mars 2024,DIOURBEL,Lait en poudre,D01,Alimentaire,kg,3373.0
01/04/2024,Diourbel ,Lait en poudre,D01,Alimentaire,kg,3584.5
01/05/2024,diourbel,Lait en poudre,D01,Alimentaire,kg,3596.4
Juin 2024,diourbel,Lait en poudre,D01,Alimentaire,kg,"3619,5"
Juillet 2024,DIOURBEL,Lait en poudre,D01,Alimentaire,kg,3657.4
2024-08-01,diourbel,Lait en poudre,D01,Alimentaire,kg,3682.9
Septembre 2024,DIOURBEL,Lait en poudre,D01,Alimentaire,kg,3617.6
2024-10-01,DIOURBEL,Lait en poudre,D01,Alimentaire,kg,3508.9
01/11/2024,diourbel,Lait en poudre,D01,Alimentaire,kg,3518.9
2024-12-01,diourbel,Lait en poudre,D01,Alimentaire,kg,"3390,4"
Janvier 2025,diourbel,Lait en poudre,D01,Alimentaire,kg,3299.6
Février 2025,Diourbel ,Lait en poudre,D01,Alimentaire,kg,3406.0
01/03/2025,Diourbel ,Lait en poudre,D01,Alimentaire,kg,3546.7
01/04/2025,DIOURBEL,Lait en poudre,D01,Alimentaire,kg,
01/05/2025,DIOURBEL,Lait en poudre,D01,Alimentaire,kg,3675.2
2025-06-01,diourbel,Lait en poudre,D01,Alimentaire,kg,3806.9
01/07/2025,diourbel,Lait en poudre,D01,Alimentaire,kg,3705.1
Août 2025,diourbel,Lait en poudre,D01,Alimentaire,kg,3690.0
2025-09-01,Diourbel ,Lait en poudre,D01,Alimentaire,kg,"3704,0"
01/10/2025,DIOURBEL,Lait en poudre,D01,Alimentaire,kg,"3782,2"
2025-11-01,Diourbel ,Lait en poudre,D01,Alimentaire,kg,3636.6
2025-12-01,DIOURBEL,Lait en poudre,D01,Alimentaire,kg,3488.1
Janvier 2026,diourbel,Lait en poudre,D01,Alimentaire,kg,3497.6
01/02/2026,DIOURBEL,Lait en poudre,D01,Alimentaire,kg,3440.1
01/03/2026,diourbel,Lait en poudre,D01,Alimentaire,kg,3724.0
01/04/2026,Diourbel ,Lait en poudre,D01,Alimentaire,kg,3615.3
Mai 2026,diourbel,Lait en poudre,D01,Alimentaire,kg,3661.1
2018-01-01,kaolack,Lait en poudre,D01,Alimentaire,kg,2632.9
01/02/2018,KAOLACK,Lait en poudre,D01,Alimentaire,kg,2652.1
2018-03-01,Kaolack ,Lait en poudre,D01,Alimentaire,kg,"2669,7"
Avril 2018,KAOLACK,Lait en poudre,D01,Alimentaire,kg,2917.4
Mai 2018,KAOLACK,Lait en poudre,D01,Alimentaire,kg,2845.8
Juin 2018,Kaolack ,Lait en poudre,D01,Alimentaire,kg,2889.0
2018-07-01,Kaolack ,Lait en poudre,D01,Alimentaire,kg,2840.7
2018-08-01,KAOLACK,Lait en poudre,D01,Alimentaire,kg,2810.0
01/09/2018,kaolack,Lait en poudre,D01,Alimentaire,kg,2851.5
01/10/2018,KAOLACK,Lait en poudre,D01,Alimentaire,kg,2643.2
Novembre 2018,Kaolack ,Lait en poudre,D01,Alimentaire,kg,2619.7
Décembre 2018,kaolack,Lait en poudre,D01,Alimentaire,kg,2634.0
01/01/2019,KAOLACK,Lait en poudre,D01,Alimentaire,kg,2739.2
2019-02-01,KAOLACK,Lait en poudre,D01,Alimentaire,kg,2672.6
2019-03-01,KAOLACK,Lait en poudre,D01,Alimentaire,kg,2765.8
01/04/2019,KAOLACK,Lait en poudre,D01,Alimentaire,kg,2806.4
2019-05-01,KAOLACK,Lait en poudre,D01,Alimentaire,kg,2936.1
2019-06-01,kaolack,Lait en poudre,D01,Alimentaire,kg,2806.8
2019-07-01,Kaolack ,Lait en poudre,D01,Alimentaire,kg,2948.0
2019-08-01,Kaolack ,Lait en poudre,D01,Alimentaire,kg,2868.5
01/09/2019,kaolack,Lait en poudre,D01,Alimentaire,kg,2882.4
Octobre 2019,Kaolack ,Lait en poudre,D01,Alimentaire,kg,
Novembre 2019,kaolack,Lait en poudre,D01,Alimentaire,kg,2715.5
Décembre 2019,KAOLACK,Lait en poudre,D01,Alimentaire,kg,2673.8
01/01/2020,kaolack,Lait en poudre,D01,Alimentaire,kg,2664.2
Février 2020,KAOLACK,Lait en poudre,D01,Alimentaire,kg,"2683,3"
2020-03-01,KAOLACK,Lait en poudre,D01,Alimentaire,kg,2781.7
2020-04-01,Kaolack ,Lait en poudre,D01,Alimentaire,kg,2894.8
Mai 2020,Kaolack ,Lait en poudre,D01,Alimentaire,kg,"2910,9"
Juin 2020,kaolack,Lait en poudre,D01,Alimentaire,kg,2983.5
Juillet 2020,kaolack,Lait en poudre,D01,Alimentaire,kg,2898.6
01/08/2020,Kaolack ,Lait en poudre,D01,Alimentaire,kg,2961.0
2020-09-01,Kaolack ,Lait en poudre,D01,Alimentaire,kg,2988.5
Octobre 2020,KAOLACK,Lait en poudre,D01,Alimentaire,kg,"2903,3"
2020-11-01,kaolack,Lait en poudre,D01,Alimentaire,kg,"2798,3"
2020-12-01,KAOLACK,Lait en poudre,D01,Alimentaire,kg,2778.0
Janvier 2021,kaolack,Lait en poudre,D01,Alimentaire,kg,"2738,2"
2021-02-01,KAOLACK,Lait en poudre,D01,Alimentaire,kg,2912.5
2021-03-01,KAOLACK,Lait en poudre,D01,Alimentaire,kg,"3002,7"
Avril 2021,Kaolack ,Lait en poudre,D01,Alimentaire,kg,"2968,5"
Mai 2021,KAOLACK,Lait en poudre,D01,Alimentaire,kg,3186.3
Juin 2021,Kaolack ,Lait en poudre,D01,Alimentaire,kg,3037.0
2021-07-01,kaolack,Lait en poudre,D01,Alimentaire,kg,3011.3
2021-08-01,KAOLACK,Lait en poudre,D01,Alimentaire,kg,3021.9
Septembre 2021,KAOLACK,Lait en poudre,D01,Alimentaire,kg,3002.7
2021-10-01,Kaolack ,Lait en poudre,D01,Alimentaire,kg,"3091,3"
2021-11-01,Kaolack ,Lait en poudre,D01,Alimentaire,kg,2883.1
01/12/2021,Kaolack ,Lait en poudre,D01,Alimentaire,kg,2816.2
01/01/2022,KAOLACK,Lait en poudre,D01,Alimentaire,kg,2886.2
Février 2022,Kaolack ,Lait en poudre,D01,Alimentaire,kg,3083.5
01/03/2022,KAOLACK,Lait en poudre,D01,Alimentaire,kg,3182.1
Avril 2022,kaolack,Lait en poudre,D01,Alimentaire,kg,3208.9
01/05/2022,KAOLACK,Lait en poudre,D01,Alimentaire,kg,3231.8
Juin 2022,KAOLACK,Lait en poudre,D01,Alimentaire,kg,3368.6
01/07/2022,KAOLACK,Lait en poudre,D01,Alimentaire,kg,3609.5
Août 2022,Kaolack ,Lait en poudre,D01,Alimentaire,kg,"3543,1"
Septembre 2022,KAOLACK,Lait en poudre,D01,Alimentaire,kg,3474.3
Octobre 2022,KAOLACK,Lait en poudre,D01,Alimentaire,kg,3557.3
01/11/2022,KAOLACK,Lait en poudre,D01,Alimentaire,kg,3523.1
01/12/2022,KAOLACK,Lait en poudre,D01,Alimentaire,kg,3283.4
01/01/2023,kaolack,Lait en poudre,D01,Alimentaire,kg,3278.4
2023-02-01,KAOLACK,Lait en poudre,D01,Alimentaire,kg,3295.1
2023-03-01,KAOLACK,Lait en poudre,D01,Alimentaire,kg,3399.2
Avril 2023,kaolack,Lait en poudre,D01,Alimentaire,kg,3413.6
2023-05-01,Kaolack ,Lait en poudre,D01,Alimentaire,kg,3506.8
01/06/2023,KAOLACK,Lait en poudre,D01,Alimentaire,kg,3555.3
01/07/2023,kaolack,Lait en poudre,D01,Alimentaire,kg,3780.2
01/08/2023,kaolack,Lait en poudre,D01,Alimentaire,kg,3563.0
Septembre 2023,Kaolack ,Lait en poudre,D01,Alimentaire,kg,
2023-10-01,Kaolack ,Lait en poudre,D01,Alimentaire,kg,3527.7
Novembre 2023,Kaolack ,Lait en poudre,D01,Alimentaire,kg,"3649,2"
Décembre 2023,kaolack,Lait en poudre,D01,Alimentaire,kg,3380.9
Janvier 2024,KAOLACK,Lait en poudre,D01,Alimentaire,kg,3265.1
Février 2024,Kaolack ,Lait en poudre,D01,Alimentaire,kg,3499.0
01/03/2024,kaolack,Lait en poudre,D01,Alimentaire,kg,3580.3
01/04/2024,Kaolack ,Lait en poudre,D01,Alimentaire,kg,3503.4
Mai 2024,Kaolack ,Lait en poudre,D01,Alimentaire,kg,3625.2
Juin 2024,Kaolack ,Lait en poudre,D01,Alimentaire,kg,3636.8
2024-07-01,kaolack,Lait en poudre,D01,Alimentaire,kg,3710.4
01/08/2024,kaolack,Lait en poudre,D01,Alimentaire,kg,3702.6
01/09/2024,Kaolack ,Lait en poudre,D01,Alimentaire,kg,3623.9
2024-10-01,Kaolack ,Lait en poudre,D01,Alimentaire,kg,"3464,7"
2024-11-01,KAOLACK,Lait en poudre,D01,Alimentaire,kg,3505.1
2024-12-01,kaolack,Lait en poudre,D01,Alimentaire,kg,3477.0
Janvier 2025,kaolack,Lait en poudre,D01,Alimentaire,kg,3397.1
01/02/2025,KAOLACK,Lait en poudre,D01,Alimentaire,kg,3438.5
01/03/2025,kaolack,Lait en poudre,D01,Alimentaire,kg,3476.3
2025-04-01,Kaolack ,Lait en poudre,D01,Alimentaire,kg,3593.7
01/05/2025,KAOLACK,Lait en poudre,D01,Alimentaire,kg,"3835,3"
Juin 2025,kaolack,Lait en poudre,D01,Alimentaire,kg,3708.3
Juillet 2025,kaolack,Lait en poudre,D01,Alimentaire,kg,3873.2
Août 2025,Kaolack ,Lait en poudre,D01,Alimentaire,kg,3803.7
2025-09-01,KAOLACK,Lait en poudre,D01,Alimentaire,kg,3779.5
01/10/2025,kaolack,Lait en poudre,D01,Alimentaire,kg,3655.8
01/11/2025,KAOLACK,Lait en poudre,D01,Alimentaire,kg,
Décembre 2025,kaolack,Lait en poudre,D01,Alimentaire,kg,3543.2
Janvier 2026,Kaolack ,Lait en poudre,D01,Alimentaire,kg,3392.1
Février 2026,Kaolack ,Lait en poudre,D01,Alimentaire,kg,"3518,8"
2026-03-01,kaolack,Lait en poudre,D01,Alimentaire,kg,3634.4
01/04/2026,kaolack,Lait en poudre,D01,Alimentaire,kg,3850.6
Mai 2026,Kaolack ,Lait en poudre,D01,Alimentaire,kg,3796.3
2018-01-01,kolda,Lait en poudre,D01,Alimentaire,kg,2631.4
01/02/2018,KOLDA,Lait en poudre,D01,Alimentaire,kg,2824.8
2018-03-01,Kolda ,Lait en poudre,D01,Alimentaire,kg,2799.0
2018-04-01,Kolda ,Lait en poudre,D01,Alimentaire,kg,2987.7
01/05/2018,kolda,Lait en poudre,D01,Alimentaire,kg,3014.9
01/06/2018,KOLDA,Lait en poudre,D01,Alimentaire,kg,2934.7
01/07/2018,KOLDA,Lait en poudre,D01,Alimentaire,kg,"3012,4"
2018-08-01,KOLDA,Lait en poudre,D01,Alimentaire,kg,2909.4
Septembre 2018,Kolda ,Lait en poudre,D01,Alimentaire,kg,28941.0
01/10/2018,KOLDA,Lait en poudre,D01,Alimentaire,kg,2870.8
Novembre 2018,KOLDA,Lait en poudre,D01,Alimentaire,kg,"2838,6"
Décembre 2018,Kolda ,Lait en poudre,D01,Alimentaire,kg,2790.8
01/01/2019,kolda,Lait en poudre,D01,Alimentaire,kg,2766.6
2019-02-01,kolda,Lait en poudre,D01,Alimentaire,kg,"2927,5"
2019-03-01,KOLDA,Lait en poudre,D01,Alimentaire,kg,2820.2
Avril 2019,KOLDA,Lait en poudre,D01,Alimentaire,kg,2811.7
2019-05-01,KOLDA,Lait en poudre,D01,Alimentaire,kg,"2880,3"
01/06/2019,kolda,Lait en poudre,D01,Alimentaire,kg,3090.7
01/07/2019,Kolda ,Lait en poudre,D01,Alimentaire,kg,
Août 2019,Kolda ,Lait en poudre,D01,Alimentaire,kg,"2992,3"
Septembre 2019,KOLDA,Lait en poudre,D01,Alimentaire,kg,"2899,3"
01/10/2019,Kolda ,Lait en poudre,D01,Alimentaire,kg,2842.3
Novembre 2019,Kolda ,Lait en poudre,D01,Alimentaire,kg,2766.9
01/12/2019,KOLDA,Lait en poudre,D01,Alimentaire,kg,2801.2
01/01/2020,kolda,Lait en poudre,D01,Alimentaire,kg,"2810,3"
Février 2020,kolda,Lait en poudre,D01,Alimentaire,kg,"2877,0"
Mars 2020,KOLDA,Lait en poudre,D01,Alimentaire,kg,2934.7
2020-04-01,Kolda ,Lait en poudre,D01,Alimentaire,kg,2964.9
01/05/2020,Kolda ,Lait en poudre,D01,Alimentaire,kg,2971.9
Juin 2020,kolda,Lait en poudre,D01,Alimentaire,kg,3014.4
2020-07-01,KOLDA,Lait en poudre,D01,Alimentaire,kg,3308.6
01/08/2020,kolda,Lait en poudre,D01,Alimentaire,kg,3181.0
2020-09-01,kolda,Lait en poudre,D01,Alimentaire,kg,3114.4
Octobre 2020,Kolda ,Lait en poudre,D01,Alimentaire,kg,2925.2
2020-11-01,Kolda ,Lait en poudre,D01,Alimentaire,kg,2903.9
01/12/2020,Kolda ,Lait en poudre,D01,Alimentaire,kg,2816.5
2021-01-01,Kolda ,Lait en poudre,D01,Alimentaire,kg,2808.1
Février 2021,Kolda ,Lait en poudre,D01,Alimentaire,kg,"2887,2"
2021-03-01,KOLDA,Lait en poudre,D01,Alimentaire,kg,3065.7
01/04/2021,KOLDA,Lait en poudre,D01,Alimentaire,kg,3115.9
Mai 2021,Kolda ,Lait en poudre,D01,Alimentaire,kg,3076.7
01/06/2021,kolda,Lait en poudre,D01,Alimentaire,kg,3168.7
2021-07-01,Kolda ,Lait en poudre,D01,Alimentaire,kg,3246.8
Août 2021,Kolda ,Lait en poudre,D01,Alimentaire,kg,3138.6
2021-09-01,kolda,Lait en poudre,D01,Alimentaire,kg,3128.6
01/10/2021,kolda,Lait en poudre,D01,Alimentaire,kg,3084.8
2021-11-01,kolda,Lait en poudre,D01,Alimentaire,kg,3026.4
Décembre 2021,Kolda ,Lait en poudre,D01,Alimentaire,kg,2982.9
2022-01-01,kolda,Lait en poudre,D01,Alimentaire,kg,"3004,1"
Février 2022,kolda,Lait en poudre,D01,Alimentaire,kg,3088.1
2022-03-01,kolda,Lait en poudre,D01,Alimentaire,kg,3158.0
Avril 2022,KOLDA,Lait en poudre,D01,Alimentaire,kg,"3251,3"
2022-05-01,kolda,Lait en poudre,D01,Alimentaire,kg,3469.7
2022-06-01,kolda,Lait en poudre,D01,Alimentaire,kg,3627.7
2022-07-01,KOLDA,Lait en poudre,D01,Alimentaire,kg,"3514,2"
Août 2022,Kolda ,Lait en poudre,D01,Alimentaire,kg,3639.6
Septembre 2022,Kolda ,Lait en poudre,D01,Alimentaire,kg,3650.1
01/10/2022,KOLDA,Lait en poudre,D01,Alimentaire,kg,3421.1
01/11/2022,KOLDA,Lait en poudre,D01,Alimentaire,kg,3492.4
2022-12-01,kolda,Lait en poudre,D01,Alimentaire,kg,"3515,2"
2023-01-01,KOLDA,Lait en poudre,D01,Alimentaire,kg,3434.2
01/02/2023,KOLDA,Lait en poudre,D01,Alimentaire,kg,"3323,8"
01/03/2023,kolda,Lait en poudre,D01,Alimentaire,kg,"3587,4"
Avril 2023,Kolda ,Lait en poudre,D01,Alimentaire,kg,3589.3
2023-05-01,KOLDA,Lait en poudre,D01,Alimentaire,kg,3795.4
2023-06-01,kolda,Lait en poudre,D01,Alimentaire,kg,3761.0
01/07/2023,kolda,Lait en poudre,D01,Alimentaire,kg,3828.0
2023-08-01,KOLDA,Lait en poudre,D01,Alimentaire,kg,3768.2
01/09/2023,kolda,Lait en poudre,D01,Alimentaire,kg,3765.4
Octobre 2023,kolda,Lait en poudre,D01,Alimentaire,kg,
Novembre 2023,KOLDA,Lait en poudre,D01,Alimentaire,kg,
01/12/2023,Kolda ,Lait en poudre,D01,Alimentaire,kg,"3444,5"
Janvier 2024,KOLDA,Lait en poudre,D01,Alimentaire,kg,3525.3
2024-02-01,kolda,Lait en poudre,D01,Alimentaire,kg,3545.6
Mars 2024,KOLDA,Lait en poudre,D01,Alimentaire,kg,3490.4
Avril 2024,kolda,Lait en poudre,D01,Alimentaire,kg,3768.9
2024-05-01,kolda,Lait en poudre,D01,Alimentaire,kg,3766.5
Juin 2024,KOLDA,Lait en poudre,D01,Alimentaire,kg,3848.6
01/07/2024,KOLDA,Lait en poudre,D01,Alimentaire,kg,3911.1
Août 2024,Kolda ,Lait en poudre,D01,Alimentaire,kg,3851.7
2024-09-01,Kolda ,Lait en poudre,D01,Alimentaire,kg,3867.9
Octobre 2024,KOLDA,Lait en poudre,D01,Alimentaire,kg,3702.1
Novembre 2024,kolda,Lait en poudre,D01,Alimentaire,kg,3748.9
Décembre 2024,Kolda ,Lait en poudre,D01,Alimentaire,kg,3560.0
2025-01-01,kolda,Lait en poudre,D01,Alimentaire,kg,
2025-02-01,KOLDA,Lait en poudre,D01,Alimentaire,kg,"3613,7"
01/03/2025,KOLDA,Lait en poudre,D01,Alimentaire,kg,3759.8
01/04/2025,Kolda ,Lait en poudre,D01,Alimentaire,kg,3822.4
2025-05-01,KOLDA,Lait en poudre,D01,Alimentaire,kg,3829.2
Juin 2025,Kolda ,Lait en poudre,D01,Alimentaire,kg,3879.9
01/07/2025,KOLDA,Lait en poudre,D01,Alimentaire,kg,3950.5
01/08/2025,Kolda ,Lait en poudre,D01,Alimentaire,kg,3876.1
2025-09-01,KOLDA,Lait en poudre,D01,Alimentaire,kg,3813.5
Octobre 2025,kolda,Lait en poudre,D01,Alimentaire,kg,"3679,1"
01/11/2025,Kolda ,Lait en poudre,D01,Alimentaire,kg,3675.4
2025-12-01,Kolda ,Lait en poudre,D01,Alimentaire,kg,3815.9
Janvier 2026,KOLDA,Lait en poudre,D01,Alimentaire,kg,3503.6
2026-02-01,kolda,Lait en poudre,D01,Alimentaire,kg,3758.3
01/03/2026,KOLDA,Lait en poudre,D01,Alimentaire,kg,3760.1
01/04/2026,KOLDA,Lait en poudre,D01,Alimentaire,kg,3818.3
2026-05-01,Kolda ,Lait en poudre,D01,Alimentaire,kg,"3792,7"
Janvier 2018,Dakar ,Oignon local,D01,Alimentaire,kg,337.9
2018-02-01,Dakar ,Oignon local,D01,Alimentaire,kg,380.1
Mars 2018,Dakar ,Oignon local,D01,Alimentaire,kg,420.3
Avril 2018,dakar,Oignon local,D01,Alimentaire,kg,454.3
2018-05-01,dakar,Oignon local,D01,Alimentaire,kg,475.6
01/06/2018,dakar,Oignon local,D01,Alimentaire,kg,492.8
2018-07-01,Dakar ,Oignon local,D01,Alimentaire,kg,485.2
01/08/2018,DAKAR,Oignon local,D01,Alimentaire,kg,475.0
01/09/2018,Dakar ,Oignon local,D01,Alimentaire,kg,433.5
01/10/2018,Dakar ,Oignon local,D01,Alimentaire,kg,377.2
Novembre 2018,Dakar ,Oignon local,D01,Alimentaire,kg,"340,9"
01/12/2018,dakar,Oignon local,D01,Alimentaire,kg,339.6
Janvier 2019,dakar,Oignon local,D01,Alimentaire,kg,334.5
01/02/2019,dakar,Oignon local,D01,Alimentaire,kg,370.4
01/03/2019,dakar,Oignon local,D01,Alimentaire,kg,415.9
2019-04-01,DAKAR,Oignon local,D01,Alimentaire,kg,449.1
2019-05-01,Dakar ,Oignon local,D01,Alimentaire,kg,486.4
01/06/2019,dakar,Oignon local,D01,Alimentaire,kg,501.5
01/07/2019,DAKAR,Oignon local,D01,Alimentaire,kg,514.3
01/08/2019,Dakar ,Oignon local,D01,Alimentaire,kg,487.2
Septembre 2019,dakar,Oignon local,D01,Alimentaire,kg,426.1
2019-10-01,DAKAR,Oignon local,D01,Alimentaire,kg,"378,4"
01/11/2019,dakar,Oignon local,D01,Alimentaire,kg,343.0
Décembre 2019,dakar,Oignon local,D01,Alimentaire,kg,"333,4"
01/01/2020,DAKAR,Oignon local,D01,Alimentaire,kg,343.9
2020-02-01,DAKAR,Oignon local,D01,Alimentaire,kg,377.6
01/03/2020,dakar,Oignon local,D01,Alimentaire,kg,426.3
2020-04-01,Dakar ,Oignon local,D01,Alimentaire,kg,"466,6"
2020-05-01,Dakar ,Oignon local,D01,Alimentaire,kg,506.9
Juin 2020,DAKAR,Oignon local,D01,Alimentaire,kg,"525,2"
01/07/2020,dakar,Oignon local,D01,Alimentaire,kg,515.3
Août 2020,Dakar ,Oignon local,D01,Alimentaire,kg,481.8
Septembre 2020,dakar,Oignon local,D01,Alimentaire,kg,446.7
2020-10-01,dakar,Oignon local,D01,Alimentaire,kg,379.4
Novembre 2020,Dakar ,Oignon local,D01,Alimentaire,kg,369.9
Décembre 2020,dakar,Oignon local,D01,Alimentaire,kg,344.9
2021-01-01,Dakar ,Oignon local,D01,Alimentaire,kg,360.5
2021-02-01,dakar,Oignon local,D01,Alimentaire,kg,393.2
Mars 2021,dakar,Oignon local,D01,Alimentaire,kg,427.0
Avril 2021,dakar,Oignon local,D01,Alimentaire,kg,
2021-05-01,Dakar ,Oignon local,D01,Alimentaire,kg,510.7
01/06/2021,dakar,Oignon local,D01,Alimentaire,kg,537.7
Juillet 2021,DAKAR,Oignon local,D01,Alimentaire,kg,539.1
Août 2021,dakar,Oignon local,D01,Alimentaire,kg,493.6
Septembre 2021,DAKAR,Oignon local,D01,Alimentaire,kg,458.6
01/10/2021,DAKAR,Oignon local,D01,Alimentaire,kg,386.7
2021-11-01,Dakar ,Oignon local,D01,Alimentaire,kg,368.0
01/12/2021,dakar,Oignon local,D01,Alimentaire,kg,"364,9"
Janvier 2022,DAKAR,Oignon local,D01,Alimentaire,kg,374.7
Février 2022,Dakar ,Oignon local,D01,Alimentaire,kg,"407,3"
01/03/2022,Dakar ,Oignon local,D01,Alimentaire,kg,462.5
2022-04-01,DAKAR,Oignon local,D01,Alimentaire,kg,496.0
01/05/2022,DAKAR,Oignon local,D01,Alimentaire,kg,566.4
2022-06-01,Dakar ,Oignon local,D01,Alimentaire,kg,617.7
01/07/2022,DAKAR,Oignon local,D01,Alimentaire,kg,"5937,0"
01/08/2022,Dakar ,Oignon local,D01,Alimentaire,kg,564.2
01/09/2022,dakar,Oignon local,D01,Alimentaire,kg,496.9
01/10/2022,dakar,Oignon local,D01,Alimentaire,kg,455.8
01/11/2022,dakar,Oignon local,D01,Alimentaire,kg,444.0
2022-12-01,DAKAR,Oignon local,D01,Alimentaire,kg,
Janvier 2023,Dakar ,Oignon local,D01,Alimentaire,kg,408.6
01/02/2023,dakar,Oignon local,D01,Alimentaire,kg,452.3
01/03/2023,DAKAR,Oignon local,D01,Alimentaire,kg,513.3
01/04/2023,Dakar ,Oignon local,D01,Alimentaire,kg,559.5
2023-05-01,DAKAR,Oignon local,D01,Alimentaire,kg,597.3
01/06/2023,dakar,Oignon local,D01,Alimentaire,kg,644.2
01/07/2023,dakar,Oignon local,D01,Alimentaire,kg,644.3
Août 2023,DAKAR,Oignon local,D01,Alimentaire,kg,606.3
01/09/2023,DAKAR,Oignon local,D01,Alimentaire,kg,"555,7"
01/10/2023,DAKAR,Oignon local,D01,Alimentaire,kg,476.6
2023-11-01,Dakar ,Oignon local,D01,Alimentaire,kg,451.6
01/12/2023,dakar,Oignon local,D01,Alimentaire,kg,421.5
Janvier 2024,Dakar ,Oignon local,D01,Alimentaire,kg,430.4
01/02/2024,DAKAR,Oignon local,D01,Alimentaire,kg,466.7
01/03/2024,DAKAR,Oignon local,D01,Alimentaire,kg,516.3
2024-04-01,DAKAR,Oignon local,D01,Alimentaire,kg,546.3
01/05/2024,DAKAR,Oignon local,D01,Alimentaire,kg,642.9
Juin 2024,dakar,Oignon local,D01,Alimentaire,kg,654.4
01/07/2024,DAKAR,Oignon local,D01,Alimentaire,kg,621.3
Août 2024,dakar,Oignon local,D01,Alimentaire,kg,607.7
01/09/2024,Dakar ,Oignon local,D01,Alimentaire,kg,543.3
Octobre 2024,DAKAR,Oignon local,D01,Alimentaire,kg,489.9
01/11/2024,DAKAR,Oignon local,D01,Alimentaire,kg,446.7
Décembre 2024,Dakar ,Oignon local,D01,Alimentaire,kg,431.2
01/01/2025,dakar,Oignon local,D01,Alimentaire,kg,429.4
01/02/2025,DAKAR,Oignon local,D01,Alimentaire,kg,465.1
01/03/2025,Dakar ,Oignon local,D01,Alimentaire,kg,544.2
01/04/2025,DAKAR,Oignon local,D01,Alimentaire,kg,590.6
Mai 2025,dakar,Oignon local,D01,Alimentaire,kg,"640,3"
2025-06-01,DAKAR,Oignon local,D01,Alimentaire,kg,675.3
Juillet 2025,Dakar ,Oignon local,D01,Alimentaire,kg,648.5
Août 2025,DAKAR,Oignon local,D01,Alimentaire,kg,613.4
Septembre 2025,dakar,Oignon local,D01,Alimentaire,kg,
01/10/2025,dakar,Oignon local,D01,Alimentaire,kg,494.0
Novembre 2025,dakar,Oignon local,D01,Alimentaire,kg,470.5
2025-12-01,DAKAR,Oignon local,D01,Alimentaire,kg,434.3
01/01/2026,DAKAR,Oignon local,D01,Alimentaire,kg,446.0
Février 2026,Dakar ,Oignon local,D01,Alimentaire,kg,485.5
Mars 2026,dakar,Oignon local,D01,Alimentaire,kg,545.5
01/04/2026,Dakar ,Oignon local,D01,Alimentaire,kg,581.9
01/05/2026,dakar,Oignon local,D01,Alimentaire,kg,648.6
Janvier 2018,THIÈS,Oignon local,D01,Alimentaire,kg,311.3
Février 2018,thiès,Oignon local,D01,Alimentaire,kg,345.2
Mars 2018,Thiès ,Oignon local,D01,Alimentaire,kg,366.8
01/04/2018,THIÈS,Oignon local,D01,Alimentaire,kg,413.1
Mai 2018,thiès,Oignon local,D01,Alimentaire,kg,470.2
01/06/2018,Thiès ,Oignon local,D01,Alimentaire,kg,477.5
01/07/2018,Thiès ,Oignon local,D01,Alimentaire,kg,462.4
Août 2018,thiès,Oignon local,D01,Alimentaire,kg,429.0
01/09/2018,THIÈS,Oignon local,D01,Alimentaire,kg,387.4
2018-10-01,thiès,Oignon local,D01,Alimentaire,kg,355.9
Novembre 2018,thiès,Oignon local,D01,Alimentaire,kg,321.3
01/12/2018,Thiès ,Oignon local,D01,Alimentaire,kg,320.4
2019-01-01,THIÈS,Oignon local,D01,Alimentaire,kg,320.7
01/02/2019,thiès,Oignon local,D01,Alimentaire,kg,349.4
2019-03-01,THIÈS,Oignon local,D01,Alimentaire,kg,378.0
Avril 2019,Thiès ,Oignon local,D01,Alimentaire,kg,428.0
Mai 2019,Thiès ,Oignon local,D01,Alimentaire,kg,466.5
2019-06-01,Thiès ,Oignon local,D01,Alimentaire,kg,476.4
Juillet 2019,THIÈS,Oignon local,D01,Alimentaire,kg,
Août 2019,Thiès ,Oignon local,D01,Alimentaire,kg,445.6
Septembre 2019,thiès,Oignon local,D01,Alimentaire,kg,413.2
2019-10-01,thiès,Oignon local,D01,Alimentaire,kg,360.0
2019-11-01,THIÈS,Oignon local,D01,Alimentaire,kg,"335,0"
Décembre 2019,thiès,Oignon local,D01,Alimentaire,kg,318.4
2020-01-01,Thiès ,Oignon local,D01,Alimentaire,kg,
01/02/2020,THIÈS,Oignon local,D01,Alimentaire,kg,"352,6"
Mars 2020,thiès,Oignon local,D01,Alimentaire,kg,397.2
01/04/2020,THIÈS,Oignon local,D01,Alimentaire,kg,
2020-05-01,THIÈS,Oignon local,D01,Alimentaire,kg,485.3
Juin 2020,thiès,Oignon local,D01,Alimentaire,kg,505.2
01/07/2020,thiès,Oignon local,D01,Alimentaire,kg,490.4
2020-08-01,THIÈS,Oignon local,D01,Alimentaire,kg,466.6
01/09/2020,THIÈS,Oignon local,D01,Alimentaire,kg,410.4
01/10/2020,Thiès ,Oignon local,D01,Alimentaire,kg,377.7
Novembre 2020,THIÈS,Oignon local,D01,Alimentaire,kg,345.2
2020-12-01,thiès,Oignon local,D01,Alimentaire,kg,328.9
01/01/2021,Thiès ,Oignon local,D01,Alimentaire,kg,336.9
2021-02-01,Thiès ,Oignon local,D01,Alimentaire,kg,370.8
2021-03-01,Thiès ,Oignon local,D01,Alimentaire,kg,401.3
2021-04-01,THIÈS,Oignon local,D01,Alimentaire,kg,456.6
01/05/2021,Thiès ,Oignon local,D01,Alimentaire,kg,495.0
01/06/2021,Thiès ,Oignon local,D01,Alimentaire,kg,496.2
2021-07-01,THIÈS,Oignon local,D01,Alimentaire,kg,506.4
2021-08-01,Thiès ,Oignon local,D01,Alimentaire,kg,"459,4"
Septembre 2021,THIÈS,Oignon local,D01,Alimentaire,kg,"423,8"
2021-10-01,thiès,Oignon local,D01,Alimentaire,kg,383.3
01/11/2021,Thiès ,Oignon local,D01,Alimentaire,kg,344.8
2021-12-01,thiès,Oignon local,D01,Alimentaire,kg,336.9
01/01/2022,THIÈS,Oignon local,D01,Alimentaire,kg,355.1
Février 2022,THIÈS,Oignon local,D01,Alimentaire,kg,384.4
01/03/2022,Thiès ,Oignon local,D01,Alimentaire,kg,447.2
01/04/2022,THIÈS,Oignon local,D01,Alimentaire,kg,490.5
2022-05-01,thiès,Oignon local,D01,Alimentaire,kg,570.3
2022-06-01,Thiès ,Oignon local,D01,Alimentaire,kg,569.4
2022-07-01,Thiès ,Oignon local,D01,Alimentaire,kg,553.4
01/08/2022,Thiès ,Oignon local,D01,Alimentaire,kg,526.6
Septembre 2022,thiès,Oignon local,D01,Alimentaire,kg,503.0
2022-10-01,THIÈS,Oignon local,D01,Alimentaire,kg,440.8
01/11/2022,Thiès ,Oignon local,D01,Alimentaire,kg,"398,0"
Décembre 2022,thiès,Oignon local,D01,Alimentaire,kg,392.3
01/01/2023,thiès,Oignon local,D01,Alimentaire,kg,392.5
Février 2023,Thiès ,Oignon local,D01,Alimentaire,kg,437.8
01/03/2023,Thiès ,Oignon local,D01,Alimentaire,kg,"493,6"
01/04/2023,thiès,Oignon local,D01,Alimentaire,kg,543.7
Mai 2023,THIÈS,Oignon local,D01,Alimentaire,kg,615.2
01/06/2023,THIÈS,Oignon local,D01,Alimentaire,kg,588.7
Juillet 2023,thiès,Oignon local,D01,Alimentaire,kg,591.1
Août 2023,THIÈS,Oignon local,D01,Alimentaire,kg,562.4
2023-09-01,THIÈS,Oignon local,D01,Alimentaire,kg,538.5
2023-10-01,Thiès ,Oignon local,D01,Alimentaire,kg,480.7
01/11/2023,THIÈS,Oignon local,D01,Alimentaire,kg,436.6
01/12/2023,Thiès ,Oignon local,D01,Alimentaire,kg,393.4
01/01/2024,thiès,Oignon local,D01,Alimentaire,kg,401.2
01/02/2024,Thiès ,Oignon local,D01,Alimentaire,kg,434.8
Mars 2024,THIÈS,Oignon local,D01,Alimentaire,kg,485.8
Avril 2024,thiès,Oignon local,D01,Alimentaire,kg,564.8
Mai 2024,Thiès ,Oignon local,D01,Alimentaire,kg,589.8
2024-06-01,thiès,Oignon local,D01,Alimentaire,kg,611.9
Juillet 2024,Thiès ,Oignon local,D01,Alimentaire,kg,613.4
Août 2024,Thiès ,Oignon local,D01,Alimentaire,kg,549.0
Septembre 2024,Thiès ,Oignon local,D01,Alimentaire,kg,517.8
01/10/2024,thiès,Oignon local,D01,Alimentaire,kg,455.8
01/11/2024,thiès,Oignon local,D01,Alimentaire,kg,425.4
01/12/2024,THIÈS,Oignon local,D01,Alimentaire,kg,397.8
01/01/2025,THIÈS,Oignon local,D01,Alimentaire,kg,
2025-02-01,THIÈS,Oignon local,D01,Alimentaire,kg,450.6
01/03/2025,THIÈS,Oignon local,D01,Alimentaire,kg,504.2
2025-04-01,Thiès ,Oignon local,D01,Alimentaire,kg,556.7
Mai 2025,THIÈS,Oignon local,D01,Alimentaire,kg,610.3
Juin 2025,thiès,Oignon local,D01,Alimentaire,kg,617.4
2025-07-01,thiès,Oignon local,D01,Alimentaire,kg,628.5
2025-08-01,THIÈS,Oignon local,D01,Alimentaire,kg,581.7
01/09/2025,Thiès ,Oignon local,D01,Alimentaire,kg,527.9
Octobre 2025,Thiès ,Oignon local,D01,Alimentaire,kg,"473,2"
2025-11-01,THIÈS,Oignon local,D01,Alimentaire,kg,439.8
01/12/2025,THIÈS,Oignon local,D01,Alimentaire,kg,
2026-01-01,THIÈS,Oignon local,D01,Alimentaire,kg,
Février 2026,THIÈS,Oignon local,D01,Alimentaire,kg,442.7
Mars 2026,THIÈS,Oignon local,D01,Alimentaire,kg,519.8
2026-04-01,THIÈS,Oignon local,D01,Alimentaire,kg,561.9
2026-05-01,thiès,Oignon local,D01,Alimentaire,kg,616.6
2018-01-01,saint-louis,Oignon local,D01,Alimentaire,kg,310.2
Février 2018,SAINT-LOUIS,Oignon local,D01,Alimentaire,kg,349.0
Mars 2018,saint-louis,Oignon local,D01,Alimentaire,kg,374.3
01/04/2018,saint-louis,Oignon local,D01,Alimentaire,kg,431.6
2018-05-01,SAINT-LOUIS,Oignon local,D01,Alimentaire,kg,442.9
01/06/2018,SAINT-LOUIS,Oignon local,D01,Alimentaire,kg,464.1
Juillet 2018,Saint-Louis ,Oignon local,D01,Alimentaire,kg,"471,5"
Août 2018,SAINT-LOUIS,Oignon local,D01,Alimentaire,kg,
01/09/2018,SAINT-LOUIS,Oignon local,D01,Alimentaire,kg,407.8
Octobre 2018,Saint-Louis ,Oignon local,D01,Alimentaire,kg,"347,3"
Novembre 2018,saint-louis,Oignon local,D01,Alimentaire,kg,"320,3"
Décembre 2018,Saint-Louis ,Oignon local,D01,Alimentaire,kg,317.7
01/01/2019,SAINT-LOUIS,Oignon local,D01,Alimentaire,kg,307.4
2019-02-01,SAINT-LOUIS,Oignon local,D01,Alimentaire,kg,"332,5"
01/03/2019,saint-louis,Oignon local,D01,Alimentaire,kg,376.8
01/04/2019,SAINT-LOUIS,Oignon local,D01,Alimentaire,kg,431.6
Mai 2019,saint-louis,Oignon local,D01,Alimentaire,kg,443.1
Juin 2019,SAINT-LOUIS,Oignon local,D01,Alimentaire,kg,"478,4"
Juillet 2019,Saint-Louis ,Oignon local,D01,Alimentaire,kg,469.7
Août 2019,Saint-Louis ,Oignon local,D01,Alimentaire,kg,453.6
01/09/2019,Saint-Louis ,Oignon local,D01,Alimentaire,kg,403.3
Octobre 2019,saint-louis,Oignon local,D01,Alimentaire,kg,356.1
01/11/2019,saint-louis,Oignon local,D01,Alimentaire,kg,331.4
Décembre 2019,saint-louis,Oignon local,D01,Alimentaire,kg,"313,1"
2020-01-01,SAINT-LOUIS,Oignon local,D01,Alimentaire,kg,320.2
2020-02-01,saint-louis,Oignon local,D01,Alimentaire,kg,343.5
2020-03-01,SAINT-LOUIS,Oignon local,D01,Alimentaire,kg,388.4
2020-04-01,Saint-Louis ,Oignon local,D01,Alimentaire,kg,436.8
Mai 2020,SAINT-LOUIS,Oignon local,D01,Alimentaire,kg,474.5
Juin 2020,SAINT-LOUIS,Oignon local,D01,Alimentaire,kg,468.9
2020-07-01,Saint-Louis ,Oignon local,D01,Alimentaire,kg,479.8
01/08/2020,SAINT-LOUIS,Oignon local,D01,Alimentaire,kg,451.9
Septembre 2020,saint-louis,Oignon local,D01,Alimentaire,kg,413.3
Octobre 2020,saint-louis,Oignon local,D01,Alimentaire,kg,377.4
01/11/2020,SAINT-LOUIS,Oignon local,D01,Alimentaire,kg,334.4
01/12/2020,saint-louis,Oignon local,D01,Alimentaire,kg,313.8
2021-01-01,Saint-Louis ,Oignon local,D01,Alimentaire,kg,318.9
Février 2021,SAINT-LOUIS,Oignon local,D01,Alimentaire,kg,"365,1"
2021-03-01,saint-louis,Oignon local,D01,Alimentaire,kg,395.5
Avril 2021,Saint-Louis ,Oignon local,D01,Alimentaire,kg,455.7
Mai 2021,SAINT-LOUIS,Oignon local,D01,Alimentaire,kg,"498,2"
2021-06-01,Saint-Louis ,Oignon local,D01,Alimentaire,kg,486.6
01/07/2021,Saint-Louis ,Oignon local,D01,Alimentaire,kg,499.6
Août 2021,Saint-Louis ,Oignon local,D01,Alimentaire,kg,476.1
01/09/2021,saint-louis,Oignon local,D01,Alimentaire,kg,"429,6"
2021-10-01,Saint-Louis ,Oignon local,D01,Alimentaire,kg,
2021-11-01,Saint-Louis ,Oignon local,D01,Alimentaire,kg,"338,8"
01/12/2021,saint-louis,Oignon local,D01,Alimentaire,kg,322.8
2022-01-01,SAINT-LOUIS,Oignon local,D01,Alimentaire,kg,353.0
Février 2022,Saint-Louis ,Oignon local,D01,Alimentaire,kg,
Mars 2022,SAINT-LOUIS,Oignon local,D01,Alimentaire,kg,"412,0"
2022-04-01,Saint-Louis ,Oignon local,D01,Alimentaire,kg,"487,7"
2022-05-01,saint-louis,Oignon local,D01,Alimentaire,kg,545.8
2022-06-01,saint-louis,Oignon local,D01,Alimentaire,kg,563.7
01/07/2022,Saint-Louis ,Oignon local,D01,Alimentaire,kg,559.8
Août 2022,saint-louis,Oignon local,D01,Alimentaire,kg,525.3
2022-09-01,Saint-Louis ,Oignon local,D01,Alimentaire,kg,474.1
Octobre 2022,Saint-Louis ,Oignon local,D01,Alimentaire,kg,437.7
Novembre 2022,SAINT-LOUIS,Oignon local,D01,Alimentaire,kg,403.4
2022-12-01,Saint-Louis ,Oignon local,D01,Alimentaire,kg,384.6
2023-01-01,SAINT-LOUIS,Oignon local,D01,Alimentaire,kg,395.3
Février 2023,Saint-Louis ,Oignon local,D01,Alimentaire,kg,426.4
01/03/2023,SAINT-LOUIS,Oignon local,D01,Alimentaire,kg,487.7
01/04/2023,SAINT-LOUIS,Oignon local,D01,Alimentaire,kg,528.7
2023-05-01,SAINT-LOUIS,Oignon local,D01,Alimentaire,kg,561.5
01/06/2023,Saint-Louis ,Oignon local,D01,Alimentaire,kg,606.3
01/07/2023,saint-louis,Oignon local,D01,Alimentaire,kg,"593,4"
Août 2023,saint-louis,Oignon local,D01,Alimentaire,kg,562.4
01/09/2023,saint-louis,Oignon local,D01,Alimentaire,kg,494.7
01/10/2023,saint-louis,Oignon local,D01,Alimentaire,kg,473.4
2023-11-01,Saint-Louis ,Oignon local,D01,Alimentaire,kg,425.2
Décembre 2023,Saint-Louis ,Oignon local,D01,Alimentaire,kg,"391,5"
Janvier 2024,SAINT-LOUIS,Oignon local,D01,Alimentaire,kg,393.2
Février 2024,saint-louis,Oignon local,D01,Alimentaire,kg,444.9
Mars 2024,SAINT-LOUIS,Oignon local,D01,Alimentaire,kg,"475,5"
Avril 2024,SAINT-LOUIS,Oignon local,D01,Alimentaire,kg,564.7
Mai 2024,SAINT-LOUIS,Oignon local,D01,Alimentaire,kg,576.7
Juin 2024,Saint-Louis ,Oignon local,D01,Alimentaire,kg,624.9
01/07/2024,Saint-Louis ,Oignon local,D01,Alimentaire,kg,592.8
2024-08-01,SAINT-LOUIS,Oignon local,D01,Alimentaire,kg,577.1
2024-09-01,Saint-Louis ,Oignon local,D01,Alimentaire,kg,502.0
Octobre 2024,SAINT-LOUIS,Oignon local,D01,Alimentaire,kg,459.2
Novembre 2024,SAINT-LOUIS,Oignon local,D01,Alimentaire,kg,428.3
01/12/2024,SAINT-LOUIS,Oignon local,D01,Alimentaire,kg,401.7
Janvier 2025,SAINT-LOUIS,Oignon local,D01,Alimentaire,kg,414.4
2025-02-01,saint-louis,Oignon local,D01,Alimentaire,kg,437.6
01/03/2025,saint-louis,Oignon local,D01,Alimentaire,kg,495.3
01/04/2025,SAINT-LOUIS,Oignon local,D01,Alimentaire,kg,564.6
2025-05-01,saint-louis,Oignon local,D01,Alimentaire,kg,
Juin 2025,saint-louis,Oignon local,D01,Alimentaire,kg,"626,0"
01/07/2025,saint-louis,Oignon local,D01,Alimentaire,kg,608.1
2025-08-01,Saint-Louis ,Oignon local,D01,Alimentaire,kg,577.7
Septembre 2025,saint-louis,Oignon local,D01,Alimentaire,kg,525.9
01/10/2025,saint-louis,Oignon local,D01,Alimentaire,kg,466.2
01/11/2025,Saint-Louis ,Oignon local,D01,Alimentaire,kg,"433,0"
01/12/2025,Saint-Louis ,Oignon local,D01,Alimentaire,kg,410.9
01/01/2026,Saint-Louis ,Oignon local,D01,Alimentaire,kg,406.6
01/02/2026,saint-louis,Oignon local,D01,Alimentaire,kg,460.3
Mars 2026,SAINT-LOUIS,Oignon local,D01,Alimentaire,kg,512.9
Avril 2026,SAINT-LOUIS,Oignon local,D01,Alimentaire,kg,562.0
01/05/2026,SAINT-LOUIS,Oignon local,D01,Alimentaire,kg,594.7
2018-01-01,Diourbel ,Oignon local,D01,Alimentaire,kg,304.1
2018-02-01,Diourbel ,Oignon local,D01,Alimentaire,kg,348.3
Mars 2018,diourbel,Oignon local,D01,Alimentaire,kg,365.5
2018-04-01,Diourbel ,Oignon local,D01,Alimentaire,kg,
Mai 2018,Diourbel ,Oignon local,D01,Alimentaire,kg,"448,7"
01/06/2018,diourbel,Oignon local,D01,Alimentaire,kg,456.9
01/07/2018,DIOURBEL,Oignon local,D01,Alimentaire,kg,442.6
2018-08-01,diourbel,Oignon local,D01,Alimentaire,kg,417.2
01/09/2018,Diourbel ,Oignon local,D01,Alimentaire,kg,379.9
Octobre 2018,diourbel,Oignon local,D01,Alimentaire,kg,339.0
2018-11-01,diourbel,Oignon local,D01,Alimentaire,kg,322.2
Décembre 2018,diourbel,Oignon local,D01,Alimentaire,kg,301.4
2019-01-01,Diourbel ,Oignon local,D01,Alimentaire,kg,308.9
01/02/2019,diourbel,Oignon local,D01,Alimentaire,kg,339.3
01/03/2019,DIOURBEL,Oignon local,D01,Alimentaire,kg,382.1
Avril 2019,diourbel,Oignon local,D01,Alimentaire,kg,415.3
2019-05-01,diourbel,Oignon local,D01,Alimentaire,kg,459.0
01/06/2019,Diourbel ,Oignon local,D01,Alimentaire,kg,"453,7"
Juillet 2019,DIOURBEL,Oignon local,D01,Alimentaire,kg,468.4
2019-08-01,Diourbel ,Oignon local,D01,Alimentaire,kg,429.3
01/09/2019,Diourbel ,Oignon local,D01,Alimentaire,kg,388.7
01/10/2019,Diourbel ,Oignon local,D01,Alimentaire,kg,343.4
2019-11-01,DIOURBEL,Oignon local,D01,Alimentaire,kg,309.9
01/12/2019,DIOURBEL,Oignon local,D01,Alimentaire,kg,294.9
01/01/2020,diourbel,Oignon local,D01,Alimentaire,kg,313.4
2020-02-01,DIOURBEL,Oignon local,D01,Alimentaire,kg,"350,3"
Mars 2020,diourbel,Oignon local,D01,Alimentaire,kg,379.5
Avril 2020,Diourbel ,Oignon local,D01,Alimentaire,kg,417.2
2020-05-01,diourbel,Oignon local,D01,Alimentaire,kg,457.2
01/06/2020,Diourbel ,Oignon local,D01,Alimentaire,kg,478.7
Juillet 2020,Diourbel ,Oignon local,D01,Alimentaire,kg,471.3
2020-08-01,Diourbel ,Oignon local,D01,Alimentaire,kg,"443,6"
2020-09-01,Diourbel ,Oignon local,D01,Alimentaire,kg,410.9
01/10/2020,DIOURBEL,Oignon local,D01,Alimentaire,kg,"368,9"
Novembre 2020,DIOURBEL,Oignon local,D01,Alimentaire,kg,341.3
Décembre 2020,Diourbel ,Oignon local,D01,Alimentaire,kg,304.6
01/01/2021,Diourbel ,Oignon local,D01,Alimentaire,kg,320.3
Février 2021,Diourbel ,Oignon local,D01,Alimentaire,kg,"359,6"
01/03/2021,diourbel,Oignon local,D01,Alimentaire,kg,392.8
Avril 2021,DIOURBEL,Oignon local,D01,Alimentaire,kg,448.7
01/05/2021,diourbel,Oignon local,D01,Alimentaire,kg,479.2
Juin 2021,diourbel,Oignon local,D01,Alimentaire,kg,510.1
01/07/2021,DIOURBEL,Oignon local,D01,Alimentaire,kg,496.7
Août 2021,diourbel,Oignon local,D01,Alimentaire,kg,466.7
Septembre 2021,diourbel,Oignon local,D01,Alimentaire,kg,411.2
Octobre 2021,DIOURBEL,Oignon local,D01,Alimentaire,kg,370.8
2021-11-01,Diourbel ,Oignon local,D01,Alimentaire,kg,337.3
Décembre 2021,diourbel,Oignon local,D01,Alimentaire,kg,316.5
2022-01-01,Diourbel ,Oignon local,D01,Alimentaire,kg,354.1
Février 2022,DIOURBEL,Oignon local,D01,Alimentaire,kg,"384,7"
2022-03-01,Diourbel ,Oignon local,D01,Alimentaire,kg,425.9
Avril 2022,diourbel,Oignon local,D01,Alimentaire,kg,495.7
01/05/2022,Diourbel ,Oignon local,D01,Alimentaire,kg,522.3
01/06/2022,DIOURBEL,Oignon local,D01,Alimentaire,kg,533.2
Juillet 2022,DIOURBEL,Oignon local,D01,Alimentaire,kg,560.8
01/08/2022,DIOURBEL,Oignon local,D01,Alimentaire,kg,507.8
2022-09-01,diourbel,Oignon local,D01,Alimentaire,kg,"475,1"
2022-10-01,diourbel,Oignon local,D01,Alimentaire,kg,432.9
Novembre 2022,DIOURBEL,Oignon local,D01,Alimentaire,kg,399.9
01/12/2022,DIOURBEL,Oignon local,D01,Alimentaire,kg,380.5
Janvier 2023,Diourbel ,Oignon local,D01,Alimentaire,kg,388.4
2023-02-01,Diourbel ,Oignon local,D01,Alimentaire,kg,423.8
2023-03-01,DIOURBEL,Oignon local,D01,Alimentaire,kg,462.5
Avril 2023,Diourbel ,Oignon local,D01,Alimentaire,kg,527.6
2023-05-01,Diourbel ,Oignon local,D01,Alimentaire,kg,552.3
Juin 2023,Diourbel ,Oignon local,D01,Alimentaire,kg,609.9
01/07/2023,DIOURBEL,Oignon local,D01,Alimentaire,kg,"566,5"
01/08/2023,diourbel,Oignon local,D01,Alimentaire,kg,
2023-09-01,DIOURBEL,Oignon local,D01,Alimentaire,kg,486.6
2023-10-01,DIOURBEL,Oignon local,D01,Alimentaire,kg,
Novembre 2023,Diourbel ,Oignon local,D01,Alimentaire,kg,412.9
01/12/2023,Diourbel ,Oignon local,D01,Alimentaire,kg,383.7
01/01/2024,DIOURBEL,Oignon local,D01,Alimentaire,kg,403.6
Février 2024,diourbel,Oignon local,D01,Alimentaire,kg,430.9
01/03/2024,DIOURBEL,Oignon local,D01,Alimentaire,kg,474.3
Avril 2024,Diourbel ,Oignon local,D01,Alimentaire,kg,
Mai 2024,diourbel,Oignon local,D01,Alimentaire,kg,588.9
01/06/2024,DIOURBEL,Oignon local,D01,Alimentaire,kg,"605,7"
2024-07-01,Diourbel ,Oignon local,D01,Alimentaire,kg,572.6
01/08/2024,DIOURBEL,Oignon local,D01,Alimentaire,kg,543.4
Septembre 2024,DIOURBEL,Oignon local,D01,Alimentaire,kg,506.5
2024-10-01,Diourbel ,Oignon local,D01,Alimentaire,kg,455.3
01/11/2024,diourbel,Oignon local,D01,Alimentaire,kg,406.4
2024-12-01,Diourbel ,Oignon local,D01,Alimentaire,kg,396.3
01/01/2025,DIOURBEL,Oignon local,D01,Alimentaire,kg,"392,2"
Février 2025,diourbel,Oignon local,D01,Alimentaire,kg,446.5
01/03/2025,diourbel,Oignon local,D01,Alimentaire,kg,492.1
Avril 2025,DIOURBEL,Oignon local,D01,Alimentaire,kg,530.2
2025-05-01,DIOURBEL,Oignon local,D01,Alimentaire,kg,581.4
Juin 2025,DIOURBEL,Oignon local,D01,Alimentaire,kg,"602,8"
Juillet 2025,diourbel,Oignon local,D01,Alimentaire,kg,603.4
Août 2025,diourbel,Oignon local,D01,Alimentaire,kg,564.3
01/09/2025,diourbel,Oignon local,D01,Alimentaire,kg,"505,2"
Octobre 2025,DIOURBEL,Oignon local,D01,Alimentaire,kg,453.5
Novembre 2025,Diourbel ,Oignon local,D01,Alimentaire,kg,433.4
Décembre 2025,Diourbel ,Oignon local,D01,Alimentaire,kg,405.8
Janvier 2026,Diourbel ,Oignon local,D01,Alimentaire,kg,402.1
2026-02-01,DIOURBEL,Oignon local,D01,Alimentaire,kg,441.9
01/03/2026,Diourbel ,Oignon local,D01,Alimentaire,kg,489.0
Avril 2026,DIOURBEL,Oignon local,D01,Alimentaire,kg,552.2
Mai 2026,diourbel,Oignon local,D01,Alimentaire,kg,624.9
2018-01-01,KAOLACK,Oignon local,D01,Alimentaire,kg,319.7
01/02/2018,KAOLACK,Oignon local,D01,Alimentaire,kg,336.6
2018-03-01,kaolack,Oignon local,D01,Alimentaire,kg,372.9
2018-04-01,KAOLACK,Oignon local,D01,Alimentaire,kg,393.8
2018-05-01,Kaolack ,Oignon local,D01,Alimentaire,kg,"459,7"
Juin 2018,kaolack,Oignon local,D01,Alimentaire,kg,471.8
2018-07-01,Kaolack ,Oignon local,D01,Alimentaire,kg,451.4
01/08/2018,KAOLACK,Oignon local,D01,Alimentaire,kg,416.0
2018-09-01,Kaolack ,Oignon local,D01,Alimentaire,kg,"379,1"
Octobre 2018,KAOLACK,Oignon local,D01,Alimentaire,kg,"350,5"
Novembre 2018,kaolack,Oignon local,D01,Alimentaire,kg,316.5
01/12/2018,kaolack,Oignon local,D01,Alimentaire,kg,308.7
Janvier 2019,Kaolack ,Oignon local,D01,Alimentaire,kg,316.0
2019-02-01,KAOLACK,Oignon local,D01,Alimentaire,kg,348.7
Mars 2019,KAOLACK,Oignon local,D01,Alimentaire,kg,383.8
01/04/2019,KAOLACK,Oignon local,D01,Alimentaire,kg,429.5
01/05/2019,Kaolack ,Oignon local,D01,Alimentaire,kg,436.5
2019-06-01,kaolack,Oignon local,D01,Alimentaire,kg,458.8
Juillet 2019,KAOLACK,Oignon local,D01,Alimentaire,kg,459.0
2019-08-01,Kaolack ,Oignon local,D01,Alimentaire,kg,443.2
Septembre 2019,KAOLACK,Oignon local,D01,Alimentaire,kg,407.8
Octobre 2019,KAOLACK,Oignon local,D01,Alimentaire,kg,"350,6"
Novembre 2019,kaolack,Oignon local,D01,Alimentaire,kg,317.1
2019-12-01,Kaolack ,Oignon local,D01,Alimentaire,kg,296.2
Janvier 2020,Kaolack ,Oignon local,D01,Alimentaire,kg,327.1
Février 2020,KAOLACK,Oignon local,D01,Alimentaire,kg,346.0
01/03/2020,Kaolack ,Oignon local,D01,Alimentaire,kg,414.0
01/04/2020,Kaolack ,Oignon local,D01,Alimentaire,kg,428.5
2020-05-01,KAOLACK,Oignon local,D01,Alimentaire,kg,490.2
01/06/2020,kaolack,Oignon local,D01,Alimentaire,kg,494.6
Juillet 2020,kaolack,Oignon local,D01,Alimentaire,kg,"469,6"
2020-08-01,kaolack,Oignon local,D01,Alimentaire,kg,"451,4"
Septembre 2020,kaolack,Oignon local,D01,Alimentaire,kg,413.0
2020-10-01,kaolack,Oignon local,D01,Alimentaire,kg,362.0
Novembre 2020,kaolack,Oignon local,D01,Alimentaire,kg,337.1
01/12/2020,kaolack,Oignon local,D01,Alimentaire,kg,323.2
2021-01-01,kaolack,Oignon local,D01,Alimentaire,kg,333.2
01/02/2021,kaolack,Oignon local,D01,Alimentaire,kg,358.2
2021-03-01,KAOLACK,Oignon local,D01,Alimentaire,kg,391.1
01/04/2021,kaolack,Oignon local,D01,Alimentaire,kg,445.0
01/05/2021,Kaolack ,Oignon local,D01,Alimentaire,kg,483.9
01/06/2021,Kaolack ,Oignon local,D01,Alimentaire,kg,480.8
2021-07-01,Kaolack ,Oignon local,D01,Alimentaire,kg,493.2
2021-08-01,Kaolack ,Oignon local,D01,Alimentaire,kg,460.9
Septembre 2021,Kaolack ,Oignon local,D01,Alimentaire,kg,408.0
01/10/2021,kaolack,Oignon local,D01,Alimentaire,kg,372.8
01/11/2021,Kaolack ,Oignon local,D01,Alimentaire,kg,340.7
2021-12-01,Kaolack ,Oignon local,D01,Alimentaire,kg,342.4
Janvier 2022,KAOLACK,Oignon local,D01,Alimentaire,kg,349.1
2022-02-01,KAOLACK,Oignon local,D01,Alimentaire,kg,390.9
Mars 2022,KAOLACK,Oignon local,D01,Alimentaire,kg,432.3
Avril 2022,kaolack,Oignon local,D01,Alimentaire,kg,"469,8"
2022-05-01,Kaolack ,Oignon local,D01,Alimentaire,kg,541.6
2022-06-01,kaolack,Oignon local,D01,Alimentaire,kg,551.9
2022-07-01,Kaolack ,Oignon local,D01,Alimentaire,kg,551.6
2022-08-01,KAOLACK,Oignon local,D01,Alimentaire,kg,"515,4"
Septembre 2022,kaolack,Oignon local,D01,Alimentaire,kg,482.6
01/10/2022,Kaolack ,Oignon local,D01,Alimentaire,kg,444.9
01/11/2022,KAOLACK,Oignon local,D01,Alimentaire,kg,"408,4"
01/12/2022,Kaolack ,Oignon local,D01,Alimentaire,kg,390.0
Janvier 2023,KAOLACK,Oignon local,D01,Alimentaire,kg,401.3
Février 2023,Kaolack ,Oignon local,D01,Alimentaire,kg,"406,2"
2023-03-01,KAOLACK,Oignon local,D01,Alimentaire,kg,"463,5"
Avril 2023,kaolack,Oignon local,D01,Alimentaire,kg,510.8
01/05/2023,Kaolack ,Oignon local,D01,Alimentaire,kg,582.6
Juin 2023,kaolack,Oignon local,D01,Alimentaire,kg,589.2
Juillet 2023,kaolack,Oignon local,D01,Alimentaire,kg,
01/08/2023,Kaolack ,Oignon local,D01,Alimentaire,kg,551.6
01/09/2023,Kaolack ,Oignon local,D01,Alimentaire,kg,508.8
01/10/2023,KAOLACK,Oignon local,D01,Alimentaire,kg,441.2
2023-11-01,kaolack,Oignon local,D01,Alimentaire,kg,406.6
2023-12-01,Kaolack ,Oignon local,D01,Alimentaire,kg,"391,8"
01/01/2024,kaolack,Oignon local,D01,Alimentaire,kg,"408,2"
Février 2024,KAOLACK,Oignon local,D01,Alimentaire,kg,433.1
01/03/2024,KAOLACK,Oignon local,D01,Alimentaire,kg,476.0
01/04/2024,Kaolack ,Oignon local,D01,Alimentaire,kg,514.4
01/05/2024,kaolack,Oignon local,D01,Alimentaire,kg,591.9
2024-06-01,Kaolack ,Oignon local,D01,Alimentaire,kg,592.2
01/07/2024,Kaolack ,Oignon local,D01,Alimentaire,kg,578.4
01/08/2024,KAOLACK,Oignon local,D01,Alimentaire,kg,537.4
Septembre 2024,kaolack,Oignon local,D01,Alimentaire,kg,492.3
Octobre 2024,KAOLACK,Oignon local,D01,Alimentaire,kg,447.9
Novembre 2024,Kaolack ,Oignon local,D01,Alimentaire,kg,417.4
01/12/2024,kaolack,Oignon local,D01,Alimentaire,kg,"384,9"
Janvier 2025,Kaolack ,Oignon local,D01,Alimentaire,kg,404.9
2025-02-01,KAOLACK,Oignon local,D01,Alimentaire,kg,437.5
2025-03-01,KAOLACK,Oignon local,D01,Alimentaire,kg,513.8
Avril 2025,Kaolack ,Oignon local,D01,Alimentaire,kg,"529,3"
01/05/2025,kaolack,Oignon local,D01,Alimentaire,kg,"595,6"
2025-06-01,KAOLACK,Oignon local,D01,Alimentaire,kg,617.9
01/07/2025,Kaolack ,Oignon local,D01,Alimentaire,kg,595.2
Août 2025,kaolack,Oignon local,D01,Alimentaire,kg,573.5
2025-09-01,KAOLACK,Oignon local,D01,Alimentaire,kg,"530,4"
01/10/2025,KAOLACK,Oignon local,D01,Alimentaire,kg,472.2
Novembre 2025,Kaolack ,Oignon local,D01,Alimentaire,kg,445.1
Décembre 2025,KAOLACK,Oignon local,D01,Alimentaire,kg,389.9
01/01/2026,kaolack,Oignon local,D01,Alimentaire,kg,"398,6"
Février 2026,KAOLACK,Oignon local,D01,Alimentaire,kg,457.1
Mars 2026,Kaolack ,Oignon local,D01,Alimentaire,kg,509.3
01/04/2026,Kaolack ,Oignon local,D01,Alimentaire,kg,561.9
Mai 2026,Kaolack ,Oignon local,D01,Alimentaire,kg,615.7
Janvier 2018,Kolda ,Oignon local,D01,Alimentaire,kg,311.2
2018-02-01,KOLDA,Oignon local,D01,Alimentaire,kg,"356,2"
2018-03-01,Kolda ,Oignon local,D01,Alimentaire,kg,398.6
Avril 2018,KOLDA,Oignon local,D01,Alimentaire,kg,426.9
2018-05-01,kolda,Oignon local,D01,Alimentaire,kg,490.7
Juin 2018,Kolda ,Oignon local,D01,Alimentaire,kg,483.0
01/07/2018,KOLDA,Oignon local,D01,Alimentaire,kg,451.9
Août 2018,KOLDA,Oignon local,D01,Alimentaire,kg,446.9
01/09/2018,KOLDA,Oignon local,D01,Alimentaire,kg,"396,2"
2018-10-01,kolda,Oignon local,D01,Alimentaire,kg,368.2
2018-11-01,kolda,Oignon local,D01,Alimentaire,kg,332.0
01/12/2018,kolda,Oignon local,D01,Alimentaire,kg,311.6
01/01/2019,KOLDA,Oignon local,D01,Alimentaire,kg,336.5
2019-02-01,KOLDA,Oignon local,D01,Alimentaire,kg,360.9
Mars 2019,KOLDA,Oignon local,D01,Alimentaire,kg,388.0
2019-04-01,KOLDA,Oignon local,D01,Alimentaire,kg,436.3
Mai 2019,kolda,Oignon local,D01,Alimentaire,kg,"476,7"
2019-06-01,KOLDA,Oignon local,D01,Alimentaire,kg,483.6
2019-07-01,KOLDA,Oignon local,D01,Alimentaire,kg,475.7
01/08/2019,kolda,Oignon local,D01,Alimentaire,kg,449.6
01/09/2019,kolda,Oignon local,D01,Alimentaire,kg,398.4
01/10/2019,Kolda ,Oignon local,D01,Alimentaire,kg,"348,1"
2019-11-01,kolda,Oignon local,D01,Alimentaire,kg,334.0
2019-12-01,Kolda ,Oignon local,D01,Alimentaire,kg,306.5
2020-01-01,Kolda ,Oignon local,D01,Alimentaire,kg,"326,4"
01/02/2020,kolda,Oignon local,D01,Alimentaire,kg,349.5
Mars 2020,kolda,Oignon local,D01,Alimentaire,kg,
01/04/2020,KOLDA,Oignon local,D01,Alimentaire,kg,454.3
Mai 2020,Kolda ,Oignon local,D01,Alimentaire,kg,485.1
2020-06-01,Kolda ,Oignon local,D01,Alimentaire,kg,502.1
2020-07-01,kolda,Oignon local,D01,Alimentaire,kg,483.5
2020-08-01,kolda,Oignon local,D01,Alimentaire,kg,459.3
2020-09-01,KOLDA,Oignon local,D01,Alimentaire,kg,"424,4"
2020-10-01,kolda,Oignon local,D01,Alimentaire,kg,"376,3"
01/11/2020,KOLDA,Oignon local,D01,Alimentaire,kg,"349,0"
Décembre 2020,KOLDA,Oignon local,D01,Alimentaire,kg,335.7
01/01/2021,KOLDA,Oignon local,D01,Alimentaire,kg,339.3
Février 2021,kolda,Oignon local,D01,Alimentaire,kg,357.4
2021-03-01,kolda,Oignon local,D01,Alimentaire,kg,408.5
Avril 2021,kolda,Oignon local,D01,Alimentaire,kg,460.7
2021-05-01,Kolda ,Oignon local,D01,Alimentaire,kg,491.6
2021-06-01,kolda,Oignon local,D01,Alimentaire,kg,506.5
01/07/2021,Kolda ,Oignon local,D01,Alimentaire,kg,509.8
01/08/2021,KOLDA,Oignon local,D01,Alimentaire,kg,501.5
2021-09-01,KOLDA,Oignon local,D01,Alimentaire,kg,429.6
2021-10-01,kolda,Oignon local,D01,Alimentaire,kg,
Novembre 2021,KOLDA,Oignon local,D01,Alimentaire,kg,345.8
Décembre 2021,Kolda ,Oignon local,D01,Alimentaire,kg,349.9
Janvier 2022,KOLDA,Oignon local,D01,Alimentaire,kg,"366,3"
2022-02-01,Kolda ,Oignon local,D01,Alimentaire,kg,403.0
01/03/2022,Kolda ,Oignon local,D01,Alimentaire,kg,461.0
Avril 2022,kolda,Oignon local,D01,Alimentaire,kg,501.2
01/05/2022,KOLDA,Oignon local,D01,Alimentaire,kg,550.2
2022-06-01,kolda,Oignon local,D01,Alimentaire,kg,599.0
Juillet 2022,kolda,Oignon local,D01,Alimentaire,kg,582.5
Août 2022,kolda,Oignon local,D01,Alimentaire,kg,521.1
2022-09-01,KOLDA,Oignon local,D01,Alimentaire,kg,"503,7"
Octobre 2022,KOLDA,Oignon local,D01,Alimentaire,kg,445.9
Novembre 2022,Kolda ,Oignon local,D01,Alimentaire,kg,422.7
01/12/2022,KOLDA,Oignon local,D01,Alimentaire,kg,"394,7"
2023-01-01,kolda,Oignon local,D01,Alimentaire,kg,387.7
Février 2023,Kolda ,Oignon local,D01,Alimentaire,kg,441.0
Mars 2023,KOLDA,Oignon local,D01,Alimentaire,kg,493.8
2023-04-01,Kolda ,Oignon local,D01,Alimentaire,kg,"552,9"
2023-05-01,kolda,Oignon local,D01,Alimentaire,kg,602.7
2023-06-01,kolda,Oignon local,D01,Alimentaire,kg,637.3
Juillet 2023,Kolda ,Oignon local,D01,Alimentaire,kg,615.0
01/08/2023,Kolda ,Oignon local,D01,Alimentaire,kg,574.1
2023-09-01,kolda,Oignon local,D01,Alimentaire,kg,"535,0"
01/10/2023,KOLDA,Oignon local,D01,Alimentaire,kg,"492,1"
Novembre 2023,Kolda ,Oignon local,D01,Alimentaire,kg,439.9
2023-12-01,KOLDA,Oignon local,D01,Alimentaire,kg,
01/01/2024,Kolda ,Oignon local,D01,Alimentaire,kg,416.4
2024-02-01,kolda,Oignon local,D01,Alimentaire,kg,451.1
2024-03-01,kolda,Oignon local,D01,Alimentaire,kg,501.2
01/04/2024,Kolda ,Oignon local,D01,Alimentaire,kg,580.8
Mai 2024,Kolda ,Oignon local,D01,Alimentaire,kg,"592,6"
Juin 2024,KOLDA,Oignon local,D01,Alimentaire,kg,636.9
2024-07-01,Kolda ,Oignon local,D01,Alimentaire,kg,611.6
2024-08-01,kolda,Oignon local,D01,Alimentaire,kg,"559,3"
01/09/2024,kolda,Oignon local,D01,Alimentaire,kg,523.0
2024-10-01,kolda,Oignon local,D01,Alimentaire,kg,"467,9"
2024-11-01,Kolda ,Oignon local,D01,Alimentaire,kg,439.4
01/12/2024,KOLDA,Oignon local,D01,Alimentaire,kg,409.3
Janvier 2025,kolda,Oignon local,D01,Alimentaire,kg,409.3
01/02/2025,Kolda ,Oignon local,D01,Alimentaire,kg,"468,7"
Mars 2025,kolda,Oignon local,D01,Alimentaire,kg,520.7
2025-04-01,kolda,Oignon local,D01,Alimentaire,kg,585.6
01/05/2025,kolda,Oignon local,D01,Alimentaire,kg,617.8
01/06/2025,kolda,Oignon local,D01,Alimentaire,kg,637.3
Juillet 2025,Kolda ,Oignon local,D01,Alimentaire,kg,"638,3"
01/08/2025,Kolda ,Oignon local,D01,Alimentaire,kg,586.0
Septembre 2025,Kolda ,Oignon local,D01,Alimentaire,kg,542.4
Octobre 2025,KOLDA,Oignon local,D01,Alimentaire,kg,
Novembre 2025,KOLDA,Oignon local,D01,Alimentaire,kg,435.5
01/12/2025,Kolda ,Oignon local,D01,Alimentaire,kg,423.3
2026-01-01,kolda,Oignon local,D01,Alimentaire,kg,416.2
01/02/2026,kolda,Oignon local,D01,Alimentaire,kg,"457,7"
01/03/2026,kolda,Oignon local,D01,Alimentaire,kg,"521,8"
2026-04-01,kolda,Oignon local,D01,Alimentaire,kg,"590,4"
2026-05-01,Kolda ,Oignon local,D01,Alimentaire,kg,611.8
Janvier 2018,dakar,Pomme de terre,D01,Alimentaire,kg,"346,0"
01/02/2018,dakar,Pomme de terre,D01,Alimentaire,kg,366.6
Mars 2018,dakar,Pomme de terre,D01,Alimentaire,kg,400.9
2018-04-01,DAKAR,Pomme de terre,D01,Alimentaire,kg,440.3
Mai 2018,Dakar ,Pomme de terre,D01,Alimentaire,kg,474.0
Juin 2018,DAKAR,Pomme de terre,D01,Alimentaire,kg,495.4
01/07/2018,DAKAR,Pomme de terre,D01,Alimentaire,kg,485.6
01/08/2018,DAKAR,Pomme de terre,D01,Alimentaire,kg,447.2
Septembre 2018,DAKAR,Pomme de terre,D01,Alimentaire,kg,"430,6"
01/10/2018,DAKAR,Pomme de terre,D01,Alimentaire,kg,389.2
Novembre 2018,DAKAR,Pomme de terre,D01,Alimentaire,kg,"347,1"
2018-12-01,DAKAR,Pomme de terre,D01,Alimentaire,kg,349.8
2019-01-01,Dakar ,Pomme de terre,D01,Alimentaire,kg,354.0
2019-02-01,DAKAR,Pomme de terre,D01,Alimentaire,kg,
2019-03-01,Dakar ,Pomme de terre,D01,Alimentaire,kg,415.0
Avril 2019,Dakar ,Pomme de terre,D01,Alimentaire,kg,"450,5"
Mai 2019,Dakar ,Pomme de terre,D01,Alimentaire,kg,486.9
01/06/2019,dakar,Pomme de terre,D01,Alimentaire,kg,497.7
01/07/2019,DAKAR,Pomme de terre,D01,Alimentaire,kg,485.6
Août 2019,dakar,Pomme de terre,D01,Alimentaire,kg,444.0
01/09/2019,dakar,Pomme de terre,D01,Alimentaire,kg,429.6
01/10/2019,Dakar ,Pomme de terre,D01,Alimentaire,kg,383.9
2019-11-01,DAKAR,Pomme de terre,D01,Alimentaire,kg,"363,4"
2019-12-01,DAKAR,Pomme de terre,D01,Alimentaire,kg,348.9
Janvier 2020,dakar,Pomme de terre,D01,Alimentaire,kg,356.0
Février 2020,Dakar ,Pomme de terre,D01,Alimentaire,kg,392.5
01/03/2020,DAKAR,Pomme de terre,D01,Alimentaire,kg,
Avril 2020,Dakar ,Pomme de terre,D01,Alimentaire,kg,465.5
Mai 2020,Dakar ,Pomme de terre,D01,Alimentaire,kg,496.0
2020-06-01,dakar,Pomme de terre,D01,Alimentaire,kg,531.0
Juillet 2020,dakar,Pomme de terre,D01,Alimentaire,kg,
Août 2020,dakar,Pomme de terre,D01,Alimentaire,kg,"476,3"
2020-09-01,Dakar ,Pomme de terre,D01,Alimentaire,kg,429.1
2020-10-01,DAKAR,Pomme de terre,D01,Alimentaire,kg,405.6
Novembre 2020,DAKAR,Pomme de terre,D01,Alimentaire,kg,365.3
2020-12-01,dakar,Pomme de terre,D01,Alimentaire,kg,"353,2"
2021-01-01,DAKAR,Pomme de terre,D01,Alimentaire,kg,363.3
2021-02-01,dakar,Pomme de terre,D01,Alimentaire,kg,394.4
2021-03-01,Dakar ,Pomme de terre,D01,Alimentaire,kg,422.3
01/04/2021,dakar,Pomme de terre,D01,Alimentaire,kg,"454,1"
01/05/2021,Dakar ,Pomme de terre,D01,Alimentaire,kg,514.5
Juin 2021,dakar,Pomme de terre,D01,Alimentaire,kg,504.4
2021-07-01,DAKAR,Pomme de terre,D01,Alimentaire,kg,528.6
2021-08-01,dakar,Pomme de terre,D01,Alimentaire,kg,507.9
01/09/2021,dakar,Pomme de terre,D01,Alimentaire,kg,451.6
Octobre 2021,DAKAR,Pomme de terre,D01,Alimentaire,kg,
01/11/2021,dakar,Pomme de terre,D01,Alimentaire,kg,382.1
Décembre 2021,DAKAR,Pomme de terre,D01,Alimentaire,kg,"381,4"
2022-01-01,Dakar ,Pomme de terre,D01,Alimentaire,kg,384.0
01/02/2022,dakar,Pomme de terre,D01,Alimentaire,kg,"401,1"
01/03/2022,DAKAR,Pomme de terre,D01,Alimentaire,kg,467.9
2022-04-01,DAKAR,Pomme de terre,D01,Alimentaire,kg,538.5
2022-05-01,dakar,Pomme de terre,D01,Alimentaire,kg,571.1
2022-06-01,Dakar ,Pomme de terre,D01,Alimentaire,kg,583.4
01/07/2022,dakar,Pomme de terre,D01,Alimentaire,kg,591.1
2022-08-01,Dakar ,Pomme de terre,D01,Alimentaire,kg,572.5
2022-09-01,DAKAR,Pomme de terre,D01,Alimentaire,kg,520.4
Octobre 2022,Dakar ,Pomme de terre,D01,Alimentaire,kg,504.1
2022-11-01,dakar,Pomme de terre,D01,Alimentaire,kg,442.4
Décembre 2022,DAKAR,Pomme de terre,D01,Alimentaire,kg,"432,3"
01/01/2023,DAKAR,Pomme de terre,D01,Alimentaire,kg,439.0
2023-02-01,dakar,Pomme de terre,D01,Alimentaire,kg,459.1
01/03/2023,DAKAR,Pomme de terre,D01,Alimentaire,kg,509.2
01/04/2023,dakar,Pomme de terre,D01,Alimentaire,kg,576.8
2023-05-01,dakar,Pomme de terre,D01,Alimentaire,kg,610.0
2023-06-01,Dakar ,Pomme de terre,D01,Alimentaire,kg,634.1
Juillet 2023,dakar,Pomme de terre,D01,Alimentaire,kg,"602,3"
2023-08-01,Dakar ,Pomme de terre,D01,Alimentaire,kg,598.7
Septembre 2023,DAKAR,Pomme de terre,D01,Alimentaire,kg,"549,3"
2023-10-01,dakar,Pomme de terre,D01,Alimentaire,kg,"499,3"
01/11/2023,dakar,Pomme de terre,D01,Alimentaire,kg,"468,4"
2023-12-01,DAKAR,Pomme de terre,D01,Alimentaire,kg,435.7
Janvier 2024,Dakar ,Pomme de terre,D01,Alimentaire,kg,439.2
2024-02-01,dakar,Pomme de terre,D01,Alimentaire,kg,474.1
Mars 2024,Dakar ,Pomme de terre,D01,Alimentaire,kg,518.3
2024-04-01,Dakar ,Pomme de terre,D01,Alimentaire,kg,598.4
2024-05-01,Dakar ,Pomme de terre,D01,Alimentaire,kg,625.3
01/06/2024,dakar,Pomme de terre,D01,Alimentaire,kg,621.3
01/07/2024,Dakar ,Pomme de terre,D01,Alimentaire,kg,"651,4"
01/08/2024,Dakar ,Pomme de terre,D01,Alimentaire,kg,"588,5"
Septembre 2024,Dakar ,Pomme de terre,D01,Alimentaire,kg,548.6
01/10/2024,Dakar ,Pomme de terre,D01,Alimentaire,kg,511.2
Novembre 2024,Dakar ,Pomme de terre,D01,Alimentaire,kg,449.2
01/12/2024,Dakar ,Pomme de terre,D01,Alimentaire,kg,440.2
2025-01-01,DAKAR,Pomme de terre,D01,Alimentaire,kg,444.6
01/02/2025,dakar,Pomme de terre,D01,Alimentaire,kg,485.4
01/03/2025,dakar,Pomme de terre,D01,Alimentaire,kg,536.1
01/04/2025,Dakar ,Pomme de terre,D01,Alimentaire,kg,583.7
Mai 2025,Dakar ,Pomme de terre,D01,Alimentaire,kg,626.2
Juin 2025,Dakar ,Pomme de terre,D01,Alimentaire,kg,662.9
2025-07-01,dakar,Pomme de terre,D01,Alimentaire,kg,646.4
2025-08-01,Dakar ,Pomme de terre,D01,Alimentaire,kg,611.2
2025-09-01,DAKAR,Pomme de terre,D01,Alimentaire,kg,
01/10/2025,Dakar ,Pomme de terre,D01,Alimentaire,kg,537.2
2025-11-01,DAKAR,Pomme de terre,D01,Alimentaire,kg,484.5
2025-12-01,dakar,Pomme de terre,D01,Alimentaire,kg,"452,4"
01/01/2026,Dakar ,Pomme de terre,D01,Alimentaire,kg,434.7
01/02/2026,Dakar ,Pomme de terre,D01,Alimentaire,kg,474.2
Mars 2026,DAKAR,Pomme de terre,D01,Alimentaire,kg,536.0
01/04/2026,dakar,Pomme de terre,D01,Alimentaire,kg,"591,7"
Mai 2026,dakar,Pomme de terre,D01,Alimentaire,kg,628.3
Janvier 2018,Thiès ,Pomme de terre,D01,Alimentaire,kg,"330,9"
01/02/2018,THIÈS,Pomme de terre,D01,Alimentaire,kg,347.2
Mars 2018,Thiès ,Pomme de terre,D01,Alimentaire,kg,377.5
Avril 2018,thiès,Pomme de terre,D01,Alimentaire,kg,425.5
01/05/2018,Thiès ,Pomme de terre,D01,Alimentaire,kg,461.2
Juin 2018,Thiès ,Pomme de terre,D01,Alimentaire,kg,451.7
2018-07-01,thiès,Pomme de terre,D01,Alimentaire,kg,"457,4"
2018-08-01,thiès,Pomme de terre,D01,Alimentaire,kg,414.5
Septembre 2018,Thiès ,Pomme de terre,D01,Alimentaire,kg,384.3
Octobre 2018,Thiès ,Pomme de terre,D01,Alimentaire,kg,
2018-11-01,Thiès ,Pomme de terre,D01,Alimentaire,kg,341.1
Décembre 2018,thiès,Pomme de terre,D01,Alimentaire,kg,317.1
01/01/2019,thiès,Pomme de terre,D01,Alimentaire,kg,326.4
01/02/2019,THIÈS,Pomme de terre,D01,Alimentaire,kg,355.0
Mars 2019,thiès,Pomme de terre,D01,Alimentaire,kg,389.0
2019-04-01,THIÈS,Pomme de terre,D01,Alimentaire,kg,418.5
01/05/2019,Thiès ,Pomme de terre,D01,Alimentaire,kg,472.4
2019-06-01,THIÈS,Pomme de terre,D01,Alimentaire,kg,465.3
01/07/2019,Thiès ,Pomme de terre,D01,Alimentaire,kg,462.3
2019-08-01,Thiès ,Pomme de terre,D01,Alimentaire,kg,433.1
2019-09-01,thiès,Pomme de terre,D01,Alimentaire,kg,404.6
Octobre 2019,Thiès ,Pomme de terre,D01,Alimentaire,kg,373.9
2019-11-01,thiès,Pomme de terre,D01,Alimentaire,kg,348.9
01/12/2019,Thiès ,Pomme de terre,D01,Alimentaire,kg,321.1
Janvier 2020,Thiès ,Pomme de terre,D01,Alimentaire,kg,345.6
Février 2020,THIÈS,Pomme de terre,D01,Alimentaire,kg,366.8
2020-03-01,Thiès ,Pomme de terre,D01,Alimentaire,kg,406.6
Avril 2020,Thiès ,Pomme de terre,D01,Alimentaire,kg,436.9
01/05/2020,THIÈS,Pomme de terre,D01,Alimentaire,kg,467.5
2020-06-01,THIÈS,Pomme de terre,D01,Alimentaire,kg,493.7
01/07/2020,THIÈS,Pomme de terre,D01,Alimentaire,kg,487.3
01/08/2020,Thiès ,Pomme de terre,D01,Alimentaire,kg,466.4
01/09/2020,Thiès ,Pomme de terre,D01,Alimentaire,kg,416.7
01/10/2020,thiès,Pomme de terre,D01,Alimentaire,kg,376.4
2020-11-01,Thiès ,Pomme de terre,D01,Alimentaire,kg,331.5
2020-12-01,Thiès ,Pomme de terre,D01,Alimentaire,kg,325.5
2021-01-01,thiès,Pomme de terre,D01,Alimentaire,kg,343.6
Février 2021,Thiès ,Pomme de terre,D01,Alimentaire,kg,363.5
01/03/2021,Thiès ,Pomme de terre,D01,Alimentaire,kg,"415,3"
01/04/2021,Thiès ,Pomme de terre,D01,Alimentaire,kg,436.8
01/05/2021,thiès,Pomme de terre,D01,Alimentaire,kg,476.1
Juin 2021,THIÈS,Pomme de terre,D01,Alimentaire,kg,"492,2"
Juillet 2021,THIÈS,Pomme de terre,D01,Alimentaire,kg,502.2
Août 2021,Thiès ,Pomme de terre,D01,Alimentaire,kg,459.0
2021-09-01,Thiès ,Pomme de terre,D01,Alimentaire,kg,431.3
2021-10-01,Thiès ,Pomme de terre,D01,Alimentaire,kg,"390,8"
Novembre 2021,THIÈS,Pomme de terre,D01,Alimentaire,kg,367.2
Décembre 2021,Thiès ,Pomme de terre,D01,Alimentaire,kg,354.6
2022-01-01,THIÈS,Pomme de terre,D01,Alimentaire,kg,365.3
01/02/2022,thiès,Pomme de terre,D01,Alimentaire,kg,383.7
2022-03-01,Thiès ,Pomme de terre,D01,Alimentaire,kg,
Avril 2022,THIÈS,Pomme de terre,D01,Alimentaire,kg,491.0
Mai 2022,thiès,Pomme de terre,D01,Alimentaire,kg,536.1
Juin 2022,Thiès ,Pomme de terre,D01,Alimentaire,kg,547.9
Juillet 2022,THIÈS,Pomme de terre,D01,Alimentaire,kg,566.6
01/08/2022,THIÈS,Pomme de terre,D01,Alimentaire,kg,530.0
2022-09-01,thiès,Pomme de terre,D01,Alimentaire,kg,482.7
Octobre 2022,Thiès ,Pomme de terre,D01,Alimentaire,kg,447.7
01/11/2022,thiès,Pomme de terre,D01,Alimentaire,kg,"438,0"
2022-12-01,thiès,Pomme de terre,D01,Alimentaire,kg,405.1
Janvier 2023,thiès,Pomme de terre,D01,Alimentaire,kg,416.5
01/02/2023,THIÈS,Pomme de terre,D01,Alimentaire,kg,430.1
2023-03-01,thiès,Pomme de terre,D01,Alimentaire,kg,477.8
Avril 2023,Thiès ,Pomme de terre,D01,Alimentaire,kg,526.1
2023-05-01,thiès,Pomme de terre,D01,Alimentaire,kg,"576,0"
2023-06-01,Thiès ,Pomme de terre,D01,Alimentaire,kg,"592,1"
01/07/2023,thiès,Pomme de terre,D01,Alimentaire,kg,581.7
2023-08-01,Thiès ,Pomme de terre,D01,Alimentaire,kg,553.5
Septembre 2023,thiès,Pomme de terre,D01,Alimentaire,kg,507.0
Octobre 2023,thiès,Pomme de terre,D01,Alimentaire,kg,470.0
01/11/2023,Thiès ,Pomme de terre,D01,Alimentaire,kg,448.5
2023-12-01,THIÈS,Pomme de terre,D01,Alimentaire,kg,401.9
01/01/2024,thiès,Pomme de terre,D01,Alimentaire,kg,"422,2"
2024-02-01,Thiès ,Pomme de terre,D01,Alimentaire,kg,461.9
Mars 2024,Thiès ,Pomme de terre,D01,Alimentaire,kg,491.8
Avril 2024,THIÈS,Pomme de terre,D01,Alimentaire,kg,535.2
2024-05-01,Thiès ,Pomme de terre,D01,Alimentaire,kg,590.1
01/06/2024,thiès,Pomme de terre,D01,Alimentaire,kg,585.9
Juillet 2024,thiès,Pomme de terre,D01,Alimentaire,kg,
01/08/2024,THIÈS,Pomme de terre,D01,Alimentaire,kg,548.4
2024-09-01,THIÈS,Pomme de terre,D01,Alimentaire,kg,497.9
2024-10-01,thiès,Pomme de terre,D01,Alimentaire,kg,472.3
Novembre 2024,thiès,Pomme de terre,D01,Alimentaire,kg,430.0
01/12/2024,THIÈS,Pomme de terre,D01,Alimentaire,kg,417.1
01/01/2025,Thiès ,Pomme de terre,D01,Alimentaire,kg,433.8
2025-02-01,thiès,Pomme de terre,D01,Alimentaire,kg,472.9
2025-03-01,THIÈS,Pomme de terre,D01,Alimentaire,kg,503.0
01/04/2025,Thiès ,Pomme de terre,D01,Alimentaire,kg,562.8
01/05/2025,THIÈS,Pomme de terre,D01,Alimentaire,kg,596.9
01/06/2025,Thiès ,Pomme de terre,D01,Alimentaire,kg,607.7
Juillet 2025,Thiès ,Pomme de terre,D01,Alimentaire,kg,582.8
2025-08-01,Thiès ,Pomme de terre,D01,Alimentaire,kg,594.8
01/09/2025,Thiès ,Pomme de terre,D01,Alimentaire,kg,521.9
2025-10-01,Thiès ,Pomme de terre,D01,Alimentaire,kg,502.3
2025-11-01,THIÈS,Pomme de terre,D01,Alimentaire,kg,460.4
01/12/2025,thiès,Pomme de terre,D01,Alimentaire,kg,422.8
2026-01-01,thiès,Pomme de terre,D01,Alimentaire,kg,429.0
01/02/2026,thiès,Pomme de terre,D01,Alimentaire,kg,
01/03/2026,THIÈS,Pomme de terre,D01,Alimentaire,kg,526.1
01/04/2026,THIÈS,Pomme de terre,D01,Alimentaire,kg,553.7
Mai 2026,Thiès ,Pomme de terre,D01,Alimentaire,kg,
2018-01-01,Saint-Louis ,Pomme de terre,D01,Alimentaire,kg,"324,3"
01/02/2018,Saint-Louis ,Pomme de terre,D01,Alimentaire,kg,344.8
Mars 2018,saint-louis,Pomme de terre,D01,Alimentaire,kg,387.9
2018-04-01,saint-louis,Pomme de terre,D01,Alimentaire,kg,420.2
01/05/2018,Saint-Louis ,Pomme de terre,D01,Alimentaire,kg,4272.0
Juin 2018,Saint-Louis ,Pomme de terre,D01,Alimentaire,kg,459.2
01/07/2018,saint-louis,Pomme de terre,D01,Alimentaire,kg,446.8
2018-08-01,saint-louis,Pomme de terre,D01,Alimentaire,kg,424.8
Septembre 2018,Saint-Louis ,Pomme de terre,D01,Alimentaire,kg,392.0
2018-10-01,Saint-Louis ,Pomme de terre,D01,Alimentaire,kg,363.4
2018-11-01,SAINT-LOUIS,Pomme de terre,D01,Alimentaire,kg,"334,9"
01/12/2018,SAINT-LOUIS,Pomme de terre,D01,Alimentaire,kg,312.5
2019-01-01,SAINT-LOUIS,Pomme de terre,D01,Alimentaire,kg,"326,4"
01/02/2019,SAINT-LOUIS,Pomme de terre,D01,Alimentaire,kg,346.3
01/03/2019,Saint-Louis ,Pomme de terre,D01,Alimentaire,kg,370.0
Avril 2019,saint-louis,Pomme de terre,D01,Alimentaire,kg,417.9
01/05/2019,SAINT-LOUIS,Pomme de terre,D01,Alimentaire,kg,464.1
01/06/2019,SAINT-LOUIS,Pomme de terre,D01,Alimentaire,kg,445.0
Juillet 2019,saint-louis,Pomme de terre,D01,Alimentaire,kg,454.1
2019-08-01,Saint-Louis ,Pomme de terre,D01,Alimentaire,kg,"429,6"
01/09/2019,saint-louis,Pomme de terre,D01,Alimentaire,kg,397.3
Octobre 2019,saint-louis,Pomme de terre,D01,Alimentaire,kg,352.5
2019-11-01,SAINT-LOUIS,Pomme de terre,D01,Alimentaire,kg,323.1
2019-12-01,SAINT-LOUIS,Pomme de terre,D01,Alimentaire,kg,"312,3"
2020-01-01,Saint-Louis ,Pomme de terre,D01,Alimentaire,kg,342.0
Février 2020,Saint-Louis ,Pomme de terre,D01,Alimentaire,kg,350.4
01/03/2020,Saint-Louis ,Pomme de terre,D01,Alimentaire,kg,389.0
2020-04-01,saint-louis,Pomme de terre,D01,Alimentaire,kg,449.3
Mai 2020,SAINT-LOUIS,Pomme de terre,D01,Alimentaire,kg,455.4
Juin 2020,saint-louis,Pomme de terre,D01,Alimentaire,kg,480.6
2020-07-01,Saint-Louis ,Pomme de terre,D01,Alimentaire,kg,481.1
Août 2020,SAINT-LOUIS,Pomme de terre,D01,Alimentaire,kg,454.5
Septembre 2020,Saint-Louis ,Pomme de terre,D01,Alimentaire,kg,397.9
Octobre 2020,Saint-Louis ,Pomme de terre,D01,Alimentaire,kg,
2020-11-01,Saint-Louis ,Pomme de terre,D01,Alimentaire,kg,345.5
2020-12-01,saint-louis,Pomme de terre,D01,Alimentaire,kg,344.1
01/01/2021,saint-louis,Pomme de terre,D01,Alimentaire,kg,336.0
Février 2021,Saint-Louis ,Pomme de terre,D01,Alimentaire,kg,362.5
01/03/2021,SAINT-LOUIS,Pomme de terre,D01,Alimentaire,kg,"405,9"
Avril 2021,Saint-Louis ,Pomme de terre,D01,Alimentaire,kg,447.3
2021-05-01,saint-louis,Pomme de terre,D01,Alimentaire,kg,480.2
01/06/2021,saint-louis,Pomme de terre,D01,Alimentaire,kg,481.1
Juillet 2021,saint-louis,Pomme de terre,D01,Alimentaire,kg,477.8
01/08/2021,SAINT-LOUIS,Pomme de terre,D01,Alimentaire,kg,459.7
Septembre 2021,Saint-Louis ,Pomme de terre,D01,Alimentaire,kg,431.6
01/10/2021,Saint-Louis ,Pomme de terre,D01,Alimentaire,kg,"381,6"
2021-11-01,saint-louis,Pomme de terre,D01,Alimentaire,kg,355.1
Décembre 2021,SAINT-LOUIS,Pomme de terre,D01,Alimentaire,kg,336.4
Janvier 2022,Saint-Louis ,Pomme de terre,D01,Alimentaire,kg,373.5
Février 2022,Saint-Louis ,Pomme de terre,D01,Alimentaire,kg,392.5
01/03/2022,Saint-Louis ,Pomme de terre,D01,Alimentaire,kg,
01/04/2022,SAINT-LOUIS,Pomme de terre,D01,Alimentaire,kg,484.2
2022-05-01,SAINT-LOUIS,Pomme de terre,D01,Alimentaire,kg,526.0
01/06/2022,saint-louis,Pomme de terre,D01,Alimentaire,kg,531.4
2022-07-01,SAINT-LOUIS,Pomme de terre,D01,Alimentaire,kg,"522,2"
2022-08-01,saint-louis,Pomme de terre,D01,Alimentaire,kg,534.9
2022-09-01,saint-louis,Pomme de terre,D01,Alimentaire,kg,485.1
01/10/2022,saint-louis,Pomme de terre,D01,Alimentaire,kg,446.9
Novembre 2022,Saint-Louis ,Pomme de terre,D01,Alimentaire,kg,405.0
Décembre 2022,saint-louis,Pomme de terre,D01,Alimentaire,kg,386.7
Janvier 2023,saint-louis,Pomme de terre,D01,Alimentaire,kg,410.4
01/02/2023,Saint-Louis ,Pomme de terre,D01,Alimentaire,kg,447.7
Mars 2023,saint-louis,Pomme de terre,D01,Alimentaire,kg,471.3
Avril 2023,Saint-Louis ,Pomme de terre,D01,Alimentaire,kg,532.4
Mai 2023,Saint-Louis ,Pomme de terre,D01,Alimentaire,kg,"567,4"
01/06/2023,Saint-Louis ,Pomme de terre,D01,Alimentaire,kg,"583,9"
2023-07-01,saint-louis,Pomme de terre,D01,Alimentaire,kg,600.0
01/08/2023,saint-louis,Pomme de terre,D01,Alimentaire,kg,544.2
Septembre 2023,saint-louis,Pomme de terre,D01,Alimentaire,kg,520.1
Octobre 2023,saint-louis,Pomme de terre,D01,Alimentaire,kg,468.1
2023-11-01,Saint-Louis ,Pomme de terre,D01,Alimentaire,kg,432.0
2023-12-01,Saint-Louis ,Pomme de terre,D01,Alimentaire,kg,419.4
01/01/2024,saint-louis,Pomme de terre,D01,Alimentaire,kg,
Février 2024,SAINT-LOUIS,Pomme de terre,D01,Alimentaire,kg,441.9
Mars 2024,saint-louis,Pomme de terre,D01,Alimentaire,kg,499.6
Avril 2024,SAINT-LOUIS,Pomme de terre,D01,Alimentaire,kg,546.1
2024-05-01,SAINT-LOUIS,Pomme de terre,D01,Alimentaire,kg,"584,4"
Juin 2024,SAINT-LOUIS,Pomme de terre,D01,Alimentaire,kg,542.9
2024-07-01,Saint-Louis ,Pomme de terre,D01,Alimentaire,kg,586.7
Août 2024,Saint-Louis ,Pomme de terre,D01,Alimentaire,kg,"554,0"
Septembre 2024,SAINT-LOUIS,Pomme de terre,D01,Alimentaire,kg,"509,1"
01/10/2024,Saint-Louis ,Pomme de terre,D01,Alimentaire,kg,
01/11/2024,SAINT-LOUIS,Pomme de terre,D01,Alimentaire,kg,436.8
01/12/2024,SAINT-LOUIS,Pomme de terre,D01,Alimentaire,kg,416.5
01/01/2025,SAINT-LOUIS,Pomme de terre,D01,Alimentaire,kg,415.7
Février 2025,SAINT-LOUIS,Pomme de terre,D01,Alimentaire,kg,462.6
2025-03-01,Saint-Louis ,Pomme de terre,D01,Alimentaire,kg,502.2
2025-04-01,SAINT-LOUIS,Pomme de terre,D01,Alimentaire,kg,549.1
Mai 2025,saint-louis,Pomme de terre,D01,Alimentaire,kg,589.1
Juin 2025,saint-louis,Pomme de terre,D01,Alimentaire,kg,"617,1"
01/07/2025,saint-louis,Pomme de terre,D01,Alimentaire,kg,609.3
2025-08-01,SAINT-LOUIS,Pomme de terre,D01,Alimentaire,kg,566.2
Septembre 2025,saint-louis,Pomme de terre,D01,Alimentaire,kg,535.4
Octobre 2025,Saint-Louis ,Pomme de terre,D01,Alimentaire,kg,483.2
2025-11-01,saint-louis,Pomme de terre,D01,Alimentaire,kg,"465,9"
01/12/2025,Saint-Louis ,Pomme de terre,D01,Alimentaire,kg,434.0
01/01/2026,saint-louis,Pomme de terre,D01,Alimentaire,kg,414.7
Février 2026,Saint-Louis ,Pomme de terre,D01,Alimentaire,kg,474.8
Mars 2026,SAINT-LOUIS,Pomme de terre,D01,Alimentaire,kg,481.6
01/04/2026,Saint-Louis ,Pomme de terre,D01,Alimentaire,kg,558.1
Mai 2026,saint-louis,Pomme de terre,D01,Alimentaire,kg,582.1
01/01/2018,Diourbel ,Pomme de terre,D01,Alimentaire,kg,"330,7"
01/02/2018,Diourbel ,Pomme de terre,D01,Alimentaire,kg,342.4
Mars 2018,Diourbel ,Pomme de terre,D01,Alimentaire,kg,367.1
01/04/2018,DIOURBEL,Pomme de terre,D01,Alimentaire,kg,405.6
01/05/2018,diourbel,Pomme de terre,D01,Alimentaire,kg,429.3
01/06/2018,Diourbel ,Pomme de terre,D01,Alimentaire,kg,445.3
2018-07-01,Diourbel ,Pomme de terre,D01,Alimentaire,kg,438.6
2018-08-01,diourbel,Pomme de terre,D01,Alimentaire,kg,411.7
2018-09-01,diourbel,Pomme de terre,D01,Alimentaire,kg,"386,2"
Octobre 2018,DIOURBEL,Pomme de terre,D01,Alimentaire,kg,352.2
01/11/2018,diourbel,Pomme de terre,D01,Alimentaire,kg,"317,0"
Décembre 2018,diourbel,Pomme de terre,D01,Alimentaire,kg,302.1
01/01/2019,DIOURBEL,Pomme de terre,D01,Alimentaire,kg,323.8
2019-02-01,Diourbel ,Pomme de terre,D01,Alimentaire,kg,347.8
01/03/2019,diourbel,Pomme de terre,D01,Alimentaire,kg,382.6
2019-04-01,DIOURBEL,Pomme de terre,D01,Alimentaire,kg,417.0
2019-05-01,Diourbel ,Pomme de terre,D01,Alimentaire,kg,454.6
01/06/2019,Diourbel ,Pomme de terre,D01,Alimentaire,kg,462.8
2019-07-01,Diourbel ,Pomme de terre,D01,Alimentaire,kg,471.4
01/08/2019,Diourbel ,Pomme de terre,D01,Alimentaire,kg,449.7
Septembre 2019,diourbel,Pomme de terre,D01,Alimentaire,kg,375.4
2019-10-01,diourbel,Pomme de terre,D01,Alimentaire,kg,338.4
Novembre 2019,diourbel,Pomme de terre,D01,Alimentaire,kg,327.4
01/12/2019,Diourbel ,Pomme de terre,D01,Alimentaire,kg,319.4
2020-01-01,Diourbel ,Pomme de terre,D01,Alimentaire,kg,327.5
2020-02-01,Diourbel ,Pomme de terre,D01,Alimentaire,kg,"356,9"
2020-03-01,Diourbel ,Pomme de terre,D01,Alimentaire,kg,384.8
2020-04-01,DIOURBEL,Pomme de terre,D01,Alimentaire,kg,418.7
2020-05-01,diourbel,Pomme de terre,D01,Alimentaire,kg,450.2
Juin 2020,diourbel,Pomme de terre,D01,Alimentaire,kg,468.2
Juillet 2020,diourbel,Pomme de terre,D01,Alimentaire,kg,"471,7"
01/08/2020,Diourbel ,Pomme de terre,D01,Alimentaire,kg,434.4
Septembre 2020,diourbel,Pomme de terre,D01,Alimentaire,kg,400.3
2020-10-01,Diourbel ,Pomme de terre,D01,Alimentaire,kg,370.1
01/11/2020,Diourbel ,Pomme de terre,D01,Alimentaire,kg,336.9
2020-12-01,diourbel,Pomme de terre,D01,Alimentaire,kg,
01/01/2021,DIOURBEL,Pomme de terre,D01,Alimentaire,kg,329.8
01/02/2021,Diourbel ,Pomme de terre,D01,Alimentaire,kg,352.3
Mars 2021,Diourbel ,Pomme de terre,D01,Alimentaire,kg,398.8
Avril 2021,diourbel,Pomme de terre,D01,Alimentaire,kg,438.6
01/05/2021,DIOURBEL,Pomme de terre,D01,Alimentaire,kg,458.4
2021-06-01,diourbel,Pomme de terre,D01,Alimentaire,kg,"494,9"
2021-07-01,Diourbel ,Pomme de terre,D01,Alimentaire,kg,"493,9"
2021-08-01,diourbel,Pomme de terre,D01,Alimentaire,kg,445.1
01/09/2021,diourbel,Pomme de terre,D01,Alimentaire,kg,426.9
01/10/2021,diourbel,Pomme de terre,D01,Alimentaire,kg,359.6
Novembre 2021,Diourbel ,Pomme de terre,D01,Alimentaire,kg,357.4
2021-12-01,diourbel,Pomme de terre,D01,Alimentaire,kg,332.4
01/01/2022,Diourbel ,Pomme de terre,D01,Alimentaire,kg,361.5
2022-02-01,Diourbel ,Pomme de terre,D01,Alimentaire,kg,377.9
01/03/2022,Diourbel ,Pomme de terre,D01,Alimentaire,kg,428.3
01/04/2022,Diourbel ,Pomme de terre,D01,Alimentaire,kg,468.8
Mai 2022,Diourbel ,Pomme de terre,D01,Alimentaire,kg,514.9
01/06/2022,Diourbel ,Pomme de terre,D01,Alimentaire,kg,559.2
2022-07-01,DIOURBEL,Pomme de terre,D01,Alimentaire,kg,536.2
Août 2022,diourbel,Pomme de terre,D01,Alimentaire,kg,535.6
01/09/2022,DIOURBEL,Pomme de terre,D01,Alimentaire,kg,473.3
01/10/2022,Diourbel ,Pomme de terre,D01,Alimentaire,kg,451.3
01/11/2022,DIOURBEL,Pomme de terre,D01,Alimentaire,kg,"395,8"
2022-12-01,Diourbel ,Pomme de terre,D01,Alimentaire,kg,385.6
Janvier 2023,Diourbel ,Pomme de terre,D01,Alimentaire,kg,"391,5"
2023-02-01,DIOURBEL,Pomme de terre,D01,Alimentaire,kg,439.2
2023-03-01,Diourbel ,Pomme de terre,D01,Alimentaire,kg,"471,7"
Avril 2023,diourbel,Pomme de terre,D01,Alimentaire,kg,495.7
01/05/2023,DIOURBEL,Pomme de terre,D01,Alimentaire,kg,542.0
Juin 2023,Diourbel ,Pomme de terre,D01,Alimentaire,kg,564.7
Juillet 2023,Diourbel ,Pomme de terre,D01,Alimentaire,kg,580.4
Août 2023,Diourbel ,Pomme de terre,D01,Alimentaire,kg,549.5
Septembre 2023,DIOURBEL,Pomme de terre,D01,Alimentaire,kg,496.8
Octobre 2023,diourbel,Pomme de terre,D01,Alimentaire,kg,452.5
01/11/2023,diourbel,Pomme de terre,D01,Alimentaire,kg,431.6
Décembre 2023,diourbel,Pomme de terre,D01,Alimentaire,kg,392.9
2024-01-01,diourbel,Pomme de terre,D01,Alimentaire,kg,410.4
Février 2024,diourbel,Pomme de terre,D01,Alimentaire,kg,439.2
2024-03-01,Diourbel ,Pomme de terre,D01,Alimentaire,kg,"476,1"
01/04/2024,DIOURBEL,Pomme de terre,D01,Alimentaire,kg,528.8
01/05/2024,DIOURBEL,Pomme de terre,D01,Alimentaire,kg,"563,1"
Juin 2024,DIOURBEL,Pomme de terre,D01,Alimentaire,kg,585.5
2024-07-01,Diourbel ,Pomme de terre,D01,Alimentaire,kg,557.5
2024-08-01,Diourbel ,Pomme de terre,D01,Alimentaire,kg,550.0
Septembre 2024,Diourbel ,Pomme de terre,D01,Alimentaire,kg,"512,0"
01/10/2024,DIOURBEL,Pomme de terre,D01,Alimentaire,kg,462.5
Novembre 2024,diourbel,Pomme de terre,D01,Alimentaire,kg,433.0
Décembre 2024,diourbel,Pomme de terre,D01,Alimentaire,kg,403.8
Janvier 2025,DIOURBEL,Pomme de terre,D01,Alimentaire,kg,"418,9"
01/02/2025,diourbel,Pomme de terre,D01,Alimentaire,kg,442.9
2025-03-01,Diourbel ,Pomme de terre,D01,Alimentaire,kg,475.8
Avril 2025,Diourbel ,Pomme de terre,D01,Alimentaire,kg,543.7
2025-05-01,Diourbel ,Pomme de terre,D01,Alimentaire,kg,555.7
Juin 2025,DIOURBEL,Pomme de terre,D01,Alimentaire,kg,597.4
Juillet 2025,diourbel,Pomme de terre,D01,Alimentaire,kg,583.5
01/08/2025,diourbel,Pomme de terre,D01,Alimentaire,kg,553.8
2025-09-01,DIOURBEL,Pomme de terre,D01,Alimentaire,kg,518.8
01/10/2025,diourbel,Pomme de terre,D01,Alimentaire,kg,467.4
2025-11-01,diourbel,Pomme de terre,D01,Alimentaire,kg,"446,4"
01/12/2025,DIOURBEL,Pomme de terre,D01,Alimentaire,kg,418.7
01/01/2026,diourbel,Pomme de terre,D01,Alimentaire,kg,408.5
01/02/2026,diourbel,Pomme de terre,D01,Alimentaire,kg,458.7
2026-03-01,DIOURBEL,Pomme de terre,D01,Alimentaire,kg,497.1
Avril 2026,diourbel,Pomme de terre,D01,Alimentaire,kg,549.5
2026-05-01,Diourbel ,Pomme de terre,D01,Alimentaire,kg,597.8
Janvier 2018,KAOLACK,Pomme de terre,D01,Alimentaire,kg,331.0
2018-02-01,kaolack,Pomme de terre,D01,Alimentaire,kg,
01/03/2018,KAOLACK,Pomme de terre,D01,Alimentaire,kg,374.6
Avril 2018,Kaolack ,Pomme de terre,D01,Alimentaire,kg,400.2
01/05/2018,Kaolack ,Pomme de terre,D01,Alimentaire,kg,441.8
2018-06-01,kaolack,Pomme de terre,D01,Alimentaire,kg,"462,6"
01/07/2018,Kaolack ,Pomme de terre,D01,Alimentaire,kg,449.2
01/08/2018,kaolack,Pomme de terre,D01,Alimentaire,kg,393.2
Septembre 2018,Kaolack ,Pomme de terre,D01,Alimentaire,kg,394.8
01/10/2018,Kaolack ,Pomme de terre,D01,Alimentaire,kg,359.7
Novembre 2018,kaolack,Pomme de terre,D01,Alimentaire,kg,324.9
01/12/2018,kaolack,Pomme de terre,D01,Alimentaire,kg,321.9
2019-01-01,Kaolack ,Pomme de terre,D01,Alimentaire,kg,329.2
01/02/2019,KAOLACK,Pomme de terre,D01,Alimentaire,kg,342.9
Mars 2019,KAOLACK,Pomme de terre,D01,Alimentaire,kg,390.7
2019-04-01,kaolack,Pomme de terre,D01,Alimentaire,kg,406.1
01/05/2019,KAOLACK,Pomme de terre,D01,Alimentaire,kg,444.8
2019-06-01,kaolack,Pomme de terre,D01,Alimentaire,kg,457.0
Juillet 2019,Kaolack ,Pomme de terre,D01,Alimentaire,kg,444.5
01/08/2019,Kaolack ,Pomme de terre,D01,Alimentaire,kg,"430,5"
Septembre 2019,Kaolack ,Pomme de terre,D01,Alimentaire,kg,403.4
Octobre 2019,Kaolack ,Pomme de terre,D01,Alimentaire,kg,366.5
Novembre 2019,KAOLACK,Pomme de terre,D01,Alimentaire,kg,335.7
01/12/2019,Kaolack ,Pomme de terre,D01,Alimentaire,kg,308.7
Janvier 2020,kaolack,Pomme de terre,D01,Alimentaire,kg,322.6
01/02/2020,Kaolack ,Pomme de terre,D01,Alimentaire,kg,356.7
Mars 2020,KAOLACK,Pomme de terre,D01,Alimentaire,kg,390.6
Avril 2020,KAOLACK,Pomme de terre,D01,Alimentaire,kg,424.7
2020-05-01,Kaolack ,Pomme de terre,D01,Alimentaire,kg,477.4
Juin 2020,KAOLACK,Pomme de terre,D01,Alimentaire,kg,476.0
Juillet 2020,kaolack,Pomme de terre,D01,Alimentaire,kg,473.7
Août 2020,KAOLACK,Pomme de terre,D01,Alimentaire,kg,451.9
2020-09-01,KAOLACK,Pomme de terre,D01,Alimentaire,kg,407.2
01/10/2020,Kaolack ,Pomme de terre,D01,Alimentaire,kg,388.8
2020-11-01,Kaolack ,Pomme de terre,D01,Alimentaire,kg,335.3
Décembre 2020,KAOLACK,Pomme de terre,D01,Alimentaire,kg,325.7
Janvier 2021,Kaolack ,Pomme de terre,D01,Alimentaire,kg,333.0
01/02/2021,KAOLACK,Pomme de terre,D01,Alimentaire,kg,375.6
2021-03-01,KAOLACK,Pomme de terre,D01,Alimentaire,kg,406.9
01/04/2021,Kaolack ,Pomme de terre,D01,Alimentaire,kg,"434,8"
01/05/2021,KAOLACK,Pomme de terre,D01,Alimentaire,kg,463.2
Juin 2021,KAOLACK,Pomme de terre,D01,Alimentaire,kg,500.4
2021-07-01,KAOLACK,Pomme de terre,D01,Alimentaire,kg,484.0
01/08/2021,KAOLACK,Pomme de terre,D01,Alimentaire,kg,468.2
01/09/2021,KAOLACK,Pomme de terre,D01,Alimentaire,kg,418.4
Octobre 2021,kaolack,Pomme de terre,D01,Alimentaire,kg,385.4
2021-11-01,KAOLACK,Pomme de terre,D01,Alimentaire,kg,355.6
Décembre 2021,KAOLACK,Pomme de terre,D01,Alimentaire,kg,337.4
Janvier 2022,Kaolack ,Pomme de terre,D01,Alimentaire,kg,357.2
01/02/2022,KAOLACK,Pomme de terre,D01,Alimentaire,kg,380.0
2022-03-01,kaolack,Pomme de terre,D01,Alimentaire,kg,437.6
2022-04-01,KAOLACK,Pomme de terre,D01,Alimentaire,kg,"488,7"
2022-05-01,kaolack,Pomme de terre,D01,Alimentaire,kg,532.8
Juin 2022,kaolack,Pomme de terre,D01,Alimentaire,kg,552.3
Juillet 2022,kaolack,Pomme de terre,D01,Alimentaire,kg,541.5
2022-08-01,Kaolack ,Pomme de terre,D01,Alimentaire,kg,535.3
Septembre 2022,KAOLACK,Pomme de terre,D01,Alimentaire,kg,490.5
01/10/2022,kaolack,Pomme de terre,D01,Alimentaire,kg,455.1
Novembre 2022,kaolack,Pomme de terre,D01,Alimentaire,kg,425.3
2022-12-01,Kaolack ,Pomme de terre,D01,Alimentaire,kg,390.8
2023-01-01,kaolack,Pomme de terre,D01,Alimentaire,kg,402.9
Février 2023,Kaolack ,Pomme de terre,D01,Alimentaire,kg,437.1
01/03/2023,Kaolack ,Pomme de terre,D01,Alimentaire,kg,463.9
Avril 2023,Kaolack ,Pomme de terre,D01,Alimentaire,kg,510.9
Mai 2023,kaolack,Pomme de terre,D01,Alimentaire,kg,"547,7"
2023-06-01,Kaolack ,Pomme de terre,D01,Alimentaire,kg,581.0
01/07/2023,KAOLACK,Pomme de terre,D01,Alimentaire,kg,571.8
Août 2023,kaolack,Pomme de terre,D01,Alimentaire,kg,530.7
2023-09-01,Kaolack ,Pomme de terre,D01,Alimentaire,kg,506.4
Octobre 2023,KAOLACK,Pomme de terre,D01,Alimentaire,kg,461.4
2023-11-01,Kaolack ,Pomme de terre,D01,Alimentaire,kg,440.1
2023-12-01,KAOLACK,Pomme de terre,D01,Alimentaire,kg,422.5
01/01/2024,Kaolack ,Pomme de terre,D01,Alimentaire,kg,414.6
2024-02-01,KAOLACK,Pomme de terre,D01,Alimentaire,kg,434.3
01/03/2024,Kaolack ,Pomme de terre,D01,Alimentaire,kg,490.0
01/04/2024,Kaolack ,Pomme de terre,D01,Alimentaire,kg,530.2
2024-05-01,Kaolack ,Pomme de terre,D01,Alimentaire,kg,565.1
Juin 2024,kaolack,Pomme de terre,D01,Alimentaire,kg,575.6
2024-07-01,Kaolack ,Pomme de terre,D01,Alimentaire,kg,573.3
01/08/2024,KAOLACK,Pomme de terre,D01,Alimentaire,kg,546.9
2024-09-01,KAOLACK,Pomme de terre,D01,Alimentaire,kg,515.0
2024-10-01,KAOLACK,Pomme de terre,D01,Alimentaire,kg,469.0
2024-11-01,Kaolack ,Pomme de terre,D01,Alimentaire,kg,"448,1"
2024-12-01,Kaolack ,Pomme de terre,D01,Alimentaire,kg,414.4
01/01/2025,Kaolack ,Pomme de terre,D01,Alimentaire,kg,"419,4"
01/02/2025,kaolack,Pomme de terre,D01,Alimentaire,kg,444.2
2025-03-01,KAOLACK,Pomme de terre,D01,Alimentaire,kg,481.8
2025-04-01,KAOLACK,Pomme de terre,D01,Alimentaire,kg,534.3
2025-05-01,kaolack,Pomme de terre,D01,Alimentaire,kg,572.2
01/06/2025,Kaolack ,Pomme de terre,D01,Alimentaire,kg,569.4
Juillet 2025,Kaolack ,Pomme de terre,D01,Alimentaire,kg,"582,1"
2025-08-01,Kaolack ,Pomme de terre,D01,Alimentaire,kg,582.7
2025-09-01,Kaolack ,Pomme de terre,D01,Alimentaire,kg,526.2
Octobre 2025,kaolack,Pomme de terre,D01,Alimentaire,kg,475.4
Novembre 2025,KAOLACK,Pomme de terre,D01,Alimentaire,kg,450.0
Décembre 2025,kaolack,Pomme de terre,D01,Alimentaire,kg,406.1
2026-01-01,KAOLACK,Pomme de terre,D01,Alimentaire,kg,"420,2"
Février 2026,Kaolack ,Pomme de terre,D01,Alimentaire,kg,462.9
01/03/2026,KAOLACK,Pomme de terre,D01,Alimentaire,kg,499.0
2026-04-01,kaolack,Pomme de terre,D01,Alimentaire,kg,528.8
2026-05-01,KAOLACK,Pomme de terre,D01,Alimentaire,kg,582.5
01/01/2018,Kolda ,Pomme de terre,D01,Alimentaire,kg,"342,1"
Février 2018,kolda,Pomme de terre,D01,Alimentaire,kg,358.3
Mars 2018,Kolda ,Pomme de terre,D01,Alimentaire,kg,379.3
01/04/2018,kolda,Pomme de terre,D01,Alimentaire,kg,446.9
01/05/2018,kolda,Pomme de terre,D01,Alimentaire,kg,444.2
Juin 2018,kolda,Pomme de terre,D01,Alimentaire,kg,466.6
2018-07-01,Kolda ,Pomme de terre,D01,Alimentaire,kg,452.4
01/08/2018,KOLDA,Pomme de terre,D01,Alimentaire,kg,428.4
2018-09-01,Kolda ,Pomme de terre,D01,Alimentaire,kg,"398,3"
Octobre 2018,kolda,Pomme de terre,D01,Alimentaire,kg,370.4
01/11/2018,KOLDA,Pomme de terre,D01,Alimentaire,kg,"347,2"
Décembre 2018,Kolda ,Pomme de terre,D01,Alimentaire,kg,324.4
01/01/2019,KOLDA,Pomme de terre,D01,Alimentaire,kg,329.9
Février 2019,kolda,Pomme de terre,D01,Alimentaire,kg,363.5
Mars 2019,Kolda ,Pomme de terre,D01,Alimentaire,kg,398.6
01/04/2019,kolda,Pomme de terre,D01,Alimentaire,kg,433.7
Mai 2019,KOLDA,Pomme de terre,D01,Alimentaire,kg,463.7
01/06/2019,KOLDA,Pomme de terre,D01,Alimentaire,kg,"473,7"
Juillet 2019,Kolda ,Pomme de terre,D01,Alimentaire,kg,469.1
2019-08-01,kolda,Pomme de terre,D01,Alimentaire,kg,441.5
Septembre 2019,kolda,Pomme de terre,D01,Alimentaire,kg,415.8
2019-10-01,kolda,Pomme de terre,D01,Alimentaire,kg,386.8
Novembre 2019,KOLDA,Pomme de terre,D01,Alimentaire,kg,343.9
01/12/2019,Kolda ,Pomme de terre,D01,Alimentaire,kg,330.9
2020-01-01,KOLDA,Pomme de terre,D01,Alimentaire,kg,345.0
Février 2020,Kolda ,Pomme de terre,D01,Alimentaire,kg,363.4
2020-03-01,Kolda ,Pomme de terre,D01,Alimentaire,kg,411.0
01/04/2020,KOLDA,Pomme de terre,D01,Alimentaire,kg,448.2
Mai 2020,KOLDA,Pomme de terre,D01,Alimentaire,kg,472.3
2020-06-01,kolda,Pomme de terre,D01,Alimentaire,kg,500.8
01/07/2020,KOLDA,Pomme de terre,D01,Alimentaire,kg,485.6
01/08/2020,Kolda ,Pomme de terre,D01,Alimentaire,kg,450.1
Septembre 2020,kolda,Pomme de terre,D01,Alimentaire,kg,424.2
01/10/2020,Kolda ,Pomme de terre,D01,Alimentaire,kg,384.7
2020-11-01,KOLDA,Pomme de terre,D01,Alimentaire,kg,"3607,0"
2020-12-01,KOLDA,Pomme de terre,D01,Alimentaire,kg,347.1
2021-01-01,kolda,Pomme de terre,D01,Alimentaire,kg,350.8
Février 2021,Kolda ,Pomme de terre,D01,Alimentaire,kg,"373,7"
Mars 2021,Kolda ,Pomme de terre,D01,Alimentaire,kg,"414,8"
01/04/2021,Kolda ,Pomme de terre,D01,Alimentaire,kg,458.6
Mai 2021,Kolda ,Pomme de terre,D01,Alimentaire,kg,492.9
Juin 2021,KOLDA,Pomme de terre,D01,Alimentaire,kg,507.3
Juillet 2021,kolda,Pomme de terre,D01,Alimentaire,kg,496.8
2021-08-01,Kolda ,Pomme de terre,D01,Alimentaire,kg,481.1
2021-09-01,kolda,Pomme de terre,D01,Alimentaire,kg,428.0
Octobre 2021,Kolda ,Pomme de terre,D01,Alimentaire,kg,414.7
01/11/2021,Kolda ,Pomme de terre,D01,Alimentaire,kg,371.6
2021-12-01,Kolda ,Pomme de terre,D01,Alimentaire,kg,345.9
01/01/2022,Kolda ,Pomme de terre,D01,Alimentaire,kg,372.4
01/02/2022,kolda,Pomme de terre,D01,Alimentaire,kg,409.4
Mars 2022,Kolda ,Pomme de terre,D01,Alimentaire,kg,445.7
01/04/2022,KOLDA,Pomme de terre,D01,Alimentaire,kg,483.7
2022-05-01,KOLDA,Pomme de terre,D01,Alimentaire,kg,529.8
Juin 2022,kolda,Pomme de terre,D01,Alimentaire,kg,570.6
01/07/2022,KOLDA,Pomme de terre,D01,Alimentaire,kg,542.5
2022-08-01,Kolda ,Pomme de terre,D01,Alimentaire,kg,522.2
2022-09-01,KOLDA,Pomme de terre,D01,Alimentaire,kg,504.5
01/10/2022,kolda,Pomme de terre,D01,Alimentaire,kg,456.5
Novembre 2022,KOLDA,Pomme de terre,D01,Alimentaire,kg,"422,1"
Décembre 2022,kolda,Pomme de terre,D01,Alimentaire,kg,401.8
2023-01-01,KOLDA,Pomme de terre,D01,Alimentaire,kg,401.9
01/02/2023,Kolda ,Pomme de terre,D01,Alimentaire,kg,450.2
Mars 2023,Kolda ,Pomme de terre,D01,Alimentaire,kg,483.8
01/04/2023,Kolda ,Pomme de terre,D01,Alimentaire,kg,535.5
2023-05-01,KOLDA,Pomme de terre,D01,Alimentaire,kg,586.5
Juin 2023,KOLDA,Pomme de terre,D01,Alimentaire,kg,600.0
Juillet 2023,KOLDA,Pomme de terre,D01,Alimentaire,kg,587.8
01/08/2023,kolda,Pomme de terre,D01,Alimentaire,kg,543.4
Septembre 2023,Kolda ,Pomme de terre,D01,Alimentaire,kg,"526,8"
01/10/2023,Kolda ,Pomme de terre,D01,Alimentaire,kg,479.5
2023-11-01,Kolda ,Pomme de terre,D01,Alimentaire,kg,440.7
Décembre 2023,Kolda ,Pomme de terre,D01,Alimentaire,kg,411.9
2024-01-01,KOLDA,Pomme de terre,D01,Alimentaire,kg,"425,7"
2024-02-01,kolda,Pomme de terre,D01,Alimentaire,kg,460.6
01/03/2024,KOLDA,Pomme de terre,D01,Alimentaire,kg,502.0
2024-04-01,KOLDA,Pomme de terre,D01,Alimentaire,kg,567.0
01/05/2024,Kolda ,Pomme de terre,D01,Alimentaire,kg,"596,4"
01/06/2024,kolda,Pomme de terre,D01,Alimentaire,kg,605.4
Juillet 2024,Kolda ,Pomme de terre,D01,Alimentaire,kg,608.2
2024-08-01,Kolda ,Pomme de terre,D01,Alimentaire,kg,569.0
01/09/2024,kolda,Pomme de terre,D01,Alimentaire,kg,525.5
01/10/2024,KOLDA,Pomme de terre,D01,Alimentaire,kg,493.3
2024-11-01,kolda,Pomme de terre,D01,Alimentaire,kg,"439,7"
01/12/2024,kolda,Pomme de terre,D01,Alimentaire,kg,423.7
Janvier 2025,Kolda ,Pomme de terre,D01,Alimentaire,kg,441.0
Février 2025,kolda,Pomme de terre,D01,Alimentaire,kg,465.7
2025-03-01,Kolda ,Pomme de terre,D01,Alimentaire,kg,505.8
Avril 2025,KOLDA,Pomme de terre,D01,Alimentaire,kg,540.7
01/05/2025,KOLDA,Pomme de terre,D01,Alimentaire,kg,573.8
2025-06-01,Kolda ,Pomme de terre,D01,Alimentaire,kg,647.4
Juillet 2025,kolda,Pomme de terre,D01,Alimentaire,kg,6190.0
01/08/2025,Kolda ,Pomme de terre,D01,Alimentaire,kg,577.9
Septembre 2025,Kolda ,Pomme de terre,D01,Alimentaire,kg,544.8
2025-10-01,KOLDA,Pomme de terre,D01,Alimentaire,kg,486.7
2025-11-01,Kolda ,Pomme de terre,D01,Alimentaire,kg,459.3
Décembre 2025,KOLDA,Pomme de terre,D01,Alimentaire,kg,"429,4"
2026-01-01,KOLDA,Pomme de terre,D01,Alimentaire,kg,420.5
01/02/2026,KOLDA,Pomme de terre,D01,Alimentaire,kg,447.8
01/03/2026,Kolda ,Pomme de terre,D01,Alimentaire,kg,501.5
Avril 2026,KOLDA,Pomme de terre,D01,Alimentaire,kg,579.4
01/05/2026,Kolda ,Pomme de terre,D01,Alimentaire,kg,596.3
Janvier 2018,dakar,Poisson frais (sardinelle),D01,Alimentaire,kg,886.9
Février 2018,DAKAR,Poisson frais (sardinelle),D01,Alimentaire,kg,935.1
Mars 2018,DAKAR,Poisson frais (sardinelle),D01,Alimentaire,kg,978.7
01/04/2018,dakar,Poisson frais (sardinelle),D01,Alimentaire,kg,1038.3
2018-05-01,dakar,Poisson frais (sardinelle),D01,Alimentaire,kg,1101.3
2018-06-01,DAKAR,Poisson frais (sardinelle),D01,Alimentaire,kg,1114.6
01/07/2018,dakar,Poisson frais (sardinelle),D01,Alimentaire,kg,1140.4
01/08/2018,Dakar ,Poisson frais (sardinelle),D01,Alimentaire,kg,1111.0
2018-09-01,dakar,Poisson frais (sardinelle),D01,Alimentaire,kg,1036.6
Octobre 2018,DAKAR,Poisson frais (sardinelle),D01,Alimentaire,kg,900.9
01/11/2018,dakar,Poisson frais (sardinelle),D01,Alimentaire,kg,882.8
Décembre 2018,Dakar ,Poisson frais (sardinelle),D01,Alimentaire,kg,867.7
01/01/2019,dakar,Poisson frais (sardinelle),D01,Alimentaire,kg,"894,2"
01/02/2019,dakar,Poisson frais (sardinelle),D01,Alimentaire,kg,
2019-03-01,Dakar ,Poisson frais (sardinelle),D01,Alimentaire,kg,954.5
2019-04-01,Dakar ,Poisson frais (sardinelle),D01,Alimentaire,kg,1084.2
01/05/2019,DAKAR,Poisson frais (sardinelle),D01,Alimentaire,kg,"1099,2"
01/06/2019,Dakar ,Poisson frais (sardinelle),D01,Alimentaire,kg,1104.4
Juillet 2019,Dakar ,Poisson frais (sardinelle),D01,Alimentaire,kg,
01/08/2019,Dakar ,Poisson frais (sardinelle),D01,Alimentaire,kg,1093.3
2019-09-01,dakar,Poisson frais (sardinelle),D01,Alimentaire,kg,1003.6
Octobre 2019,Dakar ,Poisson frais (sardinelle),D01,Alimentaire,kg,957.9
01/11/2019,DAKAR,Poisson frais (sardinelle),D01,Alimentaire,kg,884.0
Décembre 2019,dakar,Poisson frais (sardinelle),D01,Alimentaire,kg,847.6
Janvier 2020,Dakar ,Poisson frais (sardinelle),D01,Alimentaire,kg,928.9
Février 2020,DAKAR,Poisson frais (sardinelle),D01,Alimentaire,kg,955.5
2020-03-01,Dakar ,Poisson frais (sardinelle),D01,Alimentaire,kg,1007.9
01/04/2020,DAKAR,Poisson frais (sardinelle),D01,Alimentaire,kg,1076.3
2020-05-01,dakar,Poisson frais (sardinelle),D01,Alimentaire,kg,1181.6
Juin 2020,dakar,Poisson frais (sardinelle),D01,Alimentaire,kg,1193.3
Juillet 2020,Dakar ,Poisson frais (sardinelle),D01,Alimentaire,kg,1196.8
2020-08-01,dakar,Poisson frais (sardinelle),D01,Alimentaire,kg,1110.6
01/09/2020,Dakar ,Poisson frais (sardinelle),D01,Alimentaire,kg,1056.9
01/10/2020,dakar,Poisson frais (sardinelle),D01,Alimentaire,kg,993.5
01/11/2020,dakar,Poisson frais (sardinelle),D01,Alimentaire,kg,921.0
01/12/2020,DAKAR,Poisson frais (sardinelle),D01,Alimentaire,kg,
Janvier 2021,DAKAR,Poisson frais (sardinelle),D01,Alimentaire,kg,"914,2"
Février 2021,Dakar ,Poisson frais (sardinelle),D01,Alimentaire,kg,978.8
01/03/2021,DAKAR,Poisson frais (sardinelle),D01,Alimentaire,kg,1012.1
Avril 2021,DAKAR,Poisson frais (sardinelle),D01,Alimentaire,kg,"1127,3"
2021-05-01,DAKAR,Poisson frais (sardinelle),D01,Alimentaire,kg,"1183,9"
2021-06-01,dakar,Poisson frais (sardinelle),D01,Alimentaire,kg,1204.1
2021-07-01,DAKAR,Poisson frais (sardinelle),D01,Alimentaire,kg,1210.4
Août 2021,dakar,Poisson frais (sardinelle),D01,Alimentaire,kg,1146.3
2021-09-01,Dakar ,Poisson frais (sardinelle),D01,Alimentaire,kg,1072.8
Octobre 2021,dakar,Poisson frais (sardinelle),D01,Alimentaire,kg,1028.2
Novembre 2021,dakar,Poisson frais (sardinelle),D01,Alimentaire,kg,974.5
Décembre 2021,Dakar ,Poisson frais (sardinelle),D01,Alimentaire,kg,929.7
Janvier 2022,Dakar ,Poisson frais (sardinelle),D01,Alimentaire,kg,"964,7"
01/02/2022,dakar,Poisson frais (sardinelle),D01,Alimentaire,kg,1034.0
Mars 2022,DAKAR,Poisson frais (sardinelle),D01,Alimentaire,kg,1112.4
Avril 2022,Dakar ,Poisson frais (sardinelle),D01,Alimentaire,kg,1257.9
Mai 2022,Dakar ,Poisson frais (sardinelle),D01,Alimentaire,kg,"1312,4"
Juin 2022,DAKAR,Poisson frais (sardinelle),D01,Alimentaire,kg,1353.7
Juillet 2022,DAKAR,Poisson frais (sardinelle),D01,Alimentaire,kg,"1330,0"
01/08/2022,DAKAR,Poisson frais (sardinelle),D01,Alimentaire,kg,1336.0
Septembre 2022,DAKAR,Poisson frais (sardinelle),D01,Alimentaire,kg,1235.7
01/10/2022,Dakar ,Poisson frais (sardinelle),D01,Alimentaire,kg,1165.0
01/11/2022,Dakar ,Poisson frais (sardinelle),D01,Alimentaire,kg,1143.6
Décembre 2022,DAKAR,Poisson frais (sardinelle),D01,Alimentaire,kg,1085.3
2023-01-01,dakar,Poisson frais (sardinelle),D01,Alimentaire,kg,1034.9
Février 2023,Dakar ,Poisson frais (sardinelle),D01,Alimentaire,kg,"1144,0"
2023-03-01,DAKAR,Poisson frais (sardinelle),D01,Alimentaire,kg,1235.7
01/04/2023,Dakar ,Poisson frais (sardinelle),D01,Alimentaire,kg,"1316,3"
2023-05-01,DAKAR,Poisson frais (sardinelle),D01,Alimentaire,kg,"1408,4"
Juin 2023,DAKAR,Poisson frais (sardinelle),D01,Alimentaire,kg,1393.6
Juillet 2023,DAKAR,Poisson frais (sardinelle),D01,Alimentaire,kg,"1355,7"
2023-08-01,Dakar ,Poisson frais (sardinelle),D01,Alimentaire,kg,1358.4
2023-09-01,dakar,Poisson frais (sardinelle),D01,Alimentaire,kg,1318.1
01/10/2023,dakar,Poisson frais (sardinelle),D01,Alimentaire,kg,1152.9
Novembre 2023,dakar,Poisson frais (sardinelle),D01,Alimentaire,kg,"1151,8"
2023-12-01,DAKAR,Poisson frais (sardinelle),D01,Alimentaire,kg,
Janvier 2024,Dakar ,Poisson frais (sardinelle),D01,Alimentaire,kg,1114.3
01/02/2024,dakar,Poisson frais (sardinelle),D01,Alimentaire,kg,1220.3
01/03/2024,Dakar ,Poisson frais (sardinelle),D01,Alimentaire,kg,1250.2
01/04/2024,dakar,Poisson frais (sardinelle),D01,Alimentaire,kg,1341.2
2024-05-01,Dakar ,Poisson frais (sardinelle),D01,Alimentaire,kg,"1441,3"
01/06/2024,Dakar ,Poisson frais (sardinelle),D01,Alimentaire,kg,"1455,0"
2024-07-01,dakar,Poisson frais (sardinelle),D01,Alimentaire,kg,1438.4
01/08/2024,DAKAR,Poisson frais (sardinelle),D01,Alimentaire,kg,1417.5
2024-09-01,Dakar ,Poisson frais (sardinelle),D01,Alimentaire,kg,1328.2
2024-10-01,Dakar ,Poisson frais (sardinelle),D01,Alimentaire,kg,1244.9
01/11/2024,dakar,Poisson frais (sardinelle),D01,Alimentaire,kg,
2024-12-01,dakar,Poisson frais (sardinelle),D01,Alimentaire,kg,1116.1
2025-01-01,Dakar ,Poisson frais (sardinelle),D01,Alimentaire,kg,1154.0
Février 2025,DAKAR,Poisson frais (sardinelle),D01,Alimentaire,kg,"1183,4"
2025-03-01,DAKAR,Poisson frais (sardinelle),D01,Alimentaire,kg,
2025-04-01,dakar,Poisson frais (sardinelle),D01,Alimentaire,kg,1341.7
Mai 2025,DAKAR,Poisson frais (sardinelle),D01,Alimentaire,kg,1490.4
2025-06-01,Dakar ,Poisson frais (sardinelle),D01,Alimentaire,kg,1504.2
Juillet 2025,Dakar ,Poisson frais (sardinelle),D01,Alimentaire,kg,1454.2
2025-08-01,Dakar ,Poisson frais (sardinelle),D01,Alimentaire,kg,1446.1
2025-09-01,DAKAR,Poisson frais (sardinelle),D01,Alimentaire,kg,1338.4
2025-10-01,Dakar ,Poisson frais (sardinelle),D01,Alimentaire,kg,1278.0
Novembre 2025,DAKAR,Poisson frais (sardinelle),D01,Alimentaire,kg,1204.7
2025-12-01,DAKAR,Poisson frais (sardinelle),D01,Alimentaire,kg,1158.4
2026-01-01,DAKAR,Poisson frais (sardinelle),D01,Alimentaire,kg,"1160,2"
Février 2026,dakar,Poisson frais (sardinelle),D01,Alimentaire,kg,1215.8
01/03/2026,Dakar ,Poisson frais (sardinelle),D01,Alimentaire,kg,1269.2
01/04/2026,DAKAR,Poisson frais (sardinelle),D01,Alimentaire,kg,1360.4
2026-05-01,Dakar ,Poisson frais (sardinelle),D01,Alimentaire,kg,
01/01/2018,Thiès ,Poisson frais (sardinelle),D01,Alimentaire,kg,833.6
01/02/2018,THIÈS,Poisson frais (sardinelle),D01,Alimentaire,kg,853.9
01/03/2018,THIÈS,Poisson frais (sardinelle),D01,Alimentaire,kg,"952,3"
01/04/2018,Thiès ,Poisson frais (sardinelle),D01,Alimentaire,kg,1001.5
2018-05-01,THIÈS,Poisson frais (sardinelle),D01,Alimentaire,kg,1023.2
Juin 2018,THIÈS,Poisson frais (sardinelle),D01,Alimentaire,kg,"1045,1"
Juillet 2018,Thiès ,Poisson frais (sardinelle),D01,Alimentaire,kg,1045.8
2018-08-01,THIÈS,Poisson frais (sardinelle),D01,Alimentaire,kg,1003.5
Septembre 2018,thiès,Poisson frais (sardinelle),D01,Alimentaire,kg,"974,3"
2018-10-01,Thiès ,Poisson frais (sardinelle),D01,Alimentaire,kg,905.6
2018-11-01,Thiès ,Poisson frais (sardinelle),D01,Alimentaire,kg,840.8
Décembre 2018,thiès,Poisson frais (sardinelle),D01,Alimentaire,kg,829.6
2019-01-01,Thiès ,Poisson frais (sardinelle),D01,Alimentaire,kg,849.6
2019-02-01,Thiès ,Poisson frais (sardinelle),D01,Alimentaire,kg,875.5
01/03/2019,thiès,Poisson frais (sardinelle),D01,Alimentaire,kg,"940,5"
2019-04-01,thiès,Poisson frais (sardinelle),D01,Alimentaire,kg,1008.6
2019-05-01,thiès,Poisson frais (sardinelle),D01,Alimentaire,kg,"1058,9"
2019-06-01,thiès,Poisson frais (sardinelle),D01,Alimentaire,kg,1057.1
2019-07-01,Thiès ,Poisson frais (sardinelle),D01,Alimentaire,kg,1050.1
Août 2019,thiès,Poisson frais (sardinelle),D01,Alimentaire,kg,1017.5
Septembre 2019,Thiès ,Poisson frais (sardinelle),D01,Alimentaire,kg,949.0
Octobre 2019,thiès,Poisson frais (sardinelle),D01,Alimentaire,kg,872.8
01/11/2019,THIÈS,Poisson frais (sardinelle),D01,Alimentaire,kg,862.1
01/12/2019,THIÈS,Poisson frais (sardinelle),D01,Alimentaire,kg,834.2
2020-01-01,Thiès ,Poisson frais (sardinelle),D01,Alimentaire,kg,829.2
Février 2020,thiès,Poisson frais (sardinelle),D01,Alimentaire,kg,890.0
Mars 2020,thiès,Poisson frais (sardinelle),D01,Alimentaire,kg,"953,7"
01/04/2020,THIÈS,Poisson frais (sardinelle),D01,Alimentaire,kg,1029.8
2020-05-01,Thiès ,Poisson frais (sardinelle),D01,Alimentaire,kg,1059.6
Juin 2020,THIÈS,Poisson frais (sardinelle),D01,Alimentaire,kg,1082.4
2020-07-01,thiès,Poisson frais (sardinelle),D01,Alimentaire,kg,1115.2
2020-08-01,thiès,Poisson frais (sardinelle),D01,Alimentaire,kg,1027.6
Septembre 2020,THIÈS,Poisson frais (sardinelle),D01,Alimentaire,kg,991.5
Octobre 2020,THIÈS,Poisson frais (sardinelle),D01,Alimentaire,kg,923.7
01/11/2020,Thiès ,Poisson frais (sardinelle),D01,Alimentaire,kg,876.3
2020-12-01,THIÈS,Poisson frais (sardinelle),D01,Alimentaire,kg,859.1
01/01/2021,THIÈS,Poisson frais (sardinelle),D01,Alimentaire,kg,900.5
Février 2021,THIÈS,Poisson frais (sardinelle),D01,Alimentaire,kg,"886,8"
Mars 2021,Thiès ,Poisson frais (sardinelle),D01,Alimentaire,kg,998.0
2021-04-01,Thiès ,Poisson frais (sardinelle),D01,Alimentaire,kg,998.6
01/05/2021,Thiès ,Poisson frais (sardinelle),D01,Alimentaire,kg,1141.0
2021-06-01,THIÈS,Poisson frais (sardinelle),D01,Alimentaire,kg,1093.9
Juillet 2021,Thiès ,Poisson frais (sardinelle),D01,Alimentaire,kg,1186.9
Août 2021,THIÈS,Poisson frais (sardinelle),D01,Alimentaire,kg,1080.8
01/09/2021,THIÈS,Poisson frais (sardinelle),D01,Alimentaire,kg,1052.3
2021-10-01,thiès,Poisson frais (sardinelle),D01,Alimentaire,kg,980.4
01/11/2021,thiès,Poisson frais (sardinelle),D01,Alimentaire,kg,900.7
2021-12-01,THIÈS,Poisson frais (sardinelle),D01,Alimentaire,kg,879.7
Janvier 2022,THIÈS,Poisson frais (sardinelle),D01,Alimentaire,kg,905.6
Février 2022,THIÈS,Poisson frais (sardinelle),D01,Alimentaire,kg,994.5
2022-03-01,thiès,Poisson frais (sardinelle),D01,Alimentaire,kg,1052.2
Avril 2022,thiès,Poisson frais (sardinelle),D01,Alimentaire,kg,1132.7
Mai 2022,thiès,Poisson frais (sardinelle),D01,Alimentaire,kg,1243.6
Juin 2022,THIÈS,Poisson frais (sardinelle),D01,Alimentaire,kg,1253.8
2022-07-01,thiès,Poisson frais (sardinelle),D01,Alimentaire,kg,1270.1
2022-08-01,thiès,Poisson frais (sardinelle),D01,Alimentaire,kg,1244.7
01/09/2022,thiès,Poisson frais (sardinelle),D01,Alimentaire,kg,1165.0
2022-10-01,THIÈS,Poisson frais (sardinelle),D01,Alimentaire,kg,1102.7
Novembre 2022,Thiès ,Poisson frais (sardinelle),D01,Alimentaire,kg,1095.1
01/12/2022,thiès,Poisson frais (sardinelle),D01,Alimentaire,kg,1011.9
01/01/2023,THIÈS,Poisson frais (sardinelle),D01,Alimentaire,kg,1020.4
2023-02-01,Thiès ,Poisson frais (sardinelle),D01,Alimentaire,kg,1078.9
2023-03-01,thiès,Poisson frais (sardinelle),D01,Alimentaire,kg,1173.4
Avril 2023,THIÈS,Poisson frais (sardinelle),D01,Alimentaire,kg,1224.4
01/05/2023,Thiès ,Poisson frais (sardinelle),D01,Alimentaire,kg,1335.8
2023-06-01,THIÈS,Poisson frais (sardinelle),D01,Alimentaire,kg,1371.0
Juillet 2023,THIÈS,Poisson frais (sardinelle),D01,Alimentaire,kg,"1307,2"
2023-08-01,thiès,Poisson frais (sardinelle),D01,Alimentaire,kg,1353.9
Septembre 2023,Thiès ,Poisson frais (sardinelle),D01,Alimentaire,kg,1272.6
01/10/2023,Thiès ,Poisson frais (sardinelle),D01,Alimentaire,kg,1144.0
01/11/2023,Thiès ,Poisson frais (sardinelle),D01,Alimentaire,kg,1080.4
2023-12-01,THIÈS,Poisson frais (sardinelle),D01,Alimentaire,kg,1057.9
2024-01-01,Thiès ,Poisson frais (sardinelle),D01,Alimentaire,kg,1026.2
01/02/2024,Thiès ,Poisson frais (sardinelle),D01,Alimentaire,kg,1138.1
01/03/2024,Thiès ,Poisson frais (sardinelle),D01,Alimentaire,kg,1173.5
01/04/2024,Thiès ,Poisson frais (sardinelle),D01,Alimentaire,kg,1309.1
01/05/2024,Thiès ,Poisson frais (sardinelle),D01,Alimentaire,kg,1315.2
01/06/2024,thiès,Poisson frais (sardinelle),D01,Alimentaire,kg,1369.0
2024-07-01,Thiès ,Poisson frais (sardinelle),D01,Alimentaire,kg,1397.4
01/08/2024,thiès,Poisson frais (sardinelle),D01,Alimentaire,kg,1304.5
Septembre 2024,THIÈS,Poisson frais (sardinelle),D01,Alimentaire,kg,1248.1
Octobre 2024,THIÈS,Poisson frais (sardinelle),D01,Alimentaire,kg,1193.2
01/11/2024,thiès,Poisson frais (sardinelle),D01,Alimentaire,kg,1099.0
01/12/2024,thiès,Poisson frais (sardinelle),D01,Alimentaire,kg,1033.5
01/01/2025,Thiès ,Poisson frais (sardinelle),D01,Alimentaire,kg,1037.9
Février 2025,Thiès ,Poisson frais (sardinelle),D01,Alimentaire,kg,1137.1
01/03/2025,THIÈS,Poisson frais (sardinelle),D01,Alimentaire,kg,1214.2
Avril 2025,thiès,Poisson frais (sardinelle),D01,Alimentaire,kg,1320.3
2025-05-01,thiès,Poisson frais (sardinelle),D01,Alimentaire,kg,"1359,3"
01/06/2025,Thiès ,Poisson frais (sardinelle),D01,Alimentaire,kg,1365.5
01/07/2025,thiès,Poisson frais (sardinelle),D01,Alimentaire,kg,1333.2
01/08/2025,THIÈS,Poisson frais (sardinelle),D01,Alimentaire,kg,1427.9
01/09/2025,THIÈS,Poisson frais (sardinelle),D01,Alimentaire,kg,1292.8
2025-10-01,THIÈS,Poisson frais (sardinelle),D01,Alimentaire,kg,"1208,2"
01/11/2025,thiès,Poisson frais (sardinelle),D01,Alimentaire,kg,"1154,1"
01/12/2025,THIÈS,Poisson frais (sardinelle),D01,Alimentaire,kg,1064.4
01/01/2026,Thiès ,Poisson frais (sardinelle),D01,Alimentaire,kg,"1057,2"
01/02/2026,THIÈS,Poisson frais (sardinelle),D01,Alimentaire,kg,1174.8
01/03/2026,THIÈS,Poisson frais (sardinelle),D01,Alimentaire,kg,1241.1
01/04/2026,THIÈS,Poisson frais (sardinelle),D01,Alimentaire,kg,1291.4
01/05/2026,THIÈS,Poisson frais (sardinelle),D01,Alimentaire,kg,1349.4
2018-01-01,saint-louis,Poisson frais (sardinelle),D01,Alimentaire,kg,807.1
Février 2018,Saint-Louis ,Poisson frais (sardinelle),D01,Alimentaire,kg,847.2
Mars 2018,Saint-Louis ,Poisson frais (sardinelle),D01,Alimentaire,kg,946.4
01/04/2018,Saint-Louis ,Poisson frais (sardinelle),D01,Alimentaire,kg,967.0
Mai 2018,Saint-Louis ,Poisson frais (sardinelle),D01,Alimentaire,kg,996.3
01/06/2018,saint-louis,Poisson frais (sardinelle),D01,Alimentaire,kg,"1043,2"
2018-07-01,SAINT-LOUIS,Poisson frais (sardinelle),D01,Alimentaire,kg,1040.3
Août 2018,saint-louis,Poisson frais (sardinelle),D01,Alimentaire,kg,969.6
2018-09-01,Saint-Louis ,Poisson frais (sardinelle),D01,Alimentaire,kg,943.7
01/10/2018,SAINT-LOUIS,Poisson frais (sardinelle),D01,Alimentaire,kg,896.0
01/11/2018,Saint-Louis ,Poisson frais (sardinelle),D01,Alimentaire,kg,829.9
01/12/2018,Saint-Louis ,Poisson frais (sardinelle),D01,Alimentaire,kg,793.4
2019-01-01,SAINT-LOUIS,Poisson frais (sardinelle),D01,Alimentaire,kg,814.6
Février 2019,SAINT-LOUIS,Poisson frais (sardinelle),D01,Alimentaire,kg,"832,8"
01/03/2019,SAINT-LOUIS,Poisson frais (sardinelle),D01,Alimentaire,kg,"916,5"
01/04/2019,Saint-Louis ,Poisson frais (sardinelle),D01,Alimentaire,kg,987.9
01/05/2019,saint-louis,Poisson frais (sardinelle),D01,Alimentaire,kg,1014.4
Juin 2019,Saint-Louis ,Poisson frais (sardinelle),D01,Alimentaire,kg,1098.7
01/07/2019,saint-louis,Poisson frais (sardinelle),D01,Alimentaire,kg,1065.2
01/08/2019,SAINT-LOUIS,Poisson frais (sardinelle),D01,Alimentaire,kg,971.9
Septembre 2019,Saint-Louis ,Poisson frais (sardinelle),D01,Alimentaire,kg,914.6
01/10/2019,saint-louis,Poisson frais (sardinelle),D01,Alimentaire,kg,868.4
2019-11-01,Saint-Louis ,Poisson frais (sardinelle),D01,Alimentaire,kg,864.2
2019-12-01,Saint-Louis ,Poisson frais (sardinelle),D01,Alimentaire,kg,830.6
2020-01-01,saint-louis,Poisson frais (sardinelle),D01,Alimentaire,kg,866.5
2020-02-01,Saint-Louis ,Poisson frais (sardinelle),D01,Alimentaire,kg,"881,1"
2020-03-01,SAINT-LOUIS,Poisson frais (sardinelle),D01,Alimentaire,kg,939.0
01/04/2020,saint-louis,Poisson frais (sardinelle),D01,Alimentaire,kg,985.4
01/05/2020,saint-louis,Poisson frais (sardinelle),D01,Alimentaire,kg,1074.2
2020-06-01,SAINT-LOUIS,Poisson frais (sardinelle),D01,Alimentaire,kg,1091.6
01/07/2020,saint-louis,Poisson frais (sardinelle),D01,Alimentaire,kg,1082.1
01/08/2020,Saint-Louis ,Poisson frais (sardinelle),D01,Alimentaire,kg,1078.0
2020-09-01,saint-louis,Poisson frais (sardinelle),D01,Alimentaire,kg,978.7
2020-10-01,saint-louis,Poisson frais (sardinelle),D01,Alimentaire,kg,940.2
Novembre 2020,Saint-Louis ,Poisson frais (sardinelle),D01,Alimentaire,kg,"837,8"
2020-12-01,saint-louis,Poisson frais (sardinelle),D01,Alimentaire,kg,887.3
2021-01-01,saint-louis,Poisson frais (sardinelle),D01,Alimentaire,kg,"853,1"
01/02/2021,SAINT-LOUIS,Poisson frais (sardinelle),D01,Alimentaire,kg,"915,1"
2021-03-01,saint-louis,Poisson frais (sardinelle),D01,Alimentaire,kg,982.8
01/04/2021,Saint-Louis ,Poisson frais (sardinelle),D01,Alimentaire,kg,1025.4
Mai 2021,saint-louis,Poisson frais (sardinelle),D01,Alimentaire,kg,1111.3
01/06/2021,saint-louis,Poisson frais (sardinelle),D01,Alimentaire,kg,1143.0
2021-07-01,Saint-Louis ,Poisson frais (sardinelle),D01,Alimentaire,kg,1098.8
Août 2021,SAINT-LOUIS,Poisson frais (sardinelle),D01,Alimentaire,kg,1057.9
2021-09-01,Saint-Louis ,Poisson frais (sardinelle),D01,Alimentaire,kg,
2021-10-01,SAINT-LOUIS,Poisson frais (sardinelle),D01,Alimentaire,kg,"943,0"
2021-11-01,SAINT-LOUIS,Poisson frais (sardinelle),D01,Alimentaire,kg,919.9
2021-12-01,SAINT-LOUIS,Poisson frais (sardinelle),D01,Alimentaire,kg,"885,0"
Janvier 2022,SAINT-LOUIS,Poisson frais (sardinelle),D01,Alimentaire,kg,906.0
Février 2022,saint-louis,Poisson frais (sardinelle),D01,Alimentaire,kg,976.1
01/03/2022,saint-louis,Poisson frais (sardinelle),D01,Alimentaire,kg,"1002,5"
Avril 2022,SAINT-LOUIS,Poisson frais (sardinelle),D01,Alimentaire,kg,1120.3
Mai 2022,Saint-Louis ,Poisson frais (sardinelle),D01,Alimentaire,kg,"1218,9"
01/06/2022,saint-louis,Poisson frais (sardinelle),D01,Alimentaire,kg,1285.6
Juillet 2022,SAINT-LOUIS,Poisson frais (sardinelle),D01,Alimentaire,kg,1264.4
01/08/2022,SAINT-LOUIS,Poisson frais (sardinelle),D01,Alimentaire,kg,1259.1
Septembre 2022,Saint-Louis ,Poisson frais (sardinelle),D01,Alimentaire,kg,1182.7
Octobre 2022,SAINT-LOUIS,Poisson frais (sardinelle),D01,Alimentaire,kg,1086.2
Novembre 2022,saint-louis,Poisson frais (sardinelle),D01,Alimentaire,kg,1043.6
01/12/2022,SAINT-LOUIS,Poisson frais (sardinelle),D01,Alimentaire,kg,1009.0
01/01/2023,Saint-Louis ,Poisson frais (sardinelle),D01,Alimentaire,kg,1003.3
2023-02-01,saint-louis,Poisson frais (sardinelle),D01,Alimentaire,kg,"1099,1"
01/03/2023,Saint-Louis ,Poisson frais (sardinelle),D01,Alimentaire,kg,1120.0
2023-04-01,saint-louis,Poisson frais (sardinelle),D01,Alimentaire,kg,1239.3
01/05/2023,Saint-Louis ,Poisson frais (sardinelle),D01,Alimentaire,kg,1323.8
2023-06-01,saint-louis,Poisson frais (sardinelle),D01,Alimentaire,kg,1335.2
01/07/2023,Saint-Louis ,Poisson frais (sardinelle),D01,Alimentaire,kg,"1321,0"
Août 2023,Saint-Louis ,Poisson frais (sardinelle),D01,Alimentaire,kg,1285.4
2023-09-01,saint-louis,Poisson frais (sardinelle),D01,Alimentaire,kg,1237.8
01/10/2023,saint-louis,Poisson frais (sardinelle),D01,Alimentaire,kg,1133.7
2023-11-01,saint-louis,Poisson frais (sardinelle),D01,Alimentaire,kg,1065.4
2023-12-01,Saint-Louis ,Poisson frais (sardinelle),D01,Alimentaire,kg,1061.2
2024-01-01,Saint-Louis ,Poisson frais (sardinelle),D01,Alimentaire,kg,1048.8
2024-02-01,SAINT-LOUIS,Poisson frais (sardinelle),D01,Alimentaire,kg,1113.2
01/03/2024,SAINT-LOUIS,Poisson frais (sardinelle),D01,Alimentaire,kg,1184.5
2024-04-01,saint-louis,Poisson frais (sardinelle),D01,Alimentaire,kg,1303.4
Mai 2024,saint-louis,Poisson frais (sardinelle),D01,Alimentaire,kg,
Juin 2024,SAINT-LOUIS,Poisson frais (sardinelle),D01,Alimentaire,kg,1331.9
2024-07-01,SAINT-LOUIS,Poisson frais (sardinelle),D01,Alimentaire,kg,"1355,0"
Août 2024,saint-louis,Poisson frais (sardinelle),D01,Alimentaire,kg,
01/09/2024,saint-louis,Poisson frais (sardinelle),D01,Alimentaire,kg,"1211,6"
01/10/2024,saint-louis,Poisson frais (sardinelle),D01,Alimentaire,kg,1117.6
Novembre 2024,SAINT-LOUIS,Poisson frais (sardinelle),D01,Alimentaire,kg,1088.4
Décembre 2024,Saint-Louis ,Poisson frais (sardinelle),D01,Alimentaire,kg,1055.7
2025-01-01,SAINT-LOUIS,Poisson frais (sardinelle),D01,Alimentaire,kg,"1051,7"
2025-02-01,saint-louis,Poisson frais (sardinelle),D01,Alimentaire,kg,1082.8
01/03/2025,Saint-Louis ,Poisson frais (sardinelle),D01,Alimentaire,kg,1150.6
01/04/2025,saint-louis,Poisson frais (sardinelle),D01,Alimentaire,kg,1327.2
Mai 2025,SAINT-LOUIS,Poisson frais (sardinelle),D01,Alimentaire,kg,1355.1
01/06/2025,SAINT-LOUIS,Poisson frais (sardinelle),D01,Alimentaire,kg,"1361,9"
01/07/2025,saint-louis,Poisson frais (sardinelle),D01,Alimentaire,kg,1390.8
2025-08-01,Saint-Louis ,Poisson frais (sardinelle),D01,Alimentaire,kg,"1388,4"
01/09/2025,saint-louis,Poisson frais (sardinelle),D01,Alimentaire,kg,1275.7
01/10/2025,SAINT-LOUIS,Poisson frais (sardinelle),D01,Alimentaire,kg,1120.6
01/11/2025,Saint-Louis ,Poisson frais (sardinelle),D01,Alimentaire,kg,1190.5
Décembre 2025,SAINT-LOUIS,Poisson frais (sardinelle),D01,Alimentaire,kg,1039.4
01/01/2026,saint-louis,Poisson frais (sardinelle),D01,Alimentaire,kg,1053.8
2026-02-01,SAINT-LOUIS,Poisson frais (sardinelle),D01,Alimentaire,kg,1092.8
Mars 2026,SAINT-LOUIS,Poisson frais (sardinelle),D01,Alimentaire,kg,1188.7
01/04/2026,Saint-Louis ,Poisson frais (sardinelle),D01,Alimentaire,kg,"1299,1"
01/05/2026,SAINT-LOUIS,Poisson frais (sardinelle),D01,Alimentaire,kg,1306.1
Janvier 2018,Diourbel ,Poisson frais (sardinelle),D01,Alimentaire,kg,801.6
01/02/2018,diourbel,Poisson frais (sardinelle),D01,Alimentaire,kg,858.9
Mars 2018,DIOURBEL,Poisson frais (sardinelle),D01,Alimentaire,kg,880.2
Avril 2018,Diourbel ,Poisson frais (sardinelle),D01,Alimentaire,kg,929.3
01/05/2018,DIOURBEL,Poisson frais (sardinelle),D01,Alimentaire,kg,1002.3
Juin 2018,Diourbel ,Poisson frais (sardinelle),D01,Alimentaire,kg,1021.6
2018-07-01,Diourbel ,Poisson frais (sardinelle),D01,Alimentaire,kg,1006.9
Août 2018,diourbel,Poisson frais (sardinelle),D01,Alimentaire,kg,956.6
Septembre 2018,DIOURBEL,Poisson frais (sardinelle),D01,Alimentaire,kg,931.5
2018-10-01,DIOURBEL,Poisson frais (sardinelle),D01,Alimentaire,kg,
2018-11-01,DIOURBEL,Poisson frais (sardinelle),D01,Alimentaire,kg,797.6
2018-12-01,DIOURBEL,Poisson frais (sardinelle),D01,Alimentaire,kg,7792.0
2019-01-01,diourbel,Poisson frais (sardinelle),D01,Alimentaire,kg,813.0
Février 2019,diourbel,Poisson frais (sardinelle),D01,Alimentaire,kg,831.9
2019-03-01,diourbel,Poisson frais (sardinelle),D01,Alimentaire,kg,908.2
2019-04-01,Diourbel ,Poisson frais (sardinelle),D01,Alimentaire,kg,"995,2"
01/05/2019,diourbel,Poisson frais (sardinelle),D01,Alimentaire,kg,1016.0
01/06/2019,Diourbel ,Poisson frais (sardinelle),D01,Alimentaire,kg,1016.3
01/07/2019,diourbel,Poisson frais (sardinelle),D01,Alimentaire,kg,1040.7
01/08/2019,Diourbel ,Poisson frais (sardinelle),D01,Alimentaire,kg,989.2
Septembre 2019,Diourbel ,Poisson frais (sardinelle),D01,Alimentaire,kg,930.9
01/10/2019,DIOURBEL,Poisson frais (sardinelle),D01,Alimentaire,kg,880.7
01/11/2019,diourbel,Poisson frais (sardinelle),D01,Alimentaire,kg,"836,5"
2019-12-01,diourbel,Poisson frais (sardinelle),D01,Alimentaire,kg,804.2
Janvier 2020,DIOURBEL,Poisson frais (sardinelle),D01,Alimentaire,kg,"825,5"
2020-02-01,DIOURBEL,Poisson frais (sardinelle),D01,Alimentaire,kg,"903,3"
01/03/2020,DIOURBEL,Poisson frais (sardinelle),D01,Alimentaire,kg,"950,9"
Avril 2020,DIOURBEL,Poisson frais (sardinelle),D01,Alimentaire,kg,1011.9
01/05/2020,Diourbel ,Poisson frais (sardinelle),D01,Alimentaire,kg,1053.3
01/06/2020,DIOURBEL,Poisson frais (sardinelle),D01,Alimentaire,kg,1057.5
2020-07-01,DIOURBEL,Poisson frais (sardinelle),D01,Alimentaire,kg,1094.8
Août 2020,diourbel,Poisson frais (sardinelle),D01,Alimentaire,kg,1031.3
2020-09-01,diourbel,Poisson frais (sardinelle),D01,Alimentaire,kg,955.1
Octobre 2020,Diourbel ,Poisson frais (sardinelle),D01,Alimentaire,kg,897.5
01/11/2020,DIOURBEL,Poisson frais (sardinelle),D01,Alimentaire,kg,"835,7"
01/12/2020,Diourbel ,Poisson frais (sardinelle),D01,Alimentaire,kg,846.7
Janvier 2021,DIOURBEL,Poisson frais (sardinelle),D01,Alimentaire,kg,"858,0"
Février 2021,DIOURBEL,Poisson frais (sardinelle),D01,Alimentaire,kg,891.8
2021-03-01,diourbel,Poisson frais (sardinelle),D01,Alimentaire,kg,"950,5"
01/04/2021,Diourbel ,Poisson frais (sardinelle),D01,Alimentaire,kg,1006.0
01/05/2021,DIOURBEL,Poisson frais (sardinelle),D01,Alimentaire,kg,1030.8
2021-06-01,diourbel,Poisson frais (sardinelle),D01,Alimentaire,kg,1075.1
01/07/2021,diourbel,Poisson frais (sardinelle),D01,Alimentaire,kg,1081.5
2021-08-01,Diourbel ,Poisson frais (sardinelle),D01,Alimentaire,kg,1037.8
01/09/2021,diourbel,Poisson frais (sardinelle),D01,Alimentaire,kg,1000.8
2021-10-01,DIOURBEL,Poisson frais (sardinelle),D01,Alimentaire,kg,945.9
2021-11-01,Diourbel ,Poisson frais (sardinelle),D01,Alimentaire,kg,879.1
Décembre 2021,Diourbel ,Poisson frais (sardinelle),D01,Alimentaire,kg,883.7
2022-01-01,diourbel,Poisson frais (sardinelle),D01,Alimentaire,kg,879.4
2022-02-01,Diourbel ,Poisson frais (sardinelle),D01,Alimentaire,kg,947.1
2022-03-01,DIOURBEL,Poisson frais (sardinelle),D01,Alimentaire,kg,"1028,3"
2022-04-01,Diourbel ,Poisson frais (sardinelle),D01,Alimentaire,kg,"1141,4"
Mai 2022,Diourbel ,Poisson frais (sardinelle),D01,Alimentaire,kg,1196.0
Juin 2022,Diourbel ,Poisson frais (sardinelle),D01,Alimentaire,kg,1241.7
Juillet 2022,Diourbel ,Poisson frais (sardinelle),D01,Alimentaire,kg,1199.2
Août 2022,diourbel,Poisson frais (sardinelle),D01,Alimentaire,kg,1183.1
2022-09-01,DIOURBEL,Poisson frais (sardinelle),D01,Alimentaire,kg,1169.9
01/10/2022,Diourbel ,Poisson frais (sardinelle),D01,Alimentaire,kg,1035.4
2022-11-01,Diourbel ,Poisson frais (sardinelle),D01,Alimentaire,kg,1058.3
2022-12-01,diourbel,Poisson frais (sardinelle),D01,Alimentaire,kg,995.4
01/01/2023,diourbel,Poisson frais (sardinelle),D01,Alimentaire,kg,982.1
Février 2023,DIOURBEL,Poisson frais (sardinelle),D01,Alimentaire,kg,"1032,7"
2023-03-01,Diourbel ,Poisson frais (sardinelle),D01,Alimentaire,kg,1170.7
2023-04-01,diourbel,Poisson frais (sardinelle),D01,Alimentaire,kg,1247.0
Mai 2023,DIOURBEL,Poisson frais (sardinelle),D01,Alimentaire,kg,1281.6
2023-06-01,Diourbel ,Poisson frais (sardinelle),D01,Alimentaire,kg,1326.7
01/07/2023,DIOURBEL,Poisson frais (sardinelle),D01,Alimentaire,kg,"1298,1"
2023-08-01,DIOURBEL,Poisson frais (sardinelle),D01,Alimentaire,kg,"1271,2"
Septembre 2023,DIOURBEL,Poisson frais (sardinelle),D01,Alimentaire,kg,1183.3
01/10/2023,Diourbel ,Poisson frais (sardinelle),D01,Alimentaire,kg,1126.0
2023-11-01,DIOURBEL,Poisson frais (sardinelle),D01,Alimentaire,kg,"1110,9"
2023-12-01,diourbel,Poisson frais (sardinelle),D01,Alimentaire,kg,1019.6
Janvier 2024,diourbel,Poisson frais (sardinelle),D01,Alimentaire,kg,1003.2
Février 2024,diourbel,Poisson frais (sardinelle),D01,Alimentaire,kg,1045.2
Mars 2024,Diourbel ,Poisson frais (sardinelle),D01,Alimentaire,kg,1152.0
2024-04-01,DIOURBEL,Poisson frais (sardinelle),D01,Alimentaire,kg,1211.2
Mai 2024,diourbel,Poisson frais (sardinelle),D01,Alimentaire,kg,"1303,5"
01/06/2024,diourbel,Poisson frais (sardinelle),D01,Alimentaire,kg,1287.8
Juillet 2024,diourbel,Poisson frais (sardinelle),D01,Alimentaire,kg,1340.2
01/08/2024,Diourbel ,Poisson frais (sardinelle),D01,Alimentaire,kg,1246.5
01/09/2024,DIOURBEL,Poisson frais (sardinelle),D01,Alimentaire,kg,1205.2
01/10/2024,DIOURBEL,Poisson frais (sardinelle),D01,Alimentaire,kg,1125.0
2024-11-01,diourbel,Poisson frais (sardinelle),D01,Alimentaire,kg,1115.1
Décembre 2024,DIOURBEL,Poisson frais (sardinelle),D01,Alimentaire,kg,
01/01/2025,Diourbel ,Poisson frais (sardinelle),D01,Alimentaire,kg,1077.4
2025-02-01,Diourbel ,Poisson frais (sardinelle),D01,Alimentaire,kg,1102.5
Mars 2025,Diourbel ,Poisson frais (sardinelle),D01,Alimentaire,kg,1202.0
2025-04-01,Diourbel ,Poisson frais (sardinelle),D01,Alimentaire,kg,1248.8
Mai 2025,diourbel,Poisson frais (sardinelle),D01,Alimentaire,kg,1335.0
2025-06-01,Diourbel ,Poisson frais (sardinelle),D01,Alimentaire,kg,1396.8
01/07/2025,diourbel,Poisson frais (sardinelle),D01,Alimentaire,kg,1381.6
01/08/2025,Diourbel ,Poisson frais (sardinelle),D01,Alimentaire,kg,1323.8
Septembre 2025,DIOURBEL,Poisson frais (sardinelle),D01,Alimentaire,kg,1232.8
2025-10-01,DIOURBEL,Poisson frais (sardinelle),D01,Alimentaire,kg,1165.0
2025-11-01,Diourbel ,Poisson frais (sardinelle),D01,Alimentaire,kg,"1138,6"
2025-12-01,diourbel,Poisson frais (sardinelle),D01,Alimentaire,kg,"1091,5"
2026-01-01,DIOURBEL,Poisson frais (sardinelle),D01,Alimentaire,kg,"1029,7"
01/02/2026,Diourbel ,Poisson frais (sardinelle),D01,Alimentaire,kg,1084.8
01/03/2026,diourbel,Poisson frais (sardinelle),D01,Alimentaire,kg,1166.7
Avril 2026,Diourbel ,Poisson frais (sardinelle),D01,Alimentaire,kg,1293.2
01/05/2026,diourbel,Poisson frais (sardinelle),D01,Alimentaire,kg,1316.9
01/01/2018,Kaolack ,Poisson frais (sardinelle),D01,Alimentaire,kg,824.6
2018-02-01,KAOLACK,Poisson frais (sardinelle),D01,Alimentaire,kg,857.5
2018-03-01,Kaolack ,Poisson frais (sardinelle),D01,Alimentaire,kg,"894,6"
Avril 2018,KAOLACK,Poisson frais (sardinelle),D01,Alimentaire,kg,996.0
01/05/2018,kaolack,Poisson frais (sardinelle),D01,Alimentaire,kg,985.7
01/06/2018,Kaolack ,Poisson frais (sardinelle),D01,Alimentaire,kg,"1073,7"
01/07/2018,kaolack,Poisson frais (sardinelle),D01,Alimentaire,kg,"1036,1"
01/08/2018,KAOLACK,Poisson frais (sardinelle),D01,Alimentaire,kg,949.0
Septembre 2018,kaolack,Poisson frais (sardinelle),D01,Alimentaire,kg,961.0
2018-10-01,KAOLACK,Poisson frais (sardinelle),D01,Alimentaire,kg,887.3
01/11/2018,kaolack,Poisson frais (sardinelle),D01,Alimentaire,kg,"816,4"
2018-12-01,KAOLACK,Poisson frais (sardinelle),D01,Alimentaire,kg,786.7
2019-01-01,kaolack,Poisson frais (sardinelle),D01,Alimentaire,kg,793.5
Février 2019,KAOLACK,Poisson frais (sardinelle),D01,Alimentaire,kg,"898,4"
Mars 2019,kaolack,Poisson frais (sardinelle),D01,Alimentaire,kg,897.5
Avril 2019,Kaolack ,Poisson frais (sardinelle),D01,Alimentaire,kg,952.1
2019-05-01,kaolack,Poisson frais (sardinelle),D01,Alimentaire,kg,1033.2
2019-06-01,Kaolack ,Poisson frais (sardinelle),D01,Alimentaire,kg,1017.9
01/07/2019,Kaolack ,Poisson frais (sardinelle),D01,Alimentaire,kg,1022.8
Août 2019,Kaolack ,Poisson frais (sardinelle),D01,Alimentaire,kg,1022.9
Septembre 2019,Kaolack ,Poisson frais (sardinelle),D01,Alimentaire,kg,952.1
Octobre 2019,Kaolack ,Poisson frais (sardinelle),D01,Alimentaire,kg,874.5
Novembre 2019,kaolack,Poisson frais (sardinelle),D01,Alimentaire,kg,833.9
Décembre 2019,kaolack,Poisson frais (sardinelle),D01,Alimentaire,kg,804.7
2020-01-01,Kaolack ,Poisson frais (sardinelle),D01,Alimentaire,kg,833.9
01/02/2020,kaolack,Poisson frais (sardinelle),D01,Alimentaire,kg,"863,1"
01/03/2020,KAOLACK,Poisson frais (sardinelle),D01,Alimentaire,kg,927.2
01/04/2020,kaolack,Poisson frais (sardinelle),D01,Alimentaire,kg,993.2
Mai 2020,KAOLACK,Poisson frais (sardinelle),D01,Alimentaire,kg,1045.9
Juin 2020,Kaolack ,Poisson frais (sardinelle),D01,Alimentaire,kg,1113.1
01/07/2020,Kaolack ,Poisson frais (sardinelle),D01,Alimentaire,kg,"1098,3"
01/08/2020,Kaolack ,Poisson frais (sardinelle),D01,Alimentaire,kg,1019.5
Septembre 2020,kaolack,Poisson frais (sardinelle),D01,Alimentaire,kg,952.9
2020-10-01,kaolack,Poisson frais (sardinelle),D01,Alimentaire,kg,908.3
2020-11-01,kaolack,Poisson frais (sardinelle),D01,Alimentaire,kg,898.1
01/12/2020,kaolack,Poisson frais (sardinelle),D01,Alimentaire,kg,820.5
2021-01-01,KAOLACK,Poisson frais (sardinelle),D01,Alimentaire,kg,852.4
01/02/2021,Kaolack ,Poisson frais (sardinelle),D01,Alimentaire,kg,899.4
01/03/2021,kaolack,Poisson frais (sardinelle),D01,Alimentaire,kg,959.1
01/04/2021,KAOLACK,Poisson frais (sardinelle),D01,Alimentaire,kg,1021.0
01/05/2021,Kaolack ,Poisson frais (sardinelle),D01,Alimentaire,kg,1112.9
Juin 2021,kaolack,Poisson frais (sardinelle),D01,Alimentaire,kg,1127.9
2021-07-01,kaolack,Poisson frais (sardinelle),D01,Alimentaire,kg,"1127,8"
01/08/2021,kaolack,Poisson frais (sardinelle),D01,Alimentaire,kg,1080.1
Septembre 2021,KAOLACK,Poisson frais (sardinelle),D01,Alimentaire,kg,1023.3
2021-10-01,kaolack,Poisson frais (sardinelle),D01,Alimentaire,kg,970.2
01/11/2021,kaolack,Poisson frais (sardinelle),D01,Alimentaire,kg,914.2
Décembre 2021,kaolack,Poisson frais (sardinelle),D01,Alimentaire,kg,908.7
01/01/2022,KAOLACK,Poisson frais (sardinelle),D01,Alimentaire,kg,924.6
2022-02-01,Kaolack ,Poisson frais (sardinelle),D01,Alimentaire,kg,946.6
2022-03-01,kaolack,Poisson frais (sardinelle),D01,Alimentaire,kg,"1057,6"
2022-04-01,Kaolack ,Poisson frais (sardinelle),D01,Alimentaire,kg,1144.5
2022-05-01,kaolack,Poisson frais (sardinelle),D01,Alimentaire,kg,1252.1
Juin 2022,KAOLACK,Poisson frais (sardinelle),D01,Alimentaire,kg,"1227,0"
2022-07-01,Kaolack ,Poisson frais (sardinelle),D01,Alimentaire,kg,"1267,0"
Août 2022,kaolack,Poisson frais (sardinelle),D01,Alimentaire,kg,1200.6
Septembre 2022,kaolack,Poisson frais (sardinelle),D01,Alimentaire,kg,1168.5
Octobre 2022,KAOLACK,Poisson frais (sardinelle),D01,Alimentaire,kg,1086.7
Novembre 2022,KAOLACK,Poisson frais (sardinelle),D01,Alimentaire,kg,
01/12/2022,KAOLACK,Poisson frais (sardinelle),D01,Alimentaire,kg,967.6
Janvier 2023,kaolack,Poisson frais (sardinelle),D01,Alimentaire,kg,1023.2
01/02/2023,KAOLACK,Poisson frais (sardinelle),D01,Alimentaire,kg,1065.4
2023-03-01,KAOLACK,Poisson frais (sardinelle),D01,Alimentaire,kg,1143.0
Avril 2023,Kaolack ,Poisson frais (sardinelle),D01,Alimentaire,kg,1273.0
Mai 2023,Kaolack ,Poisson frais (sardinelle),D01,Alimentaire,kg,"1288,0"
Juin 2023,Kaolack ,Poisson frais (sardinelle),D01,Alimentaire,kg,1345.9
01/07/2023,Kaolack ,Poisson frais (sardinelle),D01,Alimentaire,kg,1331.3
2023-08-01,KAOLACK,Poisson frais (sardinelle),D01,Alimentaire,kg,1285.9
01/09/2023,kaolack,Poisson frais (sardinelle),D01,Alimentaire,kg,1265.6
Octobre 2023,Kaolack ,Poisson frais (sardinelle),D01,Alimentaire,kg,1140.8
Novembre 2023,KAOLACK,Poisson frais (sardinelle),D01,Alimentaire,kg,"1070,9"
01/12/2023,kaolack,Poisson frais (sardinelle),D01,Alimentaire,kg,1070.7
Janvier 2024,kaolack,Poisson frais (sardinelle),D01,Alimentaire,kg,1028.8
2024-02-01,Kaolack ,Poisson frais (sardinelle),D01,Alimentaire,kg,1050.8
01/03/2024,KAOLACK,Poisson frais (sardinelle),D01,Alimentaire,kg,"1143,7"
2024-04-01,kaolack,Poisson frais (sardinelle),D01,Alimentaire,kg,1211.6
Mai 2024,KAOLACK,Poisson frais (sardinelle),D01,Alimentaire,kg,1263.3
2024-06-01,Kaolack ,Poisson frais (sardinelle),D01,Alimentaire,kg,1334.9
01/07/2024,KAOLACK,Poisson frais (sardinelle),D01,Alimentaire,kg,"1333,7"
Août 2024,kaolack,Poisson frais (sardinelle),D01,Alimentaire,kg,1317.1
2024-09-01,kaolack,Poisson frais (sardinelle),D01,Alimentaire,kg,1231.8
01/10/2024,KAOLACK,Poisson frais (sardinelle),D01,Alimentaire,kg,1157.7
2024-11-01,Kaolack ,Poisson frais (sardinelle),D01,Alimentaire,kg,1069.7
Décembre 2024,KAOLACK,Poisson frais (sardinelle),D01,Alimentaire,kg,1057.4
Janvier 2025,kaolack,Poisson frais (sardinelle),D01,Alimentaire,kg,"1076,9"
2025-02-01,Kaolack ,Poisson frais (sardinelle),D01,Alimentaire,kg,1110.2
01/03/2025,Kaolack ,Poisson frais (sardinelle),D01,Alimentaire,kg,1190.7
Avril 2025,Kaolack ,Poisson frais (sardinelle),D01,Alimentaire,kg,1234.9
2025-05-01,KAOLACK,Poisson frais (sardinelle),D01,Alimentaire,kg,1367.7
01/06/2025,kaolack,Poisson frais (sardinelle),D01,Alimentaire,kg,1426.7
2025-07-01,KAOLACK,Poisson frais (sardinelle),D01,Alimentaire,kg,1379.9
Août 2025,Kaolack ,Poisson frais (sardinelle),D01,Alimentaire,kg,1307.7
01/09/2025,kaolack,Poisson frais (sardinelle),D01,Alimentaire,kg,1249.6
01/10/2025,KAOLACK,Poisson frais (sardinelle),D01,Alimentaire,kg,1170.8
Novembre 2025,Kaolack ,Poisson frais (sardinelle),D01,Alimentaire,kg,1116.6
Décembre 2025,Kaolack ,Poisson frais (sardinelle),D01,Alimentaire,kg,1087.7
2026-01-01,KAOLACK,Poisson frais (sardinelle),D01,Alimentaire,kg,1058.7
01/02/2026,Kaolack ,Poisson frais (sardinelle),D01,Alimentaire,kg,1134.8
2026-03-01,kaolack,Poisson frais (sardinelle),D01,Alimentaire,kg,1209.4
01/04/2026,kaolack,Poisson frais (sardinelle),D01,Alimentaire,kg,1263.0
Mai 2026,KAOLACK,Poisson frais (sardinelle),D01,Alimentaire,kg,1342.1
Janvier 2018,kolda,Poisson frais (sardinelle),D01,Alimentaire,kg,830.8
Février 2018,Kolda ,Poisson frais (sardinelle),D01,Alimentaire,kg,
01/03/2018,KOLDA,Poisson frais (sardinelle),D01,Alimentaire,kg,970.4
Avril 2018,kolda,Poisson frais (sardinelle),D01,Alimentaire,kg,1039.3
Mai 2018,KOLDA,Poisson frais (sardinelle),D01,Alimentaire,kg,1069.3
01/06/2018,KOLDA,Poisson frais (sardinelle),D01,Alimentaire,kg,1078.8
2018-07-01,KOLDA,Poisson frais (sardinelle),D01,Alimentaire,kg,1037.3
2018-08-01,KOLDA,Poisson frais (sardinelle),D01,Alimentaire,kg,1029.9
01/09/2018,Kolda ,Poisson frais (sardinelle),D01,Alimentaire,kg,949.4
Octobre 2018,Kolda ,Poisson frais (sardinelle),D01,Alimentaire,kg,930.9
Novembre 2018,Kolda ,Poisson frais (sardinelle),D01,Alimentaire,kg,825.4
2018-12-01,KOLDA,Poisson frais (sardinelle),D01,Alimentaire,kg,837.2
Janvier 2019,KOLDA,Poisson frais (sardinelle),D01,Alimentaire,kg,833.6
Février 2019,Kolda ,Poisson frais (sardinelle),D01,Alimentaire,kg,"887,4"
01/03/2019,Kolda ,Poisson frais (sardinelle),D01,Alimentaire,kg,959.6
01/04/2019,Kolda ,Poisson frais (sardinelle),D01,Alimentaire,kg,1032.4
01/05/2019,Kolda ,Poisson frais (sardinelle),D01,Alimentaire,kg,1063.1
Juin 2019,Kolda ,Poisson frais (sardinelle),D01,Alimentaire,kg,1106.5
Juillet 2019,kolda,Poisson frais (sardinelle),D01,Alimentaire,kg,1066.2
2019-08-01,kolda,Poisson frais (sardinelle),D01,Alimentaire,kg,1043.9
01/09/2019,Kolda ,Poisson frais (sardinelle),D01,Alimentaire,kg,996.6
2019-10-01,Kolda ,Poisson frais (sardinelle),D01,Alimentaire,kg,918.9
Novembre 2019,Kolda ,Poisson frais (sardinelle),D01,Alimentaire,kg,854.2
01/12/2019,KOLDA,Poisson frais (sardinelle),D01,Alimentaire,kg,836.2
2020-01-01,KOLDA,Poisson frais (sardinelle),D01,Alimentaire,kg,882.4
2020-02-01,kolda,Poisson frais (sardinelle),D01,Alimentaire,kg,887.9
2020-03-01,Kolda ,Poisson frais (sardinelle),D01,Alimentaire,kg,953.3
01/04/2020,kolda,Poisson frais (sardinelle),D01,Alimentaire,kg,1054.0
Mai 2020,kolda,Poisson frais (sardinelle),D01,Alimentaire,kg,1089.6
2020-06-01,KOLDA,Poisson frais (sardinelle),D01,Alimentaire,kg,"1096,4"
01/07/2020,KOLDA,Poisson frais (sardinelle),D01,Alimentaire,kg,1150.5
01/08/2020,KOLDA,Poisson frais (sardinelle),D01,Alimentaire,kg,
01/09/2020,KOLDA,Poisson frais (sardinelle),D01,Alimentaire,kg,1007.0
Octobre 2020,Kolda ,Poisson frais (sardinelle),D01,Alimentaire,kg,932.0
2020-11-01,Kolda ,Poisson frais (sardinelle),D01,Alimentaire,kg,886.4
01/12/2020,kolda,Poisson frais (sardinelle),D01,Alimentaire,kg,852.3
Janvier 2021,Kolda ,Poisson frais (sardinelle),D01,Alimentaire,kg,898.3
Février 2021,kolda,Poisson frais (sardinelle),D01,Alimentaire,kg,931.9
01/03/2021,kolda,Poisson frais (sardinelle),D01,Alimentaire,kg,1015.1
01/04/2021,kolda,Poisson frais (sardinelle),D01,Alimentaire,kg,1054.2
Mai 2021,kolda,Poisson frais (sardinelle),D01,Alimentaire,kg,"1174,7"
01/06/2021,KOLDA,Poisson frais (sardinelle),D01,Alimentaire,kg,1113.6
01/07/2021,KOLDA,Poisson frais (sardinelle),D01,Alimentaire,kg,1112.3
01/08/2021,Kolda ,Poisson frais (sardinelle),D01,Alimentaire,kg,1144.4
01/09/2021,Kolda ,Poisson frais (sardinelle),D01,Alimentaire,kg,1051.1
Octobre 2021,kolda,Poisson frais (sardinelle),D01,Alimentaire,kg,980.6
2021-11-01,KOLDA,Poisson frais (sardinelle),D01,Alimentaire,kg,930.2
2021-12-01,Kolda ,Poisson frais (sardinelle),D01,Alimentaire,kg,909.6
01/01/2022,kolda,Poisson frais (sardinelle),D01,Alimentaire,kg,940.5
Février 2022,kolda,Poisson frais (sardinelle),D01,Alimentaire,kg,974.6
2022-03-01,kolda,Poisson frais (sardinelle),D01,Alimentaire,kg,1094.7
Avril 2022,Kolda ,Poisson frais (sardinelle),D01,Alimentaire,kg,1184.2
2022-05-01,KOLDA,Poisson frais (sardinelle),D01,Alimentaire,kg,1284.5
01/06/2022,kolda,Poisson frais (sardinelle),D01,Alimentaire,kg,1341.6
01/07/2022,Kolda ,Poisson frais (sardinelle),D01,Alimentaire,kg,1306.3
2022-08-01,KOLDA,Poisson frais (sardinelle),D01,Alimentaire,kg,1229.7
Septembre 2022,Kolda ,Poisson frais (sardinelle),D01,Alimentaire,kg,1240.4
2022-10-01,KOLDA,Poisson frais (sardinelle),D01,Alimentaire,kg,1107.3
01/11/2022,kolda,Poisson frais (sardinelle),D01,Alimentaire,kg,1085.7
01/12/2022,KOLDA,Poisson frais (sardinelle),D01,Alimentaire,kg,1026.0
01/01/2023,Kolda ,Poisson frais (sardinelle),D01,Alimentaire,kg,"1034,2"
2023-02-01,KOLDA,Poisson frais (sardinelle),D01,Alimentaire,kg,"1115,7"
01/03/2023,Kolda ,Poisson frais (sardinelle),D01,Alimentaire,kg,1186.0
01/04/2023,KOLDA,Poisson frais (sardinelle),D01,Alimentaire,kg,1282.0
01/05/2023,KOLDA,Poisson frais (sardinelle),D01,Alimentaire,kg,1322.4
Juin 2023,kolda,Poisson frais (sardinelle),D01,Alimentaire,kg,
Juillet 2023,KOLDA,Poisson frais (sardinelle),D01,Alimentaire,kg,1354.9
2023-08-01,KOLDA,Poisson frais (sardinelle),D01,Alimentaire,kg,"1321,3"
Septembre 2023,Kolda ,Poisson frais (sardinelle),D01,Alimentaire,kg,"1252,1"
Octobre 2023,kolda,Poisson frais (sardinelle),D01,Alimentaire,kg,1223.6
Novembre 2023,kolda,Poisson frais (sardinelle),D01,Alimentaire,kg,
Décembre 2023,KOLDA,Poisson frais (sardinelle),D01,Alimentaire,kg,1023.5
2024-01-01,Kolda ,Poisson frais (sardinelle),D01,Alimentaire,kg,1102.1
01/02/2024,KOLDA,Poisson frais (sardinelle),D01,Alimentaire,kg,1134.6
01/03/2024,kolda,Poisson frais (sardinelle),D01,Alimentaire,kg,1199.2
Avril 2024,Kolda ,Poisson frais (sardinelle),D01,Alimentaire,kg,1275.7
Mai 2024,Kolda ,Poisson frais (sardinelle),D01,Alimentaire,kg,1331.6
2024-06-01,kolda,Poisson frais (sardinelle),D01,Alimentaire,kg,1446.7
Juillet 2024,KOLDA,Poisson frais (sardinelle),D01,Alimentaire,kg,"1384,7"
Août 2024,Kolda ,Poisson frais (sardinelle),D01,Alimentaire,kg,1286.3
01/09/2024,KOLDA,Poisson frais (sardinelle),D01,Alimentaire,kg,"1268,2"
01/10/2024,kolda,Poisson frais (sardinelle),D01,Alimentaire,kg,"1213,8"
01/11/2024,KOLDA,Poisson frais (sardinelle),D01,Alimentaire,kg,1131.6
Décembre 2024,KOLDA,Poisson frais (sardinelle),D01,Alimentaire,kg,1056.7
Janvier 2025,kolda,Poisson frais (sardinelle),D01,Alimentaire,kg,1063.6
01/02/2025,kolda,Poisson frais (sardinelle),D01,Alimentaire,kg,1119.9
Mars 2025,Kolda ,Poisson frais (sardinelle),D01,Alimentaire,kg,1260.1
2025-04-01,Kolda ,Poisson frais (sardinelle),D01,Alimentaire,kg,1310.4
01/05/2025,Kolda ,Poisson frais (sardinelle),D01,Alimentaire,kg,"1340,7"
01/06/2025,Kolda ,Poisson frais (sardinelle),D01,Alimentaire,kg,1437.8
2025-07-01,kolda,Poisson frais (sardinelle),D01,Alimentaire,kg,1424.0
01/08/2025,kolda,Poisson frais (sardinelle),D01,Alimentaire,kg,1358.4
Septembre 2025,kolda,Poisson frais (sardinelle),D01,Alimentaire,kg,1272.0
Octobre 2025,kolda,Poisson frais (sardinelle),D01,Alimentaire,kg,1196.9
Novembre 2025,KOLDA,Poisson frais (sardinelle),D01,Alimentaire,kg,1190.2
2025-12-01,KOLDA,Poisson frais (sardinelle),D01,Alimentaire,kg,1117.7
2026-01-01,kolda,Poisson frais (sardinelle),D01,Alimentaire,kg,1100.8
01/02/2026,kolda,Poisson frais (sardinelle),D01,Alimentaire,kg,"1157,9"
2026-03-01,Kolda ,Poisson frais (sardinelle),D01,Alimentaire,kg,1251.5
2026-04-01,Kolda ,Poisson frais (sardinelle),D01,Alimentaire,kg,1318.6
01/05/2026,KOLDA,Poisson frais (sardinelle),D01,Alimentaire,kg,1398.3
Janvier 2018,DAKAR,Viande de bœuf avec os,D01,Alimentaire,kg,2530.9
Février 2018,Dakar ,Viande de bœuf avec os,D01,Alimentaire,kg,2595.4
2018-03-01,dakar,Viande de bœuf avec os,D01,Alimentaire,kg,2545.2
Avril 2018,DAKAR,Viande de bœuf avec os,D01,Alimentaire,kg,2694.7
01/05/2018,Dakar ,Viande de bœuf avec os,D01,Alimentaire,kg,2835.6
2018-06-01,dakar,Viande de bœuf avec os,D01,Alimentaire,kg,"2940,5"
01/07/2018,DAKAR,Viande de bœuf avec os,D01,Alimentaire,kg,2928.4
2018-08-01,dakar,Viande de bœuf avec os,D01,Alimentaire,kg,27299.0
Septembre 2018,Dakar ,Viande de bœuf avec os,D01,Alimentaire,kg,2755.0
Octobre 2018,Dakar ,Viande de bœuf avec os,D01,Alimentaire,kg,2592.8
Novembre 2018,DAKAR,Viande de bœuf avec os,D01,Alimentaire,kg,"2562,5"
2018-12-01,dakar,Viande de bœuf avec os,D01,Alimentaire,kg,2506.9
01/01/2019,dakar,Viande de bœuf avec os,D01,Alimentaire,kg,"2434,0"
01/02/2019,Dakar ,Viande de bœuf avec os,D01,Alimentaire,kg,2578.0
Mars 2019,DAKAR,Viande de bœuf avec os,D01,Alimentaire,kg,2690.3
01/04/2019,Dakar ,Viande de bœuf avec os,D01,Alimentaire,kg,2735.9
01/05/2019,dakar,Viande de bœuf avec os,D01,Alimentaire,kg,2808.6
01/06/2019,dakar,Viande de bœuf avec os,D01,Alimentaire,kg,2779.5
2019-07-01,dakar,Viande de bœuf avec os,D01,Alimentaire,kg,2904.3
Août 2019,dakar,Viande de bœuf avec os,D01,Alimentaire,kg,2822.0
Septembre 2019,DAKAR,Viande de bœuf avec os,D01,Alimentaire,kg,2670.8
2019-10-01,dakar,Viande de bœuf avec os,D01,Alimentaire,kg,2605.3
01/11/2019,dakar,Viande de bœuf avec os,D01,Alimentaire,kg,"2549,0"
Décembre 2019,dakar,Viande de bœuf avec os,D01,Alimentaire,kg,2470.1
2020-01-01,dakar,Viande de bœuf avec os,D01,Alimentaire,kg,2545.5
01/02/2020,dakar,Viande de bœuf avec os,D01,Alimentaire,kg,2516.5
01/03/2020,DAKAR,Viande de bœuf avec os,D01,Alimentaire,kg,2778.9
01/04/2020,dakar,Viande de bœuf avec os,D01,Alimentaire,kg,2818.3
01/05/2020,DAKAR,Viande de bœuf avec os,D01,Alimentaire,kg,2850.8
Juin 2020,dakar,Viande de bœuf avec os,D01,Alimentaire,kg,2827.0
2020-07-01,dakar,Viande de bœuf avec os,D01,Alimentaire,kg,3031.8
2020-08-01,DAKAR,Viande de bœuf avec os,D01,Alimentaire,kg,"2943,4"
01/09/2020,Dakar ,Viande de bœuf avec os,D01,Alimentaire,kg,2827.5
Octobre 2020,DAKAR,Viande de bœuf avec os,D01,Alimentaire,kg,2757.9
01/11/2020,dakar,Viande de bœuf avec os,D01,Alimentaire,kg,2669.7
2020-12-01,dakar,Viande de bœuf avec os,D01,Alimentaire,kg,2587.4
2021-01-01,Dakar ,Viande de bœuf avec os,D01,Alimentaire,kg,2593.6
Février 2021,Dakar ,Viande de bœuf avec os,D01,Alimentaire,kg,2648.9
2021-03-01,dakar,Viande de bœuf avec os,D01,Alimentaire,kg,2795.7
2021-04-01,Dakar ,Viande de bœuf avec os,D01,Alimentaire,kg,2967.8
01/05/2021,DAKAR,Viande de bœuf avec os,D01,Alimentaire,kg,2981.4
01/06/2021,Dakar ,Viande de bœuf avec os,D01,Alimentaire,kg,3138.1
2021-07-01,DAKAR,Viande de bœuf avec os,D01,Alimentaire,kg,3068.7
2021-08-01,Dakar ,Viande de bœuf avec os,D01,Alimentaire,kg,3014.0
2021-09-01,DAKAR,Viande de bœuf avec os,D01,Alimentaire,kg,3039.1
01/10/2021,DAKAR,Viande de bœuf avec os,D01,Alimentaire,kg,"2890,5"
Novembre 2021,Dakar ,Viande de bœuf avec os,D01,Alimentaire,kg,2805.7
2021-12-01,Dakar ,Viande de bœuf avec os,D01,Alimentaire,kg,2628.9
01/01/2022,dakar,Viande de bœuf avec os,D01,Alimentaire,kg,"2872,3"
2022-02-01,Dakar ,Viande de bœuf avec os,D01,Alimentaire,kg,2850.2
Mars 2022,DAKAR,Viande de bœuf avec os,D01,Alimentaire,kg,2985.9
2022-04-01,dakar,Viande de bœuf avec os,D01,Alimentaire,kg,3025.4
2022-05-01,DAKAR,Viande de bœuf avec os,D01,Alimentaire,kg,3333.1
2022-06-01,dakar,Viande de bœuf avec os,D01,Alimentaire,kg,3338.0
01/07/2022,dakar,Viande de bœuf avec os,D01,Alimentaire,kg,3469.3
Août 2022,dakar,Viande de bœuf avec os,D01,Alimentaire,kg,3331.2
2022-09-01,DAKAR,Viande de bœuf avec os,D01,Alimentaire,kg,"3456,0"
01/10/2022,DAKAR,Viande de bœuf avec os,D01,Alimentaire,kg,3283.1
2022-11-01,DAKAR,Viande de bœuf avec os,D01,Alimentaire,kg,"3318,9"
2022-12-01,DAKAR,Viande de bœuf avec os,D01,Alimentaire,kg,3000.7
2023-01-01,dakar,Viande de bœuf avec os,D01,Alimentaire,kg,3165.7
Février 2023,DAKAR,Viande de bœuf avec os,D01,Alimentaire,kg,3043.2
01/03/2023,Dakar ,Viande de bœuf avec os,D01,Alimentaire,kg,"3300,6"
01/04/2023,dakar,Viande de bœuf avec os,D01,Alimentaire,kg,"3389,7"
2023-05-01,DAKAR,Viande de bœuf avec os,D01,Alimentaire,kg,3532.8
2023-06-01,Dakar ,Viande de bœuf avec os,D01,Alimentaire,kg,"3607,7"
Juillet 2023,DAKAR,Viande de bœuf avec os,D01,Alimentaire,kg,3582.2
01/08/2023,DAKAR,Viande de bœuf avec os,D01,Alimentaire,kg,3498.4
2023-09-01,dakar,Viande de bœuf avec os,D01,Alimentaire,kg,3464.3
01/10/2023,DAKAR,Viande de bœuf avec os,D01,Alimentaire,kg,3397.9
01/11/2023,Dakar ,Viande de bœuf avec os,D01,Alimentaire,kg,
01/12/2023,Dakar ,Viande de bœuf avec os,D01,Alimentaire,kg,3194.0
01/01/2024,dakar,Viande de bœuf avec os,D01,Alimentaire,kg,3229.4
Février 2024,Dakar ,Viande de bœuf avec os,D01,Alimentaire,kg,3134.9
2024-03-01,DAKAR,Viande de bœuf avec os,D01,Alimentaire,kg,3319.4
01/04/2024,dakar,Viande de bœuf avec os,D01,Alimentaire,kg,3531.2
Mai 2024,Dakar ,Viande de bœuf avec os,D01,Alimentaire,kg,3623.8
Juin 2024,dakar,Viande de bœuf avec os,D01,Alimentaire,kg,3603.7
Juillet 2024,Dakar ,Viande de bœuf avec os,D01,Alimentaire,kg,3736.6
Août 2024,dakar,Viande de bœuf avec os,D01,Alimentaire,kg,3566.9
2024-09-01,Dakar ,Viande de bœuf avec os,D01,Alimentaire,kg,3454.3
Octobre 2024,dakar,Viande de bœuf avec os,D01,Alimentaire,kg,3438.0
2024-11-01,DAKAR,Viande de bœuf avec os,D01,Alimentaire,kg,"3320,6"
01/12/2024,Dakar ,Viande de bœuf avec os,D01,Alimentaire,kg,3163.3
01/01/2025,DAKAR,Viande de bœuf avec os,D01,Alimentaire,kg,3158.3
Février 2025,DAKAR,Viande de bœuf avec os,D01,Alimentaire,kg,3207.4
Mars 2025,Dakar ,Viande de bœuf avec os,D01,Alimentaire,kg,3378.7
Avril 2025,Dakar ,Viande de bœuf avec os,D01,Alimentaire,kg,"3628,1"
2025-05-01,dakar,Viande de bœuf avec os,D01,Alimentaire,kg,3696.8
Juin 2025,dakar,Viande de bœuf avec os,D01,Alimentaire,kg,3828.9
Juillet 2025,Dakar ,Viande de bœuf avec os,D01,Alimentaire,kg,3804.3
2025-08-01,Dakar ,Viande de bœuf avec os,D01,Alimentaire,kg,"3662,8"
01/09/2025,Dakar ,Viande de bœuf avec os,D01,Alimentaire,kg,3496.9
2025-10-01,DAKAR,Viande de bœuf avec os,D01,Alimentaire,kg,3448.2
01/11/2025,DAKAR,Viande de bœuf avec os,D01,Alimentaire,kg,3382.7
2025-12-01,Dakar ,Viande de bœuf avec os,D01,Alimentaire,kg,3254.3
01/01/2026,dakar,Viande de bœuf avec os,D01,Alimentaire,kg,3272.3
2026-02-01,dakar,Viande de bœuf avec os,D01,Alimentaire,kg,3374.4
Mars 2026,dakar,Viande de bœuf avec os,D01,Alimentaire,kg,3615.8
Avril 2026,dakar,Viande de bœuf avec os,D01,Alimentaire,kg,3546.0
Mai 2026,DAKAR,Viande de bœuf avec os,D01,Alimentaire,kg,
Janvier 2018,thiès,Viande de bœuf avec os,D01,Alimentaire,kg,2407.5
01/02/2018,THIÈS,Viande de bœuf avec os,D01,Alimentaire,kg,2370.1
2018-03-01,THIÈS,Viande de bœuf avec os,D01,Alimentaire,kg,"2484,6"
01/04/2018,Thiès ,Viande de bœuf avec os,D01,Alimentaire,kg,2616.2
01/05/2018,THIÈS,Viande de bœuf avec os,D01,Alimentaire,kg,2627.9
2018-06-01,Thiès ,Viande de bœuf avec os,D01,Alimentaire,kg,2666.1
2018-07-01,THIÈS,Viande de bœuf avec os,D01,Alimentaire,kg,"2634,1"
2018-08-01,Thiès ,Viande de bœuf avec os,D01,Alimentaire,kg,2493.5
Septembre 2018,THIÈS,Viande de bœuf avec os,D01,Alimentaire,kg,"2538,0"
2018-10-01,Thiès ,Viande de bœuf avec os,D01,Alimentaire,kg,2408.5
Novembre 2018,thiès,Viande de bœuf avec os,D01,Alimentaire,kg,"2317,1"
Décembre 2018,Thiès ,Viande de bœuf avec os,D01,Alimentaire,kg,2347.9
2019-01-01,Thiès ,Viande de bœuf avec os,D01,Alimentaire,kg,2287.4
2019-02-01,thiès,Viande de bœuf avec os,D01,Alimentaire,kg,2444.4
01/03/2019,Thiès ,Viande de bœuf avec os,D01,Alimentaire,kg,2512.1
2019-04-01,Thiès ,Viande de bœuf avec os,D01,Alimentaire,kg,2561.4
Mai 2019,thiès,Viande de bœuf avec os,D01,Alimentaire,kg,2659.4
Juin 2019,THIÈS,Viande de bœuf avec os,D01,Alimentaire,kg,2642.9
01/07/2019,THIÈS,Viande de bœuf avec os,D01,Alimentaire,kg,2743.6
2019-08-01,thiès,Viande de bœuf avec os,D01,Alimentaire,kg,2661.1
Septembre 2019,thiès,Viande de bœuf avec os,D01,Alimentaire,kg,2580.4
01/10/2019,thiès,Viande de bœuf avec os,D01,Alimentaire,kg,2498.8
01/11/2019,Thiès ,Viande de bœuf avec os,D01,Alimentaire,kg,2366.5
Décembre 2019,THIÈS,Viande de bœuf avec os,D01,Alimentaire,kg,2285.0
2020-01-01,Thiès ,Viande de bœuf avec os,D01,Alimentaire,kg,"2447,3"
01/02/2020,Thiès ,Viande de bœuf avec os,D01,Alimentaire,kg,2494.0
Mars 2020,THIÈS,Viande de bœuf avec os,D01,Alimentaire,kg,2525.4
Avril 2020,Thiès ,Viande de bœuf avec os,D01,Alimentaire,kg,2679.7
2020-05-01,Thiès ,Viande de bœuf avec os,D01,Alimentaire,kg,"2819,1"
2020-06-01,thiès,Viande de bœuf avec os,D01,Alimentaire,kg,2868.9
Juillet 2020,Thiès ,Viande de bœuf avec os,D01,Alimentaire,kg,2770.9
01/08/2020,Thiès ,Viande de bœuf avec os,D01,Alimentaire,kg,2664.4
Septembre 2020,Thiès ,Viande de bœuf avec os,D01,Alimentaire,kg,2586.3
Octobre 2020,thiès,Viande de bœuf avec os,D01,Alimentaire,kg,2541.7
2020-11-01,thiès,Viande de bœuf avec os,D01,Alimentaire,kg,"2548,4"
2020-12-01,thiès,Viande de bœuf avec os,D01,Alimentaire,kg,2396.1
01/01/2021,thiès,Viande de bœuf avec os,D01,Alimentaire,kg,
2021-02-01,thiès,Viande de bœuf avec os,D01,Alimentaire,kg,2488.9
Mars 2021,Thiès ,Viande de bœuf avec os,D01,Alimentaire,kg,2587.6
2021-04-01,THIÈS,Viande de bœuf avec os,D01,Alimentaire,kg,2723.1
Mai 2021,Thiès ,Viande de bœuf avec os,D01,Alimentaire,kg,2746.3
Juin 2021,thiès,Viande de bœuf avec os,D01,Alimentaire,kg,2937.9
01/07/2021,Thiès ,Viande de bœuf avec os,D01,Alimentaire,kg,2865.3
2021-08-01,THIÈS,Viande de bœuf avec os,D01,Alimentaire,kg,2961.8
Septembre 2021,Thiès ,Viande de bœuf avec os,D01,Alimentaire,kg,"2671,3"
01/10/2021,thiès,Viande de bœuf avec os,D01,Alimentaire,kg,2723.5
2021-11-01,Thiès ,Viande de bœuf avec os,D01,Alimentaire,kg,2632.1
01/12/2021,thiès,Viande de bœuf avec os,D01,Alimentaire,kg,2499.6
Janvier 2022,Thiès ,Viande de bœuf avec os,D01,Alimentaire,kg,2575.4
Février 2022,thiès,Viande de bœuf avec os,D01,Alimentaire,kg,2643.7
Mars 2022,THIÈS,Viande de bœuf avec os,D01,Alimentaire,kg,2778.3
01/04/2022,THIÈS,Viande de bœuf avec os,D01,Alimentaire,kg,2983.0
2022-05-01,thiès,Viande de bœuf avec os,D01,Alimentaire,kg,3125.4
Juin 2022,thiès,Viande de bœuf avec os,D01,Alimentaire,kg,"3115,7"
Juillet 2022,thiès,Viande de bœuf avec os,D01,Alimentaire,kg,3395.4
01/08/2022,Thiès ,Viande de bœuf avec os,D01,Alimentaire,kg,"3200,7"
Septembre 2022,Thiès ,Viande de bœuf avec os,D01,Alimentaire,kg,"3151,3"
01/10/2022,THIÈS,Viande de bœuf avec os,D01,Alimentaire,kg,"3025,1"
Novembre 2022,thiès,Viande de bœuf avec os,D01,Alimentaire,kg,2978.5
Décembre 2022,THIÈS,Viande de bœuf avec os,D01,Alimentaire,kg,2869.3
01/01/2023,thiès,Viande de bœuf avec os,D01,Alimentaire,kg,"2896,6"
2023-02-01,thiès,Viande de bœuf avec os,D01,Alimentaire,kg,2977.5
Mars 2023,Thiès ,Viande de bœuf avec os,D01,Alimentaire,kg,3150.8
Avril 2023,thiès,Viande de bœuf avec os,D01,Alimentaire,kg,3253.4
Mai 2023,thiès,Viande de bœuf avec os,D01,Alimentaire,kg,3410.3
Juin 2023,thiès,Viande de bœuf avec os,D01,Alimentaire,kg,3438.4
01/07/2023,THIÈS,Viande de bœuf avec os,D01,Alimentaire,kg,3458.3
Août 2023,THIÈS,Viande de bœuf avec os,D01,Alimentaire,kg,3369.4
2023-09-01,Thiès ,Viande de bœuf avec os,D01,Alimentaire,kg,3363.5
01/10/2023,THIÈS,Viande de bœuf avec os,D01,Alimentaire,kg,3218.8
Novembre 2023,thiès,Viande de bœuf avec os,D01,Alimentaire,kg,3105.1
Décembre 2023,Thiès ,Viande de bœuf avec os,D01,Alimentaire,kg,2984.3
01/01/2024,THIÈS,Viande de bœuf avec os,D01,Alimentaire,kg,2970.7
01/02/2024,Thiès ,Viande de bœuf avec os,D01,Alimentaire,kg,3049.4
01/03/2024,thiès,Viande de bœuf avec os,D01,Alimentaire,kg,"3155,3"
Avril 2024,THIÈS,Viande de bœuf avec os,D01,Alimentaire,kg,3247.9
Mai 2024,Thiès ,Viande de bœuf avec os,D01,Alimentaire,kg,3447.4
2024-06-01,thiès,Viande de bœuf avec os,D01,Alimentaire,kg,3516.6
2024-07-01,THIÈS,Viande de bœuf avec os,D01,Alimentaire,kg,
Août 2024,thiès,Viande de bœuf avec os,D01,Alimentaire,kg,"3360,1"
Septembre 2024,thiès,Viande de bœuf avec os,D01,Alimentaire,kg,3354.3
2024-10-01,Thiès ,Viande de bœuf avec os,D01,Alimentaire,kg,3089.4
01/11/2024,thiès,Viande de bœuf avec os,D01,Alimentaire,kg,3184.2
01/12/2024,THIÈS,Viande de bœuf avec os,D01,Alimentaire,kg,2927.9
2025-01-01,Thiès ,Viande de bœuf avec os,D01,Alimentaire,kg,2953.8
01/02/2025,Thiès ,Viande de bœuf avec os,D01,Alimentaire,kg,"3112,6"
Mars 2025,thiès,Viande de bœuf avec os,D01,Alimentaire,kg,3172.9
2025-04-01,Thiès ,Viande de bœuf avec os,D01,Alimentaire,kg,"3298,3"
Mai 2025,thiès,Viande de bœuf avec os,D01,Alimentaire,kg,"3436,9"
2025-06-01,THIÈS,Viande de bœuf avec os,D01,Alimentaire,kg,3596.0
2025-07-01,Thiès ,Viande de bœuf avec os,D01,Alimentaire,kg,3486.1
01/08/2025,THIÈS,Viande de bœuf avec os,D01,Alimentaire,kg,3494.5
Septembre 2025,Thiès ,Viande de bœuf avec os,D01,Alimentaire,kg,3385.6
Octobre 2025,Thiès ,Viande de bœuf avec os,D01,Alimentaire,kg,3368.8
Novembre 2025,THIÈS,Viande de bœuf avec os,D01,Alimentaire,kg,3289.5
Décembre 2025,THIÈS,Viande de bœuf avec os,D01,Alimentaire,kg,"3002,3"
Janvier 2026,thiès,Viande de bœuf avec os,D01,Alimentaire,kg,3090.9
01/02/2026,thiès,Viande de bœuf avec os,D01,Alimentaire,kg,3084.7
2026-03-01,Thiès ,Viande de bœuf avec os,D01,Alimentaire,kg,3282.0
Avril 2026,THIÈS,Viande de bœuf avec os,D01,Alimentaire,kg,3333.3
2026-05-01,THIÈS,Viande de bœuf avec os,D01,Alimentaire,kg,3538.5
01/01/2018,saint-louis,Viande de bœuf avec os,D01,Alimentaire,kg,2415.5
Février 2018,Saint-Louis ,Viande de bœuf avec os,D01,Alimentaire,kg,2351.4
2018-03-01,Saint-Louis ,Viande de bœuf avec os,D01,Alimentaire,kg,"2402,0"
Avril 2018,saint-louis,Viande de bœuf avec os,D01,Alimentaire,kg,2502.8
2018-05-01,SAINT-LOUIS,Viande de bœuf avec os,D01,Alimentaire,kg,2515.4
2018-06-01,SAINT-LOUIS,Viande de bœuf avec os,D01,Alimentaire,kg,
01/07/2018,saint-louis,Viande de bœuf avec os,D01,Alimentaire,kg,2644.0
01/08/2018,SAINT-LOUIS,Viande de bœuf avec os,D01,Alimentaire,kg,2523.7
01/09/2018,Saint-Louis ,Viande de bœuf avec os,D01,Alimentaire,kg,2445.6
2018-10-01,SAINT-LOUIS,Viande de bœuf avec os,D01,Alimentaire,kg,2407.3
2018-11-01,saint-louis,Viande de bœuf avec os,D01,Alimentaire,kg,2376.0
01/12/2018,Saint-Louis ,Viande de bœuf avec os,D01,Alimentaire,kg,2240.5
2019-01-01,saint-louis,Viande de bœuf avec os,D01,Alimentaire,kg,2372.1
01/02/2019,Saint-Louis ,Viande de bœuf avec os,D01,Alimentaire,kg,2365.2
Mars 2019,saint-louis,Viande de bœuf avec os,D01,Alimentaire,kg,"2405,1"
2019-04-01,Saint-Louis ,Viande de bœuf avec os,D01,Alimentaire,kg,2519.6
2019-05-01,saint-louis,Viande de bœuf avec os,D01,Alimentaire,kg,2714.5
01/06/2019,Saint-Louis ,Viande de bœuf avec os,D01,Alimentaire,kg,"2592,7"
2019-07-01,Saint-Louis ,Viande de bœuf avec os,D01,Alimentaire,kg,2623.5
01/08/2019,saint-louis,Viande de bœuf avec os,D01,Alimentaire,kg,2661.2
01/09/2019,SAINT-LOUIS,Viande de bœuf avec os,D01,Alimentaire,kg,2539.4
01/10/2019,Saint-Louis ,Viande de bœuf avec os,D01,Alimentaire,kg,
01/11/2019,Saint-Louis ,Viande de bœuf avec os,D01,Alimentaire,kg,2406.9
Décembre 2019,Saint-Louis ,Viande de bœuf avec os,D01,Alimentaire,kg,
2020-01-01,saint-louis,Viande de bœuf avec os,D01,Alimentaire,kg,"2381,0"
2020-02-01,saint-louis,Viande de bœuf avec os,D01,Alimentaire,kg,2393.6
Mars 2020,SAINT-LOUIS,Viande de bœuf avec os,D01,Alimentaire,kg,2491.4
2020-04-01,Saint-Louis ,Viande de bœuf avec os,D01,Alimentaire,kg,"2633,0"
01/05/2020,Saint-Louis ,Viande de bœuf avec os,D01,Alimentaire,kg,2637.6
01/06/2020,Saint-Louis ,Viande de bœuf avec os,D01,Alimentaire,kg,2836.3
01/07/2020,SAINT-LOUIS,Viande de bœuf avec os,D01,Alimentaire,kg,2854.4
01/08/2020,saint-louis,Viande de bœuf avec os,D01,Alimentaire,kg,2692.2
2020-09-01,saint-louis,Viande de bœuf avec os,D01,Alimentaire,kg,2635.1
2020-10-01,SAINT-LOUIS,Viande de bœuf avec os,D01,Alimentaire,kg,2579.0
2020-11-01,SAINT-LOUIS,Viande de bœuf avec os,D01,Alimentaire,kg,2534.2
Décembre 2020,saint-louis,Viande de bœuf avec os,D01,Alimentaire,kg,2469.6
Janvier 2021,saint-louis,Viande de bœuf avec os,D01,Alimentaire,kg,2338.3
2021-02-01,Saint-Louis ,Viande de bœuf avec os,D01,Alimentaire,kg,2466.6
2021-03-01,Saint-Louis ,Viande de bœuf avec os,D01,Alimentaire,kg,"2602,0"
2021-04-01,Saint-Louis ,Viande de bœuf avec os,D01,Alimentaire,kg,2656.3
Mai 2021,Saint-Louis ,Viande de bœuf avec os,D01,Alimentaire,kg,2875.2
Juin 2021,Saint-Louis ,Viande de bœuf avec os,D01,Alimentaire,kg,2924.7
01/07/2021,saint-louis,Viande de bœuf avec os,D01,Alimentaire,kg,2784.3
Août 2021,Saint-Louis ,Viande de bœuf avec os,D01,Alimentaire,kg,2770.5
2021-09-01,Saint-Louis ,Viande de bœuf avec os,D01,Alimentaire,kg,2654.1
01/10/2021,SAINT-LOUIS,Viande de bœuf avec os,D01,Alimentaire,kg,2589.9
Novembre 2021,SAINT-LOUIS,Viande de bœuf avec os,D01,Alimentaire,kg,2511.1
2021-12-01,Saint-Louis ,Viande de bœuf avec os,D01,Alimentaire,kg,2529.9
01/01/2022,SAINT-LOUIS,Viande de bœuf avec os,D01,Alimentaire,kg,2511.5
01/02/2022,saint-louis,Viande de bœuf avec os,D01,Alimentaire,kg,2514.1
2022-03-01,saint-louis,Viande de bœuf avec os,D01,Alimentaire,kg,2697.9
2022-04-01,Saint-Louis ,Viande de bœuf avec os,D01,Alimentaire,kg,2877.8
Mai 2022,Saint-Louis ,Viande de bœuf avec os,D01,Alimentaire,kg,3036.9
01/06/2022,SAINT-LOUIS,Viande de bœuf avec os,D01,Alimentaire,kg,3182.4
2022-07-01,SAINT-LOUIS,Viande de bœuf avec os,D01,Alimentaire,kg,3128.7
Août 2022,SAINT-LOUIS,Viande de bœuf avec os,D01,Alimentaire,kg,3092.4
01/09/2022,Saint-Louis ,Viande de bœuf avec os,D01,Alimentaire,kg,"3042,4"
01/10/2022,saint-louis,Viande de bœuf avec os,D01,Alimentaire,kg,2950.2
01/11/2022,saint-louis,Viande de bœuf avec os,D01,Alimentaire,kg,2916.9
01/12/2022,saint-louis,Viande de bœuf avec os,D01,Alimentaire,kg,2812.7
Janvier 2023,Saint-Louis ,Viande de bœuf avec os,D01,Alimentaire,kg,2892.6
Février 2023,SAINT-LOUIS,Viande de bœuf avec os,D01,Alimentaire,kg,2875.6
01/03/2023,saint-louis,Viande de bœuf avec os,D01,Alimentaire,kg,3032.5
2023-04-01,SAINT-LOUIS,Viande de bœuf avec os,D01,Alimentaire,kg,3155.4
2023-05-01,saint-louis,Viande de bœuf avec os,D01,Alimentaire,kg,3366.1
2023-06-01,saint-louis,Viande de bœuf avec os,D01,Alimentaire,kg,3377.0
2023-07-01,Saint-Louis ,Viande de bœuf avec os,D01,Alimentaire,kg,3462.0
Août 2023,Saint-Louis ,Viande de bœuf avec os,D01,Alimentaire,kg,"3258,0"
01/09/2023,Saint-Louis ,Viande de bœuf avec os,D01,Alimentaire,kg,3244.7
2023-10-01,SAINT-LOUIS,Viande de bœuf avec os,D01,Alimentaire,kg,3113.9
Novembre 2023,Saint-Louis ,Viande de bœuf avec os,D01,Alimentaire,kg,2993.0
2023-12-01,SAINT-LOUIS,Viande de bœuf avec os,D01,Alimentaire,kg,"2946,6"
01/01/2024,saint-louis,Viande de bœuf avec os,D01,Alimentaire,kg,3034.1
2024-02-01,saint-louis,Viande de bœuf avec os,D01,Alimentaire,kg,2950.6
01/03/2024,SAINT-LOUIS,Viande de bœuf avec os,D01,Alimentaire,kg,3103.5
01/04/2024,Saint-Louis ,Viande de bœuf avec os,D01,Alimentaire,kg,3150.5
Mai 2024,Saint-Louis ,Viande de bœuf avec os,D01,Alimentaire,kg,3246.9
01/06/2024,saint-louis,Viande de bœuf avec os,D01,Alimentaire,kg,3353.8
01/07/2024,saint-louis,Viande de bœuf avec os,D01,Alimentaire,kg,3377.8
01/08/2024,Saint-Louis ,Viande de bœuf avec os,D01,Alimentaire,kg,3322.9
01/09/2024,saint-louis,Viande de bœuf avec os,D01,Alimentaire,kg,3245.8
01/10/2024,SAINT-LOUIS,Viande de bœuf avec os,D01,Alimentaire,kg,3059.6
Novembre 2024,saint-louis,Viande de bœuf avec os,D01,Alimentaire,kg,"3046,7"
01/12/2024,saint-louis,Viande de bœuf avec os,D01,Alimentaire,kg,3000.3
Janvier 2025,SAINT-LOUIS,Viande de bœuf avec os,D01,Alimentaire,kg,"2887,3"
2025-02-01,Saint-Louis ,Viande de bœuf avec os,D01,Alimentaire,kg,3024.0
Mars 2025,Saint-Louis ,Viande de bœuf avec os,D01,Alimentaire,kg,3183.2
Avril 2025,saint-louis,Viande de bœuf avec os,D01,Alimentaire,kg,"3247,2"
Mai 2025,Saint-Louis ,Viande de bœuf avec os,D01,Alimentaire,kg,3441.9
Juin 2025,saint-louis,Viande de bœuf avec os,D01,Alimentaire,kg,"3384,9"
01/07/2025,saint-louis,Viande de bœuf avec os,D01,Alimentaire,kg,3561.2
01/08/2025,Saint-Louis ,Viande de bœuf avec os,D01,Alimentaire,kg,3471.0
2025-09-01,saint-louis,Viande de bœuf avec os,D01,Alimentaire,kg,3364.0
01/10/2025,saint-louis,Viande de bœuf avec os,D01,Alimentaire,kg,3338.2
2025-11-01,Saint-Louis ,Viande de bœuf avec os,D01,Alimentaire,kg,3165.1
Décembre 2025,SAINT-LOUIS,Viande de bœuf avec os,D01,Alimentaire,kg,3032.0
Janvier 2026,SAINT-LOUIS,Viande de bœuf avec os,D01,Alimentaire,kg,3064.1
2026-02-01,SAINT-LOUIS,Viande de bœuf avec os,D01,Alimentaire,kg,3189.2
Mars 2026,SAINT-LOUIS,Viande de bœuf avec os,D01,Alimentaire,kg,3173.0
2026-04-01,Saint-Louis ,Viande de bœuf avec os,D01,Alimentaire,kg,"3338,6"
Mai 2026,saint-louis,Viande de bœuf avec os,D01,Alimentaire,kg,3532.1
Janvier 2018,Diourbel ,Viande de bœuf avec os,D01,Alimentaire,kg,2259.7
Février 2018,diourbel,Viande de bœuf avec os,D01,Alimentaire,kg,2337.2
2018-03-01,DIOURBEL,Viande de bœuf avec os,D01,Alimentaire,kg,2424.7
2018-04-01,DIOURBEL,Viande de bœuf avec os,D01,Alimentaire,kg,2448.4
2018-05-01,diourbel,Viande de bœuf avec os,D01,Alimentaire,kg,2573.4
Juin 2018,DIOURBEL,Viande de bœuf avec os,D01,Alimentaire,kg,2592.9
01/07/2018,diourbel,Viande de bœuf avec os,D01,Alimentaire,kg,2524.6
2018-08-01,diourbel,Viande de bœuf avec os,D01,Alimentaire,kg,"2488,3"
01/09/2018,DIOURBEL,Viande de bœuf avec os,D01,Alimentaire,kg,2426.3
01/10/2018,diourbel,Viande de bœuf avec os,D01,Alimentaire,kg,2413.9
01/11/2018,Diourbel ,Viande de bœuf avec os,D01,Alimentaire,kg,2341.1
01/12/2018,Diourbel ,Viande de bœuf avec os,D01,Alimentaire,kg,22923.0
2019-01-01,diourbel,Viande de bœuf avec os,D01,Alimentaire,kg,2305.2
01/02/2019,DIOURBEL,Viande de bœuf avec os,D01,Alimentaire,kg,"2352,7"
Mars 2019,Diourbel ,Viande de bœuf avec os,D01,Alimentaire,kg,2426.7
Avril 2019,diourbel,Viande de bœuf avec os,D01,Alimentaire,kg,2525.0
2019-05-01,Diourbel ,Viande de bœuf avec os,D01,Alimentaire,kg,2607.4
01/06/2019,DIOURBEL,Viande de bœuf avec os,D01,Alimentaire,kg,2552.3
Juillet 2019,DIOURBEL,Viande de bœuf avec os,D01,Alimentaire,kg,2580.5
01/08/2019,DIOURBEL,Viande de bœuf avec os,D01,Alimentaire,kg,2518.7
2019-09-01,Diourbel ,Viande de bœuf avec os,D01,Alimentaire,kg,2545.1
01/10/2019,Diourbel ,Viande de bœuf avec os,D01,Alimentaire,kg,2479.2
2019-11-01,Diourbel ,Viande de bœuf avec os,D01,Alimentaire,kg,2224.5
01/12/2019,diourbel,Viande de bœuf avec os,D01,Alimentaire,kg,2357.4
01/01/2020,DIOURBEL,Viande de bœuf avec os,D01,Alimentaire,kg,"2333,3"
2020-02-01,DIOURBEL,Viande de bœuf avec os,D01,Alimentaire,kg,2434.7
2020-03-01,DIOURBEL,Viande de bœuf avec os,D01,Alimentaire,kg,"2501,2"
Avril 2020,DIOURBEL,Viande de bœuf avec os,D01,Alimentaire,kg,2652.5
01/05/2020,Diourbel ,Viande de bœuf avec os,D01,Alimentaire,kg,2678.6
01/06/2020,Diourbel ,Viande de bœuf avec os,D01,Alimentaire,kg,2646.7
2020-07-01,Diourbel ,Viande de bœuf avec os,D01,Alimentaire,kg,"2712,7"
2020-08-01,Diourbel ,Viande de bœuf avec os,D01,Alimentaire,kg,2691.2
01/09/2020,Diourbel ,Viande de bœuf avec os,D01,Alimentaire,kg,2565.5
01/10/2020,DIOURBEL,Viande de bœuf avec os,D01,Alimentaire,kg,2513.5
2020-11-01,DIOURBEL,Viande de bœuf avec os,D01,Alimentaire,kg,2398.5
Décembre 2020,DIOURBEL,Viande de bœuf avec os,D01,Alimentaire,kg,2330.5
01/01/2021,Diourbel ,Viande de bœuf avec os,D01,Alimentaire,kg,2333.7
2021-02-01,Diourbel ,Viande de bœuf avec os,D01,Alimentaire,kg,2425.3
2021-03-01,Diourbel ,Viande de bœuf avec os,D01,Alimentaire,kg,2547.3
Avril 2021,diourbel,Viande de bœuf avec os,D01,Alimentaire,kg,"2538,5"
01/05/2021,DIOURBEL,Viande de bœuf avec os,D01,Alimentaire,kg,2691.3
01/06/2021,diourbel,Viande de bœuf avec os,D01,Alimentaire,kg,2677.9
2021-07-01,DIOURBEL,Viande de bœuf avec os,D01,Alimentaire,kg,2753.0
Août 2021,DIOURBEL,Viande de bœuf avec os,D01,Alimentaire,kg,2802.8
Septembre 2021,diourbel,Viande de bœuf avec os,D01,Alimentaire,kg,2590.5
2021-10-01,DIOURBEL,Viande de bœuf avec os,D01,Alimentaire,kg,2596.4
Novembre 2021,Diourbel ,Viande de bœuf avec os,D01,Alimentaire,kg,2625.6
01/12/2021,Diourbel ,Viande de bœuf avec os,D01,Alimentaire,kg,2515.8
2022-01-01,DIOURBEL,Viande de bœuf avec os,D01,Alimentaire,kg,"2524,7"
Février 2022,DIOURBEL,Viande de bœuf avec os,D01,Alimentaire,kg,
2022-03-01,Diourbel ,Viande de bœuf avec os,D01,Alimentaire,kg,2669.7
Avril 2022,DIOURBEL,Viande de bœuf avec os,D01,Alimentaire,kg,"2802,5"
2022-05-01,DIOURBEL,Viande de bœuf avec os,D01,Alimentaire,kg,3032.1
2022-06-01,Diourbel ,Viande de bœuf avec os,D01,Alimentaire,kg,"3147,2"
2022-07-01,Diourbel ,Viande de bœuf avec os,D01,Alimentaire,kg,3218.0
2022-08-01,diourbel,Viande de bœuf avec os,D01,Alimentaire,kg,3085.4
01/09/2022,DIOURBEL,Viande de bœuf avec os,D01,Alimentaire,kg,"3064,6"
Octobre 2022,Diourbel ,Viande de bœuf avec os,D01,Alimentaire,kg,2981.0
01/11/2022,Diourbel ,Viande de bœuf avec os,D01,Alimentaire,kg,"2897,0"
01/12/2022,diourbel,Viande de bœuf avec os,D01,Alimentaire,kg,2799.2
Janvier 2023,diourbel,Viande de bœuf avec os,D01,Alimentaire,kg,2761.8
01/02/2023,diourbel,Viande de bœuf avec os,D01,Alimentaire,kg,2905.2
Mars 2023,diourbel,Viande de bœuf avec os,D01,Alimentaire,kg,3019.5
01/04/2023,diourbel,Viande de bœuf avec os,D01,Alimentaire,kg,3113.9
2023-05-01,Diourbel ,Viande de bœuf avec os,D01,Alimentaire,kg,3305.5
2023-06-01,DIOURBEL,Viande de bœuf avec os,D01,Alimentaire,kg,3404.4
2023-07-01,DIOURBEL,Viande de bœuf avec os,D01,Alimentaire,kg,3384.4
Août 2023,DIOURBEL,Viande de bœuf avec os,D01,Alimentaire,kg,3215.7
2023-09-01,DIOURBEL,Viande de bœuf avec os,D01,Alimentaire,kg,3204.8
Octobre 2023,diourbel,Viande de bœuf avec os,D01,Alimentaire,kg,3045.7
2023-11-01,DIOURBEL,Viande de bœuf avec os,D01,Alimentaire,kg,3027.4
2023-12-01,DIOURBEL,Viande de bœuf avec os,D01,Alimentaire,kg,2852.9
01/01/2024,diourbel,Viande de bœuf avec os,D01,Alimentaire,kg,"2961,6"
2024-02-01,Diourbel ,Viande de bœuf avec os,D01,Alimentaire,kg,3002.4
2024-03-01,Diourbel ,Viande de bœuf avec os,D01,Alimentaire,kg,3134.8
Avril 2024,DIOURBEL,Viande de bœuf avec os,D01,Alimentaire,kg,
2024-05-01,DIOURBEL,Viande de bœuf avec os,D01,Alimentaire,kg,3275.7
01/06/2024,Diourbel ,Viande de bœuf avec os,D01,Alimentaire,kg,3327.0
2024-07-01,Diourbel ,Viande de bœuf avec os,D01,Alimentaire,kg,3473.5
2024-08-01,Diourbel ,Viande de bœuf avec os,D01,Alimentaire,kg,3288.2
Septembre 2024,diourbel,Viande de bœuf avec os,D01,Alimentaire,kg,3123.9
01/10/2024,DIOURBEL,Viande de bœuf avec os,D01,Alimentaire,kg,3178.5
2024-11-01,Diourbel ,Viande de bœuf avec os,D01,Alimentaire,kg,3047.1
Décembre 2024,DIOURBEL,Viande de bœuf avec os,D01,Alimentaire,kg,3013.4
Janvier 2025,diourbel,Viande de bœuf avec os,D01,Alimentaire,kg,
01/02/2025,diourbel,Viande de bœuf avec os,D01,Alimentaire,kg,2998.1
01/03/2025,Diourbel ,Viande de bœuf avec os,D01,Alimentaire,kg,"3211,6"
Avril 2025,diourbel,Viande de bœuf avec os,D01,Alimentaire,kg,3148.7
01/05/2025,diourbel,Viande de bœuf avec os,D01,Alimentaire,kg,3327.0
01/06/2025,diourbel,Viande de bœuf avec os,D01,Alimentaire,kg,"3376,9"
01/07/2025,Diourbel ,Viande de bœuf avec os,D01,Alimentaire,kg,3294.5
Août 2025,Diourbel ,Viande de bœuf avec os,D01,Alimentaire,kg,3452.6
01/09/2025,diourbel,Viande de bœuf avec os,D01,Alimentaire,kg,"3272,2"
01/10/2025,DIOURBEL,Viande de bœuf avec os,D01,Alimentaire,kg,3273.2
01/11/2025,diourbel,Viande de bœuf avec os,D01,Alimentaire,kg,3162.0
2025-12-01,diourbel,Viande de bœuf avec os,D01,Alimentaire,kg,3059.9
01/01/2026,Diourbel ,Viande de bœuf avec os,D01,Alimentaire,kg,2910.1
2026-02-01,Diourbel ,Viande de bœuf avec os,D01,Alimentaire,kg,2982.8
01/03/2026,diourbel,Viande de bœuf avec os,D01,Alimentaire,kg,"3174,3"
2026-04-01,Diourbel ,Viande de bœuf avec os,D01,Alimentaire,kg,3355.8
2026-05-01,DIOURBEL,Viande de bœuf avec os,D01,Alimentaire,kg,3403.7
01/01/2018,kaolack,Viande de bœuf avec os,D01,Alimentaire,kg,2254.5
2018-02-01,kaolack,Viande de bœuf avec os,D01,Alimentaire,kg,2277.6
2018-03-01,Kaolack ,Viande de bœuf avec os,D01,Alimentaire,kg,2421.9
Avril 2018,Kaolack ,Viande de bœuf avec os,D01,Alimentaire,kg,2474.0
Mai 2018,Kaolack ,Viande de bœuf avec os,D01,Alimentaire,kg,"2574,6"
01/06/2018,Kaolack ,Viande de bœuf avec os,D01,Alimentaire,kg,2607.4
Juillet 2018,Kaolack ,Viande de bœuf avec os,D01,Alimentaire,kg,"2591,0"
Août 2018,KAOLACK,Viande de bœuf avec os,D01,Alimentaire,kg,2579.7
Septembre 2018,KAOLACK,Viande de bœuf avec os,D01,Alimentaire,kg,2511.3
Octobre 2018,Kaolack ,Viande de bœuf avec os,D01,Alimentaire,kg,2488.4
2018-11-01,kaolack,Viande de bœuf avec os,D01,Alimentaire,kg,2355.8
01/12/2018,kaolack,Viande de bœuf avec os,D01,Alimentaire,kg,2354.4
Janvier 2019,kaolack,Viande de bœuf avec os,D01,Alimentaire,kg,2270.9
Février 2019,KAOLACK,Viande de bœuf avec os,D01,Alimentaire,kg,2282.0
01/03/2019,KAOLACK,Viande de bœuf avec os,D01,Alimentaire,kg,2437.5
01/04/2019,KAOLACK,Viande de bœuf avec os,D01,Alimentaire,kg,2573.9
2019-05-01,kaolack,Viande de bœuf avec os,D01,Alimentaire,kg,2646.1
01/06/2019,KAOLACK,Viande de bœuf avec os,D01,Alimentaire,kg,"2717,5"
01/07/2019,KAOLACK,Viande de bœuf avec os,D01,Alimentaire,kg,2514.6
01/08/2019,Kaolack ,Viande de bœuf avec os,D01,Alimentaire,kg,2663.3
01/09/2019,Kaolack ,Viande de bœuf avec os,D01,Alimentaire,kg,2532.5
2019-10-01,KAOLACK,Viande de bœuf avec os,D01,Alimentaire,kg,2349.6
Novembre 2019,Kaolack ,Viande de bœuf avec os,D01,Alimentaire,kg,2383.4
2019-12-01,KAOLACK,Viande de bœuf avec os,D01,Alimentaire,kg,2317.3
01/01/2020,kaolack,Viande de bœuf avec os,D01,Alimentaire,kg,2371.2
01/02/2020,kaolack,Viande de bœuf avec os,D01,Alimentaire,kg,2459.1
2020-03-01,kaolack,Viande de bœuf avec os,D01,Alimentaire,kg,2523.2
2020-04-01,Kaolack ,Viande de bœuf avec os,D01,Alimentaire,kg,2528.0
01/05/2020,KAOLACK,Viande de bœuf avec os,D01,Alimentaire,kg,2687.2
2020-06-01,kaolack,Viande de bœuf avec os,D01,Alimentaire,kg,2660.0
Juillet 2020,KAOLACK,Viande de bœuf avec os,D01,Alimentaire,kg,2782.1
Août 2020,kaolack,Viande de bœuf avec os,D01,Alimentaire,kg,2766.5
01/09/2020,KAOLACK,Viande de bœuf avec os,D01,Alimentaire,kg,2538.5
01/10/2020,Kaolack ,Viande de bœuf avec os,D01,Alimentaire,kg,2472.8
Novembre 2020,KAOLACK,Viande de bœuf avec os,D01,Alimentaire,kg,2383.6
2020-12-01,KAOLACK,Viande de bœuf avec os,D01,Alimentaire,kg,2361.2
01/01/2021,KAOLACK,Viande de bœuf avec os,D01,Alimentaire,kg,2430.0
2021-02-01,Kaolack ,Viande de bœuf avec os,D01,Alimentaire,kg,2447.7
2021-03-01,KAOLACK,Viande de bœuf avec os,D01,Alimentaire,kg,2596.5
Avril 2021,KAOLACK,Viande de bœuf avec os,D01,Alimentaire,kg,2726.1
2021-05-01,kaolack,Viande de bœuf avec os,D01,Alimentaire,kg,2823.0
Juin 2021,KAOLACK,Viande de bœuf avec os,D01,Alimentaire,kg,"2755,0"
Juillet 2021,kaolack,Viande de bœuf avec os,D01,Alimentaire,kg,"2894,2"
01/08/2021,kaolack,Viande de bœuf avec os,D01,Alimentaire,kg,2846.5
Septembre 2021,kaolack,Viande de bœuf avec os,D01,Alimentaire,kg,"2764,0"
2021-10-01,KAOLACK,Viande de bœuf avec os,D01,Alimentaire,kg,2578.7
2021-11-01,KAOLACK,Viande de bœuf avec os,D01,Alimentaire,kg,"2471,9"
01/12/2021,KAOLACK,Viande de bœuf avec os,D01,Alimentaire,kg,"2421,3"
Janvier 2022,Kaolack ,Viande de bœuf avec os,D01,Alimentaire,kg,2487.9
2022-02-01,Kaolack ,Viande de bœuf avec os,D01,Alimentaire,kg,2640.0
2022-03-01,KAOLACK,Viande de bœuf avec os,D01,Alimentaire,kg,2820.2
Avril 2022,kaolack,Viande de bœuf avec os,D01,Alimentaire,kg,2999.7
01/05/2022,Kaolack ,Viande de bœuf avec os,D01,Alimentaire,kg,3031.9
01/06/2022,KAOLACK,Viande de bœuf avec os,D01,Alimentaire,kg,3152.0
01/07/2022,KAOLACK,Viande de bœuf avec os,D01,Alimentaire,kg,3174.9
Août 2022,kaolack,Viande de bœuf avec os,D01,Alimentaire,kg,3113.0
Septembre 2022,kaolack,Viande de bœuf avec os,D01,Alimentaire,kg,3129.7
01/10/2022,Kaolack ,Viande de bœuf avec os,D01,Alimentaire,kg,3024.0
2022-11-01,kaolack,Viande de bœuf avec os,D01,Alimentaire,kg,2942.9
Décembre 2022,Kaolack ,Viande de bœuf avec os,D01,Alimentaire,kg,"2852,5"
2023-01-01,KAOLACK,Viande de bœuf avec os,D01,Alimentaire,kg,2873.7
01/02/2023,KAOLACK,Viande de bœuf avec os,D01,Alimentaire,kg,2954.1
Mars 2023,kaolack,Viande de bœuf avec os,D01,Alimentaire,kg,2987.9
01/04/2023,Kaolack ,Viande de bœuf avec os,D01,Alimentaire,kg,3230.8
Mai 2023,KAOLACK,Viande de bœuf avec os,D01,Alimentaire,kg,3312.5
01/06/2023,Kaolack ,Viande de bœuf avec os,D01,Alimentaire,kg,3341.0
Juillet 2023,Kaolack ,Viande de bœuf avec os,D01,Alimentaire,kg,3389.4
01/08/2023,kaolack,Viande de bœuf avec os,D01,Alimentaire,kg,3340.8
2023-09-01,Kaolack ,Viande de bœuf avec os,D01,Alimentaire,kg,3301.4
Octobre 2023,KAOLACK,Viande de bœuf avec os,D01,Alimentaire,kg,3068.6
01/11/2023,Kaolack ,Viande de bœuf avec os,D01,Alimentaire,kg,"3133,6"
01/12/2023,kaolack,Viande de bœuf avec os,D01,Alimentaire,kg,"2937,0"
01/01/2024,KAOLACK,Viande de bœuf avec os,D01,Alimentaire,kg,2888.1
Février 2024,KAOLACK,Viande de bœuf avec os,D01,Alimentaire,kg,2954.6
Mars 2024,Kaolack ,Viande de bœuf avec os,D01,Alimentaire,kg,3033.7
01/04/2024,Kaolack ,Viande de bœuf avec os,D01,Alimentaire,kg,3106.9
2024-05-01,Kaolack ,Viande de bœuf avec os,D01,Alimentaire,kg,3372.6
2024-06-01,Kaolack ,Viande de bœuf avec os,D01,Alimentaire,kg,3524.5
2024-07-01,KAOLACK,Viande de bœuf avec os,D01,Alimentaire,kg,3281.5
2024-08-01,KAOLACK,Viande de bœuf avec os,D01,Alimentaire,kg,3269.8
01/09/2024,kaolack,Viande de bœuf avec os,D01,Alimentaire,kg,3292.8
2024-10-01,KAOLACK,Viande de bœuf avec os,D01,Alimentaire,kg,"3145,0"
01/11/2024,kaolack,Viande de bœuf avec os,D01,Alimentaire,kg,3120.9
Décembre 2024,Kaolack ,Viande de bœuf avec os,D01,Alimentaire,kg,2949.4
01/01/2025,Kaolack ,Viande de bœuf avec os,D01,Alimentaire,kg,2918.5
2025-02-01,kaolack,Viande de bœuf avec os,D01,Alimentaire,kg,3016.5
01/03/2025,Kaolack ,Viande de bœuf avec os,D01,Alimentaire,kg,2998.6
01/04/2025,kaolack,Viande de bœuf avec os,D01,Alimentaire,kg,3207.0
01/05/2025,kaolack,Viande de bœuf avec os,D01,Alimentaire,kg,3465.7
2025-06-01,Kaolack ,Viande de bœuf avec os,D01,Alimentaire,kg,"3556,2"
2025-07-01,kaolack,Viande de bœuf avec os,D01,Alimentaire,kg,3579.2
Août 2025,KAOLACK,Viande de bœuf avec os,D01,Alimentaire,kg,3458.6
2025-09-01,KAOLACK,Viande de bœuf avec os,D01,Alimentaire,kg,3192.4
Octobre 2025,kaolack,Viande de bœuf avec os,D01,Alimentaire,kg,3206.9
2025-11-01,kaolack,Viande de bœuf avec os,D01,Alimentaire,kg,3253.9
Décembre 2025,Kaolack ,Viande de bœuf avec os,D01,Alimentaire,kg,3153.5
2026-01-01,KAOLACK,Viande de bœuf avec os,D01,Alimentaire,kg,3048.0
2026-02-01,KAOLACK,Viande de bœuf avec os,D01,Alimentaire,kg,3045.9
01/03/2026,KAOLACK,Viande de bœuf avec os,D01,Alimentaire,kg,3117.6
01/04/2026,KAOLACK,Viande de bœuf avec os,D01,Alimentaire,kg,3326.5
2026-05-01,Kaolack ,Viande de bœuf avec os,D01,Alimentaire,kg,3443.2
2018-01-01,Kolda ,Viande de bœuf avec os,D01,Alimentaire,kg,"2442,4"
Février 2018,kolda,Viande de bœuf avec os,D01,Alimentaire,kg,2427.9
Mars 2018,KOLDA,Viande de bœuf avec os,D01,Alimentaire,kg,2499.0
01/04/2018,Kolda ,Viande de bœuf avec os,D01,Alimentaire,kg,2594.9
2018-05-01,KOLDA,Viande de bœuf avec os,D01,Alimentaire,kg,2691.8
2018-06-01,KOLDA,Viande de bœuf avec os,D01,Alimentaire,kg,2747.5
Juillet 2018,kolda,Viande de bœuf avec os,D01,Alimentaire,kg,2668.3
Août 2018,Kolda ,Viande de bœuf avec os,D01,Alimentaire,kg,2600.1
Septembre 2018,Kolda ,Viande de bœuf avec os,D01,Alimentaire,kg,2642.9
Octobre 2018,kolda,Viande de bœuf avec os,D01,Alimentaire,kg,
Novembre 2018,kolda,Viande de bœuf avec os,D01,Alimentaire,kg,2482.3
01/12/2018,KOLDA,Viande de bœuf avec os,D01,Alimentaire,kg,"2272,9"
Janvier 2019,KOLDA,Viande de bœuf avec os,D01,Alimentaire,kg,2363.2
01/02/2019,Kolda ,Viande de bœuf avec os,D01,Alimentaire,kg,2489.1
01/03/2019,kolda,Viande de bœuf avec os,D01,Alimentaire,kg,2525.3
01/04/2019,Kolda ,Viande de bœuf avec os,D01,Alimentaire,kg,2551.8
2019-05-01,kolda,Viande de bœuf avec os,D01,Alimentaire,kg,2725.7
01/06/2019,Kolda ,Viande de bœuf avec os,D01,Alimentaire,kg,2751.6
01/07/2019,Kolda ,Viande de bœuf avec os,D01,Alimentaire,kg,2731.7
01/08/2019,kolda,Viande de bœuf avec os,D01,Alimentaire,kg,"2657,4"
2019-09-01,Kolda ,Viande de bœuf avec os,D01,Alimentaire,kg,2603.6
Octobre 2019,Kolda ,Viande de bœuf avec os,D01,Alimentaire,kg,2481.9
Novembre 2019,KOLDA,Viande de bœuf avec os,D01,Alimentaire,kg,2551.8
2019-12-01,KOLDA,Viande de bœuf avec os,D01,Alimentaire,kg,2380.4
01/01/2020,Kolda ,Viande de bœuf avec os,D01,Alimentaire,kg,2419.1
01/02/2020,KOLDA,Viande de bœuf avec os,D01,Alimentaire,kg,2470.0
Mars 2020,Kolda ,Viande de bœuf avec os,D01,Alimentaire,kg,2683.1
Avril 2020,kolda,Viande de bœuf avec os,D01,Alimentaire,kg,2609.4
Mai 2020,Kolda ,Viande de bœuf avec os,D01,Alimentaire,kg,2811.2
01/06/2020,KOLDA,Viande de bœuf avec os,D01,Alimentaire,kg,"2833,5"
2020-07-01,kolda,Viande de bœuf avec os,D01,Alimentaire,kg,2763.6
Août 2020,kolda,Viande de bœuf avec os,D01,Alimentaire,kg,2741.7
2020-09-01,KOLDA,Viande de bœuf avec os,D01,Alimentaire,kg,2713.2
01/10/2020,kolda,Viande de bœuf avec os,D01,Alimentaire,kg,"2551,1"
01/11/2020,kolda,Viande de bœuf avec os,D01,Alimentaire,kg,2526.2
01/12/2020,kolda,Viande de bœuf avec os,D01,Alimentaire,kg,"2553,3"
2021-01-01,kolda,Viande de bœuf avec os,D01,Alimentaire,kg,2504.7
Février 2021,KOLDA,Viande de bœuf avec os,D01,Alimentaire,kg,2483.5
Mars 2021,kolda,Viande de bœuf avec os,D01,Alimentaire,kg,"2609,7"
01/04/2021,KOLDA,Viande de bœuf avec os,D01,Alimentaire,kg,"2748,8"
Mai 2021,KOLDA,Viande de bœuf avec os,D01,Alimentaire,kg,2840.6
Juin 2021,KOLDA,Viande de bœuf avec os,D01,Alimentaire,kg,2927.6
Juillet 2021,KOLDA,Viande de bœuf avec os,D01,Alimentaire,kg,"2934,9"
Août 2021,KOLDA,Viande de bœuf avec os,D01,Alimentaire,kg,2963.4
01/09/2021,KOLDA,Viande de bœuf avec os,D01,Alimentaire,kg,"2776,3"
01/10/2021,Kolda ,Viande de bœuf avec os,D01,Alimentaire,kg,2617.5
Novembre 2021,KOLDA,Viande de bœuf avec os,D01,Alimentaire,kg,2659.3
01/12/2021,kolda,Viande de bœuf avec os,D01,Alimentaire,kg,2622.7
01/01/2022,KOLDA,Viande de bœuf avec os,D01,Alimentaire,kg,2647.1
01/02/2022,kolda,Viande de bœuf avec os,D01,Alimentaire,kg,2720.2
Mars 2022,KOLDA,Viande de bœuf avec os,D01,Alimentaire,kg,2908.0
Avril 2022,KOLDA,Viande de bœuf avec os,D01,Alimentaire,kg,3015.0
Mai 2022,KOLDA,Viande de bœuf avec os,D01,Alimentaire,kg,"3040,6"
2022-06-01,kolda,Viande de bœuf avec os,D01,Alimentaire,kg,3303.9
Juillet 2022,KOLDA,Viande de bœuf avec os,D01,Alimentaire,kg,3354.0
2022-08-01,kolda,Viande de bœuf avec os,D01,Alimentaire,kg,3359.8
2022-09-01,Kolda ,Viande de bœuf avec os,D01,Alimentaire,kg,"3147,7"
2022-10-01,kolda,Viande de bœuf avec os,D01,Alimentaire,kg,3123.5
Novembre 2022,kolda,Viande de bœuf avec os,D01,Alimentaire,kg,3054.5
Décembre 2022,Kolda ,Viande de bœuf avec os,D01,Alimentaire,kg,2938.4
2023-01-01,kolda,Viande de bœuf avec os,D01,Alimentaire,kg,2946.9
2023-02-01,KOLDA,Viande de bœuf avec os,D01,Alimentaire,kg,3025.3
01/03/2023,Kolda ,Viande de bœuf avec os,D01,Alimentaire,kg,3160.7
2023-04-01,kolda,Viande de bœuf avec os,D01,Alimentaire,kg,3336.0
01/05/2023,kolda,Viande de bœuf avec os,D01,Alimentaire,kg,3496.7
Juin 2023,kolda,Viande de bœuf avec os,D01,Alimentaire,kg,3437.8
2023-07-01,KOLDA,Viande de bœuf avec os,D01,Alimentaire,kg,"3482,0"
2023-08-01,kolda,Viande de bœuf avec os,D01,Alimentaire,kg,3407.4
2023-09-01,kolda,Viande de bœuf avec os,D01,Alimentaire,kg,3309.0
Octobre 2023,kolda,Viande de bœuf avec os,D01,Alimentaire,kg,3141.2
2023-11-01,KOLDA,Viande de bœuf avec os,D01,Alimentaire,kg,3163.2
2023-12-01,KOLDA,Viande de bœuf avec os,D01,Alimentaire,kg,"3069,6"
Janvier 2024,kolda,Viande de bœuf avec os,D01,Alimentaire,kg,"3012,4"
2024-02-01,kolda,Viande de bœuf avec os,D01,Alimentaire,kg,3092.7
01/03/2024,KOLDA,Viande de bœuf avec os,D01,Alimentaire,kg,3233.1
2024-04-01,KOLDA,Viande de bœuf avec os,D01,Alimentaire,kg,3428.0
Mai 2024,kolda,Viande de bœuf avec os,D01,Alimentaire,kg,3417.4
Juin 2024,KOLDA,Viande de bœuf avec os,D01,Alimentaire,kg,3428.9
Juillet 2024,KOLDA,Viande de bœuf avec os,D01,Alimentaire,kg,3506.0
01/08/2024,kolda,Viande de bœuf avec os,D01,Alimentaire,kg,3582.2
01/09/2024,KOLDA,Viande de bœuf avec os,D01,Alimentaire,kg,3281.9
Octobre 2024,kolda,Viande de bœuf avec os,D01,Alimentaire,kg,3302.6
Novembre 2024,Kolda ,Viande de bœuf avec os,D01,Alimentaire,kg,3252.9
2024-12-01,KOLDA,Viande de bœuf avec os,D01,Alimentaire,kg,
01/01/2025,KOLDA,Viande de bœuf avec os,D01,Alimentaire,kg,3083.4
01/02/2025,KOLDA,Viande de bœuf avec os,D01,Alimentaire,kg,3176.3
2025-03-01,kolda,Viande de bœuf avec os,D01,Alimentaire,kg,3243.6
01/04/2025,kolda,Viande de bœuf avec os,D01,Alimentaire,kg,3355.4
Mai 2025,KOLDA,Viande de bœuf avec os,D01,Alimentaire,kg,3481.0
2025-06-01,kolda,Viande de bœuf avec os,D01,Alimentaire,kg,
Juillet 2025,Kolda ,Viande de bœuf avec os,D01,Alimentaire,kg,3583.8
Août 2025,Kolda ,Viande de bœuf avec os,D01,Alimentaire,kg,3515.9
2025-09-01,kolda,Viande de bœuf avec os,D01,Alimentaire,kg,3438.8
2025-10-01,kolda,Viande de bœuf avec os,D01,Alimentaire,kg,3444.3
Novembre 2025,Kolda ,Viande de bœuf avec os,D01,Alimentaire,kg,3203.4
Décembre 2025,Kolda ,Viande de bœuf avec os,D01,Alimentaire,kg,3052.8
2026-01-01,kolda,Viande de bœuf avec os,D01,Alimentaire,kg,3147.2
2026-02-01,kolda,Viande de bœuf avec os,D01,Alimentaire,kg,3157.5
Mars 2026,Kolda ,Viande de bœuf avec os,D01,Alimentaire,kg,3289.8
2026-04-01,Kolda ,Viande de bœuf avec os,D01,Alimentaire,kg,3440.4
01/05/2026,KOLDA,Viande de bœuf avec os,D01,Alimentaire,kg,3580.1
Janvier 2018,dakar,Gaz butane (6 kg),D04,Énergie,bouteille,2759.0
2018-02-01,Dakar ,Gaz butane (6 kg),D04,Énergie,bouteille,
2018-03-01,dakar,Gaz butane (6 kg),D04,Énergie,bouteille,2754.2
Avril 2018,dakar,Gaz butane (6 kg),D04,Énergie,bouteille,2761.5
Mai 2018,dakar,Gaz butane (6 kg),D04,Énergie,bouteille,2740.3
01/06/2018,dakar,Gaz butane (6 kg),D04,Énergie,bouteille,"2777,8"
2018-07-01,Dakar ,Gaz butane (6 kg),D04,Énergie,bouteille,2762.9
2018-08-01,Dakar ,Gaz butane (6 kg),D04,Énergie,bouteille,2772.2
Septembre 2018,Dakar ,Gaz butane (6 kg),D04,Énergie,bouteille,2770.1
Octobre 2018,Dakar ,Gaz butane (6 kg),D04,Énergie,bouteille,
Novembre 2018,Dakar ,Gaz butane (6 kg),D04,Énergie,bouteille,2764.7
Décembre 2018,Dakar ,Gaz butane (6 kg),D04,Énergie,bouteille,2769.1
01/01/2019,Dakar ,Gaz butane (6 kg),D04,Énergie,bouteille,2754.2
01/02/2019,DAKAR,Gaz butane (6 kg),D04,Énergie,bouteille,2751.8
01/03/2019,Dakar ,Gaz butane (6 kg),D04,Énergie,bouteille,"2763,7"
Avril 2019,dakar,Gaz butane (6 kg),D04,Énergie,bouteille,2757.3
2019-05-01,Dakar ,Gaz butane (6 kg),D04,Énergie,bouteille,2780.6
2019-06-01,DAKAR,Gaz butane (6 kg),D04,Énergie,bouteille,2768.9
Juillet 2019,DAKAR,Gaz butane (6 kg),D04,Énergie,bouteille,2756.9
2019-08-01,dakar,Gaz butane (6 kg),D04,Énergie,bouteille,2761.8
2019-09-01,dakar,Gaz butane (6 kg),D04,Énergie,bouteille,2766.3
Octobre 2019,dakar,Gaz butane (6 kg),D04,Énergie,bouteille,2764.0
01/11/2019,DAKAR,Gaz butane (6 kg),D04,Énergie,bouteille,2767.8
2019-12-01,DAKAR,Gaz butane (6 kg),D04,Énergie,bouteille,2765.6
01/01/2020,Dakar ,Gaz butane (6 kg),D04,Énergie,bouteille,2749.4
01/02/2020,DAKAR,Gaz butane (6 kg),D04,Énergie,bouteille,2741.0
01/03/2020,DAKAR,Gaz butane (6 kg),D04,Énergie,bouteille,2760.7
Avril 2020,Dakar ,Gaz butane (6 kg),D04,Énergie,bouteille,2771.0
Mai 2020,Dakar ,Gaz butane (6 kg),D04,Énergie,bouteille,2760.8
Juin 2020,DAKAR,Gaz butane (6 kg),D04,Énergie,bouteille,2778.5
01/07/2020,DAKAR,Gaz butane (6 kg),D04,Énergie,bouteille,2764.3
01/08/2020,DAKAR,Gaz butane (6 kg),D04,Énergie,bouteille,"2779,8"
2020-09-01,dakar,Gaz butane (6 kg),D04,Énergie,bouteille,2777.5
01/10/2020,DAKAR,Gaz butane (6 kg),D04,Énergie,bouteille,2776.4
Novembre 2020,Dakar ,Gaz butane (6 kg),D04,Énergie,bouteille,2751.5
Décembre 2020,dakar,Gaz butane (6 kg),D04,Énergie,bouteille,"2765,0"
2021-01-01,dakar,Gaz butane (6 kg),D04,Énergie,bouteille,2778.3
Février 2021,DAKAR,Gaz butane (6 kg),D04,Énergie,bouteille,2767.8
01/03/2021,DAKAR,Gaz butane (6 kg),D04,Énergie,bouteille,2770.9
2021-04-01,Dakar ,Gaz butane (6 kg),D04,Énergie,bouteille,2749.5
Mai 2021,dakar,Gaz butane (6 kg),D04,Énergie,bouteille,2786.0
01/06/2021,DAKAR,Gaz butane (6 kg),D04,Énergie,bouteille,2756.0
01/07/2021,dakar,Gaz butane (6 kg),D04,Énergie,bouteille,2742.7
2021-08-01,DAKAR,Gaz butane (6 kg),D04,Énergie,bouteille,2760.9
2021-09-01,dakar,Gaz butane (6 kg),D04,Énergie,bouteille,2737.7
2021-10-01,DAKAR,Gaz butane (6 kg),D04,Énergie,bouteille,2752.8
2021-11-01,Dakar ,Gaz butane (6 kg),D04,Énergie,bouteille,"2793,1"
2021-12-01,DAKAR,Gaz butane (6 kg),D04,Énergie,bouteille,2760.6
01/01/2022,dakar,Gaz butane (6 kg),D04,Énergie,bouteille,2942.5
01/02/2022,dakar,Gaz butane (6 kg),D04,Énergie,bouteille,2959.7
Mars 2022,DAKAR,Gaz butane (6 kg),D04,Énergie,bouteille,2948.7
Avril 2022,DAKAR,Gaz butane (6 kg),D04,Énergie,bouteille,2969.6
01/05/2022,Dakar ,Gaz butane (6 kg),D04,Énergie,bouteille,2948.8
Juin 2022,Dakar ,Gaz butane (6 kg),D04,Énergie,bouteille,"2962,6"
01/07/2022,DAKAR,Gaz butane (6 kg),D04,Énergie,bouteille,2945.8
01/08/2022,dakar,Gaz butane (6 kg),D04,Énergie,bouteille,2990.1
2022-09-01,Dakar ,Gaz butane (6 kg),D04,Énergie,bouteille,"2965,3"
01/10/2022,DAKAR,Gaz butane (6 kg),D04,Énergie,bouteille,2957.6
2022-11-01,DAKAR,Gaz butane (6 kg),D04,Énergie,bouteille,2955.9
2022-12-01,DAKAR,Gaz butane (6 kg),D04,Énergie,bouteille,2952.8
Janvier 2023,dakar,Gaz butane (6 kg),D04,Énergie,bouteille,
2023-02-01,dakar,Gaz butane (6 kg),D04,Énergie,bouteille,"3062,3"
01/03/2023,dakar,Gaz butane (6 kg),D04,Énergie,bouteille,3092.6
2023-04-01,dakar,Gaz butane (6 kg),D04,Énergie,bouteille,3065.2
01/05/2023,DAKAR,Gaz butane (6 kg),D04,Énergie,bouteille,3045.8
Juin 2023,dakar,Gaz butane (6 kg),D04,Énergie,bouteille,3057.7
01/07/2023,Dakar ,Gaz butane (6 kg),D04,Énergie,bouteille,3083.4
2023-08-01,Dakar ,Gaz butane (6 kg),D04,Énergie,bouteille,3068.9
2023-09-01,Dakar ,Gaz butane (6 kg),D04,Énergie,bouteille,3070.4
Octobre 2023,DAKAR,Gaz butane (6 kg),D04,Énergie,bouteille,3086.4
2023-11-01,dakar,Gaz butane (6 kg),D04,Énergie,bouteille,3062.5
2023-12-01,dakar,Gaz butane (6 kg),D04,Énergie,bouteille,3079.8
Janvier 2024,Dakar ,Gaz butane (6 kg),D04,Énergie,bouteille,3063.8
01/02/2024,dakar,Gaz butane (6 kg),D04,Énergie,bouteille,3079.1
Mars 2024,DAKAR,Gaz butane (6 kg),D04,Énergie,bouteille,3067.2
Avril 2024,DAKAR,Gaz butane (6 kg),D04,Énergie,bouteille,3069.0
01/05/2024,DAKAR,Gaz butane (6 kg),D04,Énergie,bouteille,3082.1
Juin 2024,dakar,Gaz butane (6 kg),D04,Énergie,bouteille,3081.2
2024-07-01,DAKAR,Gaz butane (6 kg),D04,Énergie,bouteille,3070.0
2024-08-01,dakar,Gaz butane (6 kg),D04,Énergie,bouteille,3066.2
2024-09-01,DAKAR,Gaz butane (6 kg),D04,Énergie,bouteille,3091.7
Octobre 2024,dakar,Gaz butane (6 kg),D04,Énergie,bouteille,"3079,2"
01/11/2024,dakar,Gaz butane (6 kg),D04,Énergie,bouteille,"3067,2"
2024-12-01,Dakar ,Gaz butane (6 kg),D04,Énergie,bouteille,3064.0
2025-01-01,Dakar ,Gaz butane (6 kg),D04,Énergie,bouteille,3084.6
Février 2025,DAKAR,Gaz butane (6 kg),D04,Énergie,bouteille,3073.4
Mars 2025,DAKAR,Gaz butane (6 kg),D04,Énergie,bouteille,3070.0
2025-04-01,dakar,Gaz butane (6 kg),D04,Énergie,bouteille,3073.4
01/05/2025,dakar,Gaz butane (6 kg),D04,Énergie,bouteille,"3076,2"
01/06/2025,Dakar ,Gaz butane (6 kg),D04,Énergie,bouteille,3071.3
2025-07-01,DAKAR,Gaz butane (6 kg),D04,Énergie,bouteille,
Août 2025,dakar,Gaz butane (6 kg),D04,Énergie,bouteille,3087.5
Septembre 2025,dakar,Gaz butane (6 kg),D04,Énergie,bouteille,3078.5
Octobre 2025,dakar,Gaz butane (6 kg),D04,Énergie,bouteille,3088.9
Novembre 2025,dakar,Gaz butane (6 kg),D04,Énergie,bouteille,3072.1
Décembre 2025,dakar,Gaz butane (6 kg),D04,Énergie,bouteille,3080.5
01/01/2026,DAKAR,Gaz butane (6 kg),D04,Énergie,bouteille,3084.3
2026-02-01,dakar,Gaz butane (6 kg),D04,Énergie,bouteille,"3084,5"
2026-03-01,dakar,Gaz butane (6 kg),D04,Énergie,bouteille,"3083,3"
Avril 2026,DAKAR,Gaz butane (6 kg),D04,Énergie,bouteille,3079.8
01/05/2026,Dakar ,Gaz butane (6 kg),D04,Énergie,bouteille,"3096,0"
2018-01-01,thiès,Gaz butane (6 kg),D04,Énergie,bouteille,2694.2
Février 2018,Thiès ,Gaz butane (6 kg),D04,Énergie,bouteille,2698.3
2018-03-01,thiès,Gaz butane (6 kg),D04,Énergie,bouteille,2697.7
2018-04-01,Thiès ,Gaz butane (6 kg),D04,Énergie,bouteille,2696.0
2018-05-01,THIÈS,Gaz butane (6 kg),D04,Énergie,bouteille,2678.5
Juin 2018,Thiès ,Gaz butane (6 kg),D04,Énergie,bouteille,2714.8
2018-07-01,THIÈS,Gaz butane (6 kg),D04,Énergie,bouteille,2688.9
Août 2018,Thiès ,Gaz butane (6 kg),D04,Énergie,bouteille,2701.8
2018-09-01,THIÈS,Gaz butane (6 kg),D04,Énergie,bouteille,2684.6
2018-10-01,THIÈS,Gaz butane (6 kg),D04,Énergie,bouteille,2706.7
Novembre 2018,thiès,Gaz butane (6 kg),D04,Énergie,bouteille,2691.5
2018-12-01,thiès,Gaz butane (6 kg),D04,Énergie,bouteille,2687.7
2019-01-01,THIÈS,Gaz butane (6 kg),D04,Énergie,bouteille,2702.1
2019-02-01,thiès,Gaz butane (6 kg),D04,Énergie,bouteille,2692.4
01/03/2019,Thiès ,Gaz butane (6 kg),D04,Énergie,bouteille,2693.8
2019-04-01,THIÈS,Gaz butane (6 kg),D04,Énergie,bouteille,2701.9
2019-05-01,Thiès ,Gaz butane (6 kg),D04,Énergie,bouteille,2708.6
01/06/2019,Thiès ,Gaz butane (6 kg),D04,Énergie,bouteille,2691.2
Juillet 2019,Thiès ,Gaz butane (6 kg),D04,Énergie,bouteille,"2689,3"
2019-08-01,Thiès ,Gaz butane (6 kg),D04,Énergie,bouteille,2700.3
2019-09-01,THIÈS,Gaz butane (6 kg),D04,Énergie,bouteille,2705.8
2019-10-01,Thiès ,Gaz butane (6 kg),D04,Énergie,bouteille,2715.8
2019-11-01,thiès,Gaz butane (6 kg),D04,Énergie,bouteille,"2688,4"
2019-12-01,THIÈS,Gaz butane (6 kg),D04,Énergie,bouteille,2696.6
01/01/2020,Thiès ,Gaz butane (6 kg),D04,Énergie,bouteille,"2712,7"
2020-02-01,thiès,Gaz butane (6 kg),D04,Énergie,bouteille,2721.3
Mars 2020,Thiès ,Gaz butane (6 kg),D04,Énergie,bouteille,2689.3
2020-04-01,thiès,Gaz butane (6 kg),D04,Énergie,bouteille,2692.0
Mai 2020,THIÈS,Gaz butane (6 kg),D04,Énergie,bouteille,2704.1
Juin 2020,Thiès ,Gaz butane (6 kg),D04,Énergie,bouteille,2693.8
01/07/2020,Thiès ,Gaz butane (6 kg),D04,Énergie,bouteille,2691.8
2020-08-01,thiès,Gaz butane (6 kg),D04,Énergie,bouteille,2702.6
Septembre 2020,thiès,Gaz butane (6 kg),D04,Énergie,bouteille,"2716,7"
Octobre 2020,THIÈS,Gaz butane (6 kg),D04,Énergie,bouteille,2685.9
01/11/2020,Thiès ,Gaz butane (6 kg),D04,Énergie,bouteille,"2716,2"
2020-12-01,Thiès ,Gaz butane (6 kg),D04,Énergie,bouteille,2693.8
Janvier 2021,Thiès ,Gaz butane (6 kg),D04,Énergie,bouteille,2703.7
01/02/2021,thiès,Gaz butane (6 kg),D04,Énergie,bouteille,2717.2
2021-03-01,Thiès ,Gaz butane (6 kg),D04,Énergie,bouteille,2703.5
Avril 2021,Thiès ,Gaz butane (6 kg),D04,Énergie,bouteille,2696.8
2021-05-01,thiès,Gaz butane (6 kg),D04,Énergie,bouteille,2707.8
01/06/2021,Thiès ,Gaz butane (6 kg),D04,Énergie,bouteille,2698.1
2021-07-01,THIÈS,Gaz butane (6 kg),D04,Énergie,bouteille,2705.6
01/08/2021,Thiès ,Gaz butane (6 kg),D04,Énergie,bouteille,"2697,8"
Septembre 2021,thiès,Gaz butane (6 kg),D04,Énergie,bouteille,2709.3
2021-10-01,thiès,Gaz butane (6 kg),D04,Énergie,bouteille,2684.9
2021-11-01,thiès,Gaz butane (6 kg),D04,Énergie,bouteille,2689.1
Décembre 2021,Thiès ,Gaz butane (6 kg),D04,Énergie,bouteille,2684.8
2022-01-01,thiès,Gaz butane (6 kg),D04,Énergie,bouteille,2889.3
2022-02-01,thiès,Gaz butane (6 kg),D04,Énergie,bouteille,2872.3
01/03/2022,thiès,Gaz butane (6 kg),D04,Énergie,bouteille,2882.0
2022-04-01,thiès,Gaz butane (6 kg),D04,Énergie,bouteille,2877.2
Mai 2022,thiès,Gaz butane (6 kg),D04,Énergie,bouteille,"2907,1"
2022-06-01,THIÈS,Gaz butane (6 kg),D04,Énergie,bouteille,2878.5
01/07/2022,thiès,Gaz butane (6 kg),D04,Énergie,bouteille,2875.1
Août 2022,THIÈS,Gaz butane (6 kg),D04,Énergie,bouteille,2892.9
Septembre 2022,Thiès ,Gaz butane (6 kg),D04,Énergie,bouteille,2909.5
2022-10-01,thiès,Gaz butane (6 kg),D04,Énergie,bouteille,2888.7
2022-11-01,Thiès ,Gaz butane (6 kg),D04,Énergie,bouteille,2889.6
2022-12-01,thiès,Gaz butane (6 kg),D04,Énergie,bouteille,2904.9
Janvier 2023,thiès,Gaz butane (6 kg),D04,Énergie,bouteille,3010.5
2023-02-01,THIÈS,Gaz butane (6 kg),D04,Énergie,bouteille,"3005,1"
2023-03-01,thiès,Gaz butane (6 kg),D04,Énergie,bouteille,2993.0
01/04/2023,thiès,Gaz butane (6 kg),D04,Énergie,bouteille,3005.5
2023-05-01,thiès,Gaz butane (6 kg),D04,Énergie,bouteille,"2983,7"
2023-06-01,Thiès ,Gaz butane (6 kg),D04,Énergie,bouteille,2992.5
01/07/2023,thiès,Gaz butane (6 kg),D04,Énergie,bouteille,3017.2
Août 2023,Thiès ,Gaz butane (6 kg),D04,Énergie,bouteille,3015.6
2023-09-01,THIÈS,Gaz butane (6 kg),D04,Énergie,bouteille,3005.2
Octobre 2023,thiès,Gaz butane (6 kg),D04,Énergie,bouteille,2976.8
01/11/2023,Thiès ,Gaz butane (6 kg),D04,Énergie,bouteille,2985.5
01/12/2023,thiès,Gaz butane (6 kg),D04,Énergie,bouteille,2991.8
Janvier 2024,Thiès ,Gaz butane (6 kg),D04,Énergie,bouteille,29979.0
01/02/2024,thiès,Gaz butane (6 kg),D04,Énergie,bouteille,"2985,0"
2024-03-01,thiès,Gaz butane (6 kg),D04,Énergie,bouteille,2997.0
2024-04-01,thiès,Gaz butane (6 kg),D04,Énergie,bouteille,3021.2
2024-05-01,Thiès ,Gaz butane (6 kg),D04,Énergie,bouteille,3004.8
01/06/2024,Thiès ,Gaz butane (6 kg),D04,Énergie,bouteille,3002.6
2024-07-01,Thiès ,Gaz butane (6 kg),D04,Énergie,bouteille,2987.8
2024-08-01,THIÈS,Gaz butane (6 kg),D04,Énergie,bouteille,2980.3
2024-09-01,Thiès ,Gaz butane (6 kg),D04,Énergie,bouteille,2985.3
2024-10-01,Thiès ,Gaz butane (6 kg),D04,Énergie,bouteille,2979.8
Novembre 2024,Thiès ,Gaz butane (6 kg),D04,Énergie,bouteille,3000.9
2024-12-01,thiès,Gaz butane (6 kg),D04,Énergie,bouteille,"3004,6"
01/01/2025,thiès,Gaz butane (6 kg),D04,Énergie,bouteille,"2988,4"
2025-02-01,thiès,Gaz butane (6 kg),D04,Énergie,bouteille,"3001,8"
2025-03-01,Thiès ,Gaz butane (6 kg),D04,Énergie,bouteille,3017.6
2025-04-01,Thiès ,Gaz butane (6 kg),D04,Énergie,bouteille,3023.5
2025-05-01,Thiès ,Gaz butane (6 kg),D04,Énergie,bouteille,3009.2
2025-06-01,Thiès ,Gaz butane (6 kg),D04,Énergie,bouteille,2997.9
Juillet 2025,thiès,Gaz butane (6 kg),D04,Énergie,bouteille,3008.9
01/08/2025,THIÈS,Gaz butane (6 kg),D04,Énergie,bouteille,"3016,2"
Septembre 2025,THIÈS,Gaz butane (6 kg),D04,Énergie,bouteille,2975.9
Octobre 2025,Thiès ,Gaz butane (6 kg),D04,Énergie,bouteille,"3017,8"
Novembre 2025,THIÈS,Gaz butane (6 kg),D04,Énergie,bouteille,2993.5
2025-12-01,THIÈS,Gaz butane (6 kg),D04,Énergie,bouteille,2993.6
2026-01-01,thiès,Gaz butane (6 kg),D04,Énergie,bouteille,2995.7
01/02/2026,Thiès ,Gaz butane (6 kg),D04,Énergie,bouteille,3003.8
01/03/2026,Thiès ,Gaz butane (6 kg),D04,Énergie,bouteille,2986.7
Avril 2026,THIÈS,Gaz butane (6 kg),D04,Énergie,bouteille,2996.6
2026-05-01,thiès,Gaz butane (6 kg),D04,Énergie,bouteille,3006.3
2018-01-01,Saint-Louis ,Gaz butane (6 kg),D04,Énergie,bouteille,2686.1
Février 2018,Saint-Louis ,Gaz butane (6 kg),D04,Énergie,bouteille,2687.9
01/03/2018,Saint-Louis ,Gaz butane (6 kg),D04,Énergie,bouteille,2680.3
01/04/2018,Saint-Louis ,Gaz butane (6 kg),D04,Énergie,bouteille,2691.2
2018-05-01,SAINT-LOUIS,Gaz butane (6 kg),D04,Énergie,bouteille,2695.1
Juin 2018,SAINT-LOUIS,Gaz butane (6 kg),D04,Énergie,bouteille,
Juillet 2018,SAINT-LOUIS,Gaz butane (6 kg),D04,Énergie,bouteille,"2688,4"
2018-08-01,SAINT-LOUIS,Gaz butane (6 kg),D04,Énergie,bouteille,2693.9
2018-09-01,Saint-Louis ,Gaz butane (6 kg),D04,Énergie,bouteille,2693.2
Octobre 2018,Saint-Louis ,Gaz butane (6 kg),D04,Énergie,bouteille,2712.5
Novembre 2018,Saint-Louis ,Gaz butane (6 kg),D04,Énergie,bouteille,2696.9
2018-12-01,SAINT-LOUIS,Gaz butane (6 kg),D04,Énergie,bouteille,2682.8
Janvier 2019,Saint-Louis ,Gaz butane (6 kg),D04,Énergie,bouteille,2674.0
Février 2019,Saint-Louis ,Gaz butane (6 kg),D04,Énergie,bouteille,2681.0
2019-03-01,SAINT-LOUIS,Gaz butane (6 kg),D04,Énergie,bouteille,2680.2
2019-04-01,Saint-Louis ,Gaz butane (6 kg),D04,Énergie,bouteille,2689.3
2019-05-01,SAINT-LOUIS,Gaz butane (6 kg),D04,Énergie,bouteille,2676.3
Juin 2019,saint-louis,Gaz butane (6 kg),D04,Énergie,bouteille,
Juillet 2019,SAINT-LOUIS,Gaz butane (6 kg),D04,Énergie,bouteille,2668.9
2019-08-01,saint-louis,Gaz butane (6 kg),D04,Énergie,bouteille,2666.3
2019-09-01,SAINT-LOUIS,Gaz butane (6 kg),D04,Énergie,bouteille,2682.3
01/10/2019,Saint-Louis ,Gaz butane (6 kg),D04,Énergie,bouteille,2674.8
Novembre 2019,saint-louis,Gaz butane (6 kg),D04,Énergie,bouteille,2670.3
Décembre 2019,Saint-Louis ,Gaz butane (6 kg),D04,Énergie,bouteille,"2677,0"
2020-01-01,saint-louis,Gaz butane (6 kg),D04,Énergie,bouteille,2675.6
01/02/2020,saint-louis,Gaz butane (6 kg),D04,Énergie,bouteille,2683.9
2020-03-01,Saint-Louis ,Gaz butane (6 kg),D04,Énergie,bouteille,2677.1
2020-04-01,Saint-Louis ,Gaz butane (6 kg),D04,Énergie,bouteille,2678.0
01/05/2020,saint-louis,Gaz butane (6 kg),D04,Énergie,bouteille,2683.7
01/06/2020,saint-louis,Gaz butane (6 kg),D04,Énergie,bouteille,2694.7
01/07/2020,SAINT-LOUIS,Gaz butane (6 kg),D04,Énergie,bouteille,2699.6
2020-08-01,SAINT-LOUIS,Gaz butane (6 kg),D04,Énergie,bouteille,2685.4
01/09/2020,Saint-Louis ,Gaz butane (6 kg),D04,Énergie,bouteille,2686.2
01/10/2020,saint-louis,Gaz butane (6 kg),D04,Énergie,bouteille,2681.8
2020-11-01,saint-louis,Gaz butane (6 kg),D04,Énergie,bouteille,2689.0
2020-12-01,Saint-Louis ,Gaz butane (6 kg),D04,Énergie,bouteille,2688.0
01/01/2021,Saint-Louis ,Gaz butane (6 kg),D04,Énergie,bouteille,2698.0
2021-02-01,Saint-Louis ,Gaz butane (6 kg),D04,Énergie,bouteille,2663.5
2021-03-01,saint-louis,Gaz butane (6 kg),D04,Énergie,bouteille,2681.3
2021-04-01,SAINT-LOUIS,Gaz butane (6 kg),D04,Énergie,bouteille,2687.4
01/05/2021,saint-louis,Gaz butane (6 kg),D04,Énergie,bouteille,2683.5
2021-06-01,saint-louis,Gaz butane (6 kg),D04,Énergie,bouteille,"2673,7"
2021-07-01,SAINT-LOUIS,Gaz butane (6 kg),D04,Énergie,bouteille,2669.9
2021-08-01,saint-louis,Gaz butane (6 kg),D04,Énergie,bouteille,2692.5
Septembre 2021,saint-louis,Gaz butane (6 kg),D04,Énergie,bouteille,2675.7
Octobre 2021,Saint-Louis ,Gaz butane (6 kg),D04,Énergie,bouteille,2665.0
01/11/2021,SAINT-LOUIS,Gaz butane (6 kg),D04,Énergie,bouteille,2693.0
2021-12-01,Saint-Louis ,Gaz butane (6 kg),D04,Énergie,bouteille,2688.7
01/01/2022,saint-louis,Gaz butane (6 kg),D04,Énergie,bouteille,2871.3
Février 2022,SAINT-LOUIS,Gaz butane (6 kg),D04,Énergie,bouteille,2862.2
Mars 2022,saint-louis,Gaz butane (6 kg),D04,Énergie,bouteille,2871.4
Avril 2022,Saint-Louis ,Gaz butane (6 kg),D04,Énergie,bouteille,2886.6
2022-05-01,saint-louis,Gaz butane (6 kg),D04,Énergie,bouteille,2854.1
01/06/2022,saint-louis,Gaz butane (6 kg),D04,Énergie,bouteille,2854.7
2022-07-01,saint-louis,Gaz butane (6 kg),D04,Énergie,bouteille,2865.4
Août 2022,Saint-Louis ,Gaz butane (6 kg),D04,Énergie,bouteille,2872.4
2022-09-01,saint-louis,Gaz butane (6 kg),D04,Énergie,bouteille,2867.0
01/10/2022,Saint-Louis ,Gaz butane (6 kg),D04,Énergie,bouteille,2880.0
2022-11-01,Saint-Louis ,Gaz butane (6 kg),D04,Énergie,bouteille,2885.2
01/12/2022,SAINT-LOUIS,Gaz butane (6 kg),D04,Énergie,bouteille,2875.9
Janvier 2023,Saint-Louis ,Gaz butane (6 kg),D04,Énergie,bouteille,2988.7
2023-02-01,Saint-Louis ,Gaz butane (6 kg),D04,Énergie,bouteille,2985.2
2023-03-01,SAINT-LOUIS,Gaz butane (6 kg),D04,Énergie,bouteille,2982.1
01/04/2023,saint-louis,Gaz butane (6 kg),D04,Énergie,bouteille,2966.6
01/05/2023,SAINT-LOUIS,Gaz butane (6 kg),D04,Énergie,bouteille,2969.7
2023-06-01,Saint-Louis ,Gaz butane (6 kg),D04,Énergie,bouteille,2965.9
2023-07-01,saint-louis,Gaz butane (6 kg),D04,Énergie,bouteille,2980.2
01/08/2023,SAINT-LOUIS,Gaz butane (6 kg),D04,Énergie,bouteille,2984.8
01/09/2023,SAINT-LOUIS,Gaz butane (6 kg),D04,Énergie,bouteille,2964.7
2023-10-01,Saint-Louis ,Gaz butane (6 kg),D04,Énergie,bouteille,2982.9
01/11/2023,SAINT-LOUIS,Gaz butane (6 kg),D04,Énergie,bouteille,2971.6
01/12/2023,SAINT-LOUIS,Gaz butane (6 kg),D04,Énergie,bouteille,2969.2
2024-01-01,saint-louis,Gaz butane (6 kg),D04,Énergie,bouteille,2974.5
01/02/2024,SAINT-LOUIS,Gaz butane (6 kg),D04,Énergie,bouteille,2968.6
01/03/2024,SAINT-LOUIS,Gaz butane (6 kg),D04,Énergie,bouteille,2989.2
2024-04-01,Saint-Louis ,Gaz butane (6 kg),D04,Énergie,bouteille,2980.0
Mai 2024,saint-louis,Gaz butane (6 kg),D04,Énergie,bouteille,2991.7
2024-06-01,SAINT-LOUIS,Gaz butane (6 kg),D04,Énergie,bouteille,2976.7
01/07/2024,Saint-Louis ,Gaz butane (6 kg),D04,Énergie,bouteille,2977.2
Août 2024,SAINT-LOUIS,Gaz butane (6 kg),D04,Énergie,bouteille,3004.3
Septembre 2024,SAINT-LOUIS,Gaz butane (6 kg),D04,Énergie,bouteille,2962.6
2024-10-01,Saint-Louis ,Gaz butane (6 kg),D04,Énergie,bouteille,2997.3
01/11/2024,Saint-Louis ,Gaz butane (6 kg),D04,Énergie,bouteille,3001.7
2024-12-01,saint-louis,Gaz butane (6 kg),D04,Énergie,bouteille,2991.1
Janvier 2025,Saint-Louis ,Gaz butane (6 kg),D04,Énergie,bouteille,2978.1
2025-02-01,saint-louis,Gaz butane (6 kg),D04,Énergie,bouteille,2999.0
Mars 2025,Saint-Louis ,Gaz butane (6 kg),D04,Énergie,bouteille,2978.2
Avril 2025,Saint-Louis ,Gaz butane (6 kg),D04,Énergie,bouteille,"2973,6"
01/05/2025,saint-louis,Gaz butane (6 kg),D04,Énergie,bouteille,"2977,4"
Juin 2025,saint-louis,Gaz butane (6 kg),D04,Énergie,bouteille,2975.2
01/07/2025,saint-louis,Gaz butane (6 kg),D04,Énergie,bouteille,2970.7
01/08/2025,SAINT-LOUIS,Gaz butane (6 kg),D04,Énergie,bouteille,2995.2
2025-09-01,saint-louis,Gaz butane (6 kg),D04,Énergie,bouteille,2972.8
Octobre 2025,Saint-Louis ,Gaz butane (6 kg),D04,Énergie,bouteille,"2981,6"
2025-11-01,saint-louis,Gaz butane (6 kg),D04,Énergie,bouteille,2964.8
01/12/2025,Saint-Louis ,Gaz butane (6 kg),D04,Énergie,bouteille,2982.4
Janvier 2026,saint-louis,Gaz butane (6 kg),D04,Énergie,bouteille,2968.2
Février 2026,SAINT-LOUIS,Gaz butane (6 kg),D04,Énergie,bouteille,2967.9
Mars 2026,SAINT-LOUIS,Gaz butane (6 kg),D04,Énergie,bouteille,2980.7
01/04/2026,saint-louis,Gaz butane (6 kg),D04,Énergie,bouteille,2994.6
Mai 2026,SAINT-LOUIS,Gaz butane (6 kg),D04,Énergie,bouteille,"2987,3"
Janvier 2018,diourbel,Gaz butane (6 kg),D04,Énergie,bouteille,2673.0
2018-02-01,diourbel,Gaz butane (6 kg),D04,Énergie,bouteille,2666.2
01/03/2018,DIOURBEL,Gaz butane (6 kg),D04,Énergie,bouteille,2664.0
01/04/2018,diourbel,Gaz butane (6 kg),D04,Énergie,bouteille,"2676,0"
2018-05-01,DIOURBEL,Gaz butane (6 kg),D04,Énergie,bouteille,2661.6
Juin 2018,DIOURBEL,Gaz butane (6 kg),D04,Énergie,bouteille,"2676,5"
2018-07-01,Diourbel ,Gaz butane (6 kg),D04,Énergie,bouteille,"2680,8"
2018-08-01,Diourbel ,Gaz butane (6 kg),D04,Énergie,bouteille,"2658,6"
2018-09-01,DIOURBEL,Gaz butane (6 kg),D04,Énergie,bouteille,2660.2
2018-10-01,Diourbel ,Gaz butane (6 kg),D04,Énergie,bouteille,"2661,8"
01/11/2018,DIOURBEL,Gaz butane (6 kg),D04,Énergie,bouteille,2651.9
Décembre 2018,diourbel,Gaz butane (6 kg),D04,Énergie,bouteille,2662.6
Janvier 2019,Diourbel ,Gaz butane (6 kg),D04,Énergie,bouteille,
Février 2019,DIOURBEL,Gaz butane (6 kg),D04,Énergie,bouteille,2656.4
Mars 2019,diourbel,Gaz butane (6 kg),D04,Énergie,bouteille,2681.7
01/04/2019,Diourbel ,Gaz butane (6 kg),D04,Énergie,bouteille,"2663,0"
Mai 2019,Diourbel ,Gaz butane (6 kg),D04,Énergie,bouteille,2690.2
2019-06-01,Diourbel ,Gaz butane (6 kg),D04,Énergie,bouteille,2660.3
01/07/2019,Diourbel ,Gaz butane (6 kg),D04,Énergie,bouteille,2666.1
2019-08-01,Diourbel ,Gaz butane (6 kg),D04,Énergie,bouteille,2657.9
Septembre 2019,diourbel,Gaz butane (6 kg),D04,Énergie,bouteille,2660.3
Octobre 2019,DIOURBEL,Gaz butane (6 kg),D04,Énergie,bouteille,2681.9
Novembre 2019,diourbel,Gaz butane (6 kg),D04,Énergie,bouteille,2672.7
2019-12-01,DIOURBEL,Gaz butane (6 kg),D04,Énergie,bouteille,2678.6
2020-01-01,DIOURBEL,Gaz butane (6 kg),D04,Énergie,bouteille,2653.6
Février 2020,Diourbel ,Gaz butane (6 kg),D04,Énergie,bouteille,2674.6
01/03/2020,DIOURBEL,Gaz butane (6 kg),D04,Énergie,bouteille,2657.2
01/04/2020,diourbel,Gaz butane (6 kg),D04,Énergie,bouteille,"2653,3"
01/05/2020,DIOURBEL,Gaz butane (6 kg),D04,Énergie,bouteille,2670.1
Juin 2020,diourbel,Gaz butane (6 kg),D04,Énergie,bouteille,2670.0
2020-07-01,diourbel,Gaz butane (6 kg),D04,Énergie,bouteille,2668.2
01/08/2020,DIOURBEL,Gaz butane (6 kg),D04,Énergie,bouteille,26753.0
2020-09-01,diourbel,Gaz butane (6 kg),D04,Énergie,bouteille,2676.9
Octobre 2020,Diourbel ,Gaz butane (6 kg),D04,Énergie,bouteille,2683.3
2020-11-01,Diourbel ,Gaz butane (6 kg),D04,Énergie,bouteille,2654.9
2020-12-01,DIOURBEL,Gaz butane (6 kg),D04,Énergie,bouteille,2683.6
2021-01-01,DIOURBEL,Gaz butane (6 kg),D04,Énergie,bouteille,2687.7
Février 2021,Diourbel ,Gaz butane (6 kg),D04,Énergie,bouteille,2663.7
2021-03-01,diourbel,Gaz butane (6 kg),D04,Énergie,bouteille,"2649,8"
Avril 2021,DIOURBEL,Gaz butane (6 kg),D04,Énergie,bouteille,2652.8
Mai 2021,DIOURBEL,Gaz butane (6 kg),D04,Énergie,bouteille,2662.7
Juin 2021,diourbel,Gaz butane (6 kg),D04,Énergie,bouteille,2689.1
01/07/2021,DIOURBEL,Gaz butane (6 kg),D04,Énergie,bouteille,2667.8
01/08/2021,DIOURBEL,Gaz butane (6 kg),D04,Énergie,bouteille,"2661,0"
Septembre 2021,Diourbel ,Gaz butane (6 kg),D04,Énergie,bouteille,2660.3
2021-10-01,diourbel,Gaz butane (6 kg),D04,Énergie,bouteille,2653.5
2021-11-01,Diourbel ,Gaz butane (6 kg),D04,Énergie,bouteille,2676.9
2021-12-01,DIOURBEL,Gaz butane (6 kg),D04,Énergie,bouteille,"2666,6"
Janvier 2022,diourbel,Gaz butane (6 kg),D04,Énergie,bouteille,2879.3
2022-02-01,diourbel,Gaz butane (6 kg),D04,Énergie,bouteille,2862.5
Mars 2022,diourbel,Gaz butane (6 kg),D04,Énergie,bouteille,"2864,8"
Avril 2022,Diourbel ,Gaz butane (6 kg),D04,Énergie,bouteille,2852.6
Mai 2022,diourbel,Gaz butane (6 kg),D04,Énergie,bouteille,2842.9
01/06/2022,diourbel,Gaz butane (6 kg),D04,Énergie,bouteille,"2845,3"
01/07/2022,Diourbel ,Gaz butane (6 kg),D04,Énergie,bouteille,2839.7
Août 2022,diourbel,Gaz butane (6 kg),D04,Énergie,bouteille,2865.7
01/09/2022,diourbel,Gaz butane (6 kg),D04,Énergie,bouteille,2850.9
Octobre 2022,DIOURBEL,Gaz butane (6 kg),D04,Énergie,bouteille,2866.2
01/11/2022,Diourbel ,Gaz butane (6 kg),D04,Énergie,bouteille,2856.9
Décembre 2022,DIOURBEL,Gaz butane (6 kg),D04,Énergie,bouteille,2852.0
01/01/2023,DIOURBEL,Gaz butane (6 kg),D04,Énergie,bouteille,2950.1
2023-02-01,diourbel,Gaz butane (6 kg),D04,Énergie,bouteille,2967.6
Mars 2023,diourbel,Gaz butane (6 kg),D04,Énergie,bouteille,
01/04/2023,DIOURBEL,Gaz butane (6 kg),D04,Énergie,bouteille,2974.7
2023-05-01,diourbel,Gaz butane (6 kg),D04,Énergie,bouteille,"2955,5"
2023-06-01,Diourbel ,Gaz butane (6 kg),D04,Énergie,bouteille,"2971,3"
2023-07-01,DIOURBEL,Gaz butane (6 kg),D04,Énergie,bouteille,2983.5
01/08/2023,diourbel,Gaz butane (6 kg),D04,Énergie,bouteille,2967.2
Septembre 2023,diourbel,Gaz butane (6 kg),D04,Énergie,bouteille,2973.3
2023-10-01,DIOURBEL,Gaz butane (6 kg),D04,Énergie,bouteille,"2970,8"
2023-11-01,diourbel,Gaz butane (6 kg),D04,Énergie,bouteille,2986.5
Décembre 2023,diourbel,Gaz butane (6 kg),D04,Énergie,bouteille,2968.4
Janvier 2024,DIOURBEL,Gaz butane (6 kg),D04,Énergie,bouteille,2972.3
01/02/2024,Diourbel ,Gaz butane (6 kg),D04,Énergie,bouteille,"2963,6"
2024-03-01,Diourbel ,Gaz butane (6 kg),D04,Énergie,bouteille,"2954,8"
Avril 2024,diourbel,Gaz butane (6 kg),D04,Énergie,bouteille,2949.7
01/05/2024,DIOURBEL,Gaz butane (6 kg),D04,Énergie,bouteille,2979.0
2024-06-01,DIOURBEL,Gaz butane (6 kg),D04,Énergie,bouteille,2952.0
2024-07-01,Diourbel ,Gaz butane (6 kg),D04,Énergie,bouteille,2972.8
2024-08-01,Diourbel ,Gaz butane (6 kg),D04,Énergie,bouteille,2968.9
01/09/2024,diourbel,Gaz butane (6 kg),D04,Énergie,bouteille,2974.9
Octobre 2024,Diourbel ,Gaz butane (6 kg),D04,Énergie,bouteille,2957.9
Novembre 2024,DIOURBEL,Gaz butane (6 kg),D04,Énergie,bouteille,2954.6
Décembre 2024,diourbel,Gaz butane (6 kg),D04,Énergie,bouteille,2968.5
Janvier 2025,DIOURBEL,Gaz butane (6 kg),D04,Énergie,bouteille,2960.5
Février 2025,diourbel,Gaz butane (6 kg),D04,Énergie,bouteille,2949.4
2025-03-01,Diourbel ,Gaz butane (6 kg),D04,Énergie,bouteille,2987.0
01/04/2025,Diourbel ,Gaz butane (6 kg),D04,Énergie,bouteille,2954.6
01/05/2025,Diourbel ,Gaz butane (6 kg),D04,Énergie,bouteille,"2952,2"
Juin 2025,diourbel,Gaz butane (6 kg),D04,Énergie,bouteille,2961.1
Juillet 2025,Diourbel ,Gaz butane (6 kg),D04,Énergie,bouteille,2978.9
Août 2025,diourbel,Gaz butane (6 kg),D04,Énergie,bouteille,"2938,3"
2025-09-01,diourbel,Gaz butane (6 kg),D04,Énergie,bouteille,2977.9
01/10/2025,diourbel,Gaz butane (6 kg),D04,Énergie,bouteille,
2025-11-01,DIOURBEL,Gaz butane (6 kg),D04,Énergie,bouteille,2967.1
2025-12-01,DIOURBEL,Gaz butane (6 kg),D04,Énergie,bouteille,2956.0
01/01/2026,Diourbel ,Gaz butane (6 kg),D04,Énergie,bouteille,2987.6
01/02/2026,diourbel,Gaz butane (6 kg),D04,Énergie,bouteille,2965.5
Mars 2026,Diourbel ,Gaz butane (6 kg),D04,Énergie,bouteille,2955.6
Avril 2026,DIOURBEL,Gaz butane (6 kg),D04,Énergie,bouteille,2960.4
01/05/2026,diourbel,Gaz butane (6 kg),D04,Énergie,bouteille,2965.1
01/01/2018,KAOLACK,Gaz butane (6 kg),D04,Énergie,bouteille,2680.3
2018-02-01,Kaolack ,Gaz butane (6 kg),D04,Énergie,bouteille,"2683,1"
2018-03-01,kaolack,Gaz butane (6 kg),D04,Énergie,bouteille,2678.4
Avril 2018,kaolack,Gaz butane (6 kg),D04,Énergie,bouteille,2663.6
Mai 2018,KAOLACK,Gaz butane (6 kg),D04,Énergie,bouteille,2674.8
Juin 2018,kaolack,Gaz butane (6 kg),D04,Énergie,bouteille,"2684,9"
2018-07-01,kaolack,Gaz butane (6 kg),D04,Énergie,bouteille,"2671,2"
01/08/2018,kaolack,Gaz butane (6 kg),D04,Énergie,bouteille,
2018-09-01,kaolack,Gaz butane (6 kg),D04,Énergie,bouteille,2678.7
Octobre 2018,KAOLACK,Gaz butane (6 kg),D04,Énergie,bouteille,2676.1
01/11/2018,KAOLACK,Gaz butane (6 kg),D04,Énergie,bouteille,2691.2
Décembre 2018,KAOLACK,Gaz butane (6 kg),D04,Énergie,bouteille,2659.8
01/01/2019,KAOLACK,Gaz butane (6 kg),D04,Énergie,bouteille,2671.2
01/02/2019,Kaolack ,Gaz butane (6 kg),D04,Énergie,bouteille,2691.6
01/03/2019,KAOLACK,Gaz butane (6 kg),D04,Énergie,bouteille,2698.0
Avril 2019,Kaolack ,Gaz butane (6 kg),D04,Énergie,bouteille,"2702,9"
2019-05-01,KAOLACK,Gaz butane (6 kg),D04,Énergie,bouteille,2678.9
01/06/2019,kaolack,Gaz butane (6 kg),D04,Énergie,bouteille,2683.3
01/07/2019,Kaolack ,Gaz butane (6 kg),D04,Énergie,bouteille,"2687,2"
2019-08-01,KAOLACK,Gaz butane (6 kg),D04,Énergie,bouteille,"2692,1"
Septembre 2019,kaolack,Gaz butane (6 kg),D04,Énergie,bouteille,"2681,8"
Octobre 2019,KAOLACK,Gaz butane (6 kg),D04,Énergie,bouteille,2688.3
2019-11-01,Kaolack ,Gaz butane (6 kg),D04,Énergie,bouteille,2683.3
Décembre 2019,kaolack,Gaz butane (6 kg),D04,Énergie,bouteille,2684.0
Janvier 2020,Kaolack ,Gaz butane (6 kg),D04,Énergie,bouteille,2668.6
2020-02-01,kaolack,Gaz butane (6 kg),D04,Énergie,bouteille,2674.9
01/03/2020,KAOLACK,Gaz butane (6 kg),D04,Énergie,bouteille,2672.8
01/04/2020,KAOLACK,Gaz butane (6 kg),D04,Énergie,bouteille,2665.7
2020-05-01,KAOLACK,Gaz butane (6 kg),D04,Énergie,bouteille,2660.7
Juin 2020,KAOLACK,Gaz butane (6 kg),D04,Énergie,bouteille,2673.9
Juillet 2020,KAOLACK,Gaz butane (6 kg),D04,Énergie,bouteille,2675.6
2020-08-01,Kaolack ,Gaz butane (6 kg),D04,Énergie,bouteille,2679.5
2020-09-01,kaolack,Gaz butane (6 kg),D04,Énergie,bouteille,2684.4
Octobre 2020,KAOLACK,Gaz butane (6 kg),D04,Énergie,bouteille,2680.4
Novembre 2020,KAOLACK,Gaz butane (6 kg),D04,Énergie,bouteille,2675.6
2020-12-01,kaolack,Gaz butane (6 kg),D04,Énergie,bouteille,2668.6
01/01/2021,KAOLACK,Gaz butane (6 kg),D04,Énergie,bouteille,2687.8
01/02/2021,Kaolack ,Gaz butane (6 kg),D04,Énergie,bouteille,"2677,3"
2021-03-01,kaolack,Gaz butane (6 kg),D04,Énergie,bouteille,2673.8
Avril 2021,KAOLACK,Gaz butane (6 kg),D04,Énergie,bouteille,"2676,4"
2021-05-01,KAOLACK,Gaz butane (6 kg),D04,Énergie,bouteille,"2670,5"
Juin 2021,kaolack,Gaz butane (6 kg),D04,Énergie,bouteille,"2672,7"
2021-07-01,KAOLACK,Gaz butane (6 kg),D04,Énergie,bouteille,2672.4
Août 2021,KAOLACK,Gaz butane (6 kg),D04,Énergie,bouteille,2675.3
2021-09-01,Kaolack ,Gaz butane (6 kg),D04,Énergie,bouteille,"2685,4"
Octobre 2021,kaolack,Gaz butane (6 kg),D04,Énergie,bouteille,2682.8
01/11/2021,Kaolack ,Gaz butane (6 kg),D04,Énergie,bouteille,2695.0
01/12/2021,Kaolack ,Gaz butane (6 kg),D04,Énergie,bouteille,2691.4
2022-01-01,KAOLACK,Gaz butane (6 kg),D04,Énergie,bouteille,2889.3
Février 2022,Kaolack ,Gaz butane (6 kg),D04,Énergie,bouteille,2873.3
01/03/2022,Kaolack ,Gaz butane (6 kg),D04,Énergie,bouteille,2873.1
2022-04-01,KAOLACK,Gaz butane (6 kg),D04,Énergie,bouteille,2861.3
01/05/2022,KAOLACK,Gaz butane (6 kg),D04,Énergie,bouteille,2876.4
01/06/2022,KAOLACK,Gaz butane (6 kg),D04,Énergie,bouteille,2859.4
Juillet 2022,KAOLACK,Gaz butane (6 kg),D04,Énergie,bouteille,2850.0
01/08/2022,KAOLACK,Gaz butane (6 kg),D04,Énergie,bouteille,"2884,4"
2022-09-01,KAOLACK,Gaz butane (6 kg),D04,Énergie,bouteille,2852.6
01/10/2022,Kaolack ,Gaz butane (6 kg),D04,Énergie,bouteille,2871.9
01/11/2022,KAOLACK,Gaz butane (6 kg),D04,Énergie,bouteille,2856.8
01/12/2022,Kaolack ,Gaz butane (6 kg),D04,Énergie,bouteille,2879.8
01/01/2023,KAOLACK,Gaz butane (6 kg),D04,Énergie,bouteille,2991.0
01/02/2023,kaolack,Gaz butane (6 kg),D04,Énergie,bouteille,2982.3
2023-03-01,Kaolack ,Gaz butane (6 kg),D04,Énergie,bouteille,2990.8
2023-04-01,KAOLACK,Gaz butane (6 kg),D04,Énergie,bouteille,2976.1
Mai 2023,kaolack,Gaz butane (6 kg),D04,Énergie,bouteille,3002.6
2023-06-01,Kaolack ,Gaz butane (6 kg),D04,Énergie,bouteille,"2984,9"
Juillet 2023,kaolack,Gaz butane (6 kg),D04,Énergie,bouteille,2965.3
01/08/2023,Kaolack ,Gaz butane (6 kg),D04,Énergie,bouteille,"2976,8"
01/09/2023,kaolack,Gaz butane (6 kg),D04,Énergie,bouteille,2974.2
2023-10-01,KAOLACK,Gaz butane (6 kg),D04,Énergie,bouteille,2973.0
2023-11-01,kaolack,Gaz butane (6 kg),D04,Énergie,bouteille,2956.3
Décembre 2023,kaolack,Gaz butane (6 kg),D04,Énergie,bouteille,2980.6
Janvier 2024,Kaolack ,Gaz butane (6 kg),D04,Énergie,bouteille,2959.5
2024-02-01,kaolack,Gaz butane (6 kg),D04,Énergie,bouteille,2945.9
Mars 2024,kaolack,Gaz butane (6 kg),D04,Énergie,bouteille,2971.9
Avril 2024,kaolack,Gaz butane (6 kg),D04,Énergie,bouteille,2967.0
2024-05-01,kaolack,Gaz butane (6 kg),D04,Énergie,bouteille,2965.7
2024-06-01,kaolack,Gaz butane (6 kg),D04,Énergie,bouteille,2939.1
2024-07-01,Kaolack ,Gaz butane (6 kg),D04,Énergie,bouteille,2965.9
Août 2024,KAOLACK,Gaz butane (6 kg),D04,Énergie,bouteille,2973.9
Septembre 2024,kaolack,Gaz butane (6 kg),D04,Énergie,bouteille,2968.5
Octobre 2024,Kaolack ,Gaz butane (6 kg),D04,Énergie,bouteille,2980.6
2024-11-01,KAOLACK,Gaz butane (6 kg),D04,Énergie,bouteille,"2992,6"
Décembre 2024,Kaolack ,Gaz butane (6 kg),D04,Énergie,bouteille,2982.1
Janvier 2025,Kaolack ,Gaz butane (6 kg),D04,Énergie,bouteille,2988.2
Février 2025,kaolack,Gaz butane (6 kg),D04,Énergie,bouteille,2989.2
01/03/2025,kaolack,Gaz butane (6 kg),D04,Énergie,bouteille,2963.9
Avril 2025,kaolack,Gaz butane (6 kg),D04,Énergie,bouteille,2981.2
Mai 2025,kaolack,Gaz butane (6 kg),D04,Énergie,bouteille,"2987,8"
2025-06-01,KAOLACK,Gaz butane (6 kg),D04,Énergie,bouteille,"2970,8"
01/07/2025,kaolack,Gaz butane (6 kg),D04,Énergie,bouteille,2966.6
01/08/2025,kaolack,Gaz butane (6 kg),D04,Énergie,bouteille,2982.3
01/09/2025,KAOLACK,Gaz butane (6 kg),D04,Énergie,bouteille,2958.4
01/10/2025,Kaolack ,Gaz butane (6 kg),D04,Énergie,bouteille,"2963,0"
Novembre 2025,KAOLACK,Gaz butane (6 kg),D04,Énergie,bouteille,2968.1
Décembre 2025,kaolack,Gaz butane (6 kg),D04,Énergie,bouteille,"2981,4"
01/01/2026,Kaolack ,Gaz butane (6 kg),D04,Énergie,bouteille,
Février 2026,Kaolack ,Gaz butane (6 kg),D04,Énergie,bouteille,2988.3
Mars 2026,kaolack,Gaz butane (6 kg),D04,Énergie,bouteille,
2026-04-01,Kaolack ,Gaz butane (6 kg),D04,Énergie,bouteille,2964.4
Mai 2026,kaolack,Gaz butane (6 kg),D04,Énergie,bouteille,2982.2
Janvier 2018,Kolda ,Gaz butane (6 kg),D04,Énergie,bouteille,2707.5
Février 2018,Kolda ,Gaz butane (6 kg),D04,Énergie,bouteille,2709.6
01/03/2018,kolda,Gaz butane (6 kg),D04,Énergie,bouteille,2696.0
2018-04-01,kolda,Gaz butane (6 kg),D04,Énergie,bouteille,2719.4
Mai 2018,KOLDA,Gaz butane (6 kg),D04,Énergie,bouteille,2732.9
01/06/2018,Kolda ,Gaz butane (6 kg),D04,Énergie,bouteille,2705.0
01/07/2018,Kolda ,Gaz butane (6 kg),D04,Énergie,bouteille,2727.3
Août 2018,Kolda ,Gaz butane (6 kg),D04,Énergie,bouteille,2715.6
01/09/2018,kolda,Gaz butane (6 kg),D04,Énergie,bouteille,"2697,0"
2018-10-01,KOLDA,Gaz butane (6 kg),D04,Énergie,bouteille,2706.5
Novembre 2018,Kolda ,Gaz butane (6 kg),D04,Énergie,bouteille,2705.8
2018-12-01,KOLDA,Gaz butane (6 kg),D04,Énergie,bouteille,2712.8
2019-01-01,kolda,Gaz butane (6 kg),D04,Énergie,bouteille,2720.8
Février 2019,KOLDA,Gaz butane (6 kg),D04,Énergie,bouteille,2736.3
Mars 2019,kolda,Gaz butane (6 kg),D04,Énergie,bouteille,2700.7
01/04/2019,KOLDA,Gaz butane (6 kg),D04,Énergie,bouteille,2710.9
Mai 2019,KOLDA,Gaz butane (6 kg),D04,Énergie,bouteille,"2706,5"
2019-06-01,kolda,Gaz butane (6 kg),D04,Énergie,bouteille,2702.4
2019-07-01,kolda,Gaz butane (6 kg),D04,Énergie,bouteille,2717.2
2019-08-01,Kolda ,Gaz butane (6 kg),D04,Énergie,bouteille,2716.2
01/09/2019,kolda,Gaz butane (6 kg),D04,Énergie,bouteille,"2696,5"
01/10/2019,KOLDA,Gaz butane (6 kg),D04,Énergie,bouteille,2716.4
2019-11-01,Kolda ,Gaz butane (6 kg),D04,Énergie,bouteille,2703.1
Décembre 2019,kolda,Gaz butane (6 kg),D04,Énergie,bouteille,2716.3
01/01/2020,Kolda ,Gaz butane (6 kg),D04,Énergie,bouteille,2730.0
01/02/2020,Kolda ,Gaz butane (6 kg),D04,Énergie,bouteille,2721.2
Mars 2020,kolda,Gaz butane (6 kg),D04,Énergie,bouteille,2718.1
01/04/2020,KOLDA,Gaz butane (6 kg),D04,Énergie,bouteille,2710.5
2020-05-01,kolda,Gaz butane (6 kg),D04,Énergie,bouteille,2716.9
Juin 2020,Kolda ,Gaz butane (6 kg),D04,Énergie,bouteille,"2722,3"
2020-07-01,KOLDA,Gaz butane (6 kg),D04,Énergie,bouteille,
2020-08-01,Kolda ,Gaz butane (6 kg),D04,Énergie,bouteille,2715.1
01/09/2020,kolda,Gaz butane (6 kg),D04,Énergie,bouteille,2718.6
01/10/2020,kolda,Gaz butane (6 kg),D04,Énergie,bouteille,2701.9
2020-11-01,Kolda ,Gaz butane (6 kg),D04,Énergie,bouteille,2708.2
Décembre 2020,Kolda ,Gaz butane (6 kg),D04,Énergie,bouteille,2723.9
2021-01-01,Kolda ,Gaz butane (6 kg),D04,Énergie,bouteille,2725.3
Février 2021,KOLDA,Gaz butane (6 kg),D04,Énergie,bouteille,2717.2
01/03/2021,kolda,Gaz butane (6 kg),D04,Énergie,bouteille,2732.3
2021-04-01,kolda,Gaz butane (6 kg),D04,Énergie,bouteille,2721.7
01/05/2021,Kolda ,Gaz butane (6 kg),D04,Énergie,bouteille,"2713,7"
2021-06-01,KOLDA,Gaz butane (6 kg),D04,Énergie,bouteille,2702.9
Juillet 2021,KOLDA,Gaz butane (6 kg),D04,Énergie,bouteille,"2731,8"
01/08/2021,KOLDA,Gaz butane (6 kg),D04,Énergie,bouteille,2724.6
01/09/2021,Kolda ,Gaz butane (6 kg),D04,Énergie,bouteille,2735.7
Octobre 2021,kolda,Gaz butane (6 kg),D04,Énergie,bouteille,2739.7
01/11/2021,Kolda ,Gaz butane (6 kg),D04,Énergie,bouteille,2702.2
01/12/2021,KOLDA,Gaz butane (6 kg),D04,Énergie,bouteille,2702.2
01/01/2022,KOLDA,Gaz butane (6 kg),D04,Énergie,bouteille,2874.0
01/02/2022,kolda,Gaz butane (6 kg),D04,Énergie,bouteille,2918.0
2022-03-01,Kolda ,Gaz butane (6 kg),D04,Énergie,bouteille,"2915,0"
Avril 2022,kolda,Gaz butane (6 kg),D04,Énergie,bouteille,2908.5
01/05/2022,KOLDA,Gaz butane (6 kg),D04,Énergie,bouteille,2893.1
01/06/2022,kolda,Gaz butane (6 kg),D04,Énergie,bouteille,2906.3
Juillet 2022,kolda,Gaz butane (6 kg),D04,Énergie,bouteille,29095.0
01/08/2022,KOLDA,Gaz butane (6 kg),D04,Énergie,bouteille,"2916,4"
Septembre 2022,KOLDA,Gaz butane (6 kg),D04,Énergie,bouteille,2910.5
2022-10-01,Kolda ,Gaz butane (6 kg),D04,Énergie,bouteille,2915.1
2022-11-01,KOLDA,Gaz butane (6 kg),D04,Énergie,bouteille,2905.9
01/12/2022,KOLDA,Gaz butane (6 kg),D04,Énergie,bouteille,2921.1
01/01/2023,kolda,Gaz butane (6 kg),D04,Énergie,bouteille,3025.6
Février 2023,KOLDA,Gaz butane (6 kg),D04,Énergie,bouteille,3003.7
01/03/2023,kolda,Gaz butane (6 kg),D04,Énergie,bouteille,3034.8
Avril 2023,kolda,Gaz butane (6 kg),D04,Énergie,bouteille,3032.8
2023-05-01,KOLDA,Gaz butane (6 kg),D04,Énergie,bouteille,3023.6
01/06/2023,kolda,Gaz butane (6 kg),D04,Énergie,bouteille,3021.4
Juillet 2023,Kolda ,Gaz butane (6 kg),D04,Énergie,bouteille,3038.0
01/08/2023,Kolda ,Gaz butane (6 kg),D04,Énergie,bouteille,2998.3
2023-09-01,KOLDA,Gaz butane (6 kg),D04,Énergie,bouteille,3033.0
Octobre 2023,KOLDA,Gaz butane (6 kg),D04,Énergie,bouteille,3012.3
Novembre 2023,kolda,Gaz butane (6 kg),D04,Énergie,bouteille,3031.2
2023-12-01,kolda,Gaz butane (6 kg),D04,Énergie,bouteille,3019.5
01/01/2024,kolda,Gaz butane (6 kg),D04,Énergie,bouteille,3003.0
Février 2024,KOLDA,Gaz butane (6 kg),D04,Énergie,bouteille,"3012,0"
2024-03-01,KOLDA,Gaz butane (6 kg),D04,Énergie,bouteille,3030.3
2024-04-01,KOLDA,Gaz butane (6 kg),D04,Énergie,bouteille,3015.5
Mai 2024,Kolda ,Gaz butane (6 kg),D04,Énergie,bouteille,"3010,5"
Juin 2024,kolda,Gaz butane (6 kg),D04,Énergie,bouteille,3010.4
2024-07-01,kolda,Gaz butane (6 kg),D04,Énergie,bouteille,3025.8
01/08/2024,kolda,Gaz butane (6 kg),D04,Énergie,bouteille,3039.1
Septembre 2024,KOLDA,Gaz butane (6 kg),D04,Énergie,bouteille,2992.2
Octobre 2024,kolda,Gaz butane (6 kg),D04,Énergie,bouteille,3051.8
Novembre 2024,kolda,Gaz butane (6 kg),D04,Énergie,bouteille,3020.5
2024-12-01,KOLDA,Gaz butane (6 kg),D04,Énergie,bouteille,3025.0
01/01/2025,kolda,Gaz butane (6 kg),D04,Énergie,bouteille,3012.7
Février 2025,KOLDA,Gaz butane (6 kg),D04,Énergie,bouteille,3018.0
2025-03-01,KOLDA,Gaz butane (6 kg),D04,Énergie,bouteille,3020.3
2025-04-01,kolda,Gaz butane (6 kg),D04,Énergie,bouteille,3005.3
01/05/2025,KOLDA,Gaz butane (6 kg),D04,Énergie,bouteille,"3008,3"
Juin 2025,Kolda ,Gaz butane (6 kg),D04,Énergie,bouteille,3032.3
01/07/2025,kolda,Gaz butane (6 kg),D04,Énergie,bouteille,2999.3
01/08/2025,KOLDA,Gaz butane (6 kg),D04,Énergie,bouteille,3023.3
01/09/2025,Kolda ,Gaz butane (6 kg),D04,Énergie,bouteille,3013.5
Octobre 2025,KOLDA,Gaz butane (6 kg),D04,Énergie,bouteille,3006.4
01/11/2025,KOLDA,Gaz butane (6 kg),D04,Énergie,bouteille,3041.8
2025-12-01,Kolda ,Gaz butane (6 kg),D04,Énergie,bouteille,"3006,5"
01/01/2026,kolda,Gaz butane (6 kg),D04,Énergie,bouteille,3004.4
2026-02-01,kolda,Gaz butane (6 kg),D04,Énergie,bouteille,3015.7
Mars 2026,KOLDA,Gaz butane (6 kg),D04,Énergie,bouteille,
Avril 2026,kolda,Gaz butane (6 kg),D04,Énergie,bouteille,3018.1
Mai 2026,KOLDA,Gaz butane (6 kg),D04,Énergie,bouteille,3019.9
2018-01-01,Dakar ,Essence super (SP95),D07,Énergie,litre,763.6
Février 2018,Dakar ,Essence super (SP95),D07,Énergie,litre,"762,5"
2018-03-01,Dakar ,Essence super (SP95),D07,Énergie,litre,760.7
2018-04-01,dakar,Essence super (SP95),D07,Énergie,litre,764.8
2018-05-01,Dakar ,Essence super (SP95),D07,Énergie,litre,762.5
01/06/2018,DAKAR,Essence super (SP95),D07,Énergie,litre,761.4
2018-07-01,DAKAR,Essence super (SP95),D07,Énergie,litre,767.4
01/08/2018,DAKAR,Essence super (SP95),D07,Énergie,litre,762.5
2018-09-01,dakar,Essence super (SP95),D07,Énergie,litre,766.2
Octobre 2018,dakar,Essence super (SP95),D07,Énergie,litre,766.6
01/11/2018,DAKAR,Essence super (SP95),D07,Énergie,litre,766.8
Décembre 2018,dakar,Essence super (SP95),D07,Énergie,litre,"765,0"
2019-01-01,Dakar ,Essence super (SP95),D07,Énergie,litre,762.9
Février 2019,dakar,Essence super (SP95),D07,Énergie,litre,762.7
01/03/2019,Dakar ,Essence super (SP95),D07,Énergie,litre,762.1
2019-04-01,dakar,Essence super (SP95),D07,Énergie,litre,756.3
Mai 2019,Dakar ,Essence super (SP95),D07,Énergie,litre,765.1
Juin 2019,dakar,Essence super (SP95),D07,Énergie,litre,763.6
Juillet 2019,dakar,Essence super (SP95),D07,Énergie,litre,765.4
Août 2019,DAKAR,Essence super (SP95),D07,Énergie,litre,762.5
Septembre 2019,Dakar ,Essence super (SP95),D07,Énergie,litre,764.9
2019-10-01,dakar,Essence super (SP95),D07,Énergie,litre,758.7
2019-11-01,Dakar ,Essence super (SP95),D07,Énergie,litre,759.3
2019-12-01,DAKAR,Essence super (SP95),D07,Énergie,litre,"755,3"
2020-01-01,dakar,Essence super (SP95),D07,Énergie,litre,762.5
2020-02-01,Dakar ,Essence super (SP95),D07,Énergie,litre,760.5
Mars 2020,DAKAR,Essence super (SP95),D07,Énergie,litre,
01/04/2020,DAKAR,Essence super (SP95),D07,Énergie,litre,763.9
2020-05-01,Dakar ,Essence super (SP95),D07,Énergie,litre,761.6
01/06/2020,DAKAR,Essence super (SP95),D07,Énergie,litre,"758,5"
2020-07-01,Dakar ,Essence super (SP95),D07,Énergie,litre,770.6
2020-08-01,dakar,Essence super (SP95),D07,Énergie,litre,762.8
2020-09-01,Dakar ,Essence super (SP95),D07,Énergie,litre,759.6
01/10/2020,dakar,Essence super (SP95),D07,Énergie,litre,760.8
2020-11-01,DAKAR,Essence super (SP95),D07,Énergie,litre,762.4
Décembre 2020,Dakar ,Essence super (SP95),D07,Énergie,litre,762.3
Janvier 2021,dakar,Essence super (SP95),D07,Énergie,litre,766.9
Février 2021,dakar,Essence super (SP95),D07,Énergie,litre,762.6
Mars 2021,Dakar ,Essence super (SP95),D07,Énergie,litre,768.5
Avril 2021,DAKAR,Essence super (SP95),D07,Énergie,litre,761.6
Mai 2021,dakar,Essence super (SP95),D07,Énergie,litre,764.2
Juin 2021,dakar,Essence super (SP95),D07,Énergie,litre,766.0
2021-07-01,dakar,Essence super (SP95),D07,Énergie,litre,766.5
01/08/2021,Dakar ,Essence super (SP95),D07,Énergie,litre,766.9
2021-09-01,DAKAR,Essence super (SP95),D07,Énergie,litre,762.0
Octobre 2021,Dakar ,Essence super (SP95),D07,Énergie,litre,"762,9"
2021-11-01,dakar,Essence super (SP95),D07,Énergie,litre,755.3
01/12/2021,dakar,Essence super (SP95),D07,Énergie,litre,762.3
01/01/2022,Dakar ,Essence super (SP95),D07,Énergie,litre,797.1
Février 2022,dakar,Essence super (SP95),D07,Énergie,litre,"796,4"
2022-03-01,DAKAR,Essence super (SP95),D07,Énergie,litre,793.3
Avril 2022,DAKAR,Essence super (SP95),D07,Énergie,litre,"799,0"
01/05/2022,Dakar ,Essence super (SP95),D07,Énergie,litre,"792,4"
Juin 2022,Dakar ,Essence super (SP95),D07,Énergie,litre,791.3
01/07/2022,DAKAR,Essence super (SP95),D07,Énergie,litre,909.7
01/08/2022,Dakar ,Essence super (SP95),D07,Énergie,litre,907.3
2022-09-01,dakar,Essence super (SP95),D07,Énergie,litre,913.6
2022-10-01,DAKAR,Essence super (SP95),D07,Énergie,litre,912.4
01/11/2022,Dakar ,Essence super (SP95),D07,Énergie,litre,913.6
2022-12-01,dakar,Essence super (SP95),D07,Énergie,litre,909.8
Janvier 2023,DAKAR,Essence super (SP95),D07,Énergie,litre,911.1
2023-02-01,dakar,Essence super (SP95),D07,Énergie,litre,903.4
2023-03-01,Dakar ,Essence super (SP95),D07,Énergie,litre,1015.3
2023-04-01,DAKAR,Essence super (SP95),D07,Énergie,litre,1014.2
Mai 2023,dakar,Essence super (SP95),D07,Énergie,litre,1009.3
01/06/2023,Dakar ,Essence super (SP95),D07,Énergie,litre,1013.3
2023-07-01,dakar,Essence super (SP95),D07,Énergie,litre,1012.7
2023-08-01,dakar,Essence super (SP95),D07,Énergie,litre,"1020,9"
Septembre 2023,Dakar ,Essence super (SP95),D07,Énergie,litre,"1009,5"
Octobre 2023,DAKAR,Essence super (SP95),D07,Énergie,litre,1015.1
2023-11-01,DAKAR,Essence super (SP95),D07,Énergie,litre,1009.3
01/12/2023,Dakar ,Essence super (SP95),D07,Énergie,litre,1011.5
2024-01-01,DAKAR,Essence super (SP95),D07,Énergie,litre,1014.9
Février 2024,Dakar ,Essence super (SP95),D07,Énergie,litre,1012.9
Mars 2024,DAKAR,Essence super (SP95),D07,Énergie,litre,"1013,7"
01/04/2024,DAKAR,Essence super (SP95),D07,Énergie,litre,1015.1
Mai 2024,DAKAR,Essence super (SP95),D07,Énergie,litre,1011.8
2024-06-01,dakar,Essence super (SP95),D07,Énergie,litre,1017.3
Juillet 2024,Dakar ,Essence super (SP95),D07,Énergie,litre,"1012,5"
2024-08-01,Dakar ,Essence super (SP95),D07,Énergie,litre,
Septembre 2024,DAKAR,Essence super (SP95),D07,Énergie,litre,1015.2
Octobre 2024,dakar,Essence super (SP95),D07,Énergie,litre,1014.7
01/11/2024,Dakar ,Essence super (SP95),D07,Énergie,litre,1016.4
2024-12-01,Dakar ,Essence super (SP95),D07,Énergie,litre,1015.0
Janvier 2025,dakar,Essence super (SP95),D07,Énergie,litre,
Février 2025,DAKAR,Essence super (SP95),D07,Énergie,litre,1012.4
Mars 2025,dakar,Essence super (SP95),D07,Énergie,litre,1009.4
2025-04-01,Dakar ,Essence super (SP95),D07,Énergie,litre,1008.0
2025-05-01,DAKAR,Essence super (SP95),D07,Énergie,litre,1007.0
01/06/2025,dakar,Essence super (SP95),D07,Énergie,litre,"1020,9"
01/07/2025,Dakar ,Essence super (SP95),D07,Énergie,litre,1004.8
2025-08-01,dakar,Essence super (SP95),D07,Énergie,litre,1018.6
2025-09-01,dakar,Essence super (SP95),D07,Énergie,litre,1010.4
01/10/2025,Dakar ,Essence super (SP95),D07,Énergie,litre,1018.6
Novembre 2025,dakar,Essence super (SP95),D07,Énergie,litre,1004.8
2025-12-01,DAKAR,Essence super (SP95),D07,Énergie,litre,1012.8
2026-01-01,dakar,Essence super (SP95),D07,Énergie,litre,1019.7
Février 2026,DAKAR,Essence super (SP95),D07,Énergie,litre,"1016,7"
2026-03-01,Dakar ,Essence super (SP95),D07,Énergie,litre,
2026-04-01,DAKAR,Essence super (SP95),D07,Énergie,litre,1005.9
Mai 2026,Dakar ,Essence super (SP95),D07,Énergie,litre,1008.4
2018-01-01,THIÈS,Essence super (SP95),D07,Énergie,litre,749.1
2018-02-01,Thiès ,Essence super (SP95),D07,Énergie,litre,744.0
2018-03-01,THIÈS,Essence super (SP95),D07,Énergie,litre,"744,8"
01/04/2018,Thiès ,Essence super (SP95),D07,Énergie,litre,745.8
Mai 2018,thiès,Essence super (SP95),D07,Énergie,litre,
Juin 2018,THIÈS,Essence super (SP95),D07,Énergie,litre,746.2
01/07/2018,THIÈS,Essence super (SP95),D07,Énergie,litre,743.7
Août 2018,THIÈS,Essence super (SP95),D07,Énergie,litre,745.9
01/09/2018,THIÈS,Essence super (SP95),D07,Énergie,litre,743.3
Octobre 2018,thiès,Essence super (SP95),D07,Énergie,litre,740.3
01/11/2018,THIÈS,Essence super (SP95),D07,Énergie,litre,743.7
2018-12-01,Thiès ,Essence super (SP95),D07,Énergie,litre,746.9
Janvier 2019,Thiès ,Essence super (SP95),D07,Énergie,litre,746.2
Février 2019,thiès,Essence super (SP95),D07,Énergie,litre,"745,1"
2019-03-01,THIÈS,Essence super (SP95),D07,Énergie,litre,747.7
2019-04-01,Thiès ,Essence super (SP95),D07,Énergie,litre,"744,4"
Mai 2019,Thiès ,Essence super (SP95),D07,Énergie,litre,745.2
2019-06-01,THIÈS,Essence super (SP95),D07,Énergie,litre,743.6
Juillet 2019,THIÈS,Essence super (SP95),D07,Énergie,litre,747.9
Août 2019,thiès,Essence super (SP95),D07,Énergie,litre,745.9
2019-09-01,THIÈS,Essence super (SP95),D07,Énergie,litre,743.3
Octobre 2019,thiès,Essence super (SP95),D07,Énergie,litre,740.6
2019-11-01,thiès,Essence super (SP95),D07,Énergie,litre,748.3
2019-12-01,Thiès ,Essence super (SP95),D07,Énergie,litre,742.8
01/01/2020,thiès,Essence super (SP95),D07,Énergie,litre,745.2
Février 2020,thiès,Essence super (SP95),D07,Énergie,litre,752.0
2020-03-01,thiès,Essence super (SP95),D07,Énergie,litre,747.4
2020-04-01,Thiès ,Essence super (SP95),D07,Énergie,litre,
2020-05-01,Thiès ,Essence super (SP95),D07,Énergie,litre,743.4
Juin 2020,Thiès ,Essence super (SP95),D07,Énergie,litre,748.2
01/07/2020,THIÈS,Essence super (SP95),D07,Énergie,litre,"745,1"
2020-08-01,thiès,Essence super (SP95),D07,Énergie,litre,746.1
2020-09-01,THIÈS,Essence super (SP95),D07,Énergie,litre,751.0
Octobre 2020,thiès,Essence super (SP95),D07,Énergie,litre,744.2
Novembre 2020,Thiès ,Essence super (SP95),D07,Énergie,litre,745.1
Décembre 2020,THIÈS,Essence super (SP95),D07,Énergie,litre,742.3
01/01/2021,THIÈS,Essence super (SP95),D07,Énergie,litre,747.6
Février 2021,thiès,Essence super (SP95),D07,Énergie,litre,743.3
01/03/2021,Thiès ,Essence super (SP95),D07,Énergie,litre,748.0
01/04/2021,Thiès ,Essence super (SP95),D07,Énergie,litre,740.1
01/05/2021,thiès,Essence super (SP95),D07,Énergie,litre,"746,6"
01/06/2021,thiès,Essence super (SP95),D07,Énergie,litre,743.1
01/07/2021,THIÈS,Essence super (SP95),D07,Énergie,litre,747.2
01/08/2021,thiès,Essence super (SP95),D07,Énergie,litre,745.0
01/09/2021,THIÈS,Essence super (SP95),D07,Énergie,litre,743.4
Octobre 2021,THIÈS,Essence super (SP95),D07,Énergie,litre,743.8
Novembre 2021,thiès,Essence super (SP95),D07,Énergie,litre,742.5
01/12/2021,THIÈS,Essence super (SP95),D07,Énergie,litre,747.5
01/01/2022,thiès,Essence super (SP95),D07,Énergie,litre,771.7
Février 2022,Thiès ,Essence super (SP95),D07,Énergie,litre,774.2
01/03/2022,Thiès ,Essence super (SP95),D07,Énergie,litre,776.1
2022-04-01,Thiès ,Essence super (SP95),D07,Énergie,litre,780.0
Mai 2022,THIÈS,Essence super (SP95),D07,Énergie,litre,775.0
Juin 2022,Thiès ,Essence super (SP95),D07,Énergie,litre,774.2
01/07/2022,Thiès ,Essence super (SP95),D07,Énergie,litre,"891,0"
Août 2022,thiès,Essence super (SP95),D07,Énergie,litre,882.6
2022-09-01,THIÈS,Essence super (SP95),D07,Énergie,litre,885.7
Octobre 2022,Thiès ,Essence super (SP95),D07,Énergie,litre,"888,7"
2022-11-01,THIÈS,Essence super (SP95),D07,Énergie,litre,887.5
Décembre 2022,thiès,Essence super (SP95),D07,Énergie,litre,884.3
01/01/2023,thiès,Essence super (SP95),D07,Énergie,litre,893.1
01/02/2023,Thiès ,Essence super (SP95),D07,Énergie,litre,"890,9"
Mars 2023,Thiès ,Essence super (SP95),D07,Énergie,litre,990.6
2023-04-01,Thiès ,Essence super (SP95),D07,Énergie,litre,987.3
Mai 2023,thiès,Essence super (SP95),D07,Énergie,litre,"990,3"
2023-06-01,THIÈS,Essence super (SP95),D07,Énergie,litre,992.0
Juillet 2023,Thiès ,Essence super (SP95),D07,Énergie,litre,989.0
Août 2023,Thiès ,Essence super (SP95),D07,Énergie,litre,991.8
2023-09-01,thiès,Essence super (SP95),D07,Énergie,litre,986.8
Octobre 2023,thiès,Essence super (SP95),D07,Énergie,litre,990.4
Novembre 2023,Thiès ,Essence super (SP95),D07,Énergie,litre,"994,5"
01/12/2023,THIÈS,Essence super (SP95),D07,Énergie,litre,994.9
01/01/2024,Thiès ,Essence super (SP95),D07,Énergie,litre,"995,3"
2024-02-01,thiès,Essence super (SP95),D07,Énergie,litre,9911.0
Mars 2024,Thiès ,Essence super (SP95),D07,Énergie,litre,"990,1"
Avril 2024,THIÈS,Essence super (SP95),D07,Énergie,litre,988.2
Mai 2024,thiès,Essence super (SP95),D07,Énergie,litre,"982,8"
2024-06-01,THIÈS,Essence super (SP95),D07,Énergie,litre,"984,7"
01/07/2024,thiès,Essence super (SP95),D07,Énergie,litre,"989,3"
Août 2024,thiès,Essence super (SP95),D07,Énergie,litre,989.6
Septembre 2024,Thiès ,Essence super (SP95),D07,Énergie,litre,995.6
Octobre 2024,Thiès ,Essence super (SP95),D07,Énergie,litre,995.2
01/11/2024,thiès,Essence super (SP95),D07,Énergie,litre,987.3
Décembre 2024,thiès,Essence super (SP95),D07,Énergie,litre,993.2
01/01/2025,thiès,Essence super (SP95),D07,Énergie,litre,988.1
Février 2025,thiès,Essence super (SP95),D07,Énergie,litre,992.7
01/03/2025,Thiès ,Essence super (SP95),D07,Énergie,litre,993.2
Avril 2025,thiès,Essence super (SP95),D07,Énergie,litre,
2025-05-01,thiès,Essence super (SP95),D07,Énergie,litre,988.0
2025-06-01,THIÈS,Essence super (SP95),D07,Énergie,litre,
2025-07-01,thiès,Essence super (SP95),D07,Énergie,litre,982.6
Août 2025,thiès,Essence super (SP95),D07,Énergie,litre,995.1
Septembre 2025,Thiès ,Essence super (SP95),D07,Énergie,litre,989.9
2025-10-01,THIÈS,Essence super (SP95),D07,Énergie,litre,"990,0"
01/11/2025,thiès,Essence super (SP95),D07,Énergie,litre,981.9
01/12/2025,thiès,Essence super (SP95),D07,Énergie,litre,"988,5"
Janvier 2026,thiès,Essence super (SP95),D07,Énergie,litre,995.4
2026-02-01,THIÈS,Essence super (SP95),D07,Énergie,litre,988.3
01/03/2026,THIÈS,Essence super (SP95),D07,Énergie,litre,992.8
2026-04-01,thiès,Essence super (SP95),D07,Énergie,litre,990.1
Mai 2026,Thiès ,Essence super (SP95),D07,Énergie,litre,994.2
Janvier 2018,SAINT-LOUIS,Essence super (SP95),D07,Énergie,litre,7411.0
Février 2018,saint-louis,Essence super (SP95),D07,Énergie,litre,737.8
Mars 2018,Saint-Louis ,Essence super (SP95),D07,Énergie,litre,740.7
Avril 2018,Saint-Louis ,Essence super (SP95),D07,Énergie,litre,745.3
Mai 2018,Saint-Louis ,Essence super (SP95),D07,Énergie,litre,742.0
01/06/2018,SAINT-LOUIS,Essence super (SP95),D07,Énergie,litre,740.2
2018-07-01,SAINT-LOUIS,Essence super (SP95),D07,Énergie,litre,747.2
Août 2018,Saint-Louis ,Essence super (SP95),D07,Énergie,litre,744.0
2018-09-01,Saint-Louis ,Essence super (SP95),D07,Énergie,litre,742.9
01/10/2018,saint-louis,Essence super (SP95),D07,Énergie,litre,"741,5"
Novembre 2018,Saint-Louis ,Essence super (SP95),D07,Énergie,litre,742.7
Décembre 2018,saint-louis,Essence super (SP95),D07,Énergie,litre,742.8
Janvier 2019,Saint-Louis ,Essence super (SP95),D07,Énergie,litre,734.1
01/02/2019,Saint-Louis ,Essence super (SP95),D07,Énergie,litre,741.7
Mars 2019,Saint-Louis ,Essence super (SP95),D07,Énergie,litre,740.1
2019-04-01,saint-louis,Essence super (SP95),D07,Énergie,litre,739.0
2019-05-01,SAINT-LOUIS,Essence super (SP95),D07,Énergie,litre,740.0
01/06/2019,Saint-Louis ,Essence super (SP95),D07,Énergie,litre,735.9
2019-07-01,saint-louis,Essence super (SP95),D07,Énergie,litre,735.2
01/08/2019,saint-louis,Essence super (SP95),D07,Énergie,litre,744.2
01/09/2019,saint-louis,Essence super (SP95),D07,Énergie,litre,741.9
2019-10-01,SAINT-LOUIS,Essence super (SP95),D07,Énergie,litre,733.4
Novembre 2019,saint-louis,Essence super (SP95),D07,Énergie,litre,738.8
01/12/2019,saint-louis,Essence super (SP95),D07,Énergie,litre,743.1
Janvier 2020,saint-louis,Essence super (SP95),D07,Énergie,litre,739.7
2020-02-01,Saint-Louis ,Essence super (SP95),D07,Énergie,litre,744.2
Mars 2020,Saint-Louis ,Essence super (SP95),D07,Énergie,litre,"743,6"
Avril 2020,saint-louis,Essence super (SP95),D07,Énergie,litre,736.5
2020-05-01,SAINT-LOUIS,Essence super (SP95),D07,Énergie,litre,740.1
01/06/2020,Saint-Louis ,Essence super (SP95),D07,Énergie,litre,739.2
01/07/2020,Saint-Louis ,Essence super (SP95),D07,Énergie,litre,736.4
2020-08-01,SAINT-LOUIS,Essence super (SP95),D07,Énergie,litre,736.2
Septembre 2020,Saint-Louis ,Essence super (SP95),D07,Énergie,litre,738.1
Octobre 2020,saint-louis,Essence super (SP95),D07,Énergie,litre,738.6
Novembre 2020,Saint-Louis ,Essence super (SP95),D07,Énergie,litre,741.4
01/12/2020,Saint-Louis ,Essence super (SP95),D07,Énergie,litre,743.6
Janvier 2021,Saint-Louis ,Essence super (SP95),D07,Énergie,litre,742.1
Février 2021,Saint-Louis ,Essence super (SP95),D07,Énergie,litre,"742,8"
Mars 2021,SAINT-LOUIS,Essence super (SP95),D07,Énergie,litre,739.7
01/04/2021,SAINT-LOUIS,Essence super (SP95),D07,Énergie,litre,742.3
Mai 2021,SAINT-LOUIS,Essence super (SP95),D07,Énergie,litre,740.1
2021-06-01,SAINT-LOUIS,Essence super (SP95),D07,Énergie,litre,739.2
01/07/2021,saint-louis,Essence super (SP95),D07,Énergie,litre,746.1
2021-08-01,SAINT-LOUIS,Essence super (SP95),D07,Énergie,litre,733.6
01/09/2021,saint-louis,Essence super (SP95),D07,Énergie,litre,735.0
Octobre 2021,SAINT-LOUIS,Essence super (SP95),D07,Énergie,litre,"741,7"
2021-11-01,SAINT-LOUIS,Essence super (SP95),D07,Énergie,litre,739.7
Décembre 2021,Saint-Louis ,Essence super (SP95),D07,Énergie,litre,736.3
2022-01-01,Saint-Louis ,Essence super (SP95),D07,Énergie,litre,767.1
Février 2022,saint-louis,Essence super (SP95),D07,Énergie,litre,767.5
Mars 2022,saint-louis,Essence super (SP95),D07,Énergie,litre,773.1
2022-04-01,SAINT-LOUIS,Essence super (SP95),D07,Énergie,litre,"774,1"
2022-05-01,saint-louis,Essence super (SP95),D07,Énergie,litre,"775,4"
Juin 2022,Saint-Louis ,Essence super (SP95),D07,Énergie,litre,765.5
01/07/2022,saint-louis,Essence super (SP95),D07,Énergie,litre,879.8
01/08/2022,Saint-Louis ,Essence super (SP95),D07,Énergie,litre,879.6
2022-09-01,saint-louis,Essence super (SP95),D07,Énergie,litre,889.2
Octobre 2022,saint-louis,Essence super (SP95),D07,Énergie,litre,886.1
2022-11-01,Saint-Louis ,Essence super (SP95),D07,Énergie,litre,884.9
2022-12-01,Saint-Louis ,Essence super (SP95),D07,Énergie,litre,885.5
01/01/2023,SAINT-LOUIS,Essence super (SP95),D07,Énergie,litre,884.5
Février 2023,saint-louis,Essence super (SP95),D07,Énergie,litre,"880,7"
01/03/2023,Saint-Louis ,Essence super (SP95),D07,Énergie,litre,986.1
Avril 2023,SAINT-LOUIS,Essence super (SP95),D07,Énergie,litre,983.3
01/05/2023,Saint-Louis ,Essence super (SP95),D07,Énergie,litre,979.3
2023-06-01,Saint-Louis ,Essence super (SP95),D07,Énergie,litre,986.3
2023-07-01,SAINT-LOUIS,Essence super (SP95),D07,Énergie,litre,982.4
Août 2023,SAINT-LOUIS,Essence super (SP95),D07,Énergie,litre,985.0
01/09/2023,Saint-Louis ,Essence super (SP95),D07,Énergie,litre,983.6
01/10/2023,Saint-Louis ,Essence super (SP95),D07,Énergie,litre,"987,6"
01/11/2023,Saint-Louis ,Essence super (SP95),D07,Énergie,litre,984.9
2023-12-01,saint-louis,Essence super (SP95),D07,Énergie,litre,"980,6"
01/01/2024,SAINT-LOUIS,Essence super (SP95),D07,Énergie,litre,985.3
2024-02-01,Saint-Louis ,Essence super (SP95),D07,Énergie,litre,985.5
Mars 2024,SAINT-LOUIS,Essence super (SP95),D07,Énergie,litre,"986,1"
Avril 2024,SAINT-LOUIS,Essence super (SP95),D07,Énergie,litre,"988,1"
Mai 2024,Saint-Louis ,Essence super (SP95),D07,Énergie,litre,"981,6"
2024-06-01,saint-louis,Essence super (SP95),D07,Énergie,litre,986.7
2024-07-01,Saint-Louis ,Essence super (SP95),D07,Énergie,litre,977.3
2024-08-01,Saint-Louis ,Essence super (SP95),D07,Énergie,litre,983.6
Septembre 2024,Saint-Louis ,Essence super (SP95),D07,Énergie,litre,983.0
Octobre 2024,Saint-Louis ,Essence super (SP95),D07,Énergie,litre,989.8
Novembre 2024,saint-louis,Essence super (SP95),D07,Énergie,litre,983.4
01/12/2024,Saint-Louis ,Essence super (SP95),D07,Énergie,litre,986.5
2025-01-01,Saint-Louis ,Essence super (SP95),D07,Énergie,litre,
Février 2025,SAINT-LOUIS,Essence super (SP95),D07,Énergie,litre,982.7
01/03/2025,saint-louis,Essence super (SP95),D07,Énergie,litre,980.7
01/04/2025,saint-louis,Essence super (SP95),D07,Énergie,litre,"993,8"
2025-05-01,Saint-Louis ,Essence super (SP95),D07,Énergie,litre,981.4
01/06/2025,saint-louis,Essence super (SP95),D07,Énergie,litre,984.3
Juillet 2025,SAINT-LOUIS,Essence super (SP95),D07,Énergie,litre,984.6
Août 2025,SAINT-LOUIS,Essence super (SP95),D07,Énergie,litre,977.8
2025-09-01,Saint-Louis ,Essence super (SP95),D07,Énergie,litre,"982,0"
2025-10-01,saint-louis,Essence super (SP95),D07,Énergie,litre,985.7
Novembre 2025,SAINT-LOUIS,Essence super (SP95),D07,Énergie,litre,
2025-12-01,Saint-Louis ,Essence super (SP95),D07,Énergie,litre,"975,0"
01/01/2026,saint-louis,Essence super (SP95),D07,Énergie,litre,981.8
01/02/2026,saint-louis,Essence super (SP95),D07,Énergie,litre,988.1
01/03/2026,saint-louis,Essence super (SP95),D07,Énergie,litre,986.4
Avril 2026,SAINT-LOUIS,Essence super (SP95),D07,Énergie,litre,988.9
Mai 2026,SAINT-LOUIS,Essence super (SP95),D07,Énergie,litre,980.2
01/01/2018,Diourbel ,Essence super (SP95),D07,Énergie,litre,739.8
2018-02-01,Diourbel ,Essence super (SP95),D07,Énergie,litre,735.9
Mars 2018,Diourbel ,Essence super (SP95),D07,Énergie,litre,740.7
Avril 2018,Diourbel ,Essence super (SP95),D07,Énergie,litre,"736,1"
Mai 2018,diourbel,Essence super (SP95),D07,Énergie,litre,730.0
01/06/2018,diourbel,Essence super (SP95),D07,Énergie,litre,738.6
01/07/2018,Diourbel ,Essence super (SP95),D07,Énergie,litre,734.8
2018-08-01,DIOURBEL,Essence super (SP95),D07,Énergie,litre,735.0
01/09/2018,Diourbel ,Essence super (SP95),D07,Énergie,litre,"731,8"
01/10/2018,DIOURBEL,Essence super (SP95),D07,Énergie,litre,"740,8"
2018-11-01,DIOURBEL,Essence super (SP95),D07,Énergie,litre,734.5
01/12/2018,diourbel,Essence super (SP95),D07,Énergie,litre,740.7
01/01/2019,Diourbel ,Essence super (SP95),D07,Énergie,litre,734.8
Février 2019,diourbel,Essence super (SP95),D07,Énergie,litre,733.3
2019-03-01,Diourbel ,Essence super (SP95),D07,Énergie,litre,"739,9"
2019-04-01,Diourbel ,Essence super (SP95),D07,Énergie,litre,735.8
01/05/2019,Diourbel ,Essence super (SP95),D07,Énergie,litre,735.9
Juin 2019,Diourbel ,Essence super (SP95),D07,Énergie,litre,732.3
2019-07-01,DIOURBEL,Essence super (SP95),D07,Énergie,litre,734.7
Août 2019,Diourbel ,Essence super (SP95),D07,Énergie,litre,"737,3"
Septembre 2019,diourbel,Essence super (SP95),D07,Énergie,litre,732.2
2019-10-01,DIOURBEL,Essence super (SP95),D07,Énergie,litre,"734,5"
01/11/2019,Diourbel ,Essence super (SP95),D07,Énergie,litre,734.8
2019-12-01,DIOURBEL,Essence super (SP95),D07,Énergie,litre,7363.0
01/01/2020,diourbel,Essence super (SP95),D07,Énergie,litre,740.4
Février 2020,diourbel,Essence super (SP95),D07,Énergie,litre,735.2
01/03/2020,DIOURBEL,Essence super (SP95),D07,Énergie,litre,734.0
01/04/2020,diourbel,Essence super (SP95),D07,Énergie,litre,744.1
2020-05-01,DIOURBEL,Essence super (SP95),D07,Énergie,litre,734.8
01/06/2020,Diourbel ,Essence super (SP95),D07,Énergie,litre,735.5
01/07/2020,Diourbel ,Essence super (SP95),D07,Énergie,litre,735.0
Août 2020,Diourbel ,Essence super (SP95),D07,Énergie,litre,"735,2"
Septembre 2020,diourbel,Essence super (SP95),D07,Énergie,litre,736.3
2020-10-01,DIOURBEL,Essence super (SP95),D07,Énergie,litre,738.8
01/11/2020,Diourbel ,Essence super (SP95),D07,Énergie,litre,737.2
01/12/2020,DIOURBEL,Essence super (SP95),D07,Énergie,litre,739.2
01/01/2021,diourbel,Essence super (SP95),D07,Énergie,litre,739.1
01/02/2021,DIOURBEL,Essence super (SP95),D07,Énergie,litre,736.7
Mars 2021,Diourbel ,Essence super (SP95),D07,Énergie,litre,737.2
2021-04-01,DIOURBEL,Essence super (SP95),D07,Énergie,litre,739.3
2021-05-01,DIOURBEL,Essence super (SP95),D07,Énergie,litre,732.8
2021-06-01,Diourbel ,Essence super (SP95),D07,Énergie,litre,743.4
Juillet 2021,Diourbel ,Essence super (SP95),D07,Énergie,litre,734.6
2021-08-01,Diourbel ,Essence super (SP95),D07,Énergie,litre,735.0
2021-09-01,Diourbel ,Essence super (SP95),D07,Énergie,litre,732.5
01/10/2021,DIOURBEL,Essence super (SP95),D07,Énergie,litre,
Novembre 2021,diourbel,Essence super (SP95),D07,Énergie,litre,738.9
Décembre 2021,Diourbel ,Essence super (SP95),D07,Énergie,litre,742.7
Janvier 2022,DIOURBEL,Essence super (SP95),D07,Énergie,litre,764.0
Février 2022,Diourbel ,Essence super (SP95),D07,Énergie,litre,766.8
Mars 2022,Diourbel ,Essence super (SP95),D07,Énergie,litre,766.4
Avril 2022,Diourbel ,Essence super (SP95),D07,Énergie,litre,768.8
2022-05-01,Diourbel ,Essence super (SP95),D07,Énergie,litre,772.5
01/06/2022,Diourbel ,Essence super (SP95),D07,Énergie,litre,"770,4"
01/07/2022,diourbel,Essence super (SP95),D07,Énergie,litre,878.5
01/08/2022,DIOURBEL,Essence super (SP95),D07,Énergie,litre,881.2
Septembre 2022,diourbel,Essence super (SP95),D07,Énergie,litre,881.5
Octobre 2022,Diourbel ,Essence super (SP95),D07,Énergie,litre,879.2
01/11/2022,Diourbel ,Essence super (SP95),D07,Énergie,litre,875.5
2022-12-01,DIOURBEL,Essence super (SP95),D07,Énergie,litre,"876,5"
01/01/2023,Diourbel ,Essence super (SP95),D07,Énergie,litre,
2023-02-01,DIOURBEL,Essence super (SP95),D07,Énergie,litre,883.7
01/03/2023,diourbel,Essence super (SP95),D07,Énergie,litre,977.3
2023-04-01,diourbel,Essence super (SP95),D07,Énergie,litre,"979,1"
2023-05-01,diourbel,Essence super (SP95),D07,Énergie,litre,"982,8"
2023-06-01,diourbel,Essence super (SP95),D07,Énergie,litre,971.5
01/07/2023,DIOURBEL,Essence super (SP95),D07,Énergie,litre,"976,4"
2023-08-01,DIOURBEL,Essence super (SP95),D07,Énergie,litre,986.0
2023-09-01,Diourbel ,Essence super (SP95),D07,Énergie,litre,979.3
2023-10-01,diourbel,Essence super (SP95),D07,Énergie,litre,973.7
01/11/2023,Diourbel ,Essence super (SP95),D07,Énergie,litre,978.6
01/12/2023,Diourbel ,Essence super (SP95),D07,Énergie,litre,982.1
01/01/2024,diourbel,Essence super (SP95),D07,Énergie,litre,"968,2"
01/02/2024,DIOURBEL,Essence super (SP95),D07,Énergie,litre,978.8
2024-03-01,DIOURBEL,Essence super (SP95),D07,Énergie,litre,976.7
Avril 2024,diourbel,Essence super (SP95),D07,Énergie,litre,"971,7"
2024-05-01,DIOURBEL,Essence super (SP95),D07,Énergie,litre,978.4
2024-06-01,diourbel,Essence super (SP95),D07,Énergie,litre,977.6
Juillet 2024,DIOURBEL,Essence super (SP95),D07,Énergie,litre,978.0
01/08/2024,diourbel,Essence super (SP95),D07,Énergie,litre,976.8
01/09/2024,Diourbel ,Essence super (SP95),D07,Énergie,litre,974.1
01/10/2024,diourbel,Essence super (SP95),D07,Énergie,litre,972.4
01/11/2024,Diourbel ,Essence super (SP95),D07,Énergie,litre,975.4
Décembre 2024,diourbel,Essence super (SP95),D07,Énergie,litre,981.5
Janvier 2025,diourbel,Essence super (SP95),D07,Énergie,litre,979.0
2025-02-01,diourbel,Essence super (SP95),D07,Énergie,litre,977.8
01/03/2025,DIOURBEL,Essence super (SP95),D07,Énergie,litre,974.1
Avril 2025,diourbel,Essence super (SP95),D07,Énergie,litre,976.7
01/05/2025,DIOURBEL,Essence super (SP95),D07,Énergie,litre,981.0
01/06/2025,DIOURBEL,Essence super (SP95),D07,Énergie,litre,980.1
01/07/2025,Diourbel ,Essence super (SP95),D07,Énergie,litre,976.3
01/08/2025,DIOURBEL,Essence super (SP95),D07,Énergie,litre,967.9
2025-09-01,DIOURBEL,Essence super (SP95),D07,Énergie,litre,975.5
Octobre 2025,diourbel,Essence super (SP95),D07,Énergie,litre,976.2
01/11/2025,diourbel,Essence super (SP95),D07,Énergie,litre,974.6
01/12/2025,DIOURBEL,Essence super (SP95),D07,Énergie,litre,976.5
2026-01-01,Diourbel ,Essence super (SP95),D07,Énergie,litre,"981,3"
Février 2026,Diourbel ,Essence super (SP95),D07,Énergie,litre,"978,0"
Mars 2026,diourbel,Essence super (SP95),D07,Énergie,litre,"982,0"
Avril 2026,diourbel,Essence super (SP95),D07,Énergie,litre,972.2
01/05/2026,Diourbel ,Essence super (SP95),D07,Énergie,litre,976.9
01/01/2018,Kaolack ,Essence super (SP95),D07,Énergie,litre,733.3
2018-02-01,KAOLACK,Essence super (SP95),D07,Énergie,litre,737.8
2018-03-01,KAOLACK,Essence super (SP95),D07,Énergie,litre,735.9
01/04/2018,KAOLACK,Essence super (SP95),D07,Énergie,litre,742.8
2018-05-01,KAOLACK,Essence super (SP95),D07,Énergie,litre,740.3
2018-06-01,Kaolack ,Essence super (SP95),D07,Énergie,litre,742.0
Juillet 2018,kaolack,Essence super (SP95),D07,Énergie,litre,737.8
01/08/2018,Kaolack ,Essence super (SP95),D07,Énergie,litre,736.0
Septembre 2018,Kaolack ,Essence super (SP95),D07,Énergie,litre,735.9
Octobre 2018,Kaolack ,Essence super (SP95),D07,Énergie,litre,739.8
2018-11-01,Kaolack ,Essence super (SP95),D07,Énergie,litre,744.4
Décembre 2018,kaolack,Essence super (SP95),D07,Énergie,litre,740.3
01/01/2019,Kaolack ,Essence super (SP95),D07,Énergie,litre,737.9
Février 2019,KAOLACK,Essence super (SP95),D07,Énergie,litre,738.5
2019-03-01,KAOLACK,Essence super (SP95),D07,Énergie,litre,738.9
01/04/2019,kaolack,Essence super (SP95),D07,Énergie,litre,745.0
01/05/2019,Kaolack ,Essence super (SP95),D07,Énergie,litre,742.7
01/06/2019,KAOLACK,Essence super (SP95),D07,Énergie,litre,739.8
01/07/2019,kaolack,Essence super (SP95),D07,Énergie,litre,739.4
2019-08-01,KAOLACK,Essence super (SP95),D07,Énergie,litre,739.9
2019-09-01,Kaolack ,Essence super (SP95),D07,Énergie,litre,740.5
01/10/2019,kaolack,Essence super (SP95),D07,Énergie,litre,"737,8"
01/11/2019,KAOLACK,Essence super (SP95),D07,Énergie,litre,736.5
01/12/2019,KAOLACK,Essence super (SP95),D07,Énergie,litre,742.1
01/01/2020,kaolack,Essence super (SP95),D07,Énergie,litre,739.1
2020-02-01,KAOLACK,Essence super (SP95),D07,Énergie,litre,"741,8"
Mars 2020,KAOLACK,Essence super (SP95),D07,Énergie,litre,743.9
2020-04-01,KAOLACK,Essence super (SP95),D07,Énergie,litre,"740,6"
Mai 2020,KAOLACK,Essence super (SP95),D07,Énergie,litre,740.1
2020-06-01,kaolack,Essence super (SP95),D07,Énergie,litre,748.5
Juillet 2020,Kaolack ,Essence super (SP95),D07,Énergie,litre,739.7
2020-08-01,Kaolack ,Essence super (SP95),D07,Énergie,litre,735.8
Septembre 2020,kaolack,Essence super (SP95),D07,Énergie,litre,"738,2"
2020-10-01,Kaolack ,Essence super (SP95),D07,Énergie,litre,"743,6"
01/11/2020,Kaolack ,Essence super (SP95),D07,Énergie,litre,735.2
01/12/2020,KAOLACK,Essence super (SP95),D07,Énergie,litre,736.8
2021-01-01,Kaolack ,Essence super (SP95),D07,Énergie,litre,742.3
01/02/2021,KAOLACK,Essence super (SP95),D07,Énergie,litre,738.2
2021-03-01,Kaolack ,Essence super (SP95),D07,Énergie,litre,"738,7"
01/04/2021,Kaolack ,Essence super (SP95),D07,Énergie,litre,742.2
01/05/2021,KAOLACK,Essence super (SP95),D07,Énergie,litre,736.9
2021-06-01,KAOLACK,Essence super (SP95),D07,Énergie,litre,734.7
Juillet 2021,kaolack,Essence super (SP95),D07,Énergie,litre,734.9
01/08/2021,Kaolack ,Essence super (SP95),D07,Énergie,litre,"740,8"
Septembre 2021,kaolack,Essence super (SP95),D07,Énergie,litre,"739,8"
Octobre 2021,KAOLACK,Essence super (SP95),D07,Énergie,litre,
2021-11-01,kaolack,Essence super (SP95),D07,Énergie,litre,735.6
2021-12-01,kaolack,Essence super (SP95),D07,Énergie,litre,738.2
Janvier 2022,Kaolack ,Essence super (SP95),D07,Énergie,litre,772.2
2022-02-01,KAOLACK,Essence super (SP95),D07,Énergie,litre,766.2
2022-03-01,KAOLACK,Essence super (SP95),D07,Énergie,litre,766.8
01/04/2022,Kaolack ,Essence super (SP95),D07,Énergie,litre,765.1
Mai 2022,Kaolack ,Essence super (SP95),D07,Énergie,litre,767.7
2022-06-01,kaolack,Essence super (SP95),D07,Énergie,litre,"769,8"
01/07/2022,Kaolack ,Essence super (SP95),D07,Énergie,litre,890.3
01/08/2022,KAOLACK,Essence super (SP95),D07,Énergie,litre,883.6
01/09/2022,KAOLACK,Essence super (SP95),D07,Énergie,litre,882.7
01/10/2022,kaolack,Essence super (SP95),D07,Énergie,litre,885.9
2022-11-01,Kaolack ,Essence super (SP95),D07,Énergie,litre,"885,3"
01/12/2022,kaolack,Essence super (SP95),D07,Énergie,litre,880.8
2023-01-01,kaolack,Essence super (SP95),D07,Énergie,litre,"891,0"
Février 2023,Kaolack ,Essence super (SP95),D07,Énergie,litre,882.8
2023-03-01,KAOLACK,Essence super (SP95),D07,Énergie,litre,983.0
Avril 2023,kaolack,Essence super (SP95),D07,Énergie,litre,"984,2"
2023-05-01,Kaolack ,Essence super (SP95),D07,Énergie,litre,983.4
01/06/2023,KAOLACK,Essence super (SP95),D07,Énergie,litre,988.1
2023-07-01,kaolack,Essence super (SP95),D07,Énergie,litre,"979,8"
01/08/2023,kaolack,Essence super (SP95),D07,Énergie,litre,985.2
Septembre 2023,KAOLACK,Essence super (SP95),D07,Énergie,litre,982.7
Octobre 2023,KAOLACK,Essence super (SP95),D07,Énergie,litre,985.9
Novembre 2023,kaolack,Essence super (SP95),D07,Énergie,litre,981.2
01/12/2023,Kaolack ,Essence super (SP95),D07,Énergie,litre,980.7
01/01/2024,kaolack,Essence super (SP95),D07,Énergie,litre,985.0
Février 2024,Kaolack ,Essence super (SP95),D07,Énergie,litre,983.5
Mars 2024,Kaolack ,Essence super (SP95),D07,Énergie,litre,978.9
Avril 2024,KAOLACK,Essence super (SP95),D07,Énergie,litre,987.4
2024-05-01,Kaolack ,Essence super (SP95),D07,Énergie,litre,985.0
2024-06-01,kaolack,Essence super (SP95),D07,Énergie,litre,981.8
2024-07-01,kaolack,Essence super (SP95),D07,Énergie,litre,980.2
2024-08-01,Kaolack ,Essence super (SP95),D07,Énergie,litre,983.5
Septembre 2024,KAOLACK,Essence super (SP95),D07,Énergie,litre,984.7
2024-10-01,KAOLACK,Essence super (SP95),D07,Énergie,litre,975.8
Novembre 2024,Kaolack ,Essence super (SP95),D07,Énergie,litre,983.6
Décembre 2024,kaolack,Essence super (SP95),D07,Énergie,litre,984.6
01/01/2025,kaolack,Essence super (SP95),D07,Énergie,litre,972.8
2025-02-01,kaolack,Essence super (SP95),D07,Énergie,litre,982.9
2025-03-01,kaolack,Essence super (SP95),D07,Énergie,litre,984.8
Avril 2025,kaolack,Essence super (SP95),D07,Énergie,litre,984.4
Mai 2025,kaolack,Essence super (SP95),D07,Énergie,litre,
01/06/2025,kaolack,Essence super (SP95),D07,Énergie,litre,980.8
01/07/2025,KAOLACK,Essence super (SP95),D07,Énergie,litre,978.0
Août 2025,kaolack,Essence super (SP95),D07,Énergie,litre,"975,0"
Septembre 2025,Kaolack ,Essence super (SP95),D07,Énergie,litre,986.4
Octobre 2025,Kaolack ,Essence super (SP95),D07,Énergie,litre,984.8
2025-11-01,kaolack,Essence super (SP95),D07,Énergie,litre,986.7
2025-12-01,kaolack,Essence super (SP95),D07,Énergie,litre,9792.0
01/01/2026,kaolack,Essence super (SP95),D07,Énergie,litre,985.2
01/02/2026,Kaolack ,Essence super (SP95),D07,Énergie,litre,976.2
01/03/2026,KAOLACK,Essence super (SP95),D07,Énergie,litre,978.7
01/04/2026,kaolack,Essence super (SP95),D07,Énergie,litre,982.6
Mai 2026,Kaolack ,Essence super (SP95),D07,Énergie,litre,984.7
Janvier 2018,kolda,Essence super (SP95),D07,Énergie,litre,754.5
Février 2018,kolda,Essence super (SP95),D07,Énergie,litre,748.8
Mars 2018,KOLDA,Essence super (SP95),D07,Énergie,litre,746.9
01/04/2018,Kolda ,Essence super (SP95),D07,Énergie,litre,"746,7"
01/05/2018,kolda,Essence super (SP95),D07,Énergie,litre,747.4
01/06/2018,kolda,Essence super (SP95),D07,Énergie,litre,756.1
Juillet 2018,kolda,Essence super (SP95),D07,Énergie,litre,751.7
Août 2018,Kolda ,Essence super (SP95),D07,Énergie,litre,752.8
01/09/2018,KOLDA,Essence super (SP95),D07,Énergie,litre,748.8
Octobre 2018,Kolda ,Essence super (SP95),D07,Énergie,litre,
2018-11-01,KOLDA,Essence super (SP95),D07,Énergie,litre,751.6
01/12/2018,KOLDA,Essence super (SP95),D07,Énergie,litre,748.0
Janvier 2019,kolda,Essence super (SP95),D07,Énergie,litre,748.6
Février 2019,Kolda ,Essence super (SP95),D07,Énergie,litre,747.4
01/03/2019,KOLDA,Essence super (SP95),D07,Énergie,litre,748.1
2019-04-01,Kolda ,Essence super (SP95),D07,Énergie,litre,749.6
Mai 2019,kolda,Essence super (SP95),D07,Énergie,litre,747.0
Juin 2019,KOLDA,Essence super (SP95),D07,Énergie,litre,750.3
01/07/2019,kolda,Essence super (SP95),D07,Énergie,litre,750.3
Août 2019,kolda,Essence super (SP95),D07,Énergie,litre,748.9
01/09/2019,kolda,Essence super (SP95),D07,Énergie,litre,747.0
01/10/2019,Kolda ,Essence super (SP95),D07,Énergie,litre,749.8
2019-11-01,Kolda ,Essence super (SP95),D07,Énergie,litre,"748,0"
01/12/2019,KOLDA,Essence super (SP95),D07,Énergie,litre,749.6
01/01/2020,Kolda ,Essence super (SP95),D07,Énergie,litre,752.8
01/02/2020,KOLDA,Essence super (SP95),D07,Énergie,litre,745.7
2020-03-01,Kolda ,Essence super (SP95),D07,Énergie,litre,756.0
01/04/2020,Kolda ,Essence super (SP95),D07,Énergie,litre,749.3
Mai 2020,Kolda ,Essence super (SP95),D07,Énergie,litre,750.7
Juin 2020,KOLDA,Essence super (SP95),D07,Énergie,litre,747.2
2020-07-01,KOLDA,Essence super (SP95),D07,Énergie,litre,752.9
01/08/2020,Kolda ,Essence super (SP95),D07,Énergie,litre,749.1
2020-09-01,KOLDA,Essence super (SP95),D07,Énergie,litre,748.3
Octobre 2020,kolda,Essence super (SP95),D07,Énergie,litre,747.7
01/11/2020,KOLDA,Essence super (SP95),D07,Énergie,litre,748.7
Décembre 2020,KOLDA,Essence super (SP95),D07,Énergie,litre,750.7
01/01/2021,KOLDA,Essence super (SP95),D07,Énergie,litre,750.0
2021-02-01,KOLDA,Essence super (SP95),D07,Énergie,litre,749.4
01/03/2021,Kolda ,Essence super (SP95),D07,Énergie,litre,747.3
01/04/2021,KOLDA,Essence super (SP95),D07,Énergie,litre,"747,2"
Mai 2021,Kolda ,Essence super (SP95),D07,Énergie,litre,748.1
Juin 2021,KOLDA,Essence super (SP95),D07,Énergie,litre,750.8
Juillet 2021,kolda,Essence super (SP95),D07,Énergie,litre,751.5
Août 2021,KOLDA,Essence super (SP95),D07,Énergie,litre,751.9
01/09/2021,Kolda ,Essence super (SP95),D07,Énergie,litre,749.5
01/10/2021,KOLDA,Essence super (SP95),D07,Énergie,litre,750.6
01/11/2021,Kolda ,Essence super (SP95),D07,Énergie,litre,749.0
01/12/2021,Kolda ,Essence super (SP95),D07,Énergie,litre,744.2
2022-01-01,kolda,Essence super (SP95),D07,Énergie,litre,779.0
Février 2022,kolda,Essence super (SP95),D07,Énergie,litre,778.5
01/03/2022,KOLDA,Essence super (SP95),D07,Énergie,litre,776.4
01/04/2022,Kolda ,Essence super (SP95),D07,Énergie,litre,777.9
Mai 2022,Kolda ,Essence super (SP95),D07,Énergie,litre,780.1
01/06/2022,kolda,Essence super (SP95),D07,Énergie,litre,776.1
01/07/2022,Kolda ,Essence super (SP95),D07,Énergie,litre,892.8
01/08/2022,Kolda ,Essence super (SP95),D07,Énergie,litre,"900,9"
Septembre 2022,kolda,Essence super (SP95),D07,Énergie,litre,889.6
2022-10-01,KOLDA,Essence super (SP95),D07,Énergie,litre,
2022-11-01,KOLDA,Essence super (SP95),D07,Énergie,litre,891.2
2022-12-01,Kolda ,Essence super (SP95),D07,Énergie,litre,892.6
Janvier 2023,Kolda ,Essence super (SP95),D07,Énergie,litre,894.6
2023-02-01,KOLDA,Essence super (SP95),D07,Énergie,litre,891.8
Mars 2023,Kolda ,Essence super (SP95),D07,Énergie,litre,998.2
Avril 2023,Kolda ,Essence super (SP95),D07,Énergie,litre,"1001,3"
Mai 2023,kolda,Essence super (SP95),D07,Énergie,litre,999.3
2023-06-01,kolda,Essence super (SP95),D07,Énergie,litre,1000.0
01/07/2023,Kolda ,Essence super (SP95),D07,Énergie,litre,990.4
01/08/2023,Kolda ,Essence super (SP95),D07,Énergie,litre,995.0
2023-09-01,kolda,Essence super (SP95),D07,Énergie,litre,997.8
2023-10-01,kolda,Essence super (SP95),D07,Énergie,litre,999.4
Novembre 2023,Kolda ,Essence super (SP95),D07,Énergie,litre,"1002,9"
01/12/2023,Kolda ,Essence super (SP95),D07,Énergie,litre,1000.2
01/01/2024,kolda,Essence super (SP95),D07,Énergie,litre,999.5
Février 2024,kolda,Essence super (SP95),D07,Énergie,litre,1006.4
01/03/2024,Kolda ,Essence super (SP95),D07,Énergie,litre,"996,3"
Avril 2024,KOLDA,Essence super (SP95),D07,Énergie,litre,994.8
2024-05-01,Kolda ,Essence super (SP95),D07,Énergie,litre,
2024-06-01,KOLDA,Essence super (SP95),D07,Énergie,litre,992.3
2024-07-01,Kolda ,Essence super (SP95),D07,Énergie,litre,996.2
01/08/2024,Kolda ,Essence super (SP95),D07,Énergie,litre,989.1
Septembre 2024,KOLDA,Essence super (SP95),D07,Énergie,litre,993.8
01/10/2024,Kolda ,Essence super (SP95),D07,Énergie,litre,995.5
2024-11-01,Kolda ,Essence super (SP95),D07,Énergie,litre,
2024-12-01,kolda,Essence super (SP95),D07,Énergie,litre,1000.4
01/01/2025,kolda,Essence super (SP95),D07,Énergie,litre,"992,1"
2025-02-01,kolda,Essence super (SP95),D07,Énergie,litre,1004.2
2025-03-01,KOLDA,Essence super (SP95),D07,Énergie,litre,996.5
2025-04-01,kolda,Essence super (SP95),D07,Énergie,litre,996.9
01/05/2025,Kolda ,Essence super (SP95),D07,Énergie,litre,"989,5"
Juin 2025,kolda,Essence super (SP95),D07,Énergie,litre,"993,5"
Juillet 2025,kolda,Essence super (SP95),D07,Énergie,litre,"1000,1"
2025-08-01,kolda,Essence super (SP95),D07,Énergie,litre,996.6
Septembre 2025,kolda,Essence super (SP95),D07,Énergie,litre,996.4
01/10/2025,Kolda ,Essence super (SP95),D07,Énergie,litre,"996,8"
01/11/2025,kolda,Essence super (SP95),D07,Énergie,litre,990.2
Décembre 2025,KOLDA,Essence super (SP95),D07,Énergie,litre,995.6
2026-01-01,KOLDA,Essence super (SP95),D07,Énergie,litre,1001.6
01/02/2026,Kolda ,Essence super (SP95),D07,Énergie,litre,1000.3
2026-03-01,KOLDA,Essence super (SP95),D07,Énergie,litre,995.4
01/04/2026,kolda,Essence super (SP95),D07,Énergie,litre,1002.2
2026-05-01,Kolda ,Essence super (SP95),D07,Énergie,litre,990.9
2018-01-01,DAKAR,Gasoil (diesel),D07,Énergie,litre,"657,9"
01/02/2018,DAKAR,Gasoil (diesel),D07,Énergie,litre,665.4
2018-03-01,dakar,Gasoil (diesel),D07,Énergie,litre,662.0
Avril 2018,dakar,Gasoil (diesel),D07,Énergie,litre,659.7
2018-05-01,DAKAR,Gasoil (diesel),D07,Énergie,litre,"660,3"
2018-06-01,dakar,Gasoil (diesel),D07,Énergie,litre,658.3
01/07/2018,Dakar ,Gasoil (diesel),D07,Énergie,litre,661.2
01/08/2018,DAKAR,Gasoil (diesel),D07,Énergie,litre,661.0
01/09/2018,dakar,Gasoil (diesel),D07,Énergie,litre,"660,5"
Octobre 2018,DAKAR,Gasoil (diesel),D07,Énergie,litre,"657,4"
01/11/2018,Dakar ,Gasoil (diesel),D07,Énergie,litre,661.2
01/12/2018,dakar,Gasoil (diesel),D07,Énergie,litre,659.1
Janvier 2019,Dakar ,Gasoil (diesel),D07,Énergie,litre,657.9
01/02/2019,Dakar ,Gasoil (diesel),D07,Énergie,litre,663.8
2019-03-01,DAKAR,Gasoil (diesel),D07,Énergie,litre,666.2
01/04/2019,Dakar ,Gasoil (diesel),D07,Énergie,litre,"665,6"
Mai 2019,DAKAR,Gasoil (diesel),D07,Énergie,litre,662.2
2019-06-01,dakar,Gasoil (diesel),D07,Énergie,litre,659.8
Juillet 2019,DAKAR,Gasoil (diesel),D07,Énergie,litre,6603.0
01/08/2019,DAKAR,Gasoil (diesel),D07,Énergie,litre,661.6
2019-09-01,dakar,Gasoil (diesel),D07,Énergie,litre,659.4
01/10/2019,dakar,Gasoil (diesel),D07,Énergie,litre,664.0
01/11/2019,dakar,Gasoil (diesel),D07,Énergie,litre,655.1
Décembre 2019,dakar,Gasoil (diesel),D07,Énergie,litre,"659,7"
2020-01-01,Dakar ,Gasoil (diesel),D07,Énergie,litre,662.6
2020-02-01,dakar,Gasoil (diesel),D07,Énergie,litre,658.2
2020-03-01,dakar,Gasoil (diesel),D07,Énergie,litre,659.8
01/04/2020,dakar,Gasoil (diesel),D07,Énergie,litre,662.0
Mai 2020,DAKAR,Gasoil (diesel),D07,Énergie,litre,664.5
Juin 2020,dakar,Gasoil (diesel),D07,Énergie,litre,657.1
01/07/2020,Dakar ,Gasoil (diesel),D07,Énergie,litre,656.9
01/08/2020,DAKAR,Gasoil (diesel),D07,Énergie,litre,658.0
01/09/2020,dakar,Gasoil (diesel),D07,Énergie,litre,656.4
2020-10-01,Dakar ,Gasoil (diesel),D07,Énergie,litre,656.6
01/11/2020,DAKAR,Gasoil (diesel),D07,Énergie,litre,657.9
Décembre 2020,dakar,Gasoil (diesel),D07,Énergie,litre,663.7
01/01/2021,DAKAR,Gasoil (diesel),D07,Énergie,litre,"659,7"
2021-02-01,dakar,Gasoil (diesel),D07,Énergie,litre,660.6
2021-03-01,dakar,Gasoil (diesel),D07,Énergie,litre,"658,0"
Avril 2021,Dakar ,Gasoil (diesel),D07,Énergie,litre,662.2
Mai 2021,DAKAR,Gasoil (diesel),D07,Énergie,litre,665.4
2021-06-01,dakar,Gasoil (diesel),D07,Énergie,litre,658.1
01/07/2021,Dakar ,Gasoil (diesel),D07,Énergie,litre,665.0
Août 2021,DAKAR,Gasoil (diesel),D07,Énergie,litre,661.4
2021-09-01,dakar,Gasoil (diesel),D07,Énergie,litre,660.5
2021-10-01,DAKAR,Gasoil (diesel),D07,Énergie,litre,
01/11/2021,dakar,Gasoil (diesel),D07,Énergie,litre,661.5
01/12/2021,Dakar ,Gasoil (diesel),D07,Énergie,litre,665.4
01/01/2022,dakar,Gasoil (diesel),D07,Énergie,litre,
Février 2022,dakar,Gasoil (diesel),D07,Énergie,litre,692.7
Mars 2022,Dakar ,Gasoil (diesel),D07,Énergie,litre,690.0
01/04/2022,dakar,Gasoil (diesel),D07,Énergie,litre,693.5
2022-05-01,dakar,Gasoil (diesel),D07,Énergie,litre,688.6
2022-06-01,DAKAR,Gasoil (diesel),D07,Énergie,litre,691.5
2022-07-01,DAKAR,Gasoil (diesel),D07,Énergie,litre,782.0
2022-08-01,DAKAR,Gasoil (diesel),D07,Énergie,litre,765.4
01/09/2022,dakar,Gasoil (diesel),D07,Énergie,litre,773.8
2022-10-01,dakar,Gasoil (diesel),D07,Énergie,litre,"774,0"
01/11/2022,dakar,Gasoil (diesel),D07,Énergie,litre,772.4
2022-12-01,dakar,Gasoil (diesel),D07,Énergie,litre,772.5
Janvier 2023,Dakar ,Gasoil (diesel),D07,Énergie,litre,773.4
01/02/2023,dakar,Gasoil (diesel),D07,Énergie,litre,772.3
Mars 2023,dakar,Gasoil (diesel),D07,Énergie,litre,825.1
01/04/2023,dakar,Gasoil (diesel),D07,Énergie,litre,822.7
2023-05-01,Dakar ,Gasoil (diesel),D07,Énergie,litre,"831,0"
Juin 2023,Dakar ,Gasoil (diesel),D07,Énergie,litre,823.5
2023-07-01,Dakar ,Gasoil (diesel),D07,Énergie,litre,826.2
Août 2023,dakar,Gasoil (diesel),D07,Énergie,litre,822.1
Septembre 2023,Dakar ,Gasoil (diesel),D07,Énergie,litre,827.4
Octobre 2023,dakar,Gasoil (diesel),D07,Énergie,litre,826.7
01/11/2023,dakar,Gasoil (diesel),D07,Énergie,litre,825.7
01/12/2023,dakar,Gasoil (diesel),D07,Énergie,litre,820.9
01/01/2024,dakar,Gasoil (diesel),D07,Énergie,litre,821.8
01/02/2024,DAKAR,Gasoil (diesel),D07,Énergie,litre,829.9
Mars 2024,dakar,Gasoil (diesel),D07,Énergie,litre,"821,8"
01/04/2024,dakar,Gasoil (diesel),D07,Énergie,litre,826.4
2024-05-01,dakar,Gasoil (diesel),D07,Énergie,litre,821.2
01/06/2024,DAKAR,Gasoil (diesel),D07,Énergie,litre,"827,6"
Juillet 2024,Dakar ,Gasoil (diesel),D07,Énergie,litre,"822,1"
2024-08-01,Dakar ,Gasoil (diesel),D07,Énergie,litre,821.1
01/09/2024,dakar,Gasoil (diesel),D07,Énergie,litre,822.0
Octobre 2024,dakar,Gasoil (diesel),D07,Énergie,litre,822.5
2024-11-01,dakar,Gasoil (diesel),D07,Énergie,litre,825.7
Décembre 2024,dakar,Gasoil (diesel),D07,Énergie,litre,824.5
Janvier 2025,dakar,Gasoil (diesel),D07,Énergie,litre,820.7
2025-02-01,Dakar ,Gasoil (diesel),D07,Énergie,litre,824.2
Mars 2025,DAKAR,Gasoil (diesel),D07,Énergie,litre,820.5
01/04/2025,dakar,Gasoil (diesel),D07,Énergie,litre,826.4
2025-05-01,dakar,Gasoil (diesel),D07,Énergie,litre,"827,0"
2025-06-01,DAKAR,Gasoil (diesel),D07,Énergie,litre,824.2
2025-07-01,DAKAR,Gasoil (diesel),D07,Énergie,litre,825.2
01/08/2025,Dakar ,Gasoil (diesel),D07,Énergie,litre,830.1
2025-09-01,Dakar ,Gasoil (diesel),D07,Énergie,litre,823.8
01/10/2025,dakar,Gasoil (diesel),D07,Énergie,litre,821.2
Novembre 2025,DAKAR,Gasoil (diesel),D07,Énergie,litre,826.2
Décembre 2025,dakar,Gasoil (diesel),D07,Énergie,litre,820.6
Janvier 2026,Dakar ,Gasoil (diesel),D07,Énergie,litre,823.6
01/02/2026,DAKAR,Gasoil (diesel),D07,Énergie,litre,
Mars 2026,DAKAR,Gasoil (diesel),D07,Énergie,litre,822.0
01/04/2026,dakar,Gasoil (diesel),D07,Énergie,litre,"823,5"
2026-05-01,dakar,Gasoil (diesel),D07,Énergie,litre,827.3
Janvier 2018,thiès,Gasoil (diesel),D07,Énergie,litre,647.9
2018-02-01,THIÈS,Gasoil (diesel),D07,Énergie,litre,647.4
Mars 2018,Thiès ,Gasoil (diesel),D07,Énergie,litre,
01/04/2018,thiès,Gasoil (diesel),D07,Énergie,litre,644.3
Mai 2018,Thiès ,Gasoil (diesel),D07,Énergie,litre,638.9
2018-06-01,Thiès ,Gasoil (diesel),D07,Énergie,litre,"645,9"
01/07/2018,thiès,Gasoil (diesel),D07,Énergie,litre,639.1
01/08/2018,thiès,Gasoil (diesel),D07,Énergie,litre,
01/09/2018,Thiès ,Gasoil (diesel),D07,Énergie,litre,644.6
01/10/2018,Thiès ,Gasoil (diesel),D07,Énergie,litre,645.7
01/11/2018,Thiès ,Gasoil (diesel),D07,Énergie,litre,643.8
Décembre 2018,Thiès ,Gasoil (diesel),D07,Énergie,litre,649.0
Janvier 2019,THIÈS,Gasoil (diesel),D07,Énergie,litre,
2019-02-01,thiès,Gasoil (diesel),D07,Énergie,litre,644.4
Mars 2019,thiès,Gasoil (diesel),D07,Énergie,litre,"648,6"
01/04/2019,thiès,Gasoil (diesel),D07,Énergie,litre,649.0
01/05/2019,THIÈS,Gasoil (diesel),D07,Énergie,litre,646.3
2019-06-01,THIÈS,Gasoil (diesel),D07,Énergie,litre,643.0
Juillet 2019,THIÈS,Gasoil (diesel),D07,Énergie,litre,"643,6"
Août 2019,THIÈS,Gasoil (diesel),D07,Énergie,litre,641.3
2019-09-01,Thiès ,Gasoil (diesel),D07,Énergie,litre,644.9
Octobre 2019,thiès,Gasoil (diesel),D07,Énergie,litre,
2019-11-01,Thiès ,Gasoil (diesel),D07,Énergie,litre,644.2
Décembre 2019,Thiès ,Gasoil (diesel),D07,Énergie,litre,645.7
2020-01-01,Thiès ,Gasoil (diesel),D07,Énergie,litre,639.9
01/02/2020,Thiès ,Gasoil (diesel),D07,Énergie,litre,641.7
2020-03-01,thiès,Gasoil (diesel),D07,Énergie,litre,643.7
Avril 2020,THIÈS,Gasoil (diesel),D07,Énergie,litre,"644,9"
01/05/2020,THIÈS,Gasoil (diesel),D07,Énergie,litre,643.7
Juin 2020,thiès,Gasoil (diesel),D07,Énergie,litre,644.3
01/07/2020,THIÈS,Gasoil (diesel),D07,Énergie,litre,643.2
2020-08-01,THIÈS,Gasoil (diesel),D07,Énergie,litre,641.3
Septembre 2020,THIÈS,Gasoil (diesel),D07,Énergie,litre,"643,6"
2020-10-01,THIÈS,Gasoil (diesel),D07,Énergie,litre,644.5
01/11/2020,thiès,Gasoil (diesel),D07,Énergie,litre,"644,2"
2020-12-01,THIÈS,Gasoil (diesel),D07,Énergie,litre,645.3
2021-01-01,thiès,Gasoil (diesel),D07,Énergie,litre,646.1
01/02/2021,Thiès ,Gasoil (diesel),D07,Énergie,litre,646.8
Mars 2021,thiès,Gasoil (diesel),D07,Énergie,litre,643.4
2021-04-01,Thiès ,Gasoil (diesel),D07,Énergie,litre,640.9
2021-05-01,THIÈS,Gasoil (diesel),D07,Énergie,litre,"648,3"
Juin 2021,THIÈS,Gasoil (diesel),D07,Énergie,litre,
2021-07-01,THIÈS,Gasoil (diesel),D07,Énergie,litre,642.5
2021-08-01,Thiès ,Gasoil (diesel),D07,Énergie,litre,645.7
Septembre 2021,THIÈS,Gasoil (diesel),D07,Énergie,litre,647.8
01/10/2021,Thiès ,Gasoil (diesel),D07,Énergie,litre,"649,5"
2021-11-01,Thiès ,Gasoil (diesel),D07,Énergie,litre,645.6
Décembre 2021,Thiès ,Gasoil (diesel),D07,Énergie,litre,"647,7"
01/01/2022,THIÈS,Gasoil (diesel),D07,Énergie,litre,671.7
Février 2022,THIÈS,Gasoil (diesel),D07,Énergie,litre,674.9
01/03/2022,THIÈS,Gasoil (diesel),D07,Énergie,litre,674.1
01/04/2022,Thiès ,Gasoil (diesel),D07,Énergie,litre,675.9
01/05/2022,thiès,Gasoil (diesel),D07,Énergie,litre,679.4
01/06/2022,thiès,Gasoil (diesel),D07,Énergie,litre,"675,7"
01/07/2022,THIÈS,Gasoil (diesel),D07,Énergie,litre,752.2
2022-08-01,thiès,Gasoil (diesel),D07,Énergie,litre,751.2
Septembre 2022,thiès,Gasoil (diesel),D07,Énergie,litre,760.0
Octobre 2022,Thiès ,Gasoil (diesel),D07,Énergie,litre,"756,6"
01/11/2022,Thiès ,Gasoil (diesel),D07,Énergie,litre,756.4
Décembre 2022,thiès,Gasoil (diesel),D07,Énergie,litre,754.0
01/01/2023,thiès,Gasoil (diesel),D07,Énergie,litre,755.8
Février 2023,thiès,Gasoil (diesel),D07,Énergie,litre,752.0
Mars 2023,THIÈS,Gasoil (diesel),D07,Énergie,litre,806.2
Avril 2023,THIÈS,Gasoil (diesel),D07,Énergie,litre,801.2
2023-05-01,THIÈS,Gasoil (diesel),D07,Énergie,litre,803.8
2023-06-01,THIÈS,Gasoil (diesel),D07,Énergie,litre,802.9
01/07/2023,THIÈS,Gasoil (diesel),D07,Énergie,litre,"794,5"
Août 2023,THIÈS,Gasoil (diesel),D07,Énergie,litre,803.9
2023-09-01,Thiès ,Gasoil (diesel),D07,Énergie,litre,802.1
2023-10-01,THIÈS,Gasoil (diesel),D07,Énergie,litre,804.3
2023-11-01,Thiès ,Gasoil (diesel),D07,Énergie,litre,805.0
01/12/2023,THIÈS,Gasoil (diesel),D07,Énergie,litre,810.7
Janvier 2024,thiès,Gasoil (diesel),D07,Énergie,litre,806.0
01/02/2024,thiès,Gasoil (diesel),D07,Énergie,litre,806.1
Mars 2024,thiès,Gasoil (diesel),D07,Énergie,litre,806.6
2024-04-01,Thiès ,Gasoil (diesel),D07,Énergie,litre,807.8
2024-05-01,THIÈS,Gasoil (diesel),D07,Énergie,litre,806.5
Juin 2024,Thiès ,Gasoil (diesel),D07,Énergie,litre,805.9
01/07/2024,thiès,Gasoil (diesel),D07,Énergie,litre,807.3
2024-08-01,thiès,Gasoil (diesel),D07,Énergie,litre,797.2
2024-09-01,THIÈS,Gasoil (diesel),D07,Énergie,litre,811.7
Octobre 2024,Thiès ,Gasoil (diesel),D07,Énergie,litre,810.1
Novembre 2024,Thiès ,Gasoil (diesel),D07,Énergie,litre,805.7
Décembre 2024,thiès,Gasoil (diesel),D07,Énergie,litre,800.5
01/01/2025,Thiès ,Gasoil (diesel),D07,Énergie,litre,808.9
Février 2025,Thiès ,Gasoil (diesel),D07,Énergie,litre,802.8
Mars 2025,THIÈS,Gasoil (diesel),D07,Énergie,litre,806.7
01/04/2025,THIÈS,Gasoil (diesel),D07,Énergie,litre,"800,9"
2025-05-01,Thiès ,Gasoil (diesel),D07,Énergie,litre,812.2
Juin 2025,THIÈS,Gasoil (diesel),D07,Énergie,litre,800.4
01/07/2025,THIÈS,Gasoil (diesel),D07,Énergie,litre,805.2
01/08/2025,thiès,Gasoil (diesel),D07,Énergie,litre,"798,2"
Septembre 2025,THIÈS,Gasoil (diesel),D07,Énergie,litre,804.9
2025-10-01,thiès,Gasoil (diesel),D07,Énergie,litre,803.6
Novembre 2025,THIÈS,Gasoil (diesel),D07,Énergie,litre,"808,7"
2025-12-01,thiès,Gasoil (diesel),D07,Énergie,litre,803.6
2026-01-01,THIÈS,Gasoil (diesel),D07,Énergie,litre,808.7
01/02/2026,thiès,Gasoil (diesel),D07,Énergie,litre,"801,7"
01/03/2026,THIÈS,Gasoil (diesel),D07,Énergie,litre,804.1
2026-04-01,THIÈS,Gasoil (diesel),D07,Énergie,litre,804.2
Mai 2026,Thiès ,Gasoil (diesel),D07,Énergie,litre,806.6
01/01/2018,Saint-Louis ,Gasoil (diesel),D07,Énergie,litre,642.1
Février 2018,SAINT-LOUIS,Gasoil (diesel),D07,Énergie,litre,643.0
Mars 2018,saint-louis,Gasoil (diesel),D07,Énergie,litre,
01/04/2018,saint-louis,Gasoil (diesel),D07,Énergie,litre,642.8
01/05/2018,SAINT-LOUIS,Gasoil (diesel),D07,Énergie,litre,638.8
01/06/2018,SAINT-LOUIS,Gasoil (diesel),D07,Énergie,litre,642.1
Juillet 2018,Saint-Louis ,Gasoil (diesel),D07,Énergie,litre,645.3
Août 2018,SAINT-LOUIS,Gasoil (diesel),D07,Énergie,litre,636.8
2018-09-01,saint-louis,Gasoil (diesel),D07,Énergie,litre,642.4
01/10/2018,SAINT-LOUIS,Gasoil (diesel),D07,Énergie,litre,"642,9"
2018-11-01,Saint-Louis ,Gasoil (diesel),D07,Énergie,litre,644.9
2018-12-01,SAINT-LOUIS,Gasoil (diesel),D07,Énergie,litre,643.0
Janvier 2019,saint-louis,Gasoil (diesel),D07,Énergie,litre,641.4
01/02/2019,saint-louis,Gasoil (diesel),D07,Énergie,litre,642.2
Mars 2019,saint-louis,Gasoil (diesel),D07,Énergie,litre,639.2
Avril 2019,SAINT-LOUIS,Gasoil (diesel),D07,Énergie,litre,640.1
2019-05-01,SAINT-LOUIS,Gasoil (diesel),D07,Énergie,litre,637.7
01/06/2019,SAINT-LOUIS,Gasoil (diesel),D07,Énergie,litre,644.9
2019-07-01,saint-louis,Gasoil (diesel),D07,Énergie,litre,"642,3"
2019-08-01,saint-louis,Gasoil (diesel),D07,Énergie,litre,638.8
2019-09-01,Saint-Louis ,Gasoil (diesel),D07,Énergie,litre,641.8
01/10/2019,Saint-Louis ,Gasoil (diesel),D07,Énergie,litre,644.1
2019-11-01,Saint-Louis ,Gasoil (diesel),D07,Énergie,litre,643.7
01/12/2019,SAINT-LOUIS,Gasoil (diesel),D07,Énergie,litre,638.8
2020-01-01,Saint-Louis ,Gasoil (diesel),D07,Énergie,litre,633.1
Février 2020,Saint-Louis ,Gasoil (diesel),D07,Énergie,litre,642.1
Mars 2020,Saint-Louis ,Gasoil (diesel),D07,Énergie,litre,"638,9"
01/04/2020,saint-louis,Gasoil (diesel),D07,Énergie,litre,642.7
2020-05-01,Saint-Louis ,Gasoil (diesel),D07,Énergie,litre,643.6
Juin 2020,saint-louis,Gasoil (diesel),D07,Énergie,litre,644.0
01/07/2020,saint-louis,Gasoil (diesel),D07,Énergie,litre,645.6
01/08/2020,Saint-Louis ,Gasoil (diesel),D07,Énergie,litre,644.3
2020-09-01,SAINT-LOUIS,Gasoil (diesel),D07,Énergie,litre,645.6
2020-10-01,saint-louis,Gasoil (diesel),D07,Énergie,litre,644.7
01/11/2020,SAINT-LOUIS,Gasoil (diesel),D07,Énergie,litre,644.9
01/12/2020,Saint-Louis ,Gasoil (diesel),D07,Énergie,litre,641.0
Janvier 2021,Saint-Louis ,Gasoil (diesel),D07,Énergie,litre,637.8
2021-02-01,SAINT-LOUIS,Gasoil (diesel),D07,Énergie,litre,"647,5"
2021-03-01,Saint-Louis ,Gasoil (diesel),D07,Énergie,litre,"641,3"
Avril 2021,saint-louis,Gasoil (diesel),D07,Énergie,litre,644.3
Mai 2021,Saint-Louis ,Gasoil (diesel),D07,Énergie,litre,639.7
Juin 2021,saint-louis,Gasoil (diesel),D07,Énergie,litre,643.6
2021-07-01,SAINT-LOUIS,Gasoil (diesel),D07,Énergie,litre,634.9
2021-08-01,Saint-Louis ,Gasoil (diesel),D07,Énergie,litre,640.1
Septembre 2021,saint-louis,Gasoil (diesel),D07,Énergie,litre,640.9
01/10/2021,saint-louis,Gasoil (diesel),D07,Énergie,litre,642.3
01/11/2021,saint-louis,Gasoil (diesel),D07,Énergie,litre,643.9
Décembre 2021,Saint-Louis ,Gasoil (diesel),D07,Énergie,litre,638.3
2022-01-01,saint-louis,Gasoil (diesel),D07,Énergie,litre,672.7
2022-02-01,saint-louis,Gasoil (diesel),D07,Énergie,litre,674.2
Mars 2022,Saint-Louis ,Gasoil (diesel),D07,Énergie,litre,"677,2"
Avril 2022,Saint-Louis ,Gasoil (diesel),D07,Énergie,litre,672.8
01/05/2022,SAINT-LOUIS,Gasoil (diesel),D07,Énergie,litre,669.7
2022-06-01,Saint-Louis ,Gasoil (diesel),D07,Énergie,litre,667.5
2022-07-01,Saint-Louis ,Gasoil (diesel),D07,Énergie,litre,756.0
2022-08-01,Saint-Louis ,Gasoil (diesel),D07,Énergie,litre,"752,7"
01/09/2022,SAINT-LOUIS,Gasoil (diesel),D07,Énergie,litre,750.4
01/10/2022,saint-louis,Gasoil (diesel),D07,Énergie,litre,745.6
01/11/2022,SAINT-LOUIS,Gasoil (diesel),D07,Énergie,litre,747.7
2022-12-01,Saint-Louis ,Gasoil (diesel),D07,Énergie,litre,"752,4"
Janvier 2023,Saint-Louis ,Gasoil (diesel),D07,Énergie,litre,751.5
Février 2023,SAINT-LOUIS,Gasoil (diesel),D07,Énergie,litre,744.6
2023-03-01,SAINT-LOUIS,Gasoil (diesel),D07,Énergie,litre,802.2
Avril 2023,Saint-Louis ,Gasoil (diesel),D07,Énergie,litre,"795,1"
01/05/2023,Saint-Louis ,Gasoil (diesel),D07,Énergie,litre,804.5
Juin 2023,Saint-Louis ,Gasoil (diesel),D07,Énergie,litre,800.8
2023-07-01,SAINT-LOUIS,Gasoil (diesel),D07,Énergie,litre,798.7
Août 2023,saint-louis,Gasoil (diesel),D07,Énergie,litre,803.3
Septembre 2023,Saint-Louis ,Gasoil (diesel),D07,Énergie,litre,801.3
Octobre 2023,SAINT-LOUIS,Gasoil (diesel),D07,Énergie,litre,804.4
Novembre 2023,SAINT-LOUIS,Gasoil (diesel),D07,Énergie,litre,800.4
Décembre 2023,SAINT-LOUIS,Gasoil (diesel),D07,Énergie,litre,800.6
Janvier 2024,saint-louis,Gasoil (diesel),D07,Énergie,litre,799.3
Février 2024,SAINT-LOUIS,Gasoil (diesel),D07,Énergie,litre,801.0
01/03/2024,saint-louis,Gasoil (diesel),D07,Énergie,litre,805.6
Avril 2024,SAINT-LOUIS,Gasoil (diesel),D07,Énergie,litre,798.6
Mai 2024,SAINT-LOUIS,Gasoil (diesel),D07,Énergie,litre,802.2
01/06/2024,Saint-Louis ,Gasoil (diesel),D07,Énergie,litre,"797,4"
01/07/2024,saint-louis,Gasoil (diesel),D07,Énergie,litre,"793,6"
01/08/2024,Saint-Louis ,Gasoil (diesel),D07,Énergie,litre,800.8
01/09/2024,saint-louis,Gasoil (diesel),D07,Énergie,litre,801.4
01/10/2024,Saint-Louis ,Gasoil (diesel),D07,Énergie,litre,799.8
2024-11-01,saint-louis,Gasoil (diesel),D07,Énergie,litre,795.4
01/12/2024,saint-louis,Gasoil (diesel),D07,Énergie,litre,801.1
Janvier 2025,saint-louis,Gasoil (diesel),D07,Énergie,litre,801.0
2025-02-01,Saint-Louis ,Gasoil (diesel),D07,Énergie,litre,797.3
Mars 2025,saint-louis,Gasoil (diesel),D07,Énergie,litre,795.8
01/04/2025,Saint-Louis ,Gasoil (diesel),D07,Énergie,litre,799.4
2025-05-01,SAINT-LOUIS,Gasoil (diesel),D07,Énergie,litre,"802,3"
01/06/2025,Saint-Louis ,Gasoil (diesel),D07,Énergie,litre,801.5
Juillet 2025,SAINT-LOUIS,Gasoil (diesel),D07,Énergie,litre,797.4
2025-08-01,saint-louis,Gasoil (diesel),D07,Énergie,litre,800.6
Septembre 2025,Saint-Louis ,Gasoil (diesel),D07,Énergie,litre,803.0
Octobre 2025,Saint-Louis ,Gasoil (diesel),D07,Énergie,litre,"796,4"
2025-11-01,saint-louis,Gasoil (diesel),D07,Énergie,litre,800.4
Décembre 2025,saint-louis,Gasoil (diesel),D07,Énergie,litre,804.5
01/01/2026,Saint-Louis ,Gasoil (diesel),D07,Énergie,litre,796.1
01/02/2026,SAINT-LOUIS,Gasoil (diesel),D07,Énergie,litre,803.9
2026-03-01,Saint-Louis ,Gasoil (diesel),D07,Énergie,litre,"805,4"
Avril 2026,saint-louis,Gasoil (diesel),D07,Énergie,litre,"799,5"
2026-05-01,SAINT-LOUIS,Gasoil (diesel),D07,Énergie,litre,799.1
Janvier 2018,Diourbel ,Gasoil (diesel),D07,Énergie,litre,639.9
01/02/2018,Diourbel ,Gasoil (diesel),D07,Énergie,litre,636.8
Mars 2018,diourbel,Gasoil (diesel),D07,Énergie,litre,631.3
2018-04-01,diourbel,Gasoil (diesel),D07,Énergie,litre,637.0
2018-05-01,Diourbel ,Gasoil (diesel),D07,Énergie,litre,638.5
01/06/2018,diourbel,Gasoil (diesel),D07,Énergie,litre,639.1
01/07/2018,Diourbel ,Gasoil (diesel),D07,Énergie,litre,635.0
01/08/2018,Diourbel ,Gasoil (diesel),D07,Énergie,litre,636.6
01/09/2018,diourbel,Gasoil (diesel),D07,Énergie,litre,639.8
2018-10-01,DIOURBEL,Gasoil (diesel),D07,Énergie,litre,"637,1"
Novembre 2018,DIOURBEL,Gasoil (diesel),D07,Énergie,litre,"633,4"
01/12/2018,DIOURBEL,Gasoil (diesel),D07,Énergie,litre,640.4
01/01/2019,DIOURBEL,Gasoil (diesel),D07,Énergie,litre,636.7
Février 2019,Diourbel ,Gasoil (diesel),D07,Énergie,litre,640.0
Mars 2019,diourbel,Gasoil (diesel),D07,Énergie,litre,633.7
2019-04-01,diourbel,Gasoil (diesel),D07,Énergie,litre,"637,0"
Mai 2019,Diourbel ,Gasoil (diesel),D07,Énergie,litre,638.6
2019-06-01,DIOURBEL,Gasoil (diesel),D07,Énergie,litre,"637,0"
Juillet 2019,diourbel,Gasoil (diesel),D07,Énergie,litre,634.2
Août 2019,diourbel,Gasoil (diesel),D07,Énergie,litre,631.2
01/09/2019,DIOURBEL,Gasoil (diesel),D07,Énergie,litre,641.1
2019-10-01,diourbel,Gasoil (diesel),D07,Énergie,litre,637.9
Novembre 2019,DIOURBEL,Gasoil (diesel),D07,Énergie,litre,640.2
01/12/2019,DIOURBEL,Gasoil (diesel),D07,Énergie,litre,639.6
Janvier 2020,DIOURBEL,Gasoil (diesel),D07,Énergie,litre,638.8
2020-02-01,DIOURBEL,Gasoil (diesel),D07,Énergie,litre,636.4
01/03/2020,diourbel,Gasoil (diesel),D07,Énergie,litre,638.5
2020-04-01,Diourbel ,Gasoil (diesel),D07,Énergie,litre,640.9
Mai 2020,diourbel,Gasoil (diesel),D07,Énergie,litre,637.5
01/06/2020,diourbel,Gasoil (diesel),D07,Énergie,litre,642.1
2020-07-01,DIOURBEL,Gasoil (diesel),D07,Énergie,litre,633.4
01/08/2020,Diourbel ,Gasoil (diesel),D07,Énergie,litre,633.2
2020-09-01,diourbel,Gasoil (diesel),D07,Énergie,litre,639.8
01/10/2020,diourbel,Gasoil (diesel),D07,Énergie,litre,635.2
Novembre 2020,Diourbel ,Gasoil (diesel),D07,Énergie,litre,"642,5"
01/12/2020,DIOURBEL,Gasoil (diesel),D07,Énergie,litre,640.7
01/01/2021,diourbel,Gasoil (diesel),D07,Énergie,litre,641.3
2021-02-01,Diourbel ,Gasoil (diesel),D07,Énergie,litre,639.5
01/03/2021,DIOURBEL,Gasoil (diesel),D07,Énergie,litre,634.9
Avril 2021,diourbel,Gasoil (diesel),D07,Énergie,litre,"633,0"
Mai 2021,diourbel,Gasoil (diesel),D07,Énergie,litre,641.1
Juin 2021,Diourbel ,Gasoil (diesel),D07,Énergie,litre,"633,4"
01/07/2021,Diourbel ,Gasoil (diesel),D07,Énergie,litre,641.3
2021-08-01,diourbel,Gasoil (diesel),D07,Énergie,litre,639.0
2021-09-01,DIOURBEL,Gasoil (diesel),D07,Énergie,litre,637.1
2021-10-01,diourbel,Gasoil (diesel),D07,Énergie,litre,"638,4"
2021-11-01,DIOURBEL,Gasoil (diesel),D07,Énergie,litre,638.4
Décembre 2021,Diourbel ,Gasoil (diesel),D07,Énergie,litre,636.7
01/01/2022,diourbel,Gasoil (diesel),D07,Énergie,litre,670.7
Février 2022,Diourbel ,Gasoil (diesel),D07,Énergie,litre,670.6
2022-03-01,diourbel,Gasoil (diesel),D07,Énergie,litre,667.3
Avril 2022,Diourbel ,Gasoil (diesel),D07,Énergie,litre,665.3
2022-05-01,Diourbel ,Gasoil (diesel),D07,Énergie,litre,"670,4"
Juin 2022,Diourbel ,Gasoil (diesel),D07,Énergie,litre,661.5
Juillet 2022,Diourbel ,Gasoil (diesel),D07,Énergie,litre,747.3
2022-08-01,DIOURBEL,Gasoil (diesel),D07,Énergie,litre,748.1
2022-09-01,DIOURBEL,Gasoil (diesel),D07,Énergie,litre,"743,5"
01/10/2022,Diourbel ,Gasoil (diesel),D07,Énergie,litre,
01/11/2022,Diourbel ,Gasoil (diesel),D07,Énergie,litre,"745,9"
01/12/2022,Diourbel ,Gasoil (diesel),D07,Énergie,litre,744.3
2023-01-01,diourbel,Gasoil (diesel),D07,Énergie,litre,748.8
01/02/2023,Diourbel ,Gasoil (diesel),D07,Énergie,litre,742.7
01/03/2023,diourbel,Gasoil (diesel),D07,Énergie,litre,798.1
01/04/2023,DIOURBEL,Gasoil (diesel),D07,Énergie,litre,789.0
01/05/2023,DIOURBEL,Gasoil (diesel),D07,Énergie,litre,796.2
01/06/2023,Diourbel ,Gasoil (diesel),D07,Énergie,litre,795.5
01/07/2023,diourbel,Gasoil (diesel),D07,Énergie,litre,793.6
01/08/2023,Diourbel ,Gasoil (diesel),D07,Énergie,litre,796.6
01/09/2023,Diourbel ,Gasoil (diesel),D07,Énergie,litre,795.1
2023-10-01,Diourbel ,Gasoil (diesel),D07,Énergie,litre,798.7
2023-11-01,DIOURBEL,Gasoil (diesel),D07,Énergie,litre,797.1
01/12/2023,DIOURBEL,Gasoil (diesel),D07,Énergie,litre,796.8
2024-01-01,diourbel,Gasoil (diesel),D07,Énergie,litre,"796,3"
2024-02-01,DIOURBEL,Gasoil (diesel),D07,Énergie,litre,793.8
2024-03-01,Diourbel ,Gasoil (diesel),D07,Énergie,litre,794.4
01/04/2024,DIOURBEL,Gasoil (diesel),D07,Énergie,litre,796.1
01/05/2024,diourbel,Gasoil (diesel),D07,Énergie,litre,794.8
2024-06-01,Diourbel ,Gasoil (diesel),D07,Énergie,litre,798.9
2024-07-01,DIOURBEL,Gasoil (diesel),D07,Énergie,litre,795.6
01/08/2024,diourbel,Gasoil (diesel),D07,Énergie,litre,796.5
2024-09-01,DIOURBEL,Gasoil (diesel),D07,Énergie,litre,790.9
Octobre 2024,Diourbel ,Gasoil (diesel),D07,Énergie,litre,798.3
2024-11-01,Diourbel ,Gasoil (diesel),D07,Énergie,litre,793.5
01/12/2024,diourbel,Gasoil (diesel),D07,Énergie,litre,792.0
Janvier 2025,Diourbel ,Gasoil (diesel),D07,Énergie,litre,800.6
2025-02-01,DIOURBEL,Gasoil (diesel),D07,Énergie,litre,797.6
01/03/2025,DIOURBEL,Gasoil (diesel),D07,Énergie,litre,798.4
01/04/2025,DIOURBEL,Gasoil (diesel),D07,Énergie,litre,796.8
01/05/2025,DIOURBEL,Gasoil (diesel),D07,Énergie,litre,"795,0"
Juin 2025,Diourbel ,Gasoil (diesel),D07,Énergie,litre,794.5
01/07/2025,diourbel,Gasoil (diesel),D07,Énergie,litre,797.8
01/08/2025,DIOURBEL,Gasoil (diesel),D07,Énergie,litre,798.9
01/09/2025,Diourbel ,Gasoil (diesel),D07,Énergie,litre,795.1
01/10/2025,diourbel,Gasoil (diesel),D07,Énergie,litre,801.9
2025-11-01,DIOURBEL,Gasoil (diesel),D07,Énergie,litre,794.7
Décembre 2025,Diourbel ,Gasoil (diesel),D07,Énergie,litre,790.9
01/01/2026,diourbel,Gasoil (diesel),D07,Énergie,litre,"789,9"
2026-02-01,diourbel,Gasoil (diesel),D07,Énergie,litre,790.0
01/03/2026,diourbel,Gasoil (diesel),D07,Énergie,litre,794.0
2026-04-01,DIOURBEL,Gasoil (diesel),D07,Énergie,litre,794.6
01/05/2026,DIOURBEL,Gasoil (diesel),D07,Énergie,litre,797.5
2018-01-01,KAOLACK,Gasoil (diesel),D07,Énergie,litre,639.8
2018-02-01,KAOLACK,Gasoil (diesel),D07,Énergie,litre,642.0
2018-03-01,KAOLACK,Gasoil (diesel),D07,Énergie,litre,640.0
Avril 2018,Kaolack ,Gasoil (diesel),D07,Énergie,litre,639.9
2018-05-01,Kaolack ,Gasoil (diesel),D07,Énergie,litre,638.4
Juin 2018,Kaolack ,Gasoil (diesel),D07,Énergie,litre,"643,5"
01/07/2018,kaolack,Gasoil (diesel),D07,Énergie,litre,
2018-08-01,KAOLACK,Gasoil (diesel),D07,Énergie,litre,640.6
Septembre 2018,kaolack,Gasoil (diesel),D07,Énergie,litre,
Octobre 2018,Kaolack ,Gasoil (diesel),D07,Énergie,litre,641.8
2018-11-01,kaolack,Gasoil (diesel),D07,Énergie,litre,639.8
2018-12-01,kaolack,Gasoil (diesel),D07,Énergie,litre,639.9
Janvier 2019,KAOLACK,Gasoil (diesel),D07,Énergie,litre,639.2
2019-02-01,Kaolack ,Gasoil (diesel),D07,Énergie,litre,643.4
Mars 2019,kaolack,Gasoil (diesel),D07,Énergie,litre,639.8
2019-04-01,Kaolack ,Gasoil (diesel),D07,Énergie,litre,644.9
Mai 2019,KAOLACK,Gasoil (diesel),D07,Énergie,litre,640.5
Juin 2019,kaolack,Gasoil (diesel),D07,Énergie,litre,639.9
2019-07-01,KAOLACK,Gasoil (diesel),D07,Énergie,litre,639.5
2019-08-01,kaolack,Gasoil (diesel),D07,Énergie,litre,641.3
2019-09-01,KAOLACK,Gasoil (diesel),D07,Énergie,litre,638.3
Octobre 2019,KAOLACK,Gasoil (diesel),D07,Énergie,litre,640.2
01/11/2019,kaolack,Gasoil (diesel),D07,Énergie,litre,639.9
01/12/2019,kaolack,Gasoil (diesel),D07,Énergie,litre,640.7
01/01/2020,KAOLACK,Gasoil (diesel),D07,Énergie,litre,"640,7"
01/02/2020,kaolack,Gasoil (diesel),D07,Énergie,litre,640.9
2020-03-01,KAOLACK,Gasoil (diesel),D07,Énergie,litre,640.1
01/04/2020,kaolack,Gasoil (diesel),D07,Énergie,litre,643.9
01/05/2020,KAOLACK,Gasoil (diesel),D07,Énergie,litre,640.9
2020-06-01,KAOLACK,Gasoil (diesel),D07,Énergie,litre,646.5
01/07/2020,kaolack,Gasoil (diesel),D07,Énergie,litre,640.0
Août 2020,Kaolack ,Gasoil (diesel),D07,Énergie,litre,642.3
01/09/2020,Kaolack ,Gasoil (diesel),D07,Énergie,litre,"638,0"
01/10/2020,Kaolack ,Gasoil (diesel),D07,Énergie,litre,643.4
Novembre 2020,KAOLACK,Gasoil (diesel),D07,Énergie,litre,638.0
01/12/2020,KAOLACK,Gasoil (diesel),D07,Énergie,litre,
Janvier 2021,Kaolack ,Gasoil (diesel),D07,Énergie,litre,639.2
2021-02-01,kaolack,Gasoil (diesel),D07,Énergie,litre,"641,0"
Mars 2021,kaolack,Gasoil (diesel),D07,Énergie,litre,639.2
Avril 2021,Kaolack ,Gasoil (diesel),D07,Énergie,litre,637.8
Mai 2021,KAOLACK,Gasoil (diesel),D07,Énergie,litre,639.1
Juin 2021,kaolack,Gasoil (diesel),D07,Énergie,litre,643.8
01/07/2021,kaolack,Gasoil (diesel),D07,Énergie,litre,641.0
01/08/2021,Kaolack ,Gasoil (diesel),D07,Énergie,litre,636.5
01/09/2021,kaolack,Gasoil (diesel),D07,Énergie,litre,642.6
01/10/2021,kaolack,Gasoil (diesel),D07,Énergie,litre,637.6
Novembre 2021,Kaolack ,Gasoil (diesel),D07,Énergie,litre,641.7
01/12/2021,KAOLACK,Gasoil (diesel),D07,Énergie,litre,641.3
Janvier 2022,KAOLACK,Gasoil (diesel),D07,Énergie,litre,671.3
01/02/2022,kaolack,Gasoil (diesel),D07,Énergie,litre,674.6
01/03/2022,kaolack,Gasoil (diesel),D07,Énergie,litre,667.4
2022-04-01,kaolack,Gasoil (diesel),D07,Énergie,litre,671.2
Mai 2022,Kaolack ,Gasoil (diesel),D07,Énergie,litre,673.0
Juin 2022,KAOLACK,Gasoil (diesel),D07,Énergie,litre,667.9
2022-07-01,KAOLACK,Gasoil (diesel),D07,Énergie,litre,"746,7"
2022-08-01,Kaolack ,Gasoil (diesel),D07,Énergie,litre,748.1
Septembre 2022,Kaolack ,Gasoil (diesel),D07,Énergie,litre,749.9
2022-10-01,kaolack,Gasoil (diesel),D07,Énergie,litre,744.7
01/11/2022,KAOLACK,Gasoil (diesel),D07,Énergie,litre,750.6
2022-12-01,kaolack,Gasoil (diesel),D07,Énergie,litre,744.7
Janvier 2023,kaolack,Gasoil (diesel),D07,Énergie,litre,752.8
2023-02-01,kaolack,Gasoil (diesel),D07,Énergie,litre,"750,5"
01/03/2023,KAOLACK,Gasoil (diesel),D07,Énergie,litre,
01/04/2023,kaolack,Gasoil (diesel),D07,Énergie,litre,800.7
01/05/2023,KAOLACK,Gasoil (diesel),D07,Énergie,litre,797.6
Juin 2023,kaolack,Gasoil (diesel),D07,Énergie,litre,796.0
01/07/2023,kaolack,Gasoil (diesel),D07,Énergie,litre,799.3
01/08/2023,kaolack,Gasoil (diesel),D07,Énergie,litre,"798,5"
2023-09-01,Kaolack ,Gasoil (diesel),D07,Énergie,litre,802.3
01/10/2023,KAOLACK,Gasoil (diesel),D07,Énergie,litre,795.6
2023-11-01,KAOLACK,Gasoil (diesel),D07,Énergie,litre,"805,0"
01/12/2023,Kaolack ,Gasoil (diesel),D07,Énergie,litre,"802,6"
Janvier 2024,KAOLACK,Gasoil (diesel),D07,Énergie,litre,797.9
01/02/2024,Kaolack ,Gasoil (diesel),D07,Énergie,litre,804.3
2024-03-01,kaolack,Gasoil (diesel),D07,Énergie,litre,796.1
Avril 2024,kaolack,Gasoil (diesel),D07,Énergie,litre,799.2
Mai 2024,kaolack,Gasoil (diesel),D07,Énergie,litre,794.5
Juin 2024,Kaolack ,Gasoil (diesel),D07,Énergie,litre,804.5
2024-07-01,kaolack,Gasoil (diesel),D07,Énergie,litre,793.3
Août 2024,Kaolack ,Gasoil (diesel),D07,Énergie,litre,794.0
01/09/2024,KAOLACK,Gasoil (diesel),D07,Énergie,litre,
Octobre 2024,KAOLACK,Gasoil (diesel),D07,Énergie,litre,802.8
Novembre 2024,KAOLACK,Gasoil (diesel),D07,Énergie,litre,801.6
Décembre 2024,KAOLACK,Gasoil (diesel),D07,Énergie,litre,798.9
2025-01-01,Kaolack ,Gasoil (diesel),D07,Énergie,litre,801.8
01/02/2025,KAOLACK,Gasoil (diesel),D07,Énergie,litre,798.2
Mars 2025,KAOLACK,Gasoil (diesel),D07,Énergie,litre,"799,9"
01/04/2025,kaolack,Gasoil (diesel),D07,Énergie,litre,803.8
Mai 2025,KAOLACK,Gasoil (diesel),D07,Énergie,litre,797.8
Juin 2025,KAOLACK,Gasoil (diesel),D07,Énergie,litre,796.1
2025-07-01,kaolack,Gasoil (diesel),D07,Énergie,litre,800.1
2025-08-01,kaolack,Gasoil (diesel),D07,Énergie,litre,800.9
01/09/2025,Kaolack ,Gasoil (diesel),D07,Énergie,litre,798.9
01/10/2025,kaolack,Gasoil (diesel),D07,Énergie,litre,801.8
01/11/2025,Kaolack ,Gasoil (diesel),D07,Énergie,litre,797.9
Décembre 2025,KAOLACK,Gasoil (diesel),D07,Énergie,litre,799.0
2026-01-01,KAOLACK,Gasoil (diesel),D07,Énergie,litre,799.8
01/02/2026,kaolack,Gasoil (diesel),D07,Énergie,litre,799.5
2026-03-01,KAOLACK,Gasoil (diesel),D07,Énergie,litre,"803,7"
2026-04-01,KAOLACK,Gasoil (diesel),D07,Énergie,litre,"799,7"
01/05/2026,kaolack,Gasoil (diesel),D07,Énergie,litre,797.6
01/01/2018,kolda,Gasoil (diesel),D07,Énergie,litre,650.2
01/02/2018,KOLDA,Gasoil (diesel),D07,Énergie,litre,651.5
2018-03-01,KOLDA,Gasoil (diesel),D07,Énergie,litre,"650,9"
Avril 2018,KOLDA,Gasoil (diesel),D07,Énergie,litre,650.7
01/05/2018,KOLDA,Gasoil (diesel),D07,Énergie,litre,645.0
01/06/2018,Kolda ,Gasoil (diesel),D07,Énergie,litre,642.4
01/07/2018,KOLDA,Gasoil (diesel),D07,Énergie,litre,"652,2"
01/08/2018,Kolda ,Gasoil (diesel),D07,Énergie,litre,650.0
01/09/2018,Kolda ,Gasoil (diesel),D07,Énergie,litre,648.8
2018-10-01,KOLDA,Gasoil (diesel),D07,Énergie,litre,650.7
01/11/2018,KOLDA,Gasoil (diesel),D07,Énergie,litre,"653,9"
01/12/2018,kolda,Gasoil (diesel),D07,Énergie,litre,"652,5"
2019-01-01,kolda,Gasoil (diesel),D07,Énergie,litre,651.4
Février 2019,KOLDA,Gasoil (diesel),D07,Énergie,litre,"646,6"
01/03/2019,Kolda ,Gasoil (diesel),D07,Énergie,litre,6469.0
2019-04-01,kolda,Gasoil (diesel),D07,Énergie,litre,642.7
2019-05-01,kolda,Gasoil (diesel),D07,Énergie,litre,650.5
2019-06-01,Kolda ,Gasoil (diesel),D07,Énergie,litre,651.7
01/07/2019,KOLDA,Gasoil (diesel),D07,Énergie,litre,652.0
Août 2019,Kolda ,Gasoil (diesel),D07,Énergie,litre,650.6
01/09/2019,kolda,Gasoil (diesel),D07,Énergie,litre,648.5
01/10/2019,kolda,Gasoil (diesel),D07,Énergie,litre,647.4
2019-11-01,KOLDA,Gasoil (diesel),D07,Énergie,litre,646.7
2019-12-01,KOLDA,Gasoil (diesel),D07,Énergie,litre,"648,4"
Janvier 2020,Kolda ,Gasoil (diesel),D07,Énergie,litre,646.3
2020-02-01,kolda,Gasoil (diesel),D07,Énergie,litre,653.4
01/03/2020,Kolda ,Gasoil (diesel),D07,Énergie,litre,645.5
01/04/2020,Kolda ,Gasoil (diesel),D07,Énergie,litre,648.4
2020-05-01,kolda,Gasoil (diesel),D07,Énergie,litre,643.8
Juin 2020,KOLDA,Gasoil (diesel),D07,Énergie,litre,649.6
01/07/2020,KOLDA,Gasoil (diesel),D07,Énergie,litre,648.9
01/08/2020,kolda,Gasoil (diesel),D07,Énergie,litre,647.9
2020-09-01,Kolda ,Gasoil (diesel),D07,Énergie,litre,646.4
Octobre 2020,kolda,Gasoil (diesel),D07,Énergie,litre,648.9
2020-11-01,kolda,Gasoil (diesel),D07,Énergie,litre,647.5
2020-12-01,kolda,Gasoil (diesel),D07,Énergie,litre,648.5
Janvier 2021,KOLDA,Gasoil (diesel),D07,Énergie,litre,654.0
01/02/2021,kolda,Gasoil (diesel),D07,Énergie,litre,"649,3"
Mars 2021,Kolda ,Gasoil (diesel),D07,Énergie,litre,650.3
2021-04-01,Kolda ,Gasoil (diesel),D07,Énergie,litre,647.7
Mai 2021,kolda,Gasoil (diesel),D07,Énergie,litre,646.8
Juin 2021,KOLDA,Gasoil (diesel),D07,Énergie,litre,648.8
01/07/2021,Kolda ,Gasoil (diesel),D07,Énergie,litre,655.4
2021-08-01,Kolda ,Gasoil (diesel),D07,Énergie,litre,648.1
Septembre 2021,Kolda ,Gasoil (diesel),D07,Énergie,litre,649.8
2021-10-01,kolda,Gasoil (diesel),D07,Énergie,litre,646.7
Novembre 2021,KOLDA,Gasoil (diesel),D07,Énergie,litre,641.7
2021-12-01,kolda,Gasoil (diesel),D07,Énergie,litre,646.8
2022-01-01,KOLDA,Gasoil (diesel),D07,Énergie,litre,685.5
2022-02-01,Kolda ,Gasoil (diesel),D07,Énergie,litre,680.7
2022-03-01,kolda,Gasoil (diesel),D07,Énergie,litre,683.5
Avril 2022,KOLDA,Gasoil (diesel),D07,Énergie,litre,678.1
01/05/2022,Kolda ,Gasoil (diesel),D07,Énergie,litre,"672,6"
2022-06-01,kolda,Gasoil (diesel),D07,Énergie,litre,676.0
01/07/2022,KOLDA,Gasoil (diesel),D07,Énergie,litre,"760,7"
Août 2022,Kolda ,Gasoil (diesel),D07,Énergie,litre,760.3
01/09/2022,KOLDA,Gasoil (diesel),D07,Énergie,litre,759.5
Octobre 2022,kolda,Gasoil (diesel),D07,Énergie,litre,757.9
2022-11-01,kolda,Gasoil (diesel),D07,Énergie,litre,762.4
01/12/2022,KOLDA,Gasoil (diesel),D07,Énergie,litre,758.0
Janvier 2023,KOLDA,Gasoil (diesel),D07,Énergie,litre,760.5
Février 2023,Kolda ,Gasoil (diesel),D07,Énergie,litre,760.1
2023-03-01,KOLDA,Gasoil (diesel),D07,Énergie,litre,"808,6"
01/04/2023,KOLDA,Gasoil (diesel),D07,Énergie,litre,807.0
Mai 2023,Kolda ,Gasoil (diesel),D07,Énergie,litre,808.4
2023-06-01,KOLDA,Gasoil (diesel),D07,Énergie,litre,815.9
01/07/2023,kolda,Gasoil (diesel),D07,Énergie,litre,813.4
01/08/2023,KOLDA,Gasoil (diesel),D07,Énergie,litre,813.1
2023-09-01,kolda,Gasoil (diesel),D07,Énergie,litre,807.3
Octobre 2023,Kolda ,Gasoil (diesel),D07,Énergie,litre,805.2
Novembre 2023,KOLDA,Gasoil (diesel),D07,Énergie,litre,813.4
01/12/2023,KOLDA,Gasoil (diesel),D07,Énergie,litre,812.8
01/01/2024,kolda,Gasoil (diesel),D07,Énergie,litre,810.3
2024-02-01,Kolda ,Gasoil (diesel),D07,Énergie,litre,"808,6"
Mars 2024,kolda,Gasoil (diesel),D07,Énergie,litre,805.1
Avril 2024,Kolda ,Gasoil (diesel),D07,Énergie,litre,812.6
Mai 2024,kolda,Gasoil (diesel),D07,Énergie,litre,813.7
01/06/2024,KOLDA,Gasoil (diesel),D07,Énergie,litre,807.6
2024-07-01,Kolda ,Gasoil (diesel),D07,Énergie,litre,"807,4"
2024-08-01,Kolda ,Gasoil (diesel),D07,Énergie,litre,813.9
2024-09-01,KOLDA,Gasoil (diesel),D07,Énergie,litre,807.8
2024-10-01,KOLDA,Gasoil (diesel),D07,Énergie,litre,"815,6"
2024-11-01,kolda,Gasoil (diesel),D07,Énergie,litre,
01/12/2024,KOLDA,Gasoil (diesel),D07,Énergie,litre,"808,6"
2025-01-01,Kolda ,Gasoil (diesel),D07,Énergie,litre,810.0
2025-02-01,KOLDA,Gasoil (diesel),D07,Énergie,litre,808.6
Mars 2025,KOLDA,Gasoil (diesel),D07,Énergie,litre,813.5
01/04/2025,KOLDA,Gasoil (diesel),D07,Énergie,litre,812.7
Mai 2025,Kolda ,Gasoil (diesel),D07,Énergie,litre,813.4
2025-06-01,KOLDA,Gasoil (diesel),D07,Énergie,litre,810.4
01/07/2025,kolda,Gasoil (diesel),D07,Énergie,litre,808.4
01/08/2025,Kolda ,Gasoil (diesel),D07,Énergie,litre,809.8
Septembre 2025,KOLDA,Gasoil (diesel),D07,Énergie,litre,808.5
01/10/2025,KOLDA,Gasoil (diesel),D07,Énergie,litre,814.6
Novembre 2025,KOLDA,Gasoil (diesel),D07,Énergie,litre,813.1
Décembre 2025,KOLDA,Gasoil (diesel),D07,Énergie,litre,809.5
2026-01-01,KOLDA,Gasoil (diesel),D07,Énergie,litre,806.8
2026-02-01,Kolda ,Gasoil (diesel),D07,Énergie,litre,814.8
2026-03-01,Kolda ,Gasoil (diesel),D07,Énergie,litre,"810,3"
Avril 2026,kolda,Gasoil (diesel),D07,Énergie,litre,809.4
Mai 2026,Kolda ,Gasoil (diesel),D07,Énergie,litre,814.8
01/01/2018,DAKAR,Électricité (tranche sociale),D04,Énergie,kWh,93.0
Février 2018,dakar,Électricité (tranche sociale),D04,Énergie,kWh,93.1
Mars 2018,dakar,Électricité (tranche sociale),D04,Énergie,kWh,"93,1"
2018-04-01,DAKAR,Électricité (tranche sociale),D04,Énergie,kWh,92.7
Mai 2018,dakar,Électricité (tranche sociale),D04,Énergie,kWh,93.3
01/06/2018,dakar,Électricité (tranche sociale),D04,Énergie,kWh,92.9
01/07/2018,Dakar ,Électricité (tranche sociale),D04,Énergie,kWh,93.0
2018-08-01,dakar,Électricité (tranche sociale),D04,Énergie,kWh,92.9
Septembre 2018,dakar,Électricité (tranche sociale),D04,Énergie,kWh,93.0
01/10/2018,DAKAR,Électricité (tranche sociale),D04,Énergie,kWh,92.9
2018-11-01,dakar,Électricité (tranche sociale),D04,Énergie,kWh,93.3
01/12/2018,DAKAR,Électricité (tranche sociale),D04,Énergie,kWh,93.1
2019-01-01,dakar,Électricité (tranche sociale),D04,Énergie,kWh,93.2
2019-02-01,dakar,Électricité (tranche sociale),D04,Énergie,kWh,94.1
01/03/2019,DAKAR,Électricité (tranche sociale),D04,Énergie,kWh,93.1
Avril 2019,dakar,Électricité (tranche sociale),D04,Énergie,kWh,93.4
2019-05-01,Dakar ,Électricité (tranche sociale),D04,Énergie,kWh,93.5
01/06/2019,Dakar ,Électricité (tranche sociale),D04,Énergie,kWh,93.2
2019-07-01,Dakar ,Électricité (tranche sociale),D04,Énergie,kWh,93.3
Août 2019,dakar,Électricité (tranche sociale),D04,Énergie,kWh,93.2
Septembre 2019,dakar,Électricité (tranche sociale),D04,Énergie,kWh,93.3
01/10/2019,DAKAR,Électricité (tranche sociale),D04,Énergie,kWh,93.0
Novembre 2019,Dakar ,Électricité (tranche sociale),D04,Énergie,kWh,93.0
01/12/2019,DAKAR,Électricité (tranche sociale),D04,Énergie,kWh,"93,2"
01/01/2020,Dakar ,Électricité (tranche sociale),D04,Énergie,kWh,"92,4"
2020-02-01,Dakar ,Électricité (tranche sociale),D04,Énergie,kWh,
Mars 2020,dakar,Électricité (tranche sociale),D04,Énergie,kWh,94.0
2020-04-01,dakar,Électricité (tranche sociale),D04,Énergie,kWh,93.2
Mai 2020,Dakar ,Électricité (tranche sociale),D04,Énergie,kWh,93.4
Juin 2020,DAKAR,Électricité (tranche sociale),D04,Énergie,kWh,
Juillet 2020,Dakar ,Électricité (tranche sociale),D04,Énergie,kWh,92.7
01/08/2020,Dakar ,Électricité (tranche sociale),D04,Énergie,kWh,93.5
01/09/2020,dakar,Électricité (tranche sociale),D04,Énergie,kWh,93.0
2020-10-01,dakar,Électricité (tranche sociale),D04,Énergie,kWh,"94,0"
2020-11-01,dakar,Électricité (tranche sociale),D04,Énergie,kWh,93.1
Décembre 2020,DAKAR,Électricité (tranche sociale),D04,Énergie,kWh,"93,5"
2021-01-01,Dakar ,Électricité (tranche sociale),D04,Énergie,kWh,93.1
Février 2021,DAKAR,Électricité (tranche sociale),D04,Énergie,kWh,94.0
Mars 2021,dakar,Électricité (tranche sociale),D04,Énergie,kWh,93.0
2021-04-01,Dakar ,Électricité (tranche sociale),D04,Énergie,kWh,
Mai 2021,DAKAR,Électricité (tranche sociale),D04,Énergie,kWh,"93,4"
2021-06-01,dakar,Électricité (tranche sociale),D04,Énergie,kWh,93.3
2021-07-01,dakar,Électricité (tranche sociale),D04,Énergie,kWh,93.3
01/08/2021,DAKAR,Électricité (tranche sociale),D04,Énergie,kWh,92.9
2021-09-01,Dakar ,Électricité (tranche sociale),D04,Énergie,kWh,"92,2"
2021-10-01,dakar,Électricité (tranche sociale),D04,Énergie,kWh,93.6
01/11/2021,DAKAR,Électricité (tranche sociale),D04,Énergie,kWh,93.0
Décembre 2021,DAKAR,Électricité (tranche sociale),D04,Énergie,kWh,
2022-01-01,DAKAR,Électricité (tranche sociale),D04,Énergie,kWh,93.3
01/02/2022,Dakar ,Électricité (tranche sociale),D04,Énergie,kWh,93.6
01/03/2022,dakar,Électricité (tranche sociale),D04,Énergie,kWh,93.5
2022-04-01,Dakar ,Électricité (tranche sociale),D04,Énergie,kWh,92.3
2022-05-01,Dakar ,Électricité (tranche sociale),D04,Énergie,kWh,93.4
01/06/2022,Dakar ,Électricité (tranche sociale),D04,Énergie,kWh,93.1
Juillet 2022,Dakar ,Électricité (tranche sociale),D04,Énergie,kWh,93.6
2022-08-01,dakar,Électricité (tranche sociale),D04,Énergie,kWh,93.4
01/09/2022,dakar,Électricité (tranche sociale),D04,Énergie,kWh,93.4
01/10/2022,Dakar ,Électricité (tranche sociale),D04,Énergie,kWh,93.1
Novembre 2022,Dakar ,Électricité (tranche sociale),D04,Énergie,kWh,92.8
2022-12-01,DAKAR,Électricité (tranche sociale),D04,Énergie,kWh,93.0
Janvier 2023,dakar,Électricité (tranche sociale),D04,Énergie,kWh,100.6
Février 2023,Dakar ,Électricité (tranche sociale),D04,Énergie,kWh,101.1
01/03/2023,dakar,Électricité (tranche sociale),D04,Énergie,kWh,100.8
Avril 2023,DAKAR,Électricité (tranche sociale),D04,Énergie,kWh,100.8
2023-05-01,dakar,Électricité (tranche sociale),D04,Énergie,kWh,101.4
Juin 2023,DAKAR,Électricité (tranche sociale),D04,Énergie,kWh,"101,6"
2023-07-01,dakar,Électricité (tranche sociale),D04,Énergie,kWh,101.4
2023-08-01,Dakar ,Électricité (tranche sociale),D04,Énergie,kWh,"101,2"
01/09/2023,Dakar ,Électricité (tranche sociale),D04,Énergie,kWh,101.0
01/10/2023,Dakar ,Électricité (tranche sociale),D04,Énergie,kWh,101.2
01/11/2023,Dakar ,Électricité (tranche sociale),D04,Énergie,kWh,101.0
Décembre 2023,dakar,Électricité (tranche sociale),D04,Énergie,kWh,"101,4"
01/01/2024,dakar,Électricité (tranche sociale),D04,Énergie,kWh,"100,8"
01/02/2024,dakar,Électricité (tranche sociale),D04,Énergie,kWh,101.7
Mars 2024,DAKAR,Électricité (tranche sociale),D04,Énergie,kWh,101.1
01/04/2024,DAKAR,Électricité (tranche sociale),D04,Énergie,kWh,101.5
Mai 2024,dakar,Électricité (tranche sociale),D04,Énergie,kWh,101.7
Juin 2024,dakar,Électricité (tranche sociale),D04,Énergie,kWh,101.5
01/07/2024,DAKAR,Électricité (tranche sociale),D04,Énergie,kWh,101.7
Août 2024,DAKAR,Électricité (tranche sociale),D04,Énergie,kWh,100.5
Septembre 2024,DAKAR,Électricité (tranche sociale),D04,Énergie,kWh,"101,2"
Octobre 2024,DAKAR,Électricité (tranche sociale),D04,Énergie,kWh,101.8
01/11/2024,Dakar ,Électricité (tranche sociale),D04,Énergie,kWh,"101,6"
01/12/2024,dakar,Électricité (tranche sociale),D04,Énergie,kWh,102.1
2025-01-01,Dakar ,Électricité (tranche sociale),D04,Énergie,kWh,102.1
01/02/2025,Dakar ,Électricité (tranche sociale),D04,Énergie,kWh,101.5
01/03/2025,Dakar ,Électricité (tranche sociale),D04,Énergie,kWh,101.3
01/04/2025,Dakar ,Électricité (tranche sociale),D04,Énergie,kWh,101.0
2025-05-01,DAKAR,Électricité (tranche sociale),D04,Énergie,kWh,101.2
01/06/2025,Dakar ,Électricité (tranche sociale),D04,Énergie,kWh,101.2
01/07/2025,Dakar ,Électricité (tranche sociale),D04,Énergie,kWh,"101,1"
2025-08-01,Dakar ,Électricité (tranche sociale),D04,Énergie,kWh,101.0
01/09/2025,DAKAR,Électricité (tranche sociale),D04,Énergie,kWh,101.5
Octobre 2025,DAKAR,Électricité (tranche sociale),D04,Énergie,kWh,"102,1"
2025-11-01,dakar,Électricité (tranche sociale),D04,Énergie,kWh,101.8
01/12/2025,DAKAR,Électricité (tranche sociale),D04,Énergie,kWh,101.2
2026-01-01,Dakar ,Électricité (tranche sociale),D04,Énergie,kWh,101.8
01/02/2026,dakar,Électricité (tranche sociale),D04,Énergie,kWh,101.5
01/03/2026,DAKAR,Électricité (tranche sociale),D04,Énergie,kWh,101.4
Avril 2026,DAKAR,Électricité (tranche sociale),D04,Énergie,kWh,101.3
Mai 2026,dakar,Électricité (tranche sociale),D04,Énergie,kWh,101.3
Janvier 2018,thiès,Électricité (tranche sociale),D04,Énergie,kWh,91.2
2018-02-01,thiès,Électricité (tranche sociale),D04,Énergie,kWh,
2018-03-01,thiès,Électricité (tranche sociale),D04,Énergie,kWh,90.7
01/04/2018,thiès,Électricité (tranche sociale),D04,Énergie,kWh,90.7
01/05/2018,Thiès ,Électricité (tranche sociale),D04,Énergie,kWh,91.1
2018-06-01,thiès,Électricité (tranche sociale),D04,Énergie,kWh,91.2
01/07/2018,thiès,Électricité (tranche sociale),D04,Énergie,kWh,90.9
2018-08-01,THIÈS,Électricité (tranche sociale),D04,Énergie,kWh,90.6
2018-09-01,thiès,Électricité (tranche sociale),D04,Énergie,kWh,91.5
01/10/2018,THIÈS,Électricité (tranche sociale),D04,Énergie,kWh,91.4
2018-11-01,Thiès ,Électricité (tranche sociale),D04,Énergie,kWh,90.3
2018-12-01,THIÈS,Électricité (tranche sociale),D04,Énergie,kWh,91.5
01/01/2019,thiès,Électricité (tranche sociale),D04,Énergie,kWh,90.9
Février 2019,Thiès ,Électricité (tranche sociale),D04,Énergie,kWh,91.1
Mars 2019,THIÈS,Électricité (tranche sociale),D04,Énergie,kWh,91.4
2019-04-01,THIÈS,Électricité (tranche sociale),D04,Énergie,kWh,91.6
Mai 2019,Thiès ,Électricité (tranche sociale),D04,Énergie,kWh,91.4
01/06/2019,thiès,Électricité (tranche sociale),D04,Énergie,kWh,
01/07/2019,thiès,Électricité (tranche sociale),D04,Énergie,kWh,90.5
Août 2019,Thiès ,Électricité (tranche sociale),D04,Énergie,kWh,90.3
01/09/2019,THIÈS,Électricité (tranche sociale),D04,Énergie,kWh,91.3
Octobre 2019,THIÈS,Électricité (tranche sociale),D04,Énergie,kWh,91.5
2019-11-01,thiès,Électricité (tranche sociale),D04,Énergie,kWh,90.7
2019-12-01,thiès,Électricité (tranche sociale),D04,Énergie,kWh,90.9
Janvier 2020,Thiès ,Électricité (tranche sociale),D04,Énergie,kWh,90.8
2020-02-01,thiès,Électricité (tranche sociale),D04,Énergie,kWh,"90,8"
Mars 2020,THIÈS,Électricité (tranche sociale),D04,Énergie,kWh,91.4
01/04/2020,Thiès ,Électricité (tranche sociale),D04,Énergie,kWh,91.1
Mai 2020,thiès,Électricité (tranche sociale),D04,Énergie,kWh,90.9
01/06/2020,Thiès ,Électricité (tranche sociale),D04,Énergie,kWh,92.0
01/07/2020,THIÈS,Électricité (tranche sociale),D04,Énergie,kWh,90.5
01/08/2020,Thiès ,Électricité (tranche sociale),D04,Énergie,kWh,91.2
2020-09-01,thiès,Électricité (tranche sociale),D04,Énergie,kWh,90.6
Octobre 2020,thiès,Électricité (tranche sociale),D04,Énergie,kWh,"90,9"
01/11/2020,Thiès ,Électricité (tranche sociale),D04,Énergie,kWh,"91,1"
01/12/2020,THIÈS,Électricité (tranche sociale),D04,Énergie,kWh,"91,3"
01/01/2021,THIÈS,Électricité (tranche sociale),D04,Énergie,kWh,90.9
Février 2021,THIÈS,Électricité (tranche sociale),D04,Énergie,kWh,90.9
01/03/2021,Thiès ,Électricité (tranche sociale),D04,Énergie,kWh,90.9
2021-04-01,Thiès ,Électricité (tranche sociale),D04,Énergie,kWh,
2021-05-01,Thiès ,Électricité (tranche sociale),D04,Énergie,kWh,"91,2"
Juin 2021,THIÈS,Électricité (tranche sociale),D04,Énergie,kWh,91.1
2021-07-01,THIÈS,Électricité (tranche sociale),D04,Énergie,kWh,91.2
Août 2021,thiès,Électricité (tranche sociale),D04,Énergie,kWh,91.0
01/09/2021,Thiès ,Électricité (tranche sociale),D04,Énergie,kWh,90.9
2021-10-01,Thiès ,Électricité (tranche sociale),D04,Énergie,kWh,91.4
Novembre 2021,Thiès ,Électricité (tranche sociale),D04,Énergie,kWh,"91,4"
Décembre 2021,Thiès ,Électricité (tranche sociale),D04,Énergie,kWh,91.5
Janvier 2022,Thiès ,Électricité (tranche sociale),D04,Énergie,kWh,91.1
01/02/2022,THIÈS,Électricité (tranche sociale),D04,Énergie,kWh,"91,5"
Mars 2022,thiès,Électricité (tranche sociale),D04,Énergie,kWh,90.8
2022-04-01,thiès,Électricité (tranche sociale),D04,Énergie,kWh,90.9
2022-05-01,THIÈS,Électricité (tranche sociale),D04,Énergie,kWh,"91,4"
01/06/2022,Thiès ,Électricité (tranche sociale),D04,Énergie,kWh,91.3
Juillet 2022,THIÈS,Électricité (tranche sociale),D04,Énergie,kWh,"90,9"
01/08/2022,Thiès ,Électricité (tranche sociale),D04,Énergie,kWh,90.6
01/09/2022,THIÈS,Électricité (tranche sociale),D04,Énergie,kWh,90.9
Octobre 2022,THIÈS,Électricité (tranche sociale),D04,Énergie,kWh,90.8
2022-11-01,thiès,Électricité (tranche sociale),D04,Énergie,kWh,
01/12/2022,thiès,Électricité (tranche sociale),D04,Énergie,kWh,"91,3"
01/01/2023,thiès,Électricité (tranche sociale),D04,Énergie,kWh,98.7
01/02/2023,Thiès ,Électricité (tranche sociale),D04,Énergie,kWh,"98,6"
2023-03-01,Thiès ,Électricité (tranche sociale),D04,Énergie,kWh,98.7
Avril 2023,thiès,Électricité (tranche sociale),D04,Énergie,kWh,98.8
Mai 2023,Thiès ,Électricité (tranche sociale),D04,Énergie,kWh,
Juin 2023,Thiès ,Électricité (tranche sociale),D04,Énergie,kWh,99.4
Juillet 2023,THIÈS,Électricité (tranche sociale),D04,Énergie,kWh,98.6
01/08/2023,thiès,Électricité (tranche sociale),D04,Énergie,kWh,99.9
2023-09-01,Thiès ,Électricité (tranche sociale),D04,Énergie,kWh,98.6
2023-10-01,Thiès ,Électricité (tranche sociale),D04,Énergie,kWh,98.4
01/11/2023,THIÈS,Électricité (tranche sociale),D04,Énergie,kWh,99.7
Décembre 2023,THIÈS,Électricité (tranche sociale),D04,Énergie,kWh,99.5
01/01/2024,THIÈS,Électricité (tranche sociale),D04,Énergie,kWh,98.9
Février 2024,thiès,Électricité (tranche sociale),D04,Énergie,kWh,99.2
2024-03-01,Thiès ,Électricité (tranche sociale),D04,Énergie,kWh,99.2
2024-04-01,thiès,Électricité (tranche sociale),D04,Énergie,kWh,99.1
01/05/2024,THIÈS,Électricité (tranche sociale),D04,Énergie,kWh,98.5
01/06/2024,thiès,Électricité (tranche sociale),D04,Énergie,kWh,98.0
Juillet 2024,THIÈS,Électricité (tranche sociale),D04,Énergie,kWh,98.7
01/08/2024,Thiès ,Électricité (tranche sociale),D04,Énergie,kWh,99.7
Septembre 2024,Thiès ,Électricité (tranche sociale),D04,Énergie,kWh,99.7
2024-10-01,thiès,Électricité (tranche sociale),D04,Énergie,kWh,"98,9"
2024-11-01,Thiès ,Électricité (tranche sociale),D04,Énergie,kWh,"98,6"
01/12/2024,thiès,Électricité (tranche sociale),D04,Énergie,kWh,99.1
01/01/2025,Thiès ,Électricité (tranche sociale),D04,Énergie,kWh,99.2
01/02/2025,Thiès ,Électricité (tranche sociale),D04,Énergie,kWh,99.2
2025-03-01,THIÈS,Électricité (tranche sociale),D04,Énergie,kWh,"98,0"
01/04/2025,thiès,Électricité (tranche sociale),D04,Énergie,kWh,
2025-05-01,THIÈS,Électricité (tranche sociale),D04,Énergie,kWh,99.4
Juin 2025,THIÈS,Électricité (tranche sociale),D04,Énergie,kWh,989.0
2025-07-01,THIÈS,Électricité (tranche sociale),D04,Énergie,kWh,98.7
Août 2025,THIÈS,Électricité (tranche sociale),D04,Énergie,kWh,99.4
2025-09-01,THIÈS,Électricité (tranche sociale),D04,Énergie,kWh,
01/10/2025,THIÈS,Électricité (tranche sociale),D04,Énergie,kWh,99.0
01/11/2025,Thiès ,Électricité (tranche sociale),D04,Énergie,kWh,99.2
2025-12-01,thiès,Électricité (tranche sociale),D04,Énergie,kWh,99.0
01/01/2026,THIÈS,Électricité (tranche sociale),D04,Énergie,kWh,99.2
2026-02-01,thiès,Électricité (tranche sociale),D04,Énergie,kWh,99.3
Mars 2026,Thiès ,Électricité (tranche sociale),D04,Énergie,kWh,99.1
Avril 2026,thiès,Électricité (tranche sociale),D04,Énergie,kWh,99.1
2026-05-01,THIÈS,Électricité (tranche sociale),D04,Énergie,kWh,
01/01/2018,SAINT-LOUIS,Électricité (tranche sociale),D04,Énergie,kWh,89.9
2018-02-01,saint-louis,Électricité (tranche sociale),D04,Énergie,kWh,90.2
01/03/2018,Saint-Louis ,Électricité (tranche sociale),D04,Énergie,kWh,90.5
Avril 2018,SAINT-LOUIS,Électricité (tranche sociale),D04,Énergie,kWh,90.2
01/05/2018,Saint-Louis ,Électricité (tranche sociale),D04,Énergie,kWh,90.3
Juin 2018,SAINT-LOUIS,Électricité (tranche sociale),D04,Énergie,kWh,"90,9"
Juillet 2018,saint-louis,Électricité (tranche sociale),D04,Énergie,kWh,90.4
2018-08-01,SAINT-LOUIS,Électricité (tranche sociale),D04,Énergie,kWh,89.8
2018-09-01,saint-louis,Électricité (tranche sociale),D04,Énergie,kWh,90.3
01/10/2018,Saint-Louis ,Électricité (tranche sociale),D04,Énergie,kWh,90.5
Novembre 2018,SAINT-LOUIS,Électricité (tranche sociale),D04,Énergie,kWh,90.5
2018-12-01,saint-louis,Électricité (tranche sociale),D04,Énergie,kWh,"90,7"
2019-01-01,SAINT-LOUIS,Électricité (tranche sociale),D04,Énergie,kWh,90.6
Février 2019,saint-louis,Électricité (tranche sociale),D04,Énergie,kWh,90.4
2019-03-01,SAINT-LOUIS,Électricité (tranche sociale),D04,Énergie,kWh,90.0
01/04/2019,SAINT-LOUIS,Électricité (tranche sociale),D04,Énergie,kWh,90.3
Mai 2019,Saint-Louis ,Électricité (tranche sociale),D04,Énergie,kWh,90.2
2019-06-01,Saint-Louis ,Électricité (tranche sociale),D04,Énergie,kWh,90.4
2019-07-01,Saint-Louis ,Électricité (tranche sociale),D04,Énergie,kWh,"90,7"
Août 2019,Saint-Louis ,Électricité (tranche sociale),D04,Énergie,kWh,90.6
2019-09-01,SAINT-LOUIS,Électricité (tranche sociale),D04,Énergie,kWh,90.8
Octobre 2019,saint-louis,Électricité (tranche sociale),D04,Énergie,kWh,90.3
01/11/2019,Saint-Louis ,Électricité (tranche sociale),D04,Énergie,kWh,91.0
2019-12-01,Saint-Louis ,Électricité (tranche sociale),D04,Énergie,kWh,"90,7"
01/01/2020,saint-louis,Électricité (tranche sociale),D04,Énergie,kWh,90.5
2020-02-01,Saint-Louis ,Électricité (tranche sociale),D04,Énergie,kWh,90.7
Mars 2020,SAINT-LOUIS,Électricité (tranche sociale),D04,Énergie,kWh,90.2
01/04/2020,Saint-Louis ,Électricité (tranche sociale),D04,Énergie,kWh,89.7
Mai 2020,SAINT-LOUIS,Électricité (tranche sociale),D04,Énergie,kWh,90.2
2020-06-01,Saint-Louis ,Électricité (tranche sociale),D04,Énergie,kWh,90.7
Juillet 2020,Saint-Louis ,Électricité (tranche sociale),D04,Énergie,kWh,90.5
2020-08-01,saint-louis,Électricité (tranche sociale),D04,Énergie,kWh,"90,4"
01/09/2020,saint-louis,Électricité (tranche sociale),D04,Énergie,kWh,90.1
Octobre 2020,SAINT-LOUIS,Électricité (tranche sociale),D04,Énergie,kWh,89.7
Novembre 2020,SAINT-LOUIS,Électricité (tranche sociale),D04,Énergie,kWh,91.0
Décembre 2020,SAINT-LOUIS,Électricité (tranche sociale),D04,Énergie,kWh,90.4
Janvier 2021,Saint-Louis ,Électricité (tranche sociale),D04,Énergie,kWh,90.3
Février 2021,SAINT-LOUIS,Électricité (tranche sociale),D04,Énergie,kWh,90.2
01/03/2021,Saint-Louis ,Électricité (tranche sociale),D04,Énergie,kWh,"90,9"
Avril 2021,SAINT-LOUIS,Électricité (tranche sociale),D04,Énergie,kWh,90.8
01/05/2021,Saint-Louis ,Électricité (tranche sociale),D04,Énergie,kWh,90.1
01/06/2021,saint-louis,Électricité (tranche sociale),D04,Énergie,kWh,"90,9"
2021-07-01,Saint-Louis ,Électricité (tranche sociale),D04,Énergie,kWh,"90,4"
01/08/2021,Saint-Louis ,Électricité (tranche sociale),D04,Énergie,kWh,90.2
2021-09-01,Saint-Louis ,Électricité (tranche sociale),D04,Énergie,kWh,90.3
Octobre 2021,saint-louis,Électricité (tranche sociale),D04,Énergie,kWh,90.2
2021-11-01,saint-louis,Électricité (tranche sociale),D04,Énergie,kWh,90.0
2021-12-01,saint-louis,Électricité (tranche sociale),D04,Énergie,kWh,"90,7"
2022-01-01,SAINT-LOUIS,Électricité (tranche sociale),D04,Énergie,kWh,90.4
2022-02-01,Saint-Louis ,Électricité (tranche sociale),D04,Énergie,kWh,90.7
Mars 2022,Saint-Louis ,Électricité (tranche sociale),D04,Énergie,kWh,90.6
2022-04-01,SAINT-LOUIS,Électricité (tranche sociale),D04,Énergie,kWh,90.7
01/05/2022,SAINT-LOUIS,Électricité (tranche sociale),D04,Énergie,kWh,89.7
Juin 2022,SAINT-LOUIS,Électricité (tranche sociale),D04,Énergie,kWh,90.1
01/07/2022,Saint-Louis ,Électricité (tranche sociale),D04,Énergie,kWh,90.7
01/08/2022,saint-louis,Électricité (tranche sociale),D04,Énergie,kWh,90.0
01/09/2022,SAINT-LOUIS,Électricité (tranche sociale),D04,Énergie,kWh,90.6
01/10/2022,saint-louis,Électricité (tranche sociale),D04,Énergie,kWh,90.0
Novembre 2022,saint-louis,Électricité (tranche sociale),D04,Énergie,kWh,90.5
01/12/2022,saint-louis,Électricité (tranche sociale),D04,Énergie,kWh,91.0
Janvier 2023,saint-louis,Électricité (tranche sociale),D04,Énergie,kWh,
Février 2023,Saint-Louis ,Électricité (tranche sociale),D04,Énergie,kWh,97.7
2023-03-01,Saint-Louis ,Électricité (tranche sociale),D04,Énergie,kWh,98.7
2023-04-01,SAINT-LOUIS,Électricité (tranche sociale),D04,Énergie,kWh,99.1
01/05/2023,Saint-Louis ,Électricité (tranche sociale),D04,Énergie,kWh,99.5
01/06/2023,saint-louis,Électricité (tranche sociale),D04,Énergie,kWh,98.6
2023-07-01,SAINT-LOUIS,Électricité (tranche sociale),D04,Énergie,kWh,97.9
Août 2023,Saint-Louis ,Électricité (tranche sociale),D04,Énergie,kWh,98.6
01/09/2023,saint-louis,Électricité (tranche sociale),D04,Énergie,kWh,99.0
01/10/2023,saint-louis,Électricité (tranche sociale),D04,Énergie,kWh,98.3
Novembre 2023,Saint-Louis ,Électricité (tranche sociale),D04,Énergie,kWh,98.8
01/12/2023,saint-louis,Électricité (tranche sociale),D04,Énergie,kWh,98.1
01/01/2024,SAINT-LOUIS,Électricité (tranche sociale),D04,Énergie,kWh,98.6
2024-02-01,SAINT-LOUIS,Électricité (tranche sociale),D04,Énergie,kWh,"97,4"
Mars 2024,Saint-Louis ,Électricité (tranche sociale),D04,Énergie,kWh,98.0
Avril 2024,saint-louis,Électricité (tranche sociale),D04,Énergie,kWh,
Mai 2024,SAINT-LOUIS,Électricité (tranche sociale),D04,Énergie,kWh,"98,3"
01/06/2024,SAINT-LOUIS,Électricité (tranche sociale),D04,Énergie,kWh,97.9
2024-07-01,Saint-Louis ,Électricité (tranche sociale),D04,Énergie,kWh,98.2
Août 2024,saint-louis,Électricité (tranche sociale),D04,Énergie,kWh,98.5
01/09/2024,saint-louis,Électricité (tranche sociale),D04,Énergie,kWh,98.4
Octobre 2024,saint-louis,Électricité (tranche sociale),D04,Énergie,kWh,98.4
2024-11-01,saint-louis,Électricité (tranche sociale),D04,Énergie,kWh,98.7
Décembre 2024,Saint-Louis ,Électricité (tranche sociale),D04,Énergie,kWh,98.3
Janvier 2025,saint-louis,Électricité (tranche sociale),D04,Énergie,kWh,98.9
2025-02-01,saint-louis,Électricité (tranche sociale),D04,Énergie,kWh,98.0
01/03/2025,Saint-Louis ,Électricité (tranche sociale),D04,Énergie,kWh,99.2
01/04/2025,SAINT-LOUIS,Électricité (tranche sociale),D04,Énergie,kWh,98.8
01/05/2025,SAINT-LOUIS,Électricité (tranche sociale),D04,Énergie,kWh,98.3
2025-06-01,Saint-Louis ,Électricité (tranche sociale),D04,Énergie,kWh,
2025-07-01,SAINT-LOUIS,Électricité (tranche sociale),D04,Énergie,kWh,98.5
2025-08-01,SAINT-LOUIS,Électricité (tranche sociale),D04,Énergie,kWh,98.6
01/09/2025,SAINT-LOUIS,Électricité (tranche sociale),D04,Énergie,kWh,98.8
2025-10-01,Saint-Louis ,Électricité (tranche sociale),D04,Énergie,kWh,97.9
01/11/2025,Saint-Louis ,Électricité (tranche sociale),D04,Énergie,kWh,
01/12/2025,SAINT-LOUIS,Électricité (tranche sociale),D04,Énergie,kWh,97.6
Janvier 2026,Saint-Louis ,Électricité (tranche sociale),D04,Énergie,kWh,98.3
01/02/2026,Saint-Louis ,Électricité (tranche sociale),D04,Énergie,kWh,99.0
2026-03-01,Saint-Louis ,Électricité (tranche sociale),D04,Énergie,kWh,"97,8"
01/04/2026,Saint-Louis ,Électricité (tranche sociale),D04,Énergie,kWh,97.8
2026-05-01,saint-louis,Électricité (tranche sociale),D04,Énergie,kWh,"98,5"
2018-01-01,DIOURBEL,Électricité (tranche sociale),D04,Énergie,kWh,90.4
Février 2018,Diourbel ,Électricité (tranche sociale),D04,Énergie,kWh,90.0
2018-03-01,diourbel,Électricité (tranche sociale),D04,Énergie,kWh,"89,2"
2018-04-01,diourbel,Électricité (tranche sociale),D04,Énergie,kWh,893.0
01/05/2018,diourbel,Électricité (tranche sociale),D04,Énergie,kWh,89.9
01/06/2018,diourbel,Électricité (tranche sociale),D04,Énergie,kWh,89.5
Juillet 2018,DIOURBEL,Électricité (tranche sociale),D04,Énergie,kWh,90.0
Août 2018,DIOURBEL,Électricité (tranche sociale),D04,Énergie,kWh,90.0
2018-09-01,diourbel,Électricité (tranche sociale),D04,Énergie,kWh,89.7
Octobre 2018,diourbel,Électricité (tranche sociale),D04,Énergie,kWh,90.6
Novembre 2018,Diourbel ,Électricité (tranche sociale),D04,Énergie,kWh,90.1
2018-12-01,DIOURBEL,Électricité (tranche sociale),D04,Énergie,kWh,"90,3"
01/01/2019,DIOURBEL,Électricité (tranche sociale),D04,Énergie,kWh,90.2
Février 2019,Diourbel ,Électricité (tranche sociale),D04,Énergie,kWh,89.9
01/03/2019,DIOURBEL,Électricité (tranche sociale),D04,Énergie,kWh,89.8
01/04/2019,Diourbel ,Électricité (tranche sociale),D04,Énergie,kWh,89.8
Mai 2019,Diourbel ,Électricité (tranche sociale),D04,Énergie,kWh,90.2
01/06/2019,DIOURBEL,Électricité (tranche sociale),D04,Énergie,kWh,89.7
01/07/2019,diourbel,Électricité (tranche sociale),D04,Énergie,kWh,"90,5"
2019-08-01,diourbel,Électricité (tranche sociale),D04,Énergie,kWh,89.6
01/09/2019,DIOURBEL,Électricité (tranche sociale),D04,Énergie,kWh,90.0
2019-10-01,DIOURBEL,Électricité (tranche sociale),D04,Énergie,kWh,89.8
Novembre 2019,Diourbel ,Électricité (tranche sociale),D04,Énergie,kWh,897.0
2019-12-01,Diourbel ,Électricité (tranche sociale),D04,Énergie,kWh,90.7
2020-01-01,Diourbel ,Électricité (tranche sociale),D04,Énergie,kWh,89.8
01/02/2020,DIOURBEL,Électricité (tranche sociale),D04,Énergie,kWh,"89,8"
01/03/2020,Diourbel ,Électricité (tranche sociale),D04,Énergie,kWh,89.7
01/04/2020,diourbel,Électricité (tranche sociale),D04,Énergie,kWh,89.9
Mai 2020,diourbel,Électricité (tranche sociale),D04,Énergie,kWh,89.9
2020-06-01,diourbel,Électricité (tranche sociale),D04,Énergie,kWh,89.5
Juillet 2020,DIOURBEL,Électricité (tranche sociale),D04,Énergie,kWh,89.8
2020-08-01,DIOURBEL,Électricité (tranche sociale),D04,Énergie,kWh,90.1
01/09/2020,DIOURBEL,Électricité (tranche sociale),D04,Énergie,kWh,90.3
2020-10-01,Diourbel ,Électricité (tranche sociale),D04,Énergie,kWh,899.0
2020-11-01,Diourbel ,Électricité (tranche sociale),D04,Énergie,kWh,89.9
2020-12-01,Diourbel ,Électricité (tranche sociale),D04,Énergie,kWh,89.8
2021-01-01,Diourbel ,Électricité (tranche sociale),D04,Énergie,kWh,89.7
01/02/2021,DIOURBEL,Électricité (tranche sociale),D04,Énergie,kWh,"89,6"
Mars 2021,Diourbel ,Électricité (tranche sociale),D04,Énergie,kWh,89.3
Avril 2021,Diourbel ,Électricité (tranche sociale),D04,Énergie,kWh,89.7
Mai 2021,diourbel,Électricité (tranche sociale),D04,Énergie,kWh,90.2
01/06/2021,diourbel,Électricité (tranche sociale),D04,Énergie,kWh,89.8
2021-07-01,diourbel,Électricité (tranche sociale),D04,Énergie,kWh,89.8
2021-08-01,Diourbel ,Électricité (tranche sociale),D04,Énergie,kWh,89.8
2021-09-01,Diourbel ,Électricité (tranche sociale),D04,Énergie,kWh,90.4
01/10/2021,diourbel,Électricité (tranche sociale),D04,Énergie,kWh,89.6
Novembre 2021,DIOURBEL,Électricité (tranche sociale),D04,Énergie,kWh,90.0
01/12/2021,Diourbel ,Électricité (tranche sociale),D04,Énergie,kWh,"89,9"
01/01/2022,diourbel,Électricité (tranche sociale),D04,Énergie,kWh,89.9
01/02/2022,Diourbel ,Électricité (tranche sociale),D04,Énergie,kWh,90.0
Mars 2022,Diourbel ,Électricité (tranche sociale),D04,Énergie,kWh,89.9
Avril 2022,diourbel,Électricité (tranche sociale),D04,Énergie,kWh,
01/05/2022,Diourbel ,Électricité (tranche sociale),D04,Énergie,kWh,89.9
Juin 2022,DIOURBEL,Électricité (tranche sociale),D04,Énergie,kWh,90.5
01/07/2022,diourbel,Électricité (tranche sociale),D04,Énergie,kWh,89.9
2022-08-01,DIOURBEL,Électricité (tranche sociale),D04,Énergie,kWh,89.3
2022-09-01,Diourbel ,Électricité (tranche sociale),D04,Énergie,kWh,90.1
Octobre 2022,DIOURBEL,Électricité (tranche sociale),D04,Énergie,kWh,90.0
01/11/2022,DIOURBEL,Électricité (tranche sociale),D04,Énergie,kWh,89.9
Décembre 2022,Diourbel ,Électricité (tranche sociale),D04,Énergie,kWh,89.8
2023-01-01,DIOURBEL,Électricité (tranche sociale),D04,Énergie,kWh,
01/02/2023,DIOURBEL,Électricité (tranche sociale),D04,Énergie,kWh,97.1
2023-03-01,DIOURBEL,Électricité (tranche sociale),D04,Énergie,kWh,98.5
Avril 2023,diourbel,Électricité (tranche sociale),D04,Énergie,kWh,97.6
2023-05-01,diourbel,Électricité (tranche sociale),D04,Énergie,kWh,98.2
2023-06-01,diourbel,Électricité (tranche sociale),D04,Énergie,kWh,
2023-07-01,diourbel,Électricité (tranche sociale),D04,Énergie,kWh,97.4
01/08/2023,Diourbel ,Électricité (tranche sociale),D04,Énergie,kWh,98.1
Septembre 2023,diourbel,Électricité (tranche sociale),D04,Énergie,kWh,97.8
Octobre 2023,Diourbel ,Électricité (tranche sociale),D04,Énergie,kWh,98.0
2023-11-01,diourbel,Électricité (tranche sociale),D04,Énergie,kWh,97.8
01/12/2023,DIOURBEL,Électricité (tranche sociale),D04,Énergie,kWh,97.7
01/01/2024,diourbel,Électricité (tranche sociale),D04,Énergie,kWh,97.5
Février 2024,DIOURBEL,Électricité (tranche sociale),D04,Énergie,kWh,97.3
Mars 2024,diourbel,Électricité (tranche sociale),D04,Énergie,kWh,98.4
2024-04-01,DIOURBEL,Électricité (tranche sociale),D04,Énergie,kWh,98.4
2024-05-01,Diourbel ,Électricité (tranche sociale),D04,Énergie,kWh,97.4
01/06/2024,diourbel,Électricité (tranche sociale),D04,Énergie,kWh,97.4
01/07/2024,DIOURBEL,Électricité (tranche sociale),D04,Énergie,kWh,97.7
Août 2024,Diourbel ,Électricité (tranche sociale),D04,Énergie,kWh,"97,9"
Septembre 2024,diourbel,Électricité (tranche sociale),D04,Énergie,kWh,97.7
2024-10-01,DIOURBEL,Électricité (tranche sociale),D04,Énergie,kWh,98.0
01/11/2024,DIOURBEL,Électricité (tranche sociale),D04,Énergie,kWh,97.8
01/12/2024,DIOURBEL,Électricité (tranche sociale),D04,Énergie,kWh,97.8
01/01/2025,DIOURBEL,Électricité (tranche sociale),D04,Énergie,kWh,98.8
2025-02-01,diourbel,Électricité (tranche sociale),D04,Énergie,kWh,97.6
Mars 2025,diourbel,Électricité (tranche sociale),D04,Énergie,kWh,98.5
2025-04-01,diourbel,Électricité (tranche sociale),D04,Énergie,kWh,"98,4"
Mai 2025,Diourbel ,Électricité (tranche sociale),D04,Énergie,kWh,98.0
Juin 2025,Diourbel ,Électricité (tranche sociale),D04,Énergie,kWh,97.1
Juillet 2025,DIOURBEL,Électricité (tranche sociale),D04,Énergie,kWh,97.8
2025-08-01,diourbel,Électricité (tranche sociale),D04,Énergie,kWh,97.6
01/09/2025,diourbel,Électricité (tranche sociale),D04,Énergie,kWh,97.8
2025-10-01,DIOURBEL,Électricité (tranche sociale),D04,Énergie,kWh,97.4
01/11/2025,DIOURBEL,Électricité (tranche sociale),D04,Énergie,kWh,98.1
Décembre 2025,diourbel,Électricité (tranche sociale),D04,Énergie,kWh,98.2
01/01/2026,DIOURBEL,Électricité (tranche sociale),D04,Énergie,kWh,98.3
2026-02-01,Diourbel ,Électricité (tranche sociale),D04,Énergie,kWh,97.7
2026-03-01,Diourbel ,Électricité (tranche sociale),D04,Énergie,kWh,97.4
2026-04-01,diourbel,Électricité (tranche sociale),D04,Énergie,kWh,97.9
01/05/2026,diourbel,Électricité (tranche sociale),D04,Énergie,kWh,"98,5"
01/01/2018,Kaolack ,Électricité (tranche sociale),D04,Énergie,kWh,90.3
Février 2018,Kaolack ,Électricité (tranche sociale),D04,Énergie,kWh,90.4
2018-03-01,kaolack,Électricité (tranche sociale),D04,Énergie,kWh,90.2
2018-04-01,Kaolack ,Électricité (tranche sociale),D04,Énergie,kWh,90.1
2018-05-01,KAOLACK,Électricité (tranche sociale),D04,Énergie,kWh,"90,5"
Juin 2018,kaolack,Électricité (tranche sociale),D04,Énergie,kWh,90.2
2018-07-01,KAOLACK,Électricité (tranche sociale),D04,Énergie,kWh,90.4
Août 2018,KAOLACK,Électricité (tranche sociale),D04,Énergie,kWh,90.5
01/09/2018,kaolack,Électricité (tranche sociale),D04,Énergie,kWh,90.4
2018-10-01,Kaolack ,Électricité (tranche sociale),D04,Énergie,kWh,90.5
01/11/2018,Kaolack ,Électricité (tranche sociale),D04,Énergie,kWh,90.0
2018-12-01,Kaolack ,Électricité (tranche sociale),D04,Énergie,kWh,89.9
Janvier 2019,KAOLACK,Électricité (tranche sociale),D04,Énergie,kWh,90.3
Février 2019,kaolack,Électricité (tranche sociale),D04,Énergie,kWh,90.3
2019-03-01,KAOLACK,Électricité (tranche sociale),D04,Énergie,kWh,
2019-04-01,kaolack,Électricité (tranche sociale),D04,Énergie,kWh,"90,4"
01/05/2019,Kaolack ,Électricité (tranche sociale),D04,Énergie,kWh,90.6
Juin 2019,kaolack,Électricité (tranche sociale),D04,Énergie,kWh,90.7
01/07/2019,KAOLACK,Électricité (tranche sociale),D04,Énergie,kWh,90.8
2019-08-01,KAOLACK,Électricité (tranche sociale),D04,Énergie,kWh,89.8
2019-09-01,kaolack,Électricité (tranche sociale),D04,Énergie,kWh,89.9
2019-10-01,Kaolack ,Électricité (tranche sociale),D04,Énergie,kWh,"90,2"
Novembre 2019,kaolack,Électricité (tranche sociale),D04,Énergie,kWh,90.3
2019-12-01,KAOLACK,Électricité (tranche sociale),D04,Énergie,kWh,90.2
Janvier 2020,kaolack,Électricité (tranche sociale),D04,Énergie,kWh,90.1
2020-02-01,KAOLACK,Électricité (tranche sociale),D04,Énergie,kWh,90.2
Mars 2020,KAOLACK,Électricité (tranche sociale),D04,Énergie,kWh,90.4
Avril 2020,kaolack,Électricité (tranche sociale),D04,Énergie,kWh,89.8
Mai 2020,Kaolack ,Électricité (tranche sociale),D04,Énergie,kWh,
2020-06-01,kaolack,Électricité (tranche sociale),D04,Énergie,kWh,90.3
2020-07-01,KAOLACK,Électricité (tranche sociale),D04,Énergie,kWh,90.7
2020-08-01,Kaolack ,Électricité (tranche sociale),D04,Énergie,kWh,90.1
01/09/2020,KAOLACK,Électricité (tranche sociale),D04,Énergie,kWh,905.0
Octobre 2020,kaolack,Électricité (tranche sociale),D04,Énergie,kWh,90.3
Novembre 2020,kaolack,Électricité (tranche sociale),D04,Énergie,kWh,90.6
Décembre 2020,Kaolack ,Électricité (tranche sociale),D04,Énergie,kWh,"90,2"
2021-01-01,Kaolack ,Électricité (tranche sociale),D04,Énergie,kWh,90.8
01/02/2021,KAOLACK,Électricité (tranche sociale),D04,Énergie,kWh,89.7
Mars 2021,Kaolack ,Électricité (tranche sociale),D04,Énergie,kWh,90.6
Avril 2021,kaolack,Électricité (tranche sociale),D04,Énergie,kWh,90.3
2021-05-01,kaolack,Électricité (tranche sociale),D04,Énergie,kWh,"89,9"
2021-06-01,KAOLACK,Électricité (tranche sociale),D04,Énergie,kWh,91.0
2021-07-01,kaolack,Électricité (tranche sociale),D04,Énergie,kWh,90.9
Août 2021,kaolack,Électricité (tranche sociale),D04,Énergie,kWh,89.5
01/09/2021,kaolack,Électricité (tranche sociale),D04,Énergie,kWh,90.3
Octobre 2021,Kaolack ,Électricité (tranche sociale),D04,Énergie,kWh,90.5
Novembre 2021,Kaolack ,Électricité (tranche sociale),D04,Énergie,kWh,90.4
Décembre 2021,KAOLACK,Électricité (tranche sociale),D04,Énergie,kWh,90.8
01/01/2022,KAOLACK,Électricité (tranche sociale),D04,Énergie,kWh,90.7
01/02/2022,Kaolack ,Électricité (tranche sociale),D04,Énergie,kWh,90.4
2022-03-01,kaolack,Électricité (tranche sociale),D04,Énergie,kWh,91.1
Avril 2022,kaolack,Électricité (tranche sociale),D04,Énergie,kWh,
Mai 2022,Kaolack ,Électricité (tranche sociale),D04,Énergie,kWh,90.1
01/06/2022,Kaolack ,Électricité (tranche sociale),D04,Énergie,kWh,90.1
01/07/2022,Kaolack ,Électricité (tranche sociale),D04,Énergie,kWh,90.7
Août 2022,kaolack,Électricité (tranche sociale),D04,Énergie,kWh,"90,0"
01/09/2022,KAOLACK,Électricité (tranche sociale),D04,Énergie,kWh,90.1
Octobre 2022,Kaolack ,Électricité (tranche sociale),D04,Énergie,kWh,90.2
2022-11-01,Kaolack ,Électricité (tranche sociale),D04,Énergie,kWh,90.4
2022-12-01,kaolack,Électricité (tranche sociale),D04,Énergie,kWh,"90,2"
Janvier 2023,kaolack,Électricité (tranche sociale),D04,Énergie,kWh,"97,7"
Février 2023,KAOLACK,Électricité (tranche sociale),D04,Énergie,kWh,98.7
2023-03-01,KAOLACK,Électricité (tranche sociale),D04,Énergie,kWh,98.0
Avril 2023,Kaolack ,Électricité (tranche sociale),D04,Énergie,kWh,
2023-05-01,KAOLACK,Électricité (tranche sociale),D04,Énergie,kWh,"98,3"
Juin 2023,kaolack,Électricité (tranche sociale),D04,Énergie,kWh,98.7
2023-07-01,kaolack,Électricité (tranche sociale),D04,Énergie,kWh,98.5
01/08/2023,kaolack,Électricité (tranche sociale),D04,Énergie,kWh,98.7
Septembre 2023,Kaolack ,Électricité (tranche sociale),D04,Énergie,kWh,98.4
Octobre 2023,Kaolack ,Électricité (tranche sociale),D04,Énergie,kWh,98.3
01/11/2023,Kaolack ,Électricité (tranche sociale),D04,Énergie,kWh,98.6
2023-12-01,KAOLACK,Électricité (tranche sociale),D04,Énergie,kWh,99.2
Janvier 2024,Kaolack ,Électricité (tranche sociale),D04,Énergie,kWh,98.1
Février 2024,Kaolack ,Électricité (tranche sociale),D04,Énergie,kWh,"98,5"
01/03/2024,Kaolack ,Électricité (tranche sociale),D04,Énergie,kWh,98.2
2024-04-01,kaolack,Électricité (tranche sociale),D04,Énergie,kWh,98.4
Mai 2024,KAOLACK,Électricité (tranche sociale),D04,Énergie,kWh,98.2
01/06/2024,Kaolack ,Électricité (tranche sociale),D04,Énergie,kWh,97.4
01/07/2024,Kaolack ,Électricité (tranche sociale),D04,Énergie,kWh,98.1
2024-08-01,KAOLACK,Électricité (tranche sociale),D04,Énergie,kWh,"98,6"
Septembre 2024,KAOLACK,Électricité (tranche sociale),D04,Énergie,kWh,97.9
Octobre 2024,Kaolack ,Électricité (tranche sociale),D04,Énergie,kWh,98.6
2024-11-01,kaolack,Électricité (tranche sociale),D04,Énergie,kWh,98.3
01/12/2024,Kaolack ,Électricité (tranche sociale),D04,Énergie,kWh,98.1
01/01/2025,kaolack,Électricité (tranche sociale),D04,Énergie,kWh,98.6
Février 2025,Kaolack ,Électricité (tranche sociale),D04,Énergie,kWh,98.5
01/03/2025,KAOLACK,Électricité (tranche sociale),D04,Énergie,kWh,98.4
Avril 2025,Kaolack ,Électricité (tranche sociale),D04,Énergie,kWh,98.6
Mai 2025,KAOLACK,Électricité (tranche sociale),D04,Énergie,kWh,"98,3"
01/06/2025,Kaolack ,Électricité (tranche sociale),D04,Énergie,kWh,97.6
01/07/2025,kaolack,Électricité (tranche sociale),D04,Énergie,kWh,98.1
Août 2025,kaolack,Électricité (tranche sociale),D04,Énergie,kWh,97.5
01/09/2025,Kaolack ,Électricité (tranche sociale),D04,Énergie,kWh,98.5
Octobre 2025,KAOLACK,Électricité (tranche sociale),D04,Énergie,kWh,98.6
2025-11-01,KAOLACK,Électricité (tranche sociale),D04,Énergie,kWh,"98,6"
01/12/2025,kaolack,Électricité (tranche sociale),D04,Énergie,kWh,
01/01/2026,kaolack,Électricité (tranche sociale),D04,Énergie,kWh,98.6
01/02/2026,kaolack,Électricité (tranche sociale),D04,Énergie,kWh,97.6
Mars 2026,kaolack,Électricité (tranche sociale),D04,Énergie,kWh,"98,2"
2026-04-01,KAOLACK,Électricité (tranche sociale),D04,Énergie,kWh,97.7
Mai 2026,Kaolack ,Électricité (tranche sociale),D04,Énergie,kWh,98.1
2018-01-01,Kolda ,Électricité (tranche sociale),D04,Énergie,kWh,92.1
01/02/2018,kolda,Électricité (tranche sociale),D04,Énergie,kWh,91.9
01/03/2018,KOLDA,Électricité (tranche sociale),D04,Énergie,kWh,"91,8"
2018-04-01,KOLDA,Électricité (tranche sociale),D04,Énergie,kWh,91.5
01/05/2018,kolda,Électricité (tranche sociale),D04,Énergie,kWh,91.2
Juin 2018,KOLDA,Électricité (tranche sociale),D04,Énergie,kWh,91.6
01/07/2018,kolda,Électricité (tranche sociale),D04,Énergie,kWh,92.0
01/08/2018,Kolda ,Électricité (tranche sociale),D04,Énergie,kWh,91.7
Septembre 2018,Kolda ,Électricité (tranche sociale),D04,Énergie,kWh,91.0
Octobre 2018,kolda,Électricité (tranche sociale),D04,Énergie,kWh,91.6
2018-11-01,KOLDA,Électricité (tranche sociale),D04,Énergie,kWh,90.8
Décembre 2018,KOLDA,Électricité (tranche sociale),D04,Énergie,kWh,91.8
Janvier 2019,KOLDA,Électricité (tranche sociale),D04,Énergie,kWh,91.3
Février 2019,KOLDA,Électricité (tranche sociale),D04,Énergie,kWh,91.1
Mars 2019,kolda,Électricité (tranche sociale),D04,Énergie,kWh,91.8
2019-04-01,Kolda ,Électricité (tranche sociale),D04,Énergie,kWh,91.8
Mai 2019,kolda,Électricité (tranche sociale),D04,Énergie,kWh,91.6
Juin 2019,Kolda ,Électricité (tranche sociale),D04,Énergie,kWh,92.3
01/07/2019,KOLDA,Électricité (tranche sociale),D04,Énergie,kWh,91.8
2019-08-01,kolda,Électricité (tranche sociale),D04,Énergie,kWh,91.3
2019-09-01,kolda,Électricité (tranche sociale),D04,Énergie,kWh,917.0
2019-10-01,KOLDA,Électricité (tranche sociale),D04,Énergie,kWh,91.4
Novembre 2019,Kolda ,Électricité (tranche sociale),D04,Énergie,kWh,92.0
2019-12-01,Kolda ,Électricité (tranche sociale),D04,Énergie,kWh,
Janvier 2020,Kolda ,Électricité (tranche sociale),D04,Énergie,kWh,"91,7"
2020-02-01,Kolda ,Électricité (tranche sociale),D04,Énergie,kWh,91.0
Mars 2020,KOLDA,Électricité (tranche sociale),D04,Énergie,kWh,91.6
2020-04-01,KOLDA,Électricité (tranche sociale),D04,Énergie,kWh,91.5
2020-05-01,KOLDA,Électricité (tranche sociale),D04,Énergie,kWh,"91,2"
2020-06-01,KOLDA,Électricité (tranche sociale),D04,Énergie,kWh,
01/07/2020,kolda,Électricité (tranche sociale),D04,Énergie,kWh,91.7
Août 2020,Kolda ,Électricité (tranche sociale),D04,Énergie,kWh,91.5
01/09/2020,Kolda ,Électricité (tranche sociale),D04,Énergie,kWh,91.0
01/10/2020,Kolda ,Électricité (tranche sociale),D04,Énergie,kWh,91.4
01/11/2020,Kolda ,Électricité (tranche sociale),D04,Énergie,kWh,91.4
01/12/2020,kolda,Électricité (tranche sociale),D04,Énergie,kWh,91.6
Janvier 2021,KOLDA,Électricité (tranche sociale),D04,Énergie,kWh,"91,6"
2021-02-01,Kolda ,Électricité (tranche sociale),D04,Énergie,kWh,91.4
2021-03-01,kolda,Électricité (tranche sociale),D04,Énergie,kWh,91.4
2021-04-01,kolda,Électricité (tranche sociale),D04,Énergie,kWh,91.6
2021-05-01,Kolda ,Électricité (tranche sociale),D04,Énergie,kWh,91.9
2021-06-01,Kolda ,Électricité (tranche sociale),D04,Énergie,kWh,91.6
2021-07-01,KOLDA,Électricité (tranche sociale),D04,Énergie,kWh,92.1
2021-08-01,Kolda ,Électricité (tranche sociale),D04,Énergie,kWh,92.0
2021-09-01,Kolda ,Électricité (tranche sociale),D04,Énergie,kWh,92.1
01/10/2021,KOLDA,Électricité (tranche sociale),D04,Énergie,kWh,92.0
2021-11-01,kolda,Électricité (tranche sociale),D04,Énergie,kWh,92.1
01/12/2021,KOLDA,Électricité (tranche sociale),D04,Énergie,kWh,91.1
2022-01-01,Kolda ,Électricité (tranche sociale),D04,Énergie,kWh,91.8
Février 2022,KOLDA,Électricité (tranche sociale),D04,Énergie,kWh,92.0
01/03/2022,kolda,Électricité (tranche sociale),D04,Énergie,kWh,"92,1"
01/04/2022,kolda,Électricité (tranche sociale),D04,Énergie,kWh,91.3
Mai 2022,Kolda ,Électricité (tranche sociale),D04,Énergie,kWh,91.8
Juin 2022,KOLDA,Électricité (tranche sociale),D04,Énergie,kWh,91.6
Juillet 2022,Kolda ,Électricité (tranche sociale),D04,Énergie,kWh,
01/08/2022,KOLDA,Électricité (tranche sociale),D04,Énergie,kWh,91.0
01/09/2022,KOLDA,Électricité (tranche sociale),D04,Énergie,kWh,91.3
01/10/2022,KOLDA,Électricité (tranche sociale),D04,Énergie,kWh,90.9
2022-11-01,Kolda ,Électricité (tranche sociale),D04,Énergie,kWh,"91,6"
01/12/2022,kolda,Électricité (tranche sociale),D04,Énergie,kWh,"92,4"
Janvier 2023,KOLDA,Électricité (tranche sociale),D04,Énergie,kWh,99.6
2023-02-01,Kolda ,Électricité (tranche sociale),D04,Énergie,kWh,"99,6"
01/03/2023,KOLDA,Électricité (tranche sociale),D04,Énergie,kWh,99.8
2023-04-01,Kolda ,Électricité (tranche sociale),D04,Énergie,kWh,99.5
2023-05-01,kolda,Électricité (tranche sociale),D04,Énergie,kWh,99.7
2023-06-01,KOLDA,Électricité (tranche sociale),D04,Énergie,kWh,99.8
01/07/2023,kolda,Électricité (tranche sociale),D04,Énergie,kWh,"99,3"
2023-08-01,Kolda ,Électricité (tranche sociale),D04,Énergie,kWh,"99,6"
Septembre 2023,kolda,Électricité (tranche sociale),D04,Énergie,kWh,99.9
01/10/2023,Kolda ,Électricité (tranche sociale),D04,Énergie,kWh,100.0
01/11/2023,KOLDA,Électricité (tranche sociale),D04,Énergie,kWh,1001.0
01/12/2023,KOLDA,Électricité (tranche sociale),D04,Énergie,kWh,99.7
Janvier 2024,KOLDA,Électricité (tranche sociale),D04,Énergie,kWh,
2024-02-01,KOLDA,Électricité (tranche sociale),D04,Énergie,kWh,99.9
2024-03-01,KOLDA,Électricité (tranche sociale),D04,Énergie,kWh,"99,4"
01/04/2024,kolda,Électricité (tranche sociale),D04,Énergie,kWh,99.3
2024-05-01,KOLDA,Électricité (tranche sociale),D04,Énergie,kWh,99.5
01/06/2024,kolda,Électricité (tranche sociale),D04,Énergie,kWh,99.1
2024-07-01,KOLDA,Électricité (tranche sociale),D04,Énergie,kWh,99.8
Août 2024,KOLDA,Électricité (tranche sociale),D04,Énergie,kWh,100.0
Septembre 2024,Kolda ,Électricité (tranche sociale),D04,Énergie,kWh,99.3
2024-10-01,kolda,Électricité (tranche sociale),D04,Énergie,kWh,99.8
01/11/2024,KOLDA,Électricité (tranche sociale),D04,Énergie,kWh,"99,3"
2024-12-01,kolda,Électricité (tranche sociale),D04,Énergie,kWh,99.2
01/01/2025,Kolda ,Électricité (tranche sociale),D04,Énergie,kWh,100.4
01/02/2025,KOLDA,Électricité (tranche sociale),D04,Énergie,kWh,99.2
Mars 2025,KOLDA,Électricité (tranche sociale),D04,Énergie,kWh,99.1
2025-04-01,Kolda ,Électricité (tranche sociale),D04,Énergie,kWh,99.7
01/05/2025,kolda,Électricité (tranche sociale),D04,Énergie,kWh,99.7
Juin 2025,Kolda ,Électricité (tranche sociale),D04,Énergie,kWh,99.9
2025-07-01,KOLDA,Électricité (tranche sociale),D04,Énergie,kWh,"100,4"
2025-08-01,Kolda ,Électricité (tranche sociale),D04,Énergie,kWh,99.3
Septembre 2025,KOLDA,Électricité (tranche sociale),D04,Énergie,kWh,99.4
2025-10-01,KOLDA,Électricité (tranche sociale),D04,Énergie,kWh,100.2
2025-11-01,kolda,Électricité (tranche sociale),D04,Énergie,kWh,"100,0"
Décembre 2025,kolda,Électricité (tranche sociale),D04,Énergie,kWh,99.9
01/01/2026,kolda,Électricité (tranche sociale),D04,Énergie,kWh,99.4
2026-02-01,Kolda ,Électricité (tranche sociale),D04,Énergie,kWh,"100,0"
Mars 2026,kolda,Électricité (tranche sociale),D04,Énergie,kWh,99.9
01/04/2026,Kolda ,Électricité (tranche sociale),D04,Énergie,kWh,99.7
01/05/2026,kolda,Électricité (tranche sociale),D04,Énergie,kWh,99.4
01/06/2020,Saint-Louis ,Essence super (SP95),D07,Énergie,litre,739.2
Février 2022,Kaolack ,Gaz butane (6 kg),D04,Énergie,bouteille,2873.3
Octobre 2023,diourbel,Farine de blé,D01,Alimentaire,kg,498.5
2022-04-01,Dakar ,Mil (souna),D01,Alimentaire,kg,300.7
01/08/2018,Diourbel ,Maïs,D01,Alimentaire,kg,
Janvier 2019,KOLDA,Électricité (tranche sociale),D04,Énergie,kWh,91.3
01/10/2018,KOLDA,Lait en poudre,D01,Alimentaire,kg,2870.8
2025-02-01,diourbel,Essence super (SP95),D07,Énergie,litre,977.8
2020-03-01,Kolda ,Pomme de terre,D01,Alimentaire,kg,411.0
Juillet 2025,kolda,Huile végétale raffinée,D01,Alimentaire,litre,1433.0
Janvier 2023,kolda,Pain (baguette 190g),D01,Alimentaire,unité,
01/04/2022,THIÈS,Oignon local,D01,Alimentaire,kg,490.5
2020-01-01,KOLDA,Pomme de terre,D01,Alimentaire,kg,345.0
Août 2022,THIÈS,Gaz butane (6 kg),D04,Énergie,bouteille,2892.9
01/09/2024,kaolack,Riz parfumé importé,D01,Alimentaire,kg,529.1
01/07/2020,THIÈS,Gasoil (diesel),D07,Énergie,litre,643.2
Novembre 2019,Kolda ,Poisson frais (sardinelle),D01,Alimentaire,kg,854.2
2021-02-01,SAINT-LOUIS,Sucre cristallisé,D01,Alimentaire,kg,536.2
2022-03-01,DAKAR,Riz parfumé importé,D01,Alimentaire,kg,478.5
Mai 2026,Dakar ,Lait en poudre,D01,Alimentaire,kg,4095.7
01/05/2018,DAKAR,Lait en poudre,D01,Alimentaire,kg,3120.7
01/07/2025,KOLDA,Lait en poudre,D01,Alimentaire,kg,3950.5
Août 2022,thiès,Riz parfumé importé,D01,Alimentaire,kg,520.6
2020-11-01,Saint-Louis ,Pomme de terre,D01,Alimentaire,kg,345.5
01/03/2018,DAKAR,Riz parfumé importé,D01,Alimentaire,kg,420.1
01/12/2025,thiès,Pomme de terre,D01,Alimentaire,kg,422.8
Août 2018,KAOLACK,Viande de bœuf avec os,D01,Alimentaire,kg,2579.7
Octobre 2018,kolda,Électricité (tranche sociale),D04,Énergie,kWh,91.6
Août 2020,DAKAR,Mil (souna),D01,Alimentaire,kg,279.3
01/10/2025,diourbel,Gasoil (diesel),D07,Énergie,litre,801.9
Janvier 2020,saint-louis,Essence super (SP95),D07,Énergie,litre,739.7
Juin 2022,kaolack,Farine de blé,D01,Alimentaire,kg,475.9
2019-04-01,KAOLACK,Sucre cristallisé,D01,Alimentaire,kg,516.8
Février 2021,Thiès ,Pomme de terre,D01,Alimentaire,kg,363.5
Août 2021,KOLDA,Essence super (SP95),D07,Énergie,litre,751.9
Mars 2021,Diourbel ,Pomme de terre,D01,Alimentaire,kg,398.8
01/12/2024,kaolack,Sucre cristallisé,D01,Alimentaire,kg,617.7
01/09/2018,Saint-Louis ,Maïs,D01,Alimentaire,kg,220.1
2018-09-01,SAINT-LOUIS,Lait en poudre,D01,Alimentaire,kg,"2825,1"
2022-01-01,thiès,Huile végétale raffinée,D01,Alimentaire,litre,1093.3
Août 2024,saint-louis,Farine de blé,D01,Alimentaire,kg,534.5
2023-06-01,Dakar ,Pomme de terre,D01,Alimentaire,kg,634.1
01/06/2025,Kolda ,Poisson frais (sardinelle),D01,Alimentaire,kg,1437.8
01/04/2025,SAINT-LOUIS,Électricité (tranche sociale),D04,Énergie,kWh,98.8
Mars 2024,saint-louis,Riz parfumé importé,D01,Alimentaire,kg,505.2
Mars 2024,Kaolack ,Essence super (SP95),D07,Énergie,litre,978.9
2019-06-01,Dakar ,Mil (souna),D01,Alimentaire,kg,"272,4"
Novembre 2020,kaolack,Électricité (tranche sociale),D04,Énergie,kWh,90.6
Février 2019,kolda,Farine de blé,D01,Alimentaire,kg,381.2
01/02/2025,KAOLACK,Gasoil (diesel),D07,Énergie,litre,798.2
Mai 2026,DIOURBEL,Riz brisé ordinaire,D01,Alimentaire,kg,430.4
2023-09-01,kaolack,Sucre cristallisé,D01,Alimentaire,kg,669.5
2025-09-01,dakar,Essence super (SP95),D07,Énergie,litre,1010.4
Avril 2023,SAINT-LOUIS,Essence super (SP95),D07,Énergie,litre,983.3
2022-02-01,Kaolack ,Viande de bœuf avec os,D01,Alimentaire,kg,2640.0
01/01/2023,thiès,Oignon local,D01,Alimentaire,kg,392.5
Novembre 2024,Kolda ,Maïs,D01,Alimentaire,kg,"263,6"
Avril 2021,THIÈS,Farine de blé,D01,Alimentaire,kg,418.8
01/05/2023,DIOURBEL,Pomme de terre,D01,Alimentaire,kg,542.0
01/07/2024,Kaolack ,Oignon local,D01,Alimentaire,kg,578.4
01/08/2024,kaolack,Lait en poudre,D01,Alimentaire,kg,3702.6
01/12/2020,kaolack,Huile végétale raffinée,D01,Alimentaire,litre,998.6
2026-05-01,Diourbel ,Sucre cristallisé,D01,Alimentaire,kg,724.8
01/08/2023,saint-louis,Pomme de terre,D01,Alimentaire,kg,544.2
2019-02-01,dakar,Électricité (tranche sociale),D04,Énergie,kWh,94.1
Octobre 2022,Diourbel ,Huile végétale raffinée,D01,Alimentaire,litre,"1185,6"
01/05/2020,KAOLACK,Huile végétale raffinée,D01,Alimentaire,litre,1074.1
01/04/2025,Dakar ,Pomme de terre,D01,Alimentaire,kg,583.7
2021-02-01,dakar,Gasoil (diesel),D07,Énergie,litre,660.6
Mars 2025,Saint-Louis ,Sucre cristallisé,D01,Alimentaire,kg,"691,5"
2021-06-01,thiès,Riz parfumé importé,D01,Alimentaire,kg,482.9
01/12/2022,saint-louis,Sucre cristallisé,D01,Alimentaire,kg,604.7
Janvier 2025,diourbel,Essence super (SP95),D07,Énergie,litre,979.0
Août 2022,Kolda ,Mil (souna),D01,Alimentaire,kg,307.5
01/12/2024,DAKAR,Farine de blé,D01,Alimentaire,kg,518.0
Novembre 2019,KAOLACK,Pomme de terre,D01,Alimentaire,kg,335.7
2020-05-01,kolda,Gasoil (diesel),D07,Énergie,litre,643.8
01/06/2022,saint-louis,Gaz butane (6 kg),D04,Énergie,bouteille,2854.7
2024-06-01,Diourbel ,Pain (baguette 190g),D01,Alimentaire,unité,175.0
01/03/2025,Kaolack ,Poisson frais (sardinelle),D01,Alimentaire,kg,1190.7
01/02/2018,diourbel,Poisson frais (sardinelle),D01,Alimentaire,kg,858.9
Avril 2025,Diourbel ,Maïs,D01,Alimentaire,kg,280.0
01/11/2019,KAOLACK,Maïs,D01,Alimentaire,kg,199.9
Décembre 2025,kolda,Pain (baguette 190g),D01,Alimentaire,unité,"178,7"
01/01/2020,kolda,Pain (baguette 190g),D01,Alimentaire,unité,139.3
Avril 2022,THIÈS,Lait en poudre,D01,Alimentaire,kg,"3283,8"
Décembre 2019,saint-louis,Maïs,D01,Alimentaire,kg,203.8
01/04/2024,dakar,Viande de bœuf avec os,D01,Alimentaire,kg,3531.2
01/08/2020,KOLDA,Mil (souna),D01,Alimentaire,kg,272.6
2023-03-01,SAINT-LOUIS,Gasoil (diesel),D07,Énergie,litre,802.2
01/04/2018,Saint-Louis ,Pain (baguette 190g),D01,Alimentaire,unité,134.0
Avril 2025,KOLDA,Pomme de terre,D01,Alimentaire,kg,540.7
01/11/2020,Kaolack ,Riz brisé ordinaire,D01,Alimentaire,kg,306.3
01/08/2025,thiès,Gasoil (diesel),D07,Énergie,litre,"798,2"
Avril 2025,Saint-Louis ,Huile végétale raffinée,D01,Alimentaire,litre,1370.4
Juillet 2021,Thiès ,Poisson frais (sardinelle),D01,Alimentaire,kg,1186.9
2019-07-01,DIOURBEL,Essence super (SP95),D07,Énergie,litre,734.7
Juin 2021,KOLDA,Pomme de terre,D01,Alimentaire,kg,507.3
Octobre 2019,KAOLACK,Gasoil (diesel),D07,Énergie,litre,640.2
Mars 2026,diourbel,Farine de blé,D01,Alimentaire,kg,492.4
Août 2022,Diourbel ,Farine de blé,D01,Alimentaire,kg,486.4
Décembre 2021,THIÈS,Maïs,D01,Alimentaire,kg,215.5
Juin 2024,Thiès ,Maïs,D01,Alimentaire,kg,296.6
